"COD_MUN";"ANO";"n";"OBITO";"VALOR_TOT";"VALOR_MED";"TAXA_MORT_H";"Nivel";"populacao";"MUNICIPIO";"RRAS_2025";"COD_RS_2025";"NOME_RS_2025";"Categoria";"TAXA_INTERNACAO"
"350010";2015;56;8;54007,7;964,423214285714;142,857142857143;"Municipio";7107;"ADAMANTINA";"RRAS10";35091;"ADAMANTINA";"Quedas";787,955536794709
"350010";2016;47;4;64059,48;1362,96765957447;85,1063829787234;"Municipio";7282;"ADAMANTINA";"RRAS10";35091;"ADAMANTINA";"Quedas";645,427080472398
"350010";2017;54;3;68364,55;1266,01018518519;55,5555555555556;"Municipio";7455;"ADAMANTINA";"RRAS10";35091;"ADAMANTINA";"Quedas";724,346076458753
"350010";2018;63;5;77617,88;1232,02984126984;79,3650793650794;"Municipio";7645;"ADAMANTINA";"RRAS10";35091;"ADAMANTINA";"Quedas";824,068018312623
"350010";2019;68;6;67107,04;986,868235294118;88,2352941176471;"Municipio";7834;"ADAMANTINA";"RRAS10";35091;"ADAMANTINA";"Quedas";868,011233086546
"350010";2020;59;1;82166,88;1392,65898305085;16,9491525423729;"Municipio";8006;"ADAMANTINA";"RRAS10";35091;"ADAMANTINA";"Quedas";736,94728953285
"350010";2021;85;6;169802,25;1997,67352941176;70,5882352941177;"Municipio";8141;"ADAMANTINA";"RRAS10";35091;"ADAMANTINA";"Quedas";1044,09777668591
"350010";2022;98;8;177361,8;1809,81428571429;81,6326530612245;"Municipio";8278;"ADAMANTINA";"RRAS10";35091;"ADAMANTINA";"Quedas";1183,86083595071
"350010";2023;99;11;229650,19;2319,69888888889;111,111111111111;"Municipio";8449;"ADAMANTINA";"RRAS10";35091;"ADAMANTINA";"Quedas";1171,73630015386
"350010";2024;103;3;164455,34;1596,65378640777;29,126213592233;"Municipio";8633;"ADAMANTINA";"RRAS10";35091;"ADAMANTINA";"Quedas";1193,0962585428
"350010";2025;96;3;286845,73;2987,97635416667;31,25;"Municipio";;"ADAMANTINA";"RRAS10";35091;"ADAMANTINA";"Quedas";
"350020";2015;13;2;31674,68;2436,51384615385;153,846153846154;"Municipio";736;"ADOLFO";"RRAS12";35156;"JOSE BONIFACIO";"Quedas";1766,30434782609
"350020";2016;6;1;13438,44;2239,74;166,666666666667;"Municipio";760;"ADOLFO";"RRAS12";35156;"JOSE BONIFACIO";"Quedas";789,473684210526
"350020";2017;10;0;16913,19;1691,319;0;"Municipio";794;"ADOLFO";"RRAS12";35156;"JOSE BONIFACIO";"Quedas";1259,44584382872
"350020";2018;9;2;19674,23;2186,02555555556;222,222222222222;"Municipio";829;"ADOLFO";"RRAS12";35156;"JOSE BONIFACIO";"Quedas";1085,64535585042
"350020";2019;10;1;25946,04;2594,604;100;"Municipio";865;"ADOLFO";"RRAS12";35156;"JOSE BONIFACIO";"Quedas";1156,06936416185
"350020";2020;12;0;34240,04;2853,33666666667;0;"Municipio";903;"ADOLFO";"RRAS12";35156;"JOSE BONIFACIO";"Quedas";1328,90365448505
"350020";2021;8;1;33081,28;4135,16;125;"Municipio";933;"ADOLFO";"RRAS12";35156;"JOSE BONIFACIO";"Quedas";857,449088960343
"350020";2022;10;0;28030,21;2803,021;0;"Municipio";966;"ADOLFO";"RRAS12";35156;"JOSE BONIFACIO";"Quedas";1035,1966873706
"350020";2023;15;0;49509,34;3300,62266666667;0;"Municipio";1006;"ADOLFO";"RRAS12";35156;"JOSE BONIFACIO";"Quedas";1491,05367793241
"350020";2024;13;1;32196,95;2476,68846153846;76,9230769230769;"Municipio";1034;"ADOLFO";"RRAS12";35156;"JOSE BONIFACIO";"Quedas";1257,25338491296
"350020";2025;17;4;71768,39;4221,67;235,294117647059;"Municipio";;"ADOLFO";"RRAS12";35156;"JOSE BONIFACIO";"Quedas";
"350030";2015;31;1;51116,55;1648,92096774194;32,258064516129;"Municipio";4750;"AGUAI";"RRAS15";35142;"MANTIQUEIRA";"Quedas";652,631578947368
"350030";2016;18;1;30633,05;1701,83611111111;55,5555555555556;"Municipio";4901;"AGUAI";"RRAS15";35142;"MANTIQUEIRA";"Quedas";367,271985309121
"350030";2017;25;1;45105,45;1804,218;40;"Municipio";5058;"AGUAI";"RRAS15";35142;"MANTIQUEIRA";"Quedas";494,266508501384
"350030";2018;32;1;104442,8;3263,8375;31,25;"Municipio";5215;"AGUAI";"RRAS15";35142;"MANTIQUEIRA";"Quedas";613,614573346117
"350030";2019;48;6;91142,57;1898,80354166667;125;"Municipio";5380;"AGUAI";"RRAS15";35142;"MANTIQUEIRA";"Quedas";892,193308550186
"350030";2020;45;3;80050,9;1778,90888888889;66,6666666666667;"Municipio";5531;"AGUAI";"RRAS15";35142;"MANTIQUEIRA";"Quedas";813,596094738745
"350030";2021;38;4;71679,48;1886,30210526316;105,263157894737;"Municipio";5656;"AGUAI";"RRAS15";35142;"MANTIQUEIRA";"Quedas";671,852899575672
"350030";2022;38;3;53725,81;1413,83710526316;78,9473684210526;"Municipio";5786;"AGUAI";"RRAS15";35142;"MANTIQUEIRA";"Quedas";656,757690978223
"350030";2023;57;2;109801,43;1926,34087719298;35,0877192982456;"Municipio";5946;"AGUAI";"RRAS15";35142;"MANTIQUEIRA";"Quedas";958,627648839556
"350030";2024;72;6;126146,17;1752,03013888889;83,3333333333333;"Municipio";6111;"AGUAI";"RRAS15";35142;"MANTIQUEIRA";"Quedas";1178,20324005891
"350030";2025;59;1;161728,36;2741,1586440678;16,9491525423729;"Municipio";;"AGUAI";"RRAS15";35142;"MANTIQUEIRA";"Quedas";
"350040";2015;10;0;10181,98;1018,198;0;"Municipio";1726;"AGUAS DA PRATA";"RRAS15";35142;"MANTIQUEIRA";"Quedas";579,374275782155
"350040";2016;10;0;16558,11;1655,811;0;"Municipio";1777;"AGUAS DA PRATA";"RRAS15";35142;"MANTIQUEIRA";"Quedas";562,74620146314
"350040";2017;12;0;23554,07;1962,83916666667;0;"Municipio";1835;"AGUAS DA PRATA";"RRAS15";35142;"MANTIQUEIRA";"Quedas";653,950953678474
"350040";2018;12;1;17995,31;1499,60916666667;83,3333333333333;"Municipio";1891;"AGUAS DA PRATA";"RRAS15";35142;"MANTIQUEIRA";"Quedas";634,584875727129
"350040";2019;10;2;13787,65;1378,765;200;"Municipio";1950;"AGUAS DA PRATA";"RRAS15";35142;"MANTIQUEIRA";"Quedas";512,820512820513
"350040";2020;9;2;22748;2527,55555555556;222,222222222222;"Municipio";2002;"AGUAS DA PRATA";"RRAS15";35142;"MANTIQUEIRA";"Quedas";449,55044955045
"350040";2021;14;0;24834,3;1773,87857142857;0;"Municipio";2047;"AGUAS DA PRATA";"RRAS15";35142;"MANTIQUEIRA";"Quedas";683,927699071812
"350040";2022;14;2;31585,3;2256,09285714286;142,857142857143;"Municipio";2085;"AGUAS DA PRATA";"RRAS15";35142;"MANTIQUEIRA";"Quedas";671,462829736211
"350040";2023;12;1;24104,16;2008,68;83,3333333333333;"Municipio";2123;"AGUAS DA PRATA";"RRAS15";35142;"MANTIQUEIRA";"Quedas";565,237870937353
"350040";2024;18;1;47680,08;2648,89333333333;55,5555555555556;"Municipio";2167;"AGUAS DA PRATA";"RRAS15";35142;"MANTIQUEIRA";"Quedas";830,641439778496
"350040";2025;17;1;32898,93;1935,23117647059;58,8235294117647;"Municipio";;"AGUAS DA PRATA";"RRAS15";35142;"MANTIQUEIRA";"Quedas";
"350050";2015;35;2;39677,93;1133,65514285714;57,1428571428571;"Municipio";3309;"AGUAS DE LINDOIA";"RRAS15";35074;"CIRCUITO DAS AGUAS";"Quedas";1057,72136597159
"350050";2016;27;1;29666,44;1098,75703703704;37,037037037037;"Municipio";3432;"AGUAS DE LINDOIA";"RRAS15";35074;"CIRCUITO DAS AGUAS";"Quedas";786,713286713287
"350050";2017;44;1;37385,9;849,679545454545;22,7272727272727;"Municipio";3558;"AGUAS DE LINDOIA";"RRAS15";35074;"CIRCUITO DAS AGUAS";"Quedas";1236,64980326026
"350050";2018;39;2;103265,33;2647,82897435897;51,2820512820513;"Municipio";3698;"AGUAS DE LINDOIA";"RRAS15";35074;"CIRCUITO DAS AGUAS";"Quedas";1054,62412114657
"350050";2019;44;2;79424,84;1805,11;45,4545454545455;"Municipio";3831;"AGUAS DE LINDOIA";"RRAS15";35074;"CIRCUITO DAS AGUAS";"Quedas";1148,52518924563
"350050";2020;41;2;55305,93;1348,92512195122;48,780487804878;"Municipio";3967;"AGUAS DE LINDOIA";"RRAS15";35074;"CIRCUITO DAS AGUAS";"Quedas";1033,52659440383
"350050";2021;43;4;52863,49;1229,38348837209;93,0232558139535;"Municipio";4073;"AGUAS DE LINDOIA";"RRAS15";35074;"CIRCUITO DAS AGUAS";"Quedas";1055,73287503069
"350050";2022;52;1;68980,27;1326,54365384615;19,2307692307692;"Municipio";4190;"AGUAS DE LINDOIA";"RRAS15";35074;"CIRCUITO DAS AGUAS";"Quedas";1241,05011933174
"350050";2023;53;2;59467,2;1122,02264150943;37,7358490566038;"Municipio";4320;"AGUAS DE LINDOIA";"RRAS15";35074;"CIRCUITO DAS AGUAS";"Quedas";1226,85185185185
"350050";2024;59;3;78024,61;1322,45101694915;50,8474576271187;"Municipio";4452;"AGUAS DE LINDOIA";"RRAS15";35074;"CIRCUITO DAS AGUAS";"Quedas";1325,24707996406
"350050";2025;45;2;97853,52;2174,52266666667;44,4444444444444;"Municipio";;"AGUAS DE LINDOIA";"RRAS15";35074;"CIRCUITO DAS AGUAS";"Quedas";
"350055";2015;15;0;19529,99;1301,99933333333;0;"Municipio";1132;"AGUAS DE SANTA BARBARA";"RRAS09";35061;"VALE DO JURUMIRIM";"Quedas";1325,08833922261
"350055";2016;8;0;11262,11;1407,76375;0;"Municipio";1194;"AGUAS DE SANTA BARBARA";"RRAS09";35061;"VALE DO JURUMIRIM";"Quedas";670,01675041876
"350055";2017;13;0;14228,04;1094,46461538462;0;"Municipio";1264;"AGUAS DE SANTA BARBARA";"RRAS09";35061;"VALE DO JURUMIRIM";"Quedas";1028,48101265823
"350055";2018;9;0;42020,51;4668,94555555556;0;"Municipio";1332;"AGUAS DE SANTA BARBARA";"RRAS09";35061;"VALE DO JURUMIRIM";"Quedas";675,675675675676
"350055";2019;9;1;24740,56;2748,95111111111;111,111111111111;"Municipio";1409;"AGUAS DE SANTA BARBARA";"RRAS09";35061;"VALE DO JURUMIRIM";"Quedas";638,75088715401
"350055";2020;17;0;26728,88;1572,28705882353;0;"Municipio";1483;"AGUAS DE SANTA BARBARA";"RRAS09";35061;"VALE DO JURUMIRIM";"Quedas";1146,32501685772
"350055";2021;7;1;11771,48;1681,64;142,857142857143;"Municipio";1550;"AGUAS DE SANTA BARBARA";"RRAS09";35061;"VALE DO JURUMIRIM";"Quedas";451,612903225807
"350055";2022;10;1;26245,89;2624,589;100;"Municipio";1617;"AGUAS DE SANTA BARBARA";"RRAS09";35061;"VALE DO JURUMIRIM";"Quedas";618,429189857761
"350055";2023;19;0;33982,69;1788,56263157895;0;"Municipio";1685;"AGUAS DE SANTA BARBARA";"RRAS09";35061;"VALE DO JURUMIRIM";"Quedas";1127,59643916914
"350055";2024;14;2;50838,19;3631,29928571429;142,857142857143;"Municipio";1745;"AGUAS DE SANTA BARBARA";"RRAS09";35061;"VALE DO JURUMIRIM";"Quedas";802,292263610315
"350055";2025;13;1;49733,09;3825,62230769231;76,9230769230769;"Municipio";;"AGUAS DE SANTA BARBARA";"RRAS09";35061;"VALE DO JURUMIRIM";"Quedas";
"350060";2015;2;0;3203,42;1601,71;0;"Municipio";787;"AGUAS DE SAO PEDRO";"RRAS14";35103;"PIRACICABA";"Quedas";254,129606099111
"350060";2016;5;0;4573,08;914,616;0;"Municipio";806;"AGUAS DE SAO PEDRO";"RRAS14";35103;"PIRACICABA";"Quedas";620,347394540943
"350060";2017;4;1;15795,18;3948,795;250;"Municipio";833;"AGUAS DE SAO PEDRO";"RRAS14";35103;"PIRACICABA";"Quedas";480,192076830732
"350060";2018;5;1;24397,33;4879,466;200;"Municipio";859;"AGUAS DE SAO PEDRO";"RRAS14";35103;"PIRACICABA";"Quedas";582,072176949942
"350060";2019;11;1;14190,68;1290,06181818182;90,9090909090909;"Municipio";892;"AGUAS DE SAO PEDRO";"RRAS14";35103;"PIRACICABA";"Quedas";1233,18385650224
"350060";2020;8;0;15041,03;1880,12875;0;"Municipio";918;"AGUAS DE SAO PEDRO";"RRAS14";35103;"PIRACICABA";"Quedas";871,459694989107
"350060";2021;9;1;16955,5;1883,94444444444;111,111111111111;"Municipio";940;"AGUAS DE SAO PEDRO";"RRAS14";35103;"PIRACICABA";"Quedas";957,446808510638
"350060";2022;6;1;12987,45;2164,575;166,666666666667;"Municipio";955;"AGUAS DE SAO PEDRO";"RRAS14";35103;"PIRACICABA";"Quedas";628,272251308901
"350060";2023;4;0;2495,11;623,7775;0;"Municipio";963;"AGUAS DE SAO PEDRO";"RRAS14";35103;"PIRACICABA";"Quedas";415,368639667705
"350060";2024;10;0;14990,43;1499,043;0;"Municipio";979;"AGUAS DE SAO PEDRO";"RRAS14";35103;"PIRACICABA";"Quedas";1021,45045965271
"350060";2025;5;0;25673,74;5134,748;0;"Municipio";;"AGUAS DE SAO PEDRO";"RRAS14";35103;"PIRACICABA";"Quedas";
"350070";2015;37;1;64259,2;1736,73513513514;27,027027027027;"Municipio";5194;"AGUDOS";"RRAS09";35062;"BAURU";"Quedas";712,360415864459
"350070";2016;40;3;62161,39;1554,03475;75;"Municipio";5403;"AGUDOS";"RRAS09";35062;"BAURU";"Quedas";740,329446603739
"350070";2017;58;2;81982,87;1413,49775862069;34,4827586206897;"Municipio";5621;"AGUDOS";"RRAS09";35062;"BAURU";"Quedas";1031,84486746131
"350070";2018;31;2;38508,18;1242,19935483871;64,5161290322581;"Municipio";5836;"AGUDOS";"RRAS09";35062;"BAURU";"Quedas";531,185743660041
"350070";2019;28;3;79484,57;2838,73464285714;107,142857142857;"Municipio";6050;"AGUDOS";"RRAS09";35062;"BAURU";"Quedas";462,809917355372
"350070";2020;43;2;110493,51;2569,61651162791;46,5116279069767;"Municipio";6257;"AGUDOS";"RRAS09";35062;"BAURU";"Quedas";687,230302061691
"350070";2021;29;2;85194,28;2937,73379310345;68,9655172413793;"Municipio";6433;"AGUDOS";"RRAS09";35062;"BAURU";"Quedas";450,800559614488
"350070";2022;28;1;78516,35;2804,15535714286;35,7142857142857;"Municipio";6608;"AGUDOS";"RRAS09";35062;"BAURU";"Quedas";423,728813559322
"350070";2023;38;2;139895,25;3681,45394736842;52,6315789473684;"Municipio";6810;"AGUDOS";"RRAS09";35062;"BAURU";"Quedas";558,002936857562
"350070";2024;29;0;58134,06;2004,62275862069;0;"Municipio";7028;"AGUDOS";"RRAS09";35062;"BAURU";"Quedas";412,635173591349
"350070";2025;34;1;117731,39;3462,68794117647;29,4117647058824;"Municipio";;"AGUDOS";"RRAS09";35062;"BAURU";"Quedas";
"350075";2015;5;1;9011,87;1802,374;200;"Municipio";779;"ALAMBARI";"RRAS08";35161;"ITAPETININGA";"Quedas";641,848523748395
"350075";2016;5;0;6049,35;1209,87;0;"Municipio";822;"ALAMBARI";"RRAS08";35161;"ITAPETININGA";"Quedas";608,272506082725
"350075";2017;7;2;7302,87;1043,26714285714;285,714285714286;"Municipio";870;"ALAMBARI";"RRAS08";35161;"ITAPETININGA";"Quedas";804,597701149425
"350075";2018;14;2;14736,31;1052,59357142857;142,857142857143;"Municipio";927;"ALAMBARI";"RRAS08";35161;"ITAPETININGA";"Quedas";1510,24811218986
"350075";2019;9;0;15891,95;1765,77222222222;0;"Municipio";982;"ALAMBARI";"RRAS08";35161;"ITAPETININGA";"Quedas";916,496945010183
"350075";2020;3;0;3001,12;1000,37333333333;0;"Municipio";1035;"ALAMBARI";"RRAS08";35161;"ITAPETININGA";"Quedas";289,855072463768
"350075";2021;6;0;6071,23;1011,87166666667;0;"Municipio";1083;"ALAMBARI";"RRAS08";35161;"ITAPETININGA";"Quedas";554,016620498615
"350075";2022;11;0;16536,34;1503,30363636364;0;"Municipio";1137;"ALAMBARI";"RRAS08";35161;"ITAPETININGA";"Quedas";967,458223394899
"350075";2023;13;2;29009,18;2231,47538461538;153,846153846154;"Municipio";1181;"ALAMBARI";"RRAS08";35161;"ITAPETININGA";"Quedas";1100,76206604572
"350075";2024;16;0;38422,48;2401,405;0;"Municipio";1224;"ALAMBARI";"RRAS08";35161;"ITAPETININGA";"Quedas";1307,18954248366
"350075";2025;9;0;30422,89;3380,32111111111;0;"Municipio";;"ALAMBARI";"RRAS08";35161;"ITAPETININGA";"Quedas";
"350080";2015;3;0;9780,75;3260,25;0;"Municipio";909;"ALFREDO MARCONDES";"RRAS11";35112;"ALTA SOROCABANA";"Quedas";330,03300330033
"350080";2016;2;0;2539,03;1269,515;0;"Municipio";930;"ALFREDO MARCONDES";"RRAS11";35112;"ALTA SOROCABANA";"Quedas";215,05376344086
"350080";2017;6;0;12323,07;2053,845;0;"Municipio";950;"ALFREDO MARCONDES";"RRAS11";35112;"ALTA SOROCABANA";"Quedas";631,578947368421
"350080";2018;6;0;13416,77;2236,12833333333;0;"Municipio";972;"ALFREDO MARCONDES";"RRAS11";35112;"ALTA SOROCABANA";"Quedas";617,283950617284
"350080";2019;1;0;1821,61;1821,61;0;"Municipio";1009;"ALFREDO MARCONDES";"RRAS11";35112;"ALTA SOROCABANA";"Quedas";99,1080277502478
"350080";2020;5;1;14522,93;2904,586;200;"Municipio";1039;"ALFREDO MARCONDES";"RRAS11";35112;"ALTA SOROCABANA";"Quedas";481,231953801732
"350080";2021;4;1;4655,27;1163,8175;250;"Municipio";1064;"ALFREDO MARCONDES";"RRAS11";35112;"ALTA SOROCABANA";"Quedas";375,93984962406
"350080";2022;3;0;4302,01;1434,00333333333;0;"Municipio";1085;"ALFREDO MARCONDES";"RRAS11";35112;"ALTA SOROCABANA";"Quedas";276,497695852535
"350080";2023;13;1;19881,97;1529,38230769231;76,9230769230769;"Municipio";1107;"ALFREDO MARCONDES";"RRAS11";35112;"ALTA SOROCABANA";"Quedas";1174,3450767841
"350080";2024;7;0;8265,21;1180,74428571429;0;"Municipio";1125;"ALFREDO MARCONDES";"RRAS11";35112;"ALTA SOROCABANA";"Quedas";622,222222222222
"350080";2025;7;0;19182,81;2740,40142857143;0;"Municipio";;"ALFREDO MARCONDES";"RRAS11";35112;"ALTA SOROCABANA";"Quedas";
"350090";2015;6;0;10483,54;1747,25666666667;0;"Municipio";511;"ALTAIR";"RRAS13";35051;"NORTE BARRETOS";"Quedas";1174,16829745597
"350090";2016;4;0;7281,36;1820,34;0;"Municipio";523;"ALTAIR";"RRAS13";35051;"NORTE BARRETOS";"Quedas";764,818355640535
"350090";2017;2;0;1357,75;678,875;0;"Municipio";539;"ALTAIR";"RRAS13";35051;"NORTE BARRETOS";"Quedas";371,057513914657
"350090";2018;11;2;27106,82;2464,25636363636;181,818181818182;"Municipio";557;"ALTAIR";"RRAS13";35051;"NORTE BARRETOS";"Quedas";1974,86535008977
"350090";2019;7;0;6199,09;885,584285714286;0;"Municipio";572;"ALTAIR";"RRAS13";35051;"NORTE BARRETOS";"Quedas";1223,77622377622
"350090";2020;5;0;22910,28;4582,056;0;"Municipio";594;"ALTAIR";"RRAS13";35051;"NORTE BARRETOS";"Quedas";841,750841750842
"350090";2021;7;0;7585,12;1083,58857142857;0;"Municipio";610;"ALTAIR";"RRAS13";35051;"NORTE BARRETOS";"Quedas";1147,54098360656
"350090";2022;6;0;7868,23;1311,37166666667;0;"Municipio";625;"ALTAIR";"RRAS13";35051;"NORTE BARRETOS";"Quedas";960
"350090";2023;8;0;10220,6;1277,575;0;"Municipio";640;"ALTAIR";"RRAS13";35051;"NORTE BARRETOS";"Quedas";1250
"350090";2024;12;1;22259,23;1854,93583333333;83,3333333333333;"Municipio";664;"ALTAIR";"RRAS13";35051;"NORTE BARRETOS";"Quedas";1807,22891566265
"350090";2025;6;0;24105,4;4017,56666666667;0;"Municipio";;"ALTAIR";"RRAS13";35051;"NORTE BARRETOS";"Quedas";
"350100";2015;19;1;36357,09;1913,53105263158;52,6315789473684;"Municipio";2827;"ALTINOPOLIS";"RRAS13";35133;"VALE DAS CACHOEIRAS";"Quedas";672,090555359038
"350100";2016;25;2;44179,92;1767,1968;80;"Municipio";2913;"ALTINOPOLIS";"RRAS13";35133;"VALE DAS CACHOEIRAS";"Quedas";858,221764503948
"350100";2017;26;1;69796,11;2684,46576923077;38,4615384615385;"Municipio";3003;"ALTINOPOLIS";"RRAS13";35133;"VALE DAS CACHOEIRAS";"Quedas";865,800865800866
"350100";2018;32;3;49873,69;1558,5528125;93,75;"Municipio";3081;"ALTINOPOLIS";"RRAS13";35133;"VALE DAS CACHOEIRAS";"Quedas";1038,62382343395
"350100";2019;32;1;57481,66;1796,301875;31,25;"Municipio";3173;"ALTINOPOLIS";"RRAS13";35133;"VALE DAS CACHOEIRAS";"Quedas";1008,50929719508
"350100";2020;31;3;56550,18;1824,19935483871;96,7741935483871;"Municipio";3253;"ALTINOPOLIS";"RRAS13";35133;"VALE DAS CACHOEIRAS";"Quedas";952,966492468491
"350100";2021;28;0;45252,76;1616,17;0;"Municipio";3322;"ALTINOPOLIS";"RRAS13";35133;"VALE DAS CACHOEIRAS";"Quedas";842,865743527995
"350100";2022;30;4;53185,54;1772,85133333333;133,333333333333;"Municipio";3381;"ALTINOPOLIS";"RRAS13";35133;"VALE DAS CACHOEIRAS";"Quedas";887,311446317657
"350100";2023;38;1;101358,16;2667,32;26,3157894736842;"Municipio";3464;"ALTINOPOLIS";"RRAS13";35133;"VALE DAS CACHOEIRAS";"Quedas";1096,99769053118
"350100";2024;27;0;55749,66;2064,80222222222;0;"Municipio";3543;"ALTINOPOLIS";"RRAS13";35133;"VALE DAS CACHOEIRAS";"Quedas";762,066045723963
"350100";2025;34;1;76328,65;2244,96029411765;29,4117647058824;"Municipio";;"ALTINOPOLIS";"RRAS13";35133;"VALE DAS CACHOEIRAS";"Quedas";
"350110";2015;5;0;6882,46;1376,492;0;"Municipio";953;"ALTO ALEGRE";"RRAS19";35023;"CONSORCIOS DO DRS II";"Quedas";524,658971668415
"350110";2016;4;0;4366,18;1091,545;0;"Municipio";971;"ALTO ALEGRE";"RRAS19";35023;"CONSORCIOS DO DRS II";"Quedas";411,946446961895
"350110";2017;6;0;7793,63;1298,93833333333;0;"Municipio";988;"ALTO ALEGRE";"RRAS19";35023;"CONSORCIOS DO DRS II";"Quedas";607,287449392713
"350110";2018;7;0;8108,76;1158,39428571429;0;"Municipio";1005;"ALTO ALEGRE";"RRAS19";35023;"CONSORCIOS DO DRS II";"Quedas";696,517412935323
"350110";2019;8;0;14423,32;1802,915;0;"Municipio";1022;"ALTO ALEGRE";"RRAS19";35023;"CONSORCIOS DO DRS II";"Quedas";782,778864970646
"350110";2020;10;0;11715,44;1171,544;0;"Municipio";1040;"ALTO ALEGRE";"RRAS19";35023;"CONSORCIOS DO DRS II";"Quedas";961,538461538462
"350110";2021;9;2;21567,43;2396,38111111111;222,222222222222;"Municipio";1052;"ALTO ALEGRE";"RRAS19";35023;"CONSORCIOS DO DRS II";"Quedas";855,513307984791
"350110";2022;9;0;13272,94;1474,77111111111;0;"Municipio";1065;"ALTO ALEGRE";"RRAS19";35023;"CONSORCIOS DO DRS II";"Quedas";845,070422535211
"350110";2023;15;1;33872,55;2258,17;66,6666666666667;"Municipio";1079;"ALTO ALEGRE";"RRAS19";35023;"CONSORCIOS DO DRS II";"Quedas";1390,17608897127
"350110";2024;14;0;19948,9;1424,92142857143;0;"Municipio";1098;"ALTO ALEGRE";"RRAS19";35023;"CONSORCIOS DO DRS II";"Quedas";1275,04553734062
"350110";2025;11;1;30514,85;2774,07727272727;90,9090909090909;"Municipio";;"ALTO ALEGRE";"RRAS19";35023;"CONSORCIOS DO DRS II";"Quedas";
"350115";2015;7;1;9172,35;1310,33571428571;142,857142857143;"Municipio";2022;"ALUMINIO";"RRAS08";35163;"SOROCABA";"Quedas";346,191889218595
"350115";2016;3;1;7383,44;2461,14666666667;333,333333333333;"Municipio";2108;"ALUMINIO";"RRAS08";35163;"SOROCABA";"Quedas";142,314990512334
"350115";2017;12;0;26795,94;2232,995;0;"Municipio";2200;"ALUMINIO";"RRAS08";35163;"SOROCABA";"Quedas";545,454545454545
"350115";2018;11;2;32924,55;2993,14090909091;181,818181818182;"Municipio";2290;"ALUMINIO";"RRAS08";35163;"SOROCABA";"Quedas";480,349344978166
"350115";2019;21;0;20450,61;973,838571428571;0;"Municipio";2389;"ALUMINIO";"RRAS08";35163;"SOROCABA";"Quedas";879,028882377564
"350115";2020;8;0;13450,11;1681,26375;0;"Municipio";2483;"ALUMINIO";"RRAS08";35163;"SOROCABA";"Quedas";322,190898107128
"350115";2021;14;1;16477,02;1176,93;71,4285714285714;"Municipio";2571;"ALUMINIO";"RRAS08";35163;"SOROCABA";"Quedas";544,535200311163
"350115";2022;13;1;24752,58;1904,04461538462;76,9230769230769;"Municipio";2659;"ALUMINIO";"RRAS08";35163;"SOROCABA";"Quedas";488,90560361038
"350115";2023;14;1;20450,37;1460,74071428571;71,4285714285714;"Municipio";2764;"ALUMINIO";"RRAS08";35163;"SOROCABA";"Quedas";506,512301013025
"350115";2024;26;1;55669,63;2141,13961538462;38,4615384615385;"Municipio";2873;"ALUMINIO";"RRAS08";35163;"SOROCABA";"Quedas";904,977375565611
"350115";2025;7;0;17137,35;2448,19285714286;0;"Municipio";;"ALUMINIO";"RRAS08";35163;"SOROCABA";"Quedas";
"350120";2015;2;0;411,7;205,85;0;"Municipio";982;"ALVARES FLORENCE";"RRAS12";35157;"VOTUPORANGA";"Quedas";203,665987780041
"350120";2016;3;0;4445,49;1481,83;0;"Municipio";1015;"ALVARES FLORENCE";"RRAS12";35157;"VOTUPORANGA";"Quedas";295,566502463054
"350120";2017;11;1;14430,98;1311,90727272727;90,9090909090909;"Municipio";1034;"ALVARES FLORENCE";"RRAS12";35157;"VOTUPORANGA";"Quedas";1063,82978723404
"350120";2018;9;0;15271,37;1696,81888888889;0;"Municipio";1064;"ALVARES FLORENCE";"RRAS12";35157;"VOTUPORANGA";"Quedas";845,864661654135
"350120";2019;5;1;30529,51;6105,902;200;"Municipio";1096;"ALVARES FLORENCE";"RRAS12";35157;"VOTUPORANGA";"Quedas";456,204379562044
"350120";2020;6;0;5897,15;982,858333333333;0;"Municipio";1125;"ALVARES FLORENCE";"RRAS12";35157;"VOTUPORANGA";"Quedas";533,333333333333
"350120";2021;12;2;25254,25;2104,52083333333;166,666666666667;"Municipio";1144;"ALVARES FLORENCE";"RRAS12";35157;"VOTUPORANGA";"Quedas";1048,95104895105
"350120";2022;11;1;50609,44;4600,85818181818;90,9090909090909;"Municipio";1163;"ALVARES FLORENCE";"RRAS12";35157;"VOTUPORANGA";"Quedas";945,829750644884
"350120";2023;7;1;5794,23;827,747142857143;142,857142857143;"Municipio";1185;"ALVARES FLORENCE";"RRAS12";35157;"VOTUPORANGA";"Quedas";590,717299578059
"350120";2024;13;2;41876,74;3221,28769230769;153,846153846154;"Municipio";1205;"ALVARES FLORENCE";"RRAS12";35157;"VOTUPORANGA";"Quedas";1078,83817427386
"350120";2025;37;0;54064,17;1461,19378378378;0;"Municipio";;"ALVARES FLORENCE";"RRAS12";35157;"VOTUPORANGA";"Quedas";
"350130";2015;20;2;28291,23;1414,5615;100;"Municipio";3960;"ALVARES MACHADO";"RRAS11";35112;"ALTA SOROCABANA";"Quedas";505,050505050505
"350130";2016;17;1;21186,45;1246,26176470588;58,8235294117647;"Municipio";4100;"ALVARES MACHADO";"RRAS11";35112;"ALTA SOROCABANA";"Quedas";414,634146341463
"350130";2017;16;1;22793,3;1424,58125;62,5;"Municipio";4240;"ALVARES MACHADO";"RRAS11";35112;"ALTA SOROCABANA";"Quedas";377,358490566038
"350130";2018;26;3;62112,54;2388,94384615385;115,384615384615;"Municipio";4396;"ALVARES MACHADO";"RRAS11";35112;"ALTA SOROCABANA";"Quedas";591,446769790719
"350130";2019;25;4;41043,88;1641,7552;160;"Municipio";4557;"ALVARES MACHADO";"RRAS11";35112;"ALTA SOROCABANA";"Quedas";548,60653938995
"350130";2020;23;2;36354,68;1580,63826086957;86,9565217391304;"Municipio";4720;"ALVARES MACHADO";"RRAS11";35112;"ALTA SOROCABANA";"Quedas";487,28813559322
"350130";2021;22;1;30954,52;1407,02363636364;45,4545454545455;"Municipio";4857;"ALVARES MACHADO";"RRAS11";35112;"ALTA SOROCABANA";"Quedas";452,954498661725
"350130";2022;30;3;74543,49;2484,783;100;"Municipio";5003;"ALVARES MACHADO";"RRAS11";35112;"ALTA SOROCABANA";"Quedas";599,640215870478
"350130";2023;45;2;66907,28;1486,82844444444;44,4444444444444;"Municipio";5172;"ALVARES MACHADO";"RRAS11";35112;"ALTA SOROCABANA";"Quedas";870,069605568445
"350130";2024;44;3;46673,87;1060,76977272727;68,1818181818182;"Municipio";5347;"ALVARES MACHADO";"RRAS11";35112;"ALTA SOROCABANA";"Quedas";822,891340938844
"350130";2025;49;3;60257,16;1229,73795918367;61,2244897959184;"Municipio";;"ALVARES MACHADO";"RRAS11";35112;"ALTA SOROCABANA";"Quedas";
"350140";2015;4;0;6417,43;1604,3575;0;"Municipio";562;"ALVARO DE CARVALHO";"RRAS10";35093;"MARILIA";"Quedas";711,743772241993
"350140";2016;4;0;5773,41;1443,3525;0;"Municipio";575;"ALVARO DE CARVALHO";"RRAS10";35093;"MARILIA";"Quedas";695,652173913043
"350140";2017;8;0;33555,41;4194,42625;0;"Municipio";594;"ALVARO DE CARVALHO";"RRAS10";35093;"MARILIA";"Quedas";1346,80134680135
"350140";2018;15;1;26184,83;1745,65533333333;66,6666666666667;"Municipio";609;"ALVARO DE CARVALHO";"RRAS10";35093;"MARILIA";"Quedas";2463,05418719212
"350140";2019;1;0;215,13;215,13;0;"Municipio";624;"ALVARO DE CARVALHO";"RRAS10";35093;"MARILIA";"Quedas";160,25641025641
"350140";2020;8;1;8988,22;1123,5275;125;"Municipio";640;"ALVARO DE CARVALHO";"RRAS10";35093;"MARILIA";"Quedas";1250
"350140";2021;5;0;15596,43;3119,286;0;"Municipio";650;"ALVARO DE CARVALHO";"RRAS10";35093;"MARILIA";"Quedas";769,230769230769
"350140";2022;5;0;10414,23;2082,846;0;"Municipio";662;"ALVARO DE CARVALHO";"RRAS10";35093;"MARILIA";"Quedas";755,287009063444
"350140";2023;1;0;2437,4;2437,4;0;"Municipio";672;"ALVARO DE CARVALHO";"RRAS10";35093;"MARILIA";"Quedas";148,809523809524
"350140";2024;1;0;329,26;329,26;0;"Municipio";694;"ALVARO DE CARVALHO";"RRAS10";35093;"MARILIA";"Quedas";144,092219020173
"350140";2025;5;1;29969,6;5993,92;200;"Municipio";;"ALVARO DE CARVALHO";"RRAS10";35093;"MARILIA";"Quedas";
"350150";2015;7;0;8837,06;1262,43714285714;0;"Municipio";466;"ALVINLANDIA";"RRAS10";35093;"MARILIA";"Quedas";1502,14592274678
"350150";2016;9;1;39621,52;4402,39111111111;111,111111111111;"Municipio";479;"ALVINLANDIA";"RRAS10";35093;"MARILIA";"Quedas";1878,91440501044
"350150";2017;3;0;26918,97;8972,99;0;"Municipio";488;"ALVINLANDIA";"RRAS10";35093;"MARILIA";"Quedas";614,754098360656
"350150";2018;2;0;1480,08;740,04;0;"Municipio";502;"ALVINLANDIA";"RRAS10";35093;"MARILIA";"Quedas";398,406374501992
"350150";2019;8;0;16131,59;2016,44875;0;"Municipio";517;"ALVINLANDIA";"RRAS10";35093;"MARILIA";"Quedas";1547,38878143133
"350150";2020;4;0;3056,13;764,0325;0;"Municipio";529;"ALVINLANDIA";"RRAS10";35093;"MARILIA";"Quedas";756,143667296786
"350150";2021;3;0;5954,96;1984,98666666667;0;"Municipio";534;"ALVINLANDIA";"RRAS10";35093;"MARILIA";"Quedas";561,797752808989
"350150";2022;2;0;5111,26;2555,63;0;"Municipio";546;"ALVINLANDIA";"RRAS10";35093;"MARILIA";"Quedas";366,300366300366
"350150";2023;6;0;8626,24;1437,70666666667;0;"Municipio";548;"ALVINLANDIA";"RRAS10";35093;"MARILIA";"Quedas";1094,89051094891
"350150";2024;4;0;5554,23;1388,5575;0;"Municipio";575;"ALVINLANDIA";"RRAS10";35093;"MARILIA";"Quedas";695,652173913043
"350150";2025;6;1;7885,28;1314,21333333333;166,666666666667;"Municipio";;"ALVINLANDIA";"RRAS10";35093;"MARILIA";"Quedas";
"350160";2015;20;3;28218,71;1410,9355;150;"Municipio";35785;"AMERICANA";"RRAS15";35072;"REG METRO CAMPINAS";"Quedas";55,889339108565
"350160";2016;98;6;126533,89;1291,16214285714;61,2244897959184;"Municipio";37318;"AMERICANA";"RRAS15";35072;"REG METRO CAMPINAS";"Quedas";262,607856798328
"350160";2017;111;11;242954,91;2188,78297297297;99,0990990990991;"Municipio";38901;"AMERICANA";"RRAS15";35072;"REG METRO CAMPINAS";"Quedas";285,339708490784
"350160";2018;122;6;204705,69;1677,91549180328;49,1803278688525;"Municipio";40531;"AMERICANA";"RRAS15";35072;"REG METRO CAMPINAS";"Quedas";301,004169647924
"350160";2019;110;5;193573,99;1759,76354545455;45,4545454545455;"Municipio";42185;"AMERICANA";"RRAS15";35072;"REG METRO CAMPINAS";"Quedas";260,756192959583
"350160";2020;134;12;295392,57;2204,4221641791;89,5522388059701;"Municipio";43780;"AMERICANA";"RRAS15";35072;"REG METRO CAMPINAS";"Quedas";306,075833714025
"350160";2021;201;13;406793,03;2023,84592039801;64,6766169154229;"Municipio";45180;"AMERICANA";"RRAS15";35072;"REG METRO CAMPINAS";"Quedas";444,887118193891
"350160";2022;180;16;351344,37;1951,91316666667;88,8888888888889;"Municipio";46563;"AMERICANA";"RRAS15";35072;"REG METRO CAMPINAS";"Quedas";386,573030088268
"350160";2023;165;19;269673,64;1634,3856969697;115,151515151515;"Municipio";48128;"AMERICANA";"RRAS15";35072;"REG METRO CAMPINAS";"Quedas";342,835771276596
"350160";2024;69;8;196035,5;2841,09420289855;115,942028985507;"Municipio";49755;"AMERICANA";"RRAS15";35072;"REG METRO CAMPINAS";"Quedas";138,679529695508
"350160";2025;58;9;167810,77;2893,28913793103;155,172413793103;"Municipio";;"AMERICANA";"RRAS15";35072;"REG METRO CAMPINAS";"Quedas";
"350170";2015;22;3;31734,9;1442,49545454545;136,363636363636;"Municipio";3740;"AMERICO BRASILIENSE";"RRAS18";35031;"CENTRAL DO DRS III";"Quedas";588,235294117647
"350170";2016;43;1;76185,01;1771,74441860465;23,2558139534884;"Municipio";3901;"AMERICO BRASILIENSE";"RRAS18";35031;"CENTRAL DO DRS III";"Quedas";1102,28146629069
"350170";2017;22;3;33306,6;1513,93636363636;136,363636363636;"Municipio";4057;"AMERICO BRASILIENSE";"RRAS18";35031;"CENTRAL DO DRS III";"Quedas";542,272615232931
"350170";2018;25;1;49202,81;1968,1124;40;"Municipio";4223;"AMERICO BRASILIENSE";"RRAS18";35031;"CENTRAL DO DRS III";"Quedas";591,996211224248
"350170";2019;23;1;40833,9;1775,38695652174;43,4782608695652;"Municipio";4394;"AMERICO BRASILIENSE";"RRAS18";35031;"CENTRAL DO DRS III";"Quedas";523,441055985435
"350170";2020;18;0;45073,31;2504,07277777778;0;"Municipio";4557;"AMERICO BRASILIENSE";"RRAS18";35031;"CENTRAL DO DRS III";"Quedas";394,996708360764
"350170";2021;24;4;79449,88;3310,41166666667;166,666666666667;"Municipio";4706;"AMERICO BRASILIENSE";"RRAS18";35031;"CENTRAL DO DRS III";"Quedas";509,987250318742
"350170";2022;27;1;64760,72;2398,54518518519;37,037037037037;"Municipio";4868;"AMERICO BRASILIENSE";"RRAS18";35031;"CENTRAL DO DRS III";"Quedas";554,642563681183
"350170";2023;26;2;69761,52;2683,13538461538;76,9230769230769;"Municipio";5063;"AMERICO BRASILIENSE";"RRAS18";35031;"CENTRAL DO DRS III";"Quedas";513,529527947857
"350170";2024;29;3;62890,55;2168,63965517241;103,448275862069;"Municipio";5274;"AMERICO BRASILIENSE";"RRAS18";35031;"CENTRAL DO DRS III";"Quedas";549,867273416761
"350170";2025;38;0;117220,68;3084,75473684211;0;"Municipio";;"AMERICO BRASILIENSE";"RRAS18";35031;"CENTRAL DO DRS III";"Quedas";
"350180";2015;8;1;22254,5;2781,8125;125;"Municipio";1209;"AMERICO DE CAMPOS";"RRAS12";35157;"VOTUPORANGA";"Quedas";661,703887510339
"350180";2016;14;1;26964,78;1926,05571428571;71,4285714285714;"Municipio";1247;"AMERICO DE CAMPOS";"RRAS12";35157;"VOTUPORANGA";"Quedas";1122,69446672013
"350180";2017;12;1;22403,27;1866,93916666667;83,3333333333333;"Municipio";1284;"AMERICO DE CAMPOS";"RRAS12";35157;"VOTUPORANGA";"Quedas";934,579439252336
"350180";2018;11;0;24435,81;2221,43727272727;0;"Municipio";1317;"AMERICO DE CAMPOS";"RRAS12";35157;"VOTUPORANGA";"Quedas";835,231586940015
"350180";2019;10;0;13988,08;1398,808;0;"Municipio";1357;"AMERICO DE CAMPOS";"RRAS12";35157;"VOTUPORANGA";"Quedas";736,919675755343
"350180";2020;13;0;21610,52;1662,34769230769;0;"Municipio";1395;"AMERICO DE CAMPOS";"RRAS12";35157;"VOTUPORANGA";"Quedas";931,899641577061
"350180";2021;15;1;21625;1441,66666666667;66,6666666666667;"Municipio";1419;"AMERICO DE CAMPOS";"RRAS12";35157;"VOTUPORANGA";"Quedas";1057,08245243129
"350180";2022;9;0;9796,11;1088,45666666667;0;"Municipio";1445;"AMERICO DE CAMPOS";"RRAS12";35157;"VOTUPORANGA";"Quedas";622,837370242215
"350180";2023;21;0;47412,89;2257,75666666667;0;"Municipio";1482;"AMERICO DE CAMPOS";"RRAS12";35157;"VOTUPORANGA";"Quedas";1417,004048583
"350180";2024;14;0;34897,91;2492,70785714286;0;"Municipio";1515;"AMERICO DE CAMPOS";"RRAS12";35157;"VOTUPORANGA";"Quedas";924,092409240924
"350180";2025;24;0;20292,61;845,525416666667;0;"Municipio";;"AMERICO DE CAMPOS";"RRAS12";35157;"VOTUPORANGA";"Quedas";
"350190";2015;84;3;183823,63;2188,37654761905;35,7142857142857;"Municipio";11799;"AMPARO";"RRAS15";35074;"CIRCUITO DAS AGUAS";"Quedas";711,924739384694
"350190";2016;103;7;192624,98;1870,1454368932;67,9611650485437;"Municipio";12176;"AMPARO";"RRAS15";35074;"CIRCUITO DAS AGUAS";"Quedas";845,92641261498
"350190";2017;127;11;209048,11;1646,04811023622;86,6141732283465;"Municipio";12556;"AMPARO";"RRAS15";35074;"CIRCUITO DAS AGUAS";"Quedas";1011,4686205798
"350190";2018;127;11;234923,66;1849,7925984252;86,6141732283465;"Municipio";12931;"AMPARO";"RRAS15";35074;"CIRCUITO DAS AGUAS";"Quedas";982,13595236254
"350190";2019;109;9;217202,07;1992,6795412844;82,5688073394495;"Municipio";13307;"AMPARO";"RRAS15";35074;"CIRCUITO DAS AGUAS";"Quedas";819,117757571203
"350190";2020;107;9;229945,01;2149,01878504673;84,1121495327103;"Municipio";13648;"AMPARO";"RRAS15";35074;"CIRCUITO DAS AGUAS";"Quedas";783,997655334115
"350190";2021;80;7;204760,91;2559,511375;87,5;"Municipio";13931;"AMPARO";"RRAS15";35074;"CIRCUITO DAS AGUAS";"Quedas";574,258847175364
"350190";2022;102;7;236437,41;2318,01382352941;68,6274509803922;"Municipio";14193;"AMPARO";"RRAS15";35074;"CIRCUITO DAS AGUAS";"Quedas";718,664130205031
"350190";2023;155;15;371868,11;2399,14909677419;96,7741935483871;"Municipio";14516;"AMPARO";"RRAS15";35074;"CIRCUITO DAS AGUAS";"Quedas";1067,78726922017
"350190";2024;129;6;287818,62;2231,15209302326;46,5116279069767;"Municipio";14881;"AMPARO";"RRAS15";35074;"CIRCUITO DAS AGUAS";"Quedas";866,877225992877
"350190";2025;170;12;417550,21;2456,17770588235;70,5882352941177;"Municipio";;"AMPARO";"RRAS15";35074;"CIRCUITO DAS AGUAS";"Quedas";
"350200";2021;1;0;4886,91;4886,91;0;"Municipio";873;"ANALANDIA";"RRAS14";35104;"RIO CLARO";"Quedas";114,54753722795
"350200";2022;2;0;6430,2;3215,1;0;"Municipio";897;"ANALANDIA";"RRAS14";35104;"RIO CLARO";"Quedas";222,965440356745
"350200";2024;1;0;292,62;292,62;0;"Municipio";938;"ANALANDIA";"RRAS14";35104;"RIO CLARO";"Quedas";106,609808102345
"350200";2025;2;0;22653,06;11326,53;0;"Municipio";;"ANALANDIA";"RRAS14";35104;"RIO CLARO";"Quedas";
"350210";2015;101;10;88629,34;877,518217821782;99,009900990099;"Municipio";10283;"ANDRADINA";"RRAS19";35022;"LAGOS DO DRS II";"Quedas";982,203637070894
"350210";2016;104;3;134800,81;1296,16163461538;28,8461538461538;"Municipio";10580;"ANDRADINA";"RRAS19";35022;"LAGOS DO DRS II";"Quedas";982,986767485822
"350210";2017;86;5;108076,58;1256,70441860465;58,1395348837209;"Municipio";10890;"ANDRADINA";"RRAS19";35022;"LAGOS DO DRS II";"Quedas";789,715335169881
"350210";2018;104;7;121654,55;1169,75528846154;67,3076923076923;"Municipio";11207;"ANDRADINA";"RRAS19";35022;"LAGOS DO DRS II";"Quedas";927,991433925225
"350210";2019;114;8;151992,26;1333,26543859649;70,1754385964912;"Municipio";11536;"ANDRADINA";"RRAS19";35022;"LAGOS DO DRS II";"Quedas";988,210818307906
"350210";2020;101;6;132575,97;1312,63336633663;59,4059405940594;"Municipio";11852;"ANDRADINA";"RRAS19";35022;"LAGOS DO DRS II";"Quedas";852,176847789403
"350210";2021;112;8;130832,56;1168,14785714286;71,4285714285714;"Municipio";12116;"ANDRADINA";"RRAS19";35022;"LAGOS DO DRS II";"Quedas";924,397490921096
"350210";2022;102;7;185230,24;1815,98274509804;68,6274509803922;"Municipio";12369;"ANDRADINA";"RRAS19";35022;"LAGOS DO DRS II";"Quedas";824,642250788261
"350210";2023;84;6;128031,5;1524,18452380952;71,4285714285714;"Municipio";12678;"ANDRADINA";"RRAS19";35022;"LAGOS DO DRS II";"Quedas";662,565073355419
"350210";2024;68;10;126981,36;1867,37294117647;147,058823529412;"Municipio";13007;"ANDRADINA";"RRAS19";35022;"LAGOS DO DRS II";"Quedas";522,795417851926
"350210";2025;68;3;253791,82;3732,23264705882;44,1176470588235;"Municipio";;"ANDRADINA";"RRAS19";35022;"LAGOS DO DRS II";"Quedas";
"350220";2015;28;1;26536,11;947,718214285714;35,7142857142857;"Municipio";3381;"ANGATUBA";"RRAS08";35161;"ITAPETININGA";"Quedas";828,15734989648
"350220";2016;27;0;285636,23;10579,1196296296;0;"Municipio";3504;"ANGATUBA";"RRAS08";35161;"ITAPETININGA";"Quedas";770,547945205479
"350220";2017;26;3;96702,04;3719,30923076923;115,384615384615;"Municipio";3638;"ANGATUBA";"RRAS08";35161;"ITAPETININGA";"Quedas";714,678394722375
"350220";2018;31;3;49405,67;1593,73129032258;96,7741935483871;"Municipio";3774;"ANGATUBA";"RRAS08";35161;"ITAPETININGA";"Quedas";821,409644939057
"350220";2019;31;2;43806,18;1413,10258064516;64,5161290322581;"Municipio";3918;"ANGATUBA";"RRAS08";35161;"ITAPETININGA";"Quedas";791,22001020929
"350220";2020;18;1;13592,83;755,157222222222;55,5555555555556;"Municipio";4056;"ANGATUBA";"RRAS08";35161;"ITAPETININGA";"Quedas";443,786982248521
"350220";2021;32;0;32885,47;1027,6709375;0;"Municipio";4178;"ANGATUBA";"RRAS08";35161;"ITAPETININGA";"Quedas";765,916706558162
"350220";2022;38;1;89391,56;2352,40947368421;26,3157894736842;"Municipio";4299;"ANGATUBA";"RRAS08";35161;"ITAPETININGA";"Quedas";883,926494533613
"350220";2023;41;0;64989,97;1585,1212195122;0;"Municipio";4444;"ANGATUBA";"RRAS08";35161;"ITAPETININGA";"Quedas";922,592259225922
"350220";2024;28;1;32170,23;1148,93678571429;35,7142857142857;"Municipio";4592;"ANGATUBA";"RRAS08";35161;"ITAPETININGA";"Quedas";609,756097560976
"350220";2025;33;2;112038,14;3395,09515151515;60,6060606060606;"Municipio";;"ANGATUBA";"RRAS08";35161;"ITAPETININGA";"Quedas";
"350230";2015;7;0;14999,05;2142,72142857143;0;"Municipio";840;"ANHEMBI";"RRAS09";35063;"POLO CUESTA";"Quedas";833,333333333333
"350230";2016;5;0;11866,06;2373,212;0;"Municipio";870;"ANHEMBI";"RRAS09";35063;"POLO CUESTA";"Quedas";574,712643678161
"350230";2017;5;0;4747,32;949,464;0;"Municipio";903;"ANHEMBI";"RRAS09";35063;"POLO CUESTA";"Quedas";553,709856035437
"350230";2018;6;2;4704,51;784,085;333,333333333333;"Municipio";934;"ANHEMBI";"RRAS09";35063;"POLO CUESTA";"Quedas";642,398286937902
"350230";2019;7;0;24887,62;3555,37428571429;0;"Municipio";972;"ANHEMBI";"RRAS09";35063;"POLO CUESTA";"Quedas";720,164609053498
"350230";2020;16;0;36735,19;2295,949375;0;"Municipio";1003;"ANHEMBI";"RRAS09";35063;"POLO CUESTA";"Quedas";1595,21435692921
"350230";2021;6;1;7825,95;1304,325;166,666666666667;"Municipio";1033;"ANHEMBI";"RRAS09";35063;"POLO CUESTA";"Quedas";580,832526621491
"350230";2022;11;1;11713,32;1064,84727272727;90,9090909090909;"Municipio";1060;"ANHEMBI";"RRAS09";35063;"POLO CUESTA";"Quedas";1037,7358490566
"350230";2023;6;0;12182,33;2030,38833333333;0;"Municipio";1092;"ANHEMBI";"RRAS09";35063;"POLO CUESTA";"Quedas";549,450549450549
"350230";2024;6;0;11256,51;1876,085;0;"Municipio";1122;"ANHEMBI";"RRAS09";35063;"POLO CUESTA";"Quedas";534,75935828877
"350230";2025;5;0;19631,1;3926,22;0;"Municipio";;"ANHEMBI";"RRAS09";35063;"POLO CUESTA";"Quedas";
"350240";2015;3;0;5622,4;1874,13333333333;0;"Municipio";640;"ANHUMAS";"RRAS11";35112;"ALTA SOROCABANA";"Quedas";468,75
"350240";2016;4;0;4852,26;1213,065;0;"Municipio";659;"ANHUMAS";"RRAS11";35112;"ALTA SOROCABANA";"Quedas";606,980273141123
"350240";2017;4;0;6554,18;1638,545;0;"Municipio";687;"ANHUMAS";"RRAS11";35112;"ALTA SOROCABANA";"Quedas";582,241630276565
"350240";2018;3;1;9067,45;3022,48333333333;333,333333333333;"Municipio";715;"ANHUMAS";"RRAS11";35112;"ALTA SOROCABANA";"Quedas";419,58041958042
"350240";2019;1;0;1680,04;1680,04;0;"Municipio";745;"ANHUMAS";"RRAS11";35112;"ALTA SOROCABANA";"Quedas";134,228187919463
"350240";2020;4;0;9334,06;2333,515;0;"Municipio";772;"ANHUMAS";"RRAS11";35112;"ALTA SOROCABANA";"Quedas";518,134715025907
"350240";2021;3;0;1822,27;607,423333333333;0;"Municipio";790;"ANHUMAS";"RRAS11";35112;"ALTA SOROCABANA";"Quedas";379,746835443038
"350240";2022;3;0;2931,42;977,14;0;"Municipio";818;"ANHUMAS";"RRAS11";35112;"ALTA SOROCABANA";"Quedas";366,748166259169
"350240";2023;3;0;9753,26;3251,08666666667;0;"Municipio";839;"ANHUMAS";"RRAS11";35112;"ALTA SOROCABANA";"Quedas";357,568533969011
"350240";2024;1;0;1822,65;1822,65;0;"Municipio";873;"ANHUMAS";"RRAS11";35112;"ALTA SOROCABANA";"Quedas";114,54753722795
"350240";2025;7;0;28438,36;4062,62285714286;0;"Municipio";;"ANHUMAS";"RRAS11";35112;"ALTA SOROCABANA";"Quedas";
"350250";2015;56;4;64582,4;1153,25714285714;71,4285714285714;"Municipio";5464;"APARECIDA";"RRAS17";35172;"CIRCUITO DA FE VALE HISTORICO";"Quedas";1024,89019033675
"350250";2016;53;4;68252,64;1287,78566037736;75,4716981132075;"Municipio";5636;"APARECIDA";"RRAS17";35172;"CIRCUITO DA FE VALE HISTORICO";"Quedas";940,383250532292
"350250";2017;33;1;64264,13;1947,39787878788;30,3030303030303;"Municipio";5810;"APARECIDA";"RRAS17";35172;"CIRCUITO DA FE VALE HISTORICO";"Quedas";567,986230636833
"350250";2018;37;2;77421,04;2092,46054054054;54,0540540540541;"Municipio";5988;"APARECIDA";"RRAS17";35172;"CIRCUITO DA FE VALE HISTORICO";"Quedas";617,902471609886
"350250";2019;44;0;76411,69;1736,62931818182;0;"Municipio";6170;"APARECIDA";"RRAS17";35172;"CIRCUITO DA FE VALE HISTORICO";"Quedas";713,128038897893
"350250";2020;47;2;68924,3;1466,47446808511;42,5531914893617;"Municipio";6332;"APARECIDA";"RRAS17";35172;"CIRCUITO DA FE VALE HISTORICO";"Quedas";742,261528742893
"350250";2021;51;2;61303,43;1202,02803921569;39,2156862745098;"Municipio";6474;"APARECIDA";"RRAS17";35172;"CIRCUITO DA FE VALE HISTORICO";"Quedas";787,766450417053
"350250";2022;49;2;86382,2;1762,90204081633;40,8163265306122;"Municipio";6616;"APARECIDA";"RRAS17";35172;"CIRCUITO DA FE VALE HISTORICO";"Quedas";740,628778718259
"350250";2023;72;6;132250,81;1836,81680555556;83,3333333333333;"Municipio";6785;"APARECIDA";"RRAS17";35172;"CIRCUITO DA FE VALE HISTORICO";"Quedas";1061,16433308769
"350250";2024;76;4;164326,78;2162,19447368421;52,6315789473684;"Municipio";6967;"APARECIDA";"RRAS17";35172;"CIRCUITO DA FE VALE HISTORICO";"Quedas";1090,8568967992
"350250";2025;82;4;259621,64;3166,11756097561;48,780487804878;"Municipio";;"APARECIDA";"RRAS17";35172;"CIRCUITO DA FE VALE HISTORICO";"Quedas";
"350260";2015;14;1;20267,68;1447,69142857143;71,4285714285714;"Municipio";1003;"APARECIDA DOESTE";"RRAS12";35153;"JALES";"Quedas";1395,81256231306
"350260";2016;15;0;35301,55;2353,43666666667;0;"Municipio";1023;"APARECIDA DOESTE";"RRAS12";35153;"JALES";"Quedas";1466,27565982405
"350260";2017;9;0;16266,41;1807,37888888889;0;"Municipio";1039;"APARECIDA DOESTE";"RRAS12";35153;"JALES";"Quedas";866,217516843118
"350260";2018;15;1;20490,44;1366,02933333333;66,6666666666667;"Municipio";1056;"APARECIDA DOESTE";"RRAS12";35153;"JALES";"Quedas";1420,45454545455
"350260";2019;9;2;11432,77;1270,30777777778;222,222222222222;"Municipio";1071;"APARECIDA DOESTE";"RRAS12";35153;"JALES";"Quedas";840,336134453781
"350260";2020;13;1;57170,14;4397,70307692308;76,9230769230769;"Municipio";1088;"APARECIDA DOESTE";"RRAS12";35153;"JALES";"Quedas";1194,85294117647
"350260";2021;5;0;21578,54;4315,708;0;"Municipio";1096;"APARECIDA DOESTE";"RRAS12";35153;"JALES";"Quedas";456,204379562044
"350260";2022;9;0;22928,62;2547,62444444444;0;"Municipio";1104;"APARECIDA DOESTE";"RRAS12";35153;"JALES";"Quedas";815,217391304348
"350260";2023;15;2;48923,58;3261,572;133,333333333333;"Municipio";1130;"APARECIDA DOESTE";"RRAS12";35153;"JALES";"Quedas";1327,43362831858
"350260";2024;7;0;8514,45;1216,35;0;"Municipio";1146;"APARECIDA DOESTE";"RRAS12";35153;"JALES";"Quedas";610,820244328098
"350260";2025;11;0;15159,99;1378,18090909091;0;"Municipio";;"APARECIDA DOESTE";"RRAS12";35153;"JALES";"Quedas";
"350270";2015;37;2;50528,33;1365,63054054054;54,0540540540541;"Municipio";3482;"APIAI";"RRAS08";35162;"ITAPEVA";"Quedas";1062,60769672602
"350270";2016;25;0;24765,4;990,616;0;"Municipio";3570;"APIAI";"RRAS08";35162;"ITAPEVA";"Quedas";700,280112044818
"350270";2017;23;3;30341,65;1319,20217391304;130,434782608696;"Municipio";3673;"APIAI";"RRAS08";35162;"ITAPEVA";"Quedas";626,191124421454
"350270";2018;11;0;12586,17;1144,19727272727;0;"Municipio";3784;"APIAI";"RRAS08";35162;"ITAPEVA";"Quedas";290,697674418605
"350270";2019;31;1;43657,38;1408,30258064516;32,258064516129;"Municipio";3898;"APIAI";"RRAS08";35162;"ITAPEVA";"Quedas";795,279630579785
"350270";2020;37;1;51761,66;1398,96378378378;27,027027027027;"Municipio";4002;"APIAI";"RRAS08";35162;"ITAPEVA";"Quedas";924,537731134433
"350270";2021;21;1;32943,73;1568,74904761905;47,6190476190476;"Municipio";4091;"APIAI";"RRAS08";35162;"ITAPEVA";"Quedas";513,321926179418
"350270";2022;35;1;30802,05;880,058571428571;28,5714285714286;"Municipio";4182;"APIAI";"RRAS08";35162;"ITAPEVA";"Quedas";836,920133907221
"350270";2023;26;2;42615,68;1639,06461538462;76,9230769230769;"Municipio";4294;"APIAI";"RRAS08";35162;"ITAPEVA";"Quedas";605,496040987424
"350270";2024;22;1;35781,42;1626,42818181818;45,4545454545455;"Municipio";4423;"APIAI";"RRAS08";35162;"ITAPEVA";"Quedas";497,399954781822
"350270";2025;35;4;84042,76;2401,22171428571;114,285714285714;"Municipio";;"APIAI";"RRAS08";35162;"ITAPEVA";"Quedas";
"350275";2015;13;1;29254,53;2250,34846153846;76,9230769230769;"Municipio";1888;"ARACARIGUAMA";"RRAS08";35163;"SOROCABA";"Quedas";688,559322033898
"350275";2016;11;1;25137,19;2285,19909090909;90,9090909090909;"Municipio";2004;"ARACARIGUAMA";"RRAS08";35163;"SOROCABA";"Quedas";548,902195608782
"350275";2017;3;0;16081,04;5360,34666666667;0;"Municipio";2129;"ARACARIGUAMA";"RRAS08";35163;"SOROCABA";"Quedas";140,911225927666
"350275";2018;15;0;18106,08;1207,072;0;"Municipio";2267;"ARACARIGUAMA";"RRAS08";35163;"SOROCABA";"Quedas";661,667401852669
"350275";2019;8;1;7556,72;944,59;125;"Municipio";2408;"ARACARIGUAMA";"RRAS08";35163;"SOROCABA";"Quedas";332,225913621262
"350275";2020;9;1;19373,04;2152,56;111,111111111111;"Municipio";2556;"ARACARIGUAMA";"RRAS08";35163;"SOROCABA";"Quedas";352,112676056338
"350275";2021;19;2;31808,15;1674,11315789474;105,263157894737;"Municipio";2697;"ARACARIGUAMA";"RRAS08";35163;"SOROCABA";"Quedas";704,486466444197
"350275";2022;11;0;17292,68;1572,06181818182;0;"Municipio";2840;"ARACARIGUAMA";"RRAS08";35163;"SOROCABA";"Quedas";387,323943661972
"350275";2023;14;0;27800,51;1985,75071428571;0;"Municipio";2986;"ARACARIGUAMA";"RRAS08";35163;"SOROCABA";"Quedas";468,854655056932
"350275";2024;8;0;13517,48;1689,685;0;"Municipio";3137;"ARACARIGUAMA";"RRAS08";35163;"SOROCABA";"Quedas";255,020720433535
"350275";2025;13;1;30639,88;2356,91384615385;76,9230769230769;"Municipio";;"ARACARIGUAMA";"RRAS08";35163;"SOROCABA";"Quedas";
"350280";2015;209;27;395396,6;1891,84976076555;129,186602870813;"Municipio";32803;"ARACATUBA";"RRAS19";35021;"CENTRAL DO DRS II";"Quedas";637,136847239582
"350280";2016;233;29;457658,91;1964,2013304721;124,463519313305;"Municipio";33936;"ARACATUBA";"RRAS19";35021;"CENTRAL DO DRS II";"Quedas";686,586515794437
"350280";2017;189;14;374344,53;1980,65888888889;74,0740740740741;"Municipio";35102;"ARACATUBA";"RRAS19";35021;"CENTRAL DO DRS II";"Quedas";538,430858640533
"350280";2018;248;26;525327,16;2118,25467741935;104,838709677419;"Municipio";36296;"ARACATUBA";"RRAS19";35021;"CENTRAL DO DRS II";"Quedas";683,27088384395
"350280";2019;227;29;546374;2406,93392070485;127,753303964758;"Municipio";37507;"ARACATUBA";"RRAS19";35021;"CENTRAL DO DRS II";"Quedas";605,220358866345
"350280";2020;210;27;569655,33;2712,64442857143;128,571428571429;"Municipio";38655;"ARACATUBA";"RRAS19";35021;"CENTRAL DO DRS II";"Quedas";543,267365153279
"350280";2021;214;32;731186,32;3416,7585046729;149,532710280374;"Municipio";39633;"ARACATUBA";"RRAS19";35021;"CENTRAL DO DRS II";"Quedas";539,954078671814
"350280";2022;278;27;937146,4;3371,03021582734;97,1223021582734;"Municipio";40610;"ARACATUBA";"RRAS19";35021;"CENTRAL DO DRS II";"Quedas";684,560453090372
"350280";2023;247;36;738348,25;2989,26417004049;145,748987854251;"Municipio";41793;"ARACATUBA";"RRAS19";35021;"CENTRAL DO DRS II";"Quedas";591,008063551312
"350280";2024;244;27;648407,96;2657,40967213115;110,655737704918;"Municipio";43039;"ARACATUBA";"RRAS19";35021;"CENTRAL DO DRS II";"Quedas";566,927670252562
"350280";2025;235;29;1061704,15;4517,89;123,404255319149;"Municipio";;"ARACATUBA";"RRAS19";35021;"CENTRAL DO DRS II";"Quedas";
"350290";2015;20;5;31132,66;1556,633;250;"Municipio";4958;"ARACOIABA DA SERRA";"RRAS08";35163;"SOROCABA";"Quedas";403,388463089956
"350290";2016;16;1;34629,57;2164,348125;62,5;"Municipio";5246;"ARACOIABA DA SERRA";"RRAS08";35163;"SOROCABA";"Quedas";304,994281357225
"350290";2017;15;1;30883,02;2058,868;66,6666666666667;"Municipio";5555;"ARACOIABA DA SERRA";"RRAS08";35163;"SOROCABA";"Quedas";270,02700270027
"350290";2018;23;3;69848,89;3036,90826086957;130,434782608696;"Municipio";5885;"ARACOIABA DA SERRA";"RRAS08";35163;"SOROCABA";"Quedas";390,824129141886
"350290";2019;21;2;28367,34;1350,82571428571;95,2380952380952;"Municipio";6231;"ARACOIABA DA SERRA";"RRAS08";35163;"SOROCABA";"Quedas";337,024554646124
"350290";2020;27;3;53251,84;1972,29037037037;111,111111111111;"Municipio";6576;"ARACOIABA DA SERRA";"RRAS08";35163;"SOROCABA";"Quedas";410,583941605839
"350290";2021;28;2;74149,98;2648,21357142857;71,4285714285714;"Municipio";6898;"ARACOIABA DA SERRA";"RRAS08";35163;"SOROCABA";"Quedas";405,914757900841
"350290";2022;44;2;133108,24;3025,18727272727;45,4545454545455;"Municipio";7221;"ARACOIABA DA SERRA";"RRAS08";35163;"SOROCABA";"Quedas";609,333887273231
"350290";2023;26;2;65118,44;2504,55538461538;76,9230769230769;"Municipio";7563;"ARACOIABA DA SERRA";"RRAS08";35163;"SOROCABA";"Quedas";343,778923707523
"350290";2024;32;0;55730,03;1741,5634375;0;"Municipio";7916;"ARACOIABA DA SERRA";"RRAS08";35163;"SOROCABA";"Quedas";404,244567963618
"350290";2025;34;2;92476,03;2719,88323529412;58,8235294117647;"Municipio";;"ARACOIABA DA SERRA";"RRAS08";35163;"SOROCABA";"Quedas";
"350300";2015;8;0;14350,52;1793,815;0;"Municipio";923;"ARAMINA";"RRAS13";35083;"ALTA MOGIANA";"Quedas";866,738894907909
"350300";2016;8;2;13990,86;1748,8575;250;"Municipio";958;"ARAMINA";"RRAS13";35083;"ALTA MOGIANA";"Quedas";835,073068893528
"350300";2017;6;0;13325,37;2220,895;0;"Municipio";988;"ARAMINA";"RRAS13";35083;"ALTA MOGIANA";"Quedas";607,287449392713
"350300";2018;11;1;20086,25;1826,02272727273;90,9090909090909;"Municipio";1024;"ARAMINA";"RRAS13";35083;"ALTA MOGIANA";"Quedas";1074,21875
"350300";2019;7;2;17985,16;2569,30857142857;285,714285714286;"Municipio";1062;"ARAMINA";"RRAS13";35083;"ALTA MOGIANA";"Quedas";659,133709981168
"350300";2020;7;0;8481,14;1211,59142857143;0;"Municipio";1101;"ARAMINA";"RRAS13";35083;"ALTA MOGIANA";"Quedas";635,785649409628
"350300";2021;7;1;20229,64;2889,94857142857;142,857142857143;"Municipio";1131;"ARAMINA";"RRAS13";35083;"ALTA MOGIANA";"Quedas";618,921308576481
"350300";2022;12;2;26254,38;2187,865;166,666666666667;"Municipio";1164;"ARAMINA";"RRAS13";35083;"ALTA MOGIANA";"Quedas";1030,92783505155
"350300";2023;7;0;12577,61;1796,80142857143;0;"Municipio";1201;"ARAMINA";"RRAS13";35083;"ALTA MOGIANA";"Quedas";582,847626977519
"350300";2024;6;1;18106,64;3017,77333333333;166,666666666667;"Municipio";1240;"ARAMINA";"RRAS13";35083;"ALTA MOGIANA";"Quedas";483,870967741935
"350300";2025;12;1;23889,8;1990,81666666667;83,3333333333333;"Municipio";;"ARAMINA";"RRAS13";35083;"ALTA MOGIANA";"Quedas";
"350310";2015;9;0;14905,15;1656,12777777778;0;"Municipio";976;"ARANDU";"RRAS09";35061;"VALE DO JURUMIRIM";"Quedas";922,131147540984
"350310";2016;11;0;21529,6;1957,23636363636;0;"Municipio";1019;"ARANDU";"RRAS09";35061;"VALE DO JURUMIRIM";"Quedas";1079,48969578018
"350310";2017;3;0;6684,73;2228,24333333333;0;"Municipio";1059;"ARANDU";"RRAS09";35061;"VALE DO JURUMIRIM";"Quedas";283,28611898017
"350310";2018;6;0;10378,07;1729,67833333333;0;"Municipio";1098;"ARANDU";"RRAS09";35061;"VALE DO JURUMIRIM";"Quedas";546,448087431694
"350310";2019;6;1;10772,25;1795,375;166,666666666667;"Municipio";1144;"ARANDU";"RRAS09";35061;"VALE DO JURUMIRIM";"Quedas";524,475524475524
"350310";2020;1;0;668,94;668,94;0;"Municipio";1188;"ARANDU";"RRAS09";35061;"VALE DO JURUMIRIM";"Quedas";84,1750841750842
"350310";2021;5;0;7085,94;1417,188;0;"Municipio";1220;"ARANDU";"RRAS09";35061;"VALE DO JURUMIRIM";"Quedas";409,83606557377
"350310";2022;8;0;4228,57;528,57125;0;"Municipio";1255;"ARANDU";"RRAS09";35061;"VALE DO JURUMIRIM";"Quedas";637,450199203187
"350310";2023;14;0;13362,27;954,447857142857;0;"Municipio";1292;"ARANDU";"RRAS09";35061;"VALE DO JURUMIRIM";"Quedas";1083,59133126935
"350310";2024;9;0;19246,38;2138,48666666667;0;"Municipio";1330;"ARANDU";"RRAS09";35061;"VALE DO JURUMIRIM";"Quedas";676,691729323308
"350310";2025;14;1;32798,62;2342,75857142857;71,4285714285714;"Municipio";;"ARANDU";"RRAS09";35061;"VALE DO JURUMIRIM";"Quedas";
"350315";2015;2;0;904,21;452,105;0;"Municipio";414;"ARAPEI";"RRAS17";35172;"CIRCUITO DA FE VALE HISTORICO";"Quedas";483,091787439613
"350315";2016;1;0;199,33;199,33;0;"Municipio";424;"ARAPEI";"RRAS17";35172;"CIRCUITO DA FE VALE HISTORICO";"Quedas";235,849056603774
"350315";2017;2;0;3335,72;1667,86;0;"Municipio";439;"ARAPEI";"RRAS17";35172;"CIRCUITO DA FE VALE HISTORICO";"Quedas";455,580865603645
"350315";2018;2;0;4894,97;2447,485;0;"Municipio";456;"ARAPEI";"RRAS17";35172;"CIRCUITO DA FE VALE HISTORICO";"Quedas";438,59649122807
"350315";2019;3;0;4250,47;1416,82333333333;0;"Municipio";472;"ARAPEI";"RRAS17";35172;"CIRCUITO DA FE VALE HISTORICO";"Quedas";635,593220338983
"350315";2020;4;0;6068,35;1517,0875;0;"Municipio";497;"ARAPEI";"RRAS17";35172;"CIRCUITO DA FE VALE HISTORICO";"Quedas";804,828973843058
"350315";2021;4;0;10665,55;2666,3875;0;"Municipio";515;"ARAPEI";"RRAS17";35172;"CIRCUITO DA FE VALE HISTORICO";"Quedas";776,699029126214
"350315";2022;5;0;11747,85;2349,57;0;"Municipio";526;"ARAPEI";"RRAS17";35172;"CIRCUITO DA FE VALE HISTORICO";"Quedas";950,570342205323
"350315";2023;5;0;5910,01;1182,002;0;"Municipio";537;"ARAPEI";"RRAS17";35172;"CIRCUITO DA FE VALE HISTORICO";"Quedas";931,098696461825
"350315";2024;12;1;26969,28;2247,44;83,3333333333333;"Municipio";570;"ARAPEI";"RRAS17";35172;"CIRCUITO DA FE VALE HISTORICO";"Quedas";2105,26315789474
"350315";2025;2;1;2392,15;1196,075;500;"Municipio";;"ARAPEI";"RRAS17";35172;"CIRCUITO DA FE VALE HISTORICO";"Quedas";
"350320";2015;156;15;314753,77;2017,65237179487;96,1538461538462;"Municipio";37167;"ARARAQUARA";"RRAS18";35031;"CENTRAL DO DRS III";"Quedas";419,727177334732
"350320";2016;137;13;261271,85;1907,09379562044;94,8905109489051;"Municipio";38510;"ARARAQUARA";"RRAS18";35031;"CENTRAL DO DRS III";"Quedas";355,751752791483
"350320";2017;141;7;283213,78;2008,60836879433;49,645390070922;"Municipio";39915;"ARARAQUARA";"RRAS18";35031;"CENTRAL DO DRS III";"Quedas";353,250657647501
"350320";2018;134;10;287370,9;2144,55895522388;74,6268656716418;"Municipio";41379;"ARARAQUARA";"RRAS18";35031;"CENTRAL DO DRS III";"Quedas";323,835762101549
"350320";2019;188;13;398065,62;2117,37031914894;69,1489361702128;"Municipio";42876;"ARARAQUARA";"RRAS18";35031;"CENTRAL DO DRS III";"Quedas";438,473738221849
"350320";2020;173;11;384749,8;2223,98728323699;63,5838150289017;"Municipio";44311;"ARARAQUARA";"RRAS18";35031;"CENTRAL DO DRS III";"Quedas";390,422242783959
"350320";2021;203;14;445979,38;2196,94275862069;68,9655172413793;"Municipio";45535;"ARARAQUARA";"RRAS18";35031;"CENTRAL DO DRS III";"Quedas";445,810914681015
"350320";2022;241;25;597500,63;2479,25572614108;103,734439834025;"Municipio";46756;"ARARAQUARA";"RRAS18";35031;"CENTRAL DO DRS III";"Quedas";515,441868423304
"350320";2023;242;18;655141,91;2707,19797520661;74,3801652892562;"Municipio";48155;"ARARAQUARA";"RRAS18";35031;"CENTRAL DO DRS III";"Quedas";502,543868757138
"350320";2024;240;14;657419,56;2739,24816666667;58,3333333333333;"Municipio";49627;"ARARAQUARA";"RRAS18";35031;"CENTRAL DO DRS III";"Quedas";483,607713543031
"350320";2025;279;20;845205,15;3029,40913978495;71,6845878136201;"Municipio";;"ARARAQUARA";"RRAS18";35031;"CENTRAL DO DRS III";"Quedas";
"350330";2015;80;6;129179,07;1614,738375;75;"Municipio";19448;"ARARAS";"RRAS14";35101;"ARARAS";"Quedas";411,353352529823
"350330";2016;104;10;177619,23;1707,87721153846;96,1538461538462;"Municipio";20231;"ARARAS";"RRAS14";35101;"ARARAS";"Quedas";514,062577232959
"350330";2017;88;6;160084,7;1819,14431818182;68,1818181818182;"Municipio";21044;"ARARAS";"RRAS14";35101;"ARARAS";"Quedas";418,171450294621
"350330";2018;101;6;201203,47;1992,11356435644;59,4059405940594;"Municipio";21877;"ARARAS";"RRAS14";35101;"ARARAS";"Quedas";461,672075695936
"350330";2019;70;7;139662,25;1995,175;100;"Municipio";22728;"ARARAS";"RRAS14";35101;"ARARAS";"Quedas";307,990144315382
"350330";2020;95;8;180963,57;1904,87968421053;84,2105263157895;"Municipio";23545;"ARARAS";"RRAS14";35101;"ARARAS";"Quedas";403,482692716076
"350330";2021;115;6;192113,88;1670,55547826087;52,1739130434783;"Municipio";24258;"ARARAS";"RRAS14";35101;"ARARAS";"Quedas";474,070409761728
"350330";2022;103;8;215546,03;2092,67990291262;77,6699029126214;"Municipio";24973;"ARARAS";"RRAS14";35101;"ARARAS";"Quedas";412,445441076362
"350330";2023;130;13;302391,95;2326,09192307692;100;"Municipio";25800;"ARARAS";"RRAS14";35101;"ARARAS";"Quedas";503,875968992248
"350330";2024;114;3;209759,99;1839,9999122807;26,3157894736842;"Municipio";26647;"ARARAS";"RRAS14";35101;"ARARAS";"Quedas";427,815513941532
"350330";2025;114;14;298982,91;2622,65710526316;122,80701754386;"Municipio";;"ARARAS";"RRAS14";35101;"ARARAS";"Quedas";
"350335";2015;3;0;6660,39;2220,13;0;"Municipio";390;"ARCO IRIS";"RRAS10";35095;"TUPA";"Quedas";769,230769230769
"350335";2016;7;0;13992,01;1998,85857142857;0;"Municipio";398;"ARCO IRIS";"RRAS10";35095;"TUPA";"Quedas";1758,79396984925
"350335";2017;6;1;5418,48;903,08;166,666666666667;"Municipio";407;"ARCO IRIS";"RRAS10";35095;"TUPA";"Quedas";1474,20147420147
"350335";2018;5;1;7597,62;1519,524;200;"Municipio";413;"ARCO IRIS";"RRAS10";35095;"TUPA";"Quedas";1210,65375302663
"350335";2019;3;0;990,87;330,29;0;"Municipio";425;"ARCO IRIS";"RRAS10";35095;"TUPA";"Quedas";705,882352941176
"350335";2020;5;1;7680,03;1536,006;200;"Municipio";435;"ARCO IRIS";"RRAS10";35095;"TUPA";"Quedas";1149,42528735632
"350335";2021;5;0;12291,38;2458,276;0;"Municipio";449;"ARCO IRIS";"RRAS10";35095;"TUPA";"Quedas";1113,58574610245
"350335";2022;7;0;3792,59;541,798571428571;0;"Municipio";459;"ARCO IRIS";"RRAS10";35095;"TUPA";"Quedas";1525,05446623094
"350335";2023;6;0;8935,46;1489,24333333333;0;"Municipio";465;"ARCO IRIS";"RRAS10";35095;"TUPA";"Quedas";1290,32258064516
"350335";2024;7;0;5541,72;791,674285714286;0;"Municipio";481;"ARCO IRIS";"RRAS10";35095;"TUPA";"Quedas";1455,30145530146
"350335";2025;3;0;24381,31;8127,10333333333;0;"Municipio";;"ARCO IRIS";"RRAS10";35095;"TUPA";"Quedas";
"350340";2015;17;0;8653,12;509,007058823529;0;"Municipio";1747;"AREALVA";"RRAS09";35062;"BAURU";"Quedas";973,096737263881
"350340";2016;21;2;27354,03;1302,57285714286;95,2380952380952;"Municipio";1801;"AREALVA";"RRAS09";35062;"BAURU";"Quedas";1166,01887840089
"350340";2017;18;3;36786,93;2043,71833333333;166,666666666667;"Municipio";1852;"AREALVA";"RRAS09";35062;"BAURU";"Quedas";971,922246220302
"350340";2018;26;0;31503,89;1211,68807692308;0;"Municipio";1912;"AREALVA";"RRAS09";35062;"BAURU";"Quedas";1359,83263598326
"350340";2019;34;1;56529,98;1662,64647058824;29,4117647058824;"Municipio";1976;"AREALVA";"RRAS09";35062;"BAURU";"Quedas";1720,64777327935
"350340";2020;25;0;36711,14;1468,4456;0;"Municipio";2038;"AREALVA";"RRAS09";35062;"BAURU";"Quedas";1226,69283611384
"350340";2021;29;0;32606,14;1124,34965517241;0;"Municipio";2089;"AREALVA";"RRAS09";35062;"BAURU";"Quedas";1388,22403063667
"350340";2022;34;2;40623,93;1194,82147058824;58,8235294117647;"Municipio";2137;"AREALVA";"RRAS09";35062;"BAURU";"Quedas";1591,0154422087
"350340";2023;26;1;45524,03;1750,92423076923;38,4615384615385;"Municipio";2190;"AREALVA";"RRAS09";35062;"BAURU";"Quedas";1187,21461187215
"350340";2024;29;1;44019,12;1517,90068965517;34,4827586206897;"Municipio";2236;"AREALVA";"RRAS09";35062;"BAURU";"Quedas";1296,95885509839
"350340";2025;38;3;87266,56;2296,48842105263;78,9473684210526;"Municipio";;"AREALVA";"RRAS09";35062;"BAURU";"Quedas";
"350350";2015;1;0;478,45;478,45;0;"Municipio";546;"AREIAS";"RRAS17";35172;"CIRCUITO DA FE VALE HISTORICO";"Quedas";183,150183150183
"350350";2017;4;1;8010,49;2002,6225;250;"Municipio";583;"AREIAS";"RRAS17";35172;"CIRCUITO DA FE VALE HISTORICO";"Quedas";686,106346483705
"350350";2018;2;0;2110,21;1055,105;0;"Municipio";608;"AREIAS";"RRAS17";35172;"CIRCUITO DA FE VALE HISTORICO";"Quedas";328,947368421053
"350350";2019;8;1;38971,13;4871,39125;125;"Municipio";628;"AREIAS";"RRAS17";35172;"CIRCUITO DA FE VALE HISTORICO";"Quedas";1273,88535031847
"350350";2020;6;0;10431,87;1738,645;0;"Municipio";649;"AREIAS";"RRAS17";35172;"CIRCUITO DA FE VALE HISTORICO";"Quedas";924,499229583975
"350350";2021;8;1;18064,88;2258,11;125;"Municipio";668;"AREIAS";"RRAS17";35172;"CIRCUITO DA FE VALE HISTORICO";"Quedas";1197,60479041916
"350350";2022;6;0;11491,5;1915,25;0;"Municipio";684;"AREIAS";"RRAS17";35172;"CIRCUITO DA FE VALE HISTORICO";"Quedas";877,19298245614
"350350";2023;3;0;19302,94;6434,31333333333;0;"Municipio";704;"AREIAS";"RRAS17";35172;"CIRCUITO DA FE VALE HISTORICO";"Quedas";426,136363636364
"350350";2024;3;0;4111,3;1370,43333333333;0;"Municipio";731;"AREIAS";"RRAS17";35172;"CIRCUITO DA FE VALE HISTORICO";"Quedas";410,396716826265
"350350";2025;3;0;17244,14;5748,04666666667;0;"Municipio";;"AREIAS";"RRAS17";35172;"CIRCUITO DA FE VALE HISTORICO";"Quedas";
"350360";2015;10;1;24463,79;2446,379;100;"Municipio";1151;"AREIOPOLIS";"RRAS09";35063;"POLO CUESTA";"Quedas";868,809730668984
"350360";2016;8;1;16820,69;2102,58625;125;"Municipio";1189;"AREIOPOLIS";"RRAS09";35063;"POLO CUESTA";"Quedas";672,834314550042
"350360";2017;10;1;26146,32;2614,632;100;"Municipio";1228;"AREIOPOLIS";"RRAS09";35063;"POLO CUESTA";"Quedas";814,332247557003
"350360";2018;11;1;30536,45;2776,04090909091;90,9090909090909;"Municipio";1271;"AREIOPOLIS";"RRAS09";35063;"POLO CUESTA";"Quedas";865,460267505901
"350360";2019;6;1;13010,53;2168,42166666667;166,666666666667;"Municipio";1309;"AREIOPOLIS";"RRAS09";35063;"POLO CUESTA";"Quedas";458,365164247517
"350360";2020;6;1;10657,67;1776,27833333333;166,666666666667;"Municipio";1351;"AREIOPOLIS";"RRAS09";35063;"POLO CUESTA";"Quedas";444,115470022206
"350360";2021;15;1;42561,99;2837,466;66,6666666666667;"Municipio";1383;"AREIOPOLIS";"RRAS09";35063;"POLO CUESTA";"Quedas";1084,59869848156
"350360";2022;15;0;24890,68;1659,37866666667;0;"Municipio";1424;"AREIOPOLIS";"RRAS09";35063;"POLO CUESTA";"Quedas";1053,37078651685
"350360";2023;12;1;34091,2;2840,93333333333;83,3333333333333;"Municipio";1482;"AREIOPOLIS";"RRAS09";35063;"POLO CUESTA";"Quedas";809,716599190283
"350360";2024;8;0;15221,56;1902,695;0;"Municipio";1552;"AREIOPOLIS";"RRAS09";35063;"POLO CUESTA";"Quedas";515,463917525773
"350360";2025;13;3;33652,98;2588,69076923077;230,769230769231;"Municipio";;"AREIOPOLIS";"RRAS09";35063;"POLO CUESTA";"Quedas";
"350370";2015;3;1;12167,19;4055,73;333,333333333333;"Municipio";1398;"ARIRANHA";"RRAS12";35151;"CATANDUVA";"Quedas";214,592274678112
"350370";2016;9;1;30380,93;3375,65888888889;111,111111111111;"Municipio";1427;"ARIRANHA";"RRAS12";35151;"CATANDUVA";"Quedas";630,693763139453
"350370";2017;11;4;29248,24;2658,93090909091;363,636363636364;"Municipio";1467;"ARIRANHA";"RRAS12";35151;"CATANDUVA";"Quedas";749,829584185412
"350370";2018;7;0;9531,2;1361,6;0;"Municipio";1506;"ARIRANHA";"RRAS12";35151;"CATANDUVA";"Quedas";464,807436918991
"350370";2019;8;1;18616,94;2327,1175;125;"Municipio";1546;"ARIRANHA";"RRAS12";35151;"CATANDUVA";"Quedas";517,464424320828
"350370";2020;11;0;20168,21;1833,47363636364;0;"Municipio";1583;"ARIRANHA";"RRAS12";35151;"CATANDUVA";"Quedas";694,883133291219
"350370";2021;6;0;11626,66;1937,77666666667;0;"Municipio";1605;"ARIRANHA";"RRAS12";35151;"CATANDUVA";"Quedas";373,831775700935
"350370";2022;18;2;32834,57;1824,14277777778;111,111111111111;"Municipio";1634;"ARIRANHA";"RRAS12";35151;"CATANDUVA";"Quedas";1101,5911872705
"350370";2023;17;0;33535,29;1972,66411764706;0;"Municipio";1671;"ARIRANHA";"RRAS12";35151;"CATANDUVA";"Quedas";1017,35487731897
"350370";2024;7;1;16107,87;2301,12428571429;142,857142857143;"Municipio";1711;"ARIRANHA";"RRAS12";35151;"CATANDUVA";"Quedas";409,117475160725
"350370";2025;14;1;95085,91;6791,85071428571;71,4285714285714;"Municipio";;"ARIRANHA";"RRAS12";35151;"CATANDUVA";"Quedas";
"350380";2015;24;3;49568,91;2065,37125;125;"Municipio";5884;"ARTUR NOGUEIRA";"RRAS15";35072;"REG METRO CAMPINAS";"Quedas";407,885791978246
"350380";2016;13;0;27304,99;2100,38384615385;0;"Municipio";6153;"ARTUR NOGUEIRA";"RRAS15";35072;"REG METRO CAMPINAS";"Quedas";211,279050869495
"350380";2017;13;0;48419,58;3724,58307692308;0;"Municipio";6443;"ARTUR NOGUEIRA";"RRAS15";35072;"REG METRO CAMPINAS";"Quedas";201,769362098401
"350380";2018;17;2;36168,54;2127,56117647059;117,647058823529;"Municipio";6748;"ARTUR NOGUEIRA";"RRAS15";35072;"REG METRO CAMPINAS";"Quedas";251,926496739775
"350380";2019;13;1;23391,83;1799,37153846154;76,9230769230769;"Municipio";7064;"ARTUR NOGUEIRA";"RRAS15";35072;"REG METRO CAMPINAS";"Quedas";184,031710079275
"350380";2020;25;0;69954,24;2798,1696;0;"Municipio";7375;"ARTUR NOGUEIRA";"RRAS15";35072;"REG METRO CAMPINAS";"Quedas";338,983050847458
"350380";2021;19;0;52197,3;2747,22631578947;0;"Municipio";7656;"ARTUR NOGUEIRA";"RRAS15";35072;"REG METRO CAMPINAS";"Quedas";248,171368861024
"350380";2022;7;1;10193,51;1456,21571428571;142,857142857143;"Municipio";7952;"ARTUR NOGUEIRA";"RRAS15";35072;"REG METRO CAMPINAS";"Quedas";88,0281690140845
"350380";2023;12;3;42432,38;3536,03166666667;250;"Municipio";8281;"ARTUR NOGUEIRA";"RRAS15";35072;"REG METRO CAMPINAS";"Quedas";144,910035019925
"350380";2024;4;0;5273,1;1318,275;0;"Municipio";8639;"ARTUR NOGUEIRA";"RRAS15";35072;"REG METRO CAMPINAS";"Quedas";46,3016552841764
"350380";2025;13;0;49070,94;3774,68769230769;0;"Municipio";;"ARTUR NOGUEIRA";"RRAS15";35072;"REG METRO CAMPINAS";"Quedas";
"350390";2015;42;2;74987,07;1785,40642857143;47,6190476190476;"Municipio";9132;"ARUJA";"RRAS02";35011;"ALTO DO TIETE";"Quedas";459,921156373193
"350390";2016;60;3;76387,1;1273,11833333333;50;"Municipio";9682;"ARUJA";"RRAS02";35011;"ALTO DO TIETE";"Quedas";619,70667217517
"350390";2017;65;6;81150,42;1248,468;92,3076923076923;"Municipio";10253;"ARUJA";"RRAS02";35011;"ALTO DO TIETE";"Quedas";633,960791963328
"350390";2018;54;5;66570,18;1232,78111111111;92,5925925925926;"Municipio";10832;"ARUJA";"RRAS02";35011;"ALTO DO TIETE";"Quedas";498,522895125554
"350390";2019;49;7;93919,25;1916,7193877551;142,857142857143;"Municipio";11412;"ARUJA";"RRAS02";35011;"ALTO DO TIETE";"Quedas";429,372590255871
"350390";2020;45;3;75881,56;1686,25688888889;66,6666666666667;"Municipio";11990;"ARUJA";"RRAS02";35011;"ALTO DO TIETE";"Quedas";375,312760633862
"350390";2021;40;0;70836,06;1770,9015;0;"Municipio";12519;"ARUJA";"RRAS02";35011;"ALTO DO TIETE";"Quedas";319,514338205927
"350390";2022;61;2;131053,27;2148,41426229508;32,7868852459016;"Municipio";13064;"ARUJA";"RRAS02";35011;"ALTO DO TIETE";"Quedas";466,932026944274
"350390";2023;80;5;186355,36;2329,442;62,5;"Municipio";13666;"ARUJA";"RRAS02";35011;"ALTO DO TIETE";"Quedas";585,394409483389
"350390";2024;74;5;103279,81;1395,67310810811;67,5675675675676;"Municipio";14288;"ARUJA";"RRAS02";35011;"ALTO DO TIETE";"Quedas";517,917133258679
"350390";2025;88;2;162588,1;1847,59204545455;22,7272727272727;"Municipio";;"ARUJA";"RRAS02";35011;"ALTO DO TIETE";"Quedas";
"350395";2015;8;0;2578,97;322,37125;0;"Municipio";380;"ASPASIA";"RRAS12";35153;"JALES";"Quedas";2105,26315789474
"350395";2016;3;0;2583,01;861,003333333333;0;"Municipio";390;"ASPASIA";"RRAS12";35153;"JALES";"Quedas";769,230769230769
"350395";2017;2;1;6228,96;3114,48;500;"Municipio";400;"ASPASIA";"RRAS12";35153;"JALES";"Quedas";500
"350395";2018;3;0;1066,39;355,463333333333;0;"Municipio";409;"ASPASIA";"RRAS12";35153;"JALES";"Quedas";733,496332518337
"350395";2019;6;0;21341,61;3556,935;0;"Municipio";421;"ASPASIA";"RRAS12";35153;"JALES";"Quedas";1425,17814726841
"350395";2020;5;1;12844,32;2568,864;200;"Municipio";430;"ASPASIA";"RRAS12";35153;"JALES";"Quedas";1162,79069767442
"350395";2021;1;0;286,73;286,73;0;"Municipio";443;"ASPASIA";"RRAS12";35153;"JALES";"Quedas";225,733634311512
"350395";2022;9;0;11137,88;1237,54222222222;0;"Municipio";447;"ASPASIA";"RRAS12";35153;"JALES";"Quedas";2013,42281879195
"350395";2023;2;0;6601,13;3300,565;0;"Municipio";455;"ASPASIA";"RRAS12";35153;"JALES";"Quedas";439,56043956044
"350395";2024;5;0;6074,59;1214,918;0;"Municipio";477;"ASPASIA";"RRAS12";35153;"JALES";"Quedas";1048,2180293501
"350395";2025;7;1;26060,01;3722,85857142857;142,857142857143;"Municipio";;"ASPASIA";"RRAS12";35153;"JALES";"Quedas";
"350400";2015;110;5;168679,37;1533,44881818182;45,4545454545455;"Municipio";16712;"ASSIS";"RRAS10";35092;"ASSIS";"Quedas";658,20966969842
"350400";2016;141;5;268409,22;1903,6114893617;35,4609929078014;"Municipio";17199;"ASSIS";"RRAS10";35092;"ASSIS";"Quedas";819,815105529391
"350400";2017;145;8;278477,98;1920,53779310345;55,1724137931034;"Municipio";17707;"ASSIS";"RRAS10";35092;"ASSIS";"Quedas";818,885186649348
"350400";2018;124;4;234537,8;1891,43387096774;32,258064516129;"Municipio";18236;"ASSIS";"RRAS10";35092;"ASSIS";"Quedas";679,973678438254
"350400";2019;142;6;346644,95;2441,16161971831;42,2535211267606;"Municipio";18775;"ASSIS";"RRAS10";35092;"ASSIS";"Quedas";756,324900133156
"350400";2020;122;3;228355,83;1871,76909836066;24,5901639344262;"Municipio";19291;"ASSIS";"RRAS10";35092;"ASSIS";"Quedas";632,419262868695
"350400";2021;144;12;382159,46;2653,88513888889;83,3333333333333;"Municipio";19714;"ASSIS";"RRAS10";35092;"ASSIS";"Quedas";730,44536877346
"350400";2022;155;6;419727,27;2707,91787096774;38,7096774193548;"Municipio";20139;"ASSIS";"RRAS10";35092;"ASSIS";"Quedas";769,650926063856
"350400";2023;178;6;400289,5;2248,81741573034;33,7078651685393;"Municipio";20674;"ASSIS";"RRAS10";35092;"ASSIS";"Quedas";860,98481184096
"350400";2024;148;5;309395,22;2090,50824324324;33,7837837837838;"Municipio";21242;"ASSIS";"RRAS10";35092;"ASSIS";"Quedas";696,73288767536
"350400";2025;160;8;412368,15;2577,3009375;50;"Municipio";;"ASSIS";"RRAS10";35092;"ASSIS";"Quedas";
"350410";2015;85;6;80584,38;948,051529411765;70,5882352941177;"Municipio";21486;"ATIBAIA";"RRAS16";35071;"BRAGANCA";"Quedas";395,606441403705
"350410";2016;126;10;120855,41;959,169920634921;79,3650793650794;"Municipio";22517;"ATIBAIA";"RRAS16";35071;"BRAGANCA";"Quedas";559,577208331483
"350410";2017;101;6;116368,29;1152,16128712871;59,4059405940594;"Municipio";23603;"ATIBAIA";"RRAS16";35071;"BRAGANCA";"Quedas";427,91170613905
"350410";2018;95;8;79161,42;833,278105263158;84,2105263157895;"Municipio";24736;"ATIBAIA";"RRAS16";35071;"BRAGANCA";"Quedas";384,055627425614
"350410";2019;95;9;100861,8;1061,70315789474;94,7368421052632;"Municipio";25913;"ATIBAIA";"RRAS16";35071;"BRAGANCA";"Quedas";366,611353374754
"350410";2020;85;8;99653,31;1172,39188235294;94,1176470588235;"Municipio";27072;"ATIBAIA";"RRAS16";35071;"BRAGANCA";"Quedas";313,977541371158
"350410";2021;119;11;152761,55;1283,71050420168;92,436974789916;"Municipio";28128;"ATIBAIA";"RRAS16";35071;"BRAGANCA";"Quedas";423,06598407281
"350410";2022;124;15;157040,47;1266,45540322581;120,967741935484;"Municipio";29205;"ATIBAIA";"RRAS16";35071;"BRAGANCA";"Quedas";424,584831364492
"350410";2023;178;8;362090,22;2034,21471910112;44,9438202247191;"Municipio";30428;"ATIBAIA";"RRAS16";35071;"BRAGANCA";"Quedas";584,987511502563
"350410";2024;199;23;454226,98;2282,54763819095;115,577889447236;"Municipio";31738;"ATIBAIA";"RRAS16";35071;"BRAGANCA";"Quedas";627,008633184196
"350410";2025;179;14;476531,79;2662,18877094972;78,2122905027933;"Municipio";;"ATIBAIA";"RRAS16";35071;"BRAGANCA";"Quedas";
"350420";2015;12;2;23455,99;1954,66583333333;166,666666666667;"Municipio";2626;"AURIFLAMA";"RRAS19";35021;"CENTRAL DO DRS II";"Quedas";456,968773800457
"350420";2016;17;2;34245,15;2014,42058823529;117,647058823529;"Municipio";2687;"AURIFLAMA";"RRAS19";35021;"CENTRAL DO DRS II";"Quedas";632,675846669148
"350420";2017;21;1;32450,79;1545,27571428571;47,6190476190476;"Municipio";2752;"AURIFLAMA";"RRAS19";35021;"CENTRAL DO DRS II";"Quedas";763,081395348837
"350420";2018;12;1;31299,71;2608,30916666667;83,3333333333333;"Municipio";2824;"AURIFLAMA";"RRAS19";35021;"CENTRAL DO DRS II";"Quedas";424,929178470255
"350420";2019;15;2;19841,29;1322,75266666667;133,333333333333;"Municipio";2905;"AURIFLAMA";"RRAS19";35021;"CENTRAL DO DRS II";"Quedas";516,351118760757
"350420";2020;16;0;42862,62;2678,91375;0;"Municipio";2979;"AURIFLAMA";"RRAS19";35021;"CENTRAL DO DRS II";"Quedas";537,092984222894
"350420";2021;17;2;40657,37;2391,61;117,647058823529;"Municipio";3038;"AURIFLAMA";"RRAS19";35021;"CENTRAL DO DRS II";"Quedas";559,578670177749
"350420";2022;23;2;77359,42;3363,45304347826;86,9565217391304;"Municipio";3101;"AURIFLAMA";"RRAS19";35021;"CENTRAL DO DRS II";"Quedas";741,696227023541
"350420";2023;21;1;73087,7;3480,36666666667;47,6190476190476;"Municipio";3188;"AURIFLAMA";"RRAS19";35021;"CENTRAL DO DRS II";"Quedas";658,720200752823
"350420";2024;19;4;39648,24;2086,74947368421;210,526315789474;"Municipio";3267;"AURIFLAMA";"RRAS19";35021;"CENTRAL DO DRS II";"Quedas";581,573308846036
"350420";2025;19;4;105809,44;5568,91789473684;210,526315789474;"Municipio";;"AURIFLAMA";"RRAS19";35021;"CENTRAL DO DRS II";"Quedas";
"350430";2015;5;0;2963,53;592,706;0;"Municipio";742;"AVAI";"RRAS09";35062;"BAURU";"Quedas";673,854447439353
"350430";2016;12;0;19109,82;1592,485;0;"Municipio";758;"AVAI";"RRAS09";35062;"BAURU";"Quedas";1583,11345646438
"350430";2017;2;0;5724,89;2862,445;0;"Municipio";778;"AVAI";"RRAS09";35062;"BAURU";"Quedas";257,06940874036
"350430";2018;7;0;6670,15;952,878571428571;0;"Municipio";800;"AVAI";"RRAS09";35062;"BAURU";"Quedas";875
"350430";2019;3;0;2557,78;852,593333333333;0;"Municipio";822;"AVAI";"RRAS09";35062;"BAURU";"Quedas";364,963503649635
"350430";2020;3;1;7230;2410;333,333333333333;"Municipio";838;"AVAI";"RRAS09";35062;"BAURU";"Quedas";357,99522673031
"350430";2021;5;0;7894,58;1578,916;0;"Municipio";855;"AVAI";"RRAS09";35062;"BAURU";"Quedas";584,795321637427
"350430";2022;9;0;21174;2352,66666666667;0;"Municipio";870;"AVAI";"RRAS09";35062;"BAURU";"Quedas";1034,48275862069
"350430";2023;6;0;14425,76;2404,29333333333;0;"Municipio";890;"AVAI";"RRAS09";35062;"BAURU";"Quedas";674,157303370787
"350430";2024;10;0;12067,16;1206,716;0;"Municipio";909;"AVAI";"RRAS09";35062;"BAURU";"Quedas";1100,1100110011
"350430";2025;7;0;27648,37;3949,76714285714;0;"Municipio";;"AVAI";"RRAS09";35062;"BAURU";"Quedas";
"350440";2015;7;4;16611,9;2373,12857142857;571,428571428571;"Municipio";1389;"AVANHANDAVA";"RRAS19";35023;"CONSORCIOS DO DRS II";"Quedas";503,959683225342
"350440";2016;10;0;11102,35;1110,235;0;"Municipio";1436;"AVANHANDAVA";"RRAS19";35023;"CONSORCIOS DO DRS II";"Quedas";696,378830083565
"350440";2017;7;0;4845,48;692,211428571429;0;"Municipio";1486;"AVANHANDAVA";"RRAS19";35023;"CONSORCIOS DO DRS II";"Quedas";471,063257065949
"350440";2018;12;0;17061,12;1421,76;0;"Municipio";1535;"AVANHANDAVA";"RRAS19";35023;"CONSORCIOS DO DRS II";"Quedas";781,758957654723
"350440";2019;4;1;1619,99;404,9975;250;"Municipio";1584;"AVANHANDAVA";"RRAS19";35023;"CONSORCIOS DO DRS II";"Quedas";252,525252525253
"350440";2020;9;0;12604,13;1400,45888888889;0;"Municipio";1630;"AVANHANDAVA";"RRAS19";35023;"CONSORCIOS DO DRS II";"Quedas";552,147239263804
"350440";2021;18;3;42282,26;2349,01444444444;166,666666666667;"Municipio";1677;"AVANHANDAVA";"RRAS19";35023;"CONSORCIOS DO DRS II";"Quedas";1073,34525939177
"350440";2022;10;1;16509,66;1650,966;100;"Municipio";1714;"AVANHANDAVA";"RRAS19";35023;"CONSORCIOS DO DRS II";"Quedas";583,43057176196
"350440";2023;12;0;23765,29;1980,44083333333;0;"Municipio";1769;"AVANHANDAVA";"RRAS19";35023;"CONSORCIOS DO DRS II";"Quedas";678,349349915206
"350440";2024;25;1;47821,7;1912,868;40;"Municipio";1827;"AVANHANDAVA";"RRAS19";35023;"CONSORCIOS DO DRS II";"Quedas";1368,36343732895
"350440";2025;14;4;14022,81;1001,62928571429;285,714285714286;"Municipio";;"AVANHANDAVA";"RRAS19";35023;"CONSORCIOS DO DRS II";"Quedas";
"350450";2015;122;1;215163,93;1763,6387704918;8,19672131147541;"Municipio";13468;"AVARE";"RRAS09";35061;"VALE DO JURUMIRIM";"Quedas";905,850905850906
"350450";2016;125;9;182504,74;1460,03792;72;"Municipio";13943;"AVARE";"RRAS09";35061;"VALE DO JURUMIRIM";"Quedas";896,507207917952
"350450";2017;128;6;190261,18;1486,41546875;46,875;"Municipio";14426;"AVARE";"RRAS09";35061;"VALE DO JURUMIRIM";"Quedas";887,286843199778
"350450";2018;117;9;227635,09;1945,59905982906;76,9230769230769;"Municipio";14936;"AVARE";"RRAS09";35061;"VALE DO JURUMIRIM";"Quedas";783,342260310659
"350450";2019;148;14;264596,25;1787,8125;94,5945945945946;"Municipio";15448;"AVARE";"RRAS09";35061;"VALE DO JURUMIRIM";"Quedas";958,052822371828
"350450";2020;145;9;283018,32;1951,85048275862;62,0689655172414;"Municipio";15933;"AVARE";"RRAS09";35061;"VALE DO JURUMIRIM";"Quedas";910,060879934727
"350450";2021;144;8;257997,55;1791,64965277778;55,5555555555556;"Municipio";16343;"AVARE";"RRAS09";35061;"VALE DO JURUMIRIM";"Quedas";881,111179098085
"350450";2022;163;8;341432,07;2094,67527607362;49,079754601227;"Municipio";16757;"AVARE";"RRAS09";35061;"VALE DO JURUMIRIM";"Quedas";972,727815241392
"350450";2023;160;8;412376,93;2577,3558125;50;"Municipio";17248;"AVARE";"RRAS09";35061;"VALE DO JURUMIRIM";"Quedas";927,643784786642
"350450";2024;181;12;527264,55;2913,0638121547;66,2983425414365;"Municipio";17774;"AVARE";"RRAS09";35061;"VALE DO JURUMIRIM";"Quedas";1018,34139754698
"350450";2025;168;12;580092,5;3452,93154761905;71,4285714285714;"Municipio";;"AVARE";"RRAS09";35061;"VALE DO JURUMIRIM";"Quedas";
"350460";2015;28;0;28915,46;1032,695;0;"Municipio";2389;"BADY BASSITT";"RRAS12";35155;"SAO JOSE DO RIO PRETO";"Quedas";1172,03850983675
"350460";2016;33;4;81626,33;2473,52515151515;121,212121212121;"Municipio";2555;"BADY BASSITT";"RRAS12";35155;"SAO JOSE DO RIO PRETO";"Quedas";1291,58512720157
"350460";2017;16;1;22022,2;1376,3875;62,5;"Municipio";2731;"BADY BASSITT";"RRAS12";35155;"SAO JOSE DO RIO PRETO";"Quedas";585,865983156353
"350460";2018;34;5;92807,39;2729,62911764706;147,058823529412;"Municipio";2922;"BADY BASSITT";"RRAS12";35155;"SAO JOSE DO RIO PRETO";"Quedas";1163,58658453114
"350460";2019;41;7;88339,94;2154,63268292683;170,731707317073;"Municipio";3130;"BADY BASSITT";"RRAS12";35155;"SAO JOSE DO RIO PRETO";"Quedas";1309,90415335463
"350460";2020;38;3;73999,46;1947,35421052632;78,9473684210526;"Municipio";3333;"BADY BASSITT";"RRAS12";35155;"SAO JOSE DO RIO PRETO";"Quedas";1140,11401140114
"350460";2021;41;3;90398,32;2204,83707317073;73,1707317073171;"Municipio";3538;"BADY BASSITT";"RRAS12";35155;"SAO JOSE DO RIO PRETO";"Quedas";1158,84680610514
"350460";2022;46;6;130964,44;2847,05304347826;130,434782608696;"Municipio";3732;"BADY BASSITT";"RRAS12";35155;"SAO JOSE DO RIO PRETO";"Quedas";1232,58306538049
"350460";2023;39;1;94000,4;2410,26666666667;25,6410256410256;"Municipio";3936;"BADY BASSITT";"RRAS12";35155;"SAO JOSE DO RIO PRETO";"Quedas";990,853658536585
"350460";2024;55;3;142739,86;2595,27018181818;54,5454545454545;"Municipio";4132;"BADY BASSITT";"RRAS12";35155;"SAO JOSE DO RIO PRETO";"Quedas";1331,07454017425
"350460";2025;57;3;142576,93;2501,34964912281;52,6315789473684;"Municipio";;"BADY BASSITT";"RRAS12";35155;"SAO JOSE DO RIO PRETO";"Quedas";
"350470";2016;2;0;3633,64;1816,82;0;"Municipio";310;"BALBINOS";"RRAS09";35062;"BAURU";"Quedas";645,161290322581
"350470";2017;2;0;4245,57;2122,785;0;"Municipio";313;"BALBINOS";"RRAS09";35062;"BAURU";"Quedas";638,977635782748
"350470";2018;1;0;1981,29;1981,29;0;"Municipio";321;"BALBINOS";"RRAS09";35062;"BAURU";"Quedas";311,526479750779
"350470";2019;3;0;2735,2;911,733333333333;0;"Municipio";332;"BALBINOS";"RRAS09";35062;"BAURU";"Quedas";903,614457831325
"350470";2020;3;0;3044,13;1014,71;0;"Municipio";334;"BALBINOS";"RRAS09";35062;"BAURU";"Quedas";898,203592814371
"350470";2021;8;0;2217,69;277,21125;0;"Municipio";345;"BALBINOS";"RRAS09";35062;"BAURU";"Quedas";2318,84057971014
"350470";2022;12;0;13744,07;1145,33916666667;0;"Municipio";348;"BALBINOS";"RRAS09";35062;"BAURU";"Quedas";3448,27586206897
"350470";2023;8;0;6905,45;863,18125;0;"Municipio";351;"BALBINOS";"RRAS09";35062;"BAURU";"Quedas";2279,20227920228
"350470";2024;5;0;3376;675,2;0;"Municipio";371;"BALBINOS";"RRAS09";35062;"BAURU";"Quedas";1347,70889487871
"350470";2025;5;0;9063,42;1812,684;0;"Municipio";;"BALBINOS";"RRAS09";35062;"BAURU";"Quedas";
"350480";2015;28;2;34786,96;1242,39142857143;71,4285714285714;"Municipio";1628;"BALSAMO";"RRAS12";35155;"SAO JOSE DO RIO PRETO";"Quedas";1719,90171990172
"350480";2016;28;4;57320,17;2047,14892857143;142,857142857143;"Municipio";1676;"BALSAMO";"RRAS12";35155;"SAO JOSE DO RIO PRETO";"Quedas";1670,64439140811
"350480";2017;17;1;25217,62;1483,38941176471;58,8235294117647;"Municipio";1726;"BALSAMO";"RRAS12";35155;"SAO JOSE DO RIO PRETO";"Quedas";984,936268829664
"350480";2018;16;2;29087,62;1817,97625;125;"Municipio";1780;"BALSAMO";"RRAS12";35155;"SAO JOSE DO RIO PRETO";"Quedas";898,876404494382
"350480";2019;19;5;39135,54;2059,76526315789;263,157894736842;"Municipio";1840;"BALSAMO";"RRAS12";35155;"SAO JOSE DO RIO PRETO";"Quedas";1032,60869565217
"350480";2020;16;2;34464,02;2154,00125;125;"Municipio";1899;"BALSAMO";"RRAS12";35155;"SAO JOSE DO RIO PRETO";"Quedas";842,548709847288
"350480";2021;29;2;55220,94;1904,17034482759;68,9655172413793;"Municipio";1945;"BALSAMO";"RRAS12";35155;"SAO JOSE DO RIO PRETO";"Quedas";1491,00257069409
"350480";2022;25;2;41954,99;1678,1996;80;"Municipio";1997;"BALSAMO";"RRAS12";35155;"SAO JOSE DO RIO PRETO";"Quedas";1251,87781672509
"350480";2023;26;3;51999,18;1999,96846153846;115,384615384615;"Municipio";2056;"BALSAMO";"RRAS12";35155;"SAO JOSE DO RIO PRETO";"Quedas";1264,59143968872
"350480";2024;26;3;98496,99;3788,34576923077;115,384615384615;"Municipio";2130;"BALSAMO";"RRAS12";35155;"SAO JOSE DO RIO PRETO";"Quedas";1220,65727699531
"350480";2025;30;5;108195,63;3606,521;166,666666666667;"Municipio";;"BALSAMO";"RRAS12";35155;"SAO JOSE DO RIO PRETO";"Quedas";
"350490";2015;7;0;20275,84;2896,54857142857;0;"Municipio";1745;"BANANAL";"RRAS17";35172;"CIRCUITO DA FE VALE HISTORICO";"Quedas";401,146131805158
"350490";2016;4;0;6490,33;1622,5825;0;"Municipio";1784;"BANANAL";"RRAS17";35172;"CIRCUITO DA FE VALE HISTORICO";"Quedas";224,215246636771
"350490";2017;7;0;8687,33;1241,04714285714;0;"Municipio";1829;"BANANAL";"RRAS17";35172;"CIRCUITO DA FE VALE HISTORICO";"Quedas";382,722799343904
"350490";2018;4;2;5968,81;1492,2025;500;"Municipio";1879;"BANANAL";"RRAS17";35172;"CIRCUITO DA FE VALE HISTORICO";"Quedas";212,879191059074
"350490";2019;3;0;6301,12;2100,37333333333;0;"Municipio";1927;"BANANAL";"RRAS17";35172;"CIRCUITO DA FE VALE HISTORICO";"Quedas";155,682407887909
"350490";2020;6;0;13387,95;2231,325;0;"Municipio";1978;"BANANAL";"RRAS17";35172;"CIRCUITO DA FE VALE HISTORICO";"Quedas";303,336703741153
"350490";2021;7;1;9041,86;1291,69428571429;142,857142857143;"Municipio";2015;"BANANAL";"RRAS17";35172;"CIRCUITO DA FE VALE HISTORICO";"Quedas";347,394540942928
"350490";2022;12;0;18152,52;1512,71;0;"Municipio";2055;"BANANAL";"RRAS17";35172;"CIRCUITO DA FE VALE HISTORICO";"Quedas";583,941605839416
"350490";2023;5;1;20054,66;4010,932;200;"Municipio";2117;"BANANAL";"RRAS17";35172;"CIRCUITO DA FE VALE HISTORICO";"Quedas";236,183278223902
"350490";2024;17;0;34118,63;2006,97823529412;0;"Municipio";2174;"BANANAL";"RRAS17";35172;"CIRCUITO DA FE VALE HISTORICO";"Quedas";781,96872125115
"350490";2025;10;0;44922,65;4492,265;0;"Municipio";;"BANANAL";"RRAS17";35172;"CIRCUITO DA FE VALE HISTORICO";"Quedas";
"350500";2015;5;0;12198,86;2439,772;0;"Municipio";587;"BARAO DE ANTONINA";"RRAS09";35061;"VALE DO JURUMIRIM";"Quedas";851,788756388416
"350500";2016;6;2;2965,86;494,31;333,333333333333;"Municipio";611;"BARAO DE ANTONINA";"RRAS09";35061;"VALE DO JURUMIRIM";"Quedas";981,996726677578
"350500";2017;7;0;5558,82;794,117142857143;0;"Municipio";632;"BARAO DE ANTONINA";"RRAS09";35061;"VALE DO JURUMIRIM";"Quedas";1107,59493670886
"350500";2018;13;0;7248,74;557,595384615385;0;"Municipio";650;"BARAO DE ANTONINA";"RRAS09";35061;"VALE DO JURUMIRIM";"Quedas";2000
"350500";2019;9;1;5751,66;639,073333333333;111,111111111111;"Municipio";681;"BARAO DE ANTONINA";"RRAS09";35061;"VALE DO JURUMIRIM";"Quedas";1321,5859030837
"350500";2020;11;1;16938,59;1539,87181818182;90,9090909090909;"Municipio";702;"BARAO DE ANTONINA";"RRAS09";35061;"VALE DO JURUMIRIM";"Quedas";1566,95156695157
"350500";2021;10;0;12763,8;1276,38;0;"Municipio";720;"BARAO DE ANTONINA";"RRAS09";35061;"VALE DO JURUMIRIM";"Quedas";1388,88888888889
"350500";2022;10;0;8674,16;867,416;0;"Municipio";736;"BARAO DE ANTONINA";"RRAS09";35061;"VALE DO JURUMIRIM";"Quedas";1358,69565217391
"350500";2023;15;0;11839,32;789,288;0;"Municipio";751;"BARAO DE ANTONINA";"RRAS09";35061;"VALE DO JURUMIRIM";"Quedas";1997,33688415446
"350500";2024;13;0;18351,8;1411,67692307692;0;"Municipio";773;"BARAO DE ANTONINA";"RRAS09";35061;"VALE DO JURUMIRIM";"Quedas";1681,75937904269
"350500";2025;12;1;14877,13;1239,76083333333;83,3333333333333;"Municipio";;"BARAO DE ANTONINA";"RRAS09";35061;"VALE DO JURUMIRIM";"Quedas";
"350510";2015;2;0;4972,33;2486,165;0;"Municipio";1016;"BARBOSA";"RRAS19";35023;"CONSORCIOS DO DRS II";"Quedas";196,850393700787
"350510";2016;12;0;13490,6;1124,21666666667;0;"Municipio";1031;"BARBOSA";"RRAS19";35023;"CONSORCIOS DO DRS II";"Quedas";1163,9185257032
"350510";2017;4;0;3213,99;803,4975;0;"Municipio";1049;"BARBOSA";"RRAS19";35023;"CONSORCIOS DO DRS II";"Quedas";381,315538608198
"350510";2018;14;1;24405,68;1743,26285714286;71,4285714285714;"Municipio";1070;"BARBOSA";"RRAS19";35023;"CONSORCIOS DO DRS II";"Quedas";1308,41121495327
"350510";2019;9;1;8327,07;925,23;111,111111111111;"Municipio";1090;"BARBOSA";"RRAS19";35023;"CONSORCIOS DO DRS II";"Quedas";825,688073394495
"350510";2020;6;0;7027,83;1171,305;0;"Municipio";1110;"BARBOSA";"RRAS19";35023;"CONSORCIOS DO DRS II";"Quedas";540,540540540541
"350510";2021;10;0;14023,72;1402,372;0;"Municipio";1122;"BARBOSA";"RRAS19";35023;"CONSORCIOS DO DRS II";"Quedas";891,26559714795
"350510";2022;14;1;28808,79;2057,77071428571;71,4285714285714;"Municipio";1140;"BARBOSA";"RRAS19";35023;"CONSORCIOS DO DRS II";"Quedas";1228,0701754386
"350510";2023;11;2;25248,73;2295,33909090909;181,818181818182;"Municipio";1165;"BARBOSA";"RRAS19";35023;"CONSORCIOS DO DRS II";"Quedas";944,206008583691
"350510";2024;14;2;45225,25;3230,375;142,857142857143;"Municipio";1191;"BARBOSA";"RRAS19";35023;"CONSORCIOS DO DRS II";"Quedas";1175,48278757347
"350510";2025;11;1;60997,04;5545,18545454545;90,9090909090909;"Municipio";;"BARBOSA";"RRAS19";35023;"CONSORCIOS DO DRS II";"Quedas";
"350520";2015;56;3;124000,26;2214,29035714286;53,5714285714286;"Municipio";5713;"BARIRI";"RRAS09";35064;"JAU";"Quedas";980,220549623665
"350520";2016;71;2;108951,35;1534,52605633803;28,169014084507;"Municipio";5848;"BARIRI";"RRAS09";35064;"JAU";"Quedas";1214,0902872777
"350520";2017;66;3;96164,4;1457,03636363636;45,4545454545455;"Municipio";5988;"BARIRI";"RRAS09";35064;"JAU";"Quedas";1102,20440881764
"350520";2018;32;4;51467,89;1608,3715625;125;"Municipio";6143;"BARIRI";"RRAS09";35064;"JAU";"Quedas";520,918118183298
"350520";2019;61;3;92852,84;1522,17770491803;49,1803278688525;"Municipio";6304;"BARIRI";"RRAS09";35064;"JAU";"Quedas";967,639593908629
"350520";2020;72;4;90830,56;1261,53555555556;55,5555555555556;"Municipio";6459;"BARIRI";"RRAS09";35064;"JAU";"Quedas";1114,72364143056
"350520";2021;52;1;56922,45;1094,6625;19,2307692307692;"Municipio";6581;"BARIRI";"RRAS09";35064;"JAU";"Quedas";790,1534721167
"350520";2022;56;3;76486,74;1365,83464285714;53,5714285714286;"Municipio";6700;"BARIRI";"RRAS09";35064;"JAU";"Quedas";835,820895522388
"350520";2023;55;1;43114,87;783,906727272727;18,1818181818182;"Municipio";6854;"BARIRI";"RRAS09";35064;"JAU";"Quedas";802,451123431573
"350520";2024;75;6;151120,05;2014,934;80;"Municipio";7004;"BARIRI";"RRAS09";35064;"JAU";"Quedas";1070,81667618504
"350520";2025;88;5;116749,28;1326,69636363636;56,8181818181818;"Municipio";;"BARIRI";"RRAS09";35064;"JAU";"Quedas";
"350530";2015;44;3;64461,03;1465,02340909091;68,1818181818182;"Municipio";6233;"BARRA BONITA";"RRAS09";35064;"JAU";"Quedas";705,920102679288
"350530";2016;57;4;89979,1;1578,58070175439;70,1754385964912;"Municipio";6447;"BARRA BONITA";"RRAS09";35064;"JAU";"Quedas";884,132154490461
"350530";2017;64;2;66790,8;1043,60625;31,25;"Municipio";6660;"BARRA BONITA";"RRAS09";35064;"JAU";"Quedas";960,960960960961
"350530";2018;54;4;80596,04;1492,51925925926;74,0740740740741;"Municipio";6884;"BARRA BONITA";"RRAS09";35064;"JAU";"Quedas";784,427658338176
"350530";2019;47;4;82809,68;1761,90808510638;85,1063829787234;"Municipio";7116;"BARRA BONITA";"RRAS09";35064;"JAU";"Quedas";660,483417650365
"350530";2020;54;5;101573,08;1880,98296296296;92,5925925925926;"Municipio";7330;"BARRA BONITA";"RRAS09";35064;"JAU";"Quedas";736,698499317872
"350530";2021;44;1;60566,01;1376,50022727273;22,7272727272727;"Municipio";7521;"BARRA BONITA";"RRAS09";35064;"JAU";"Quedas";585,028586624119
"350530";2022;57;4;95257,01;1671,17561403509;70,1754385964912;"Municipio";7711;"BARRA BONITA";"RRAS09";35064;"JAU";"Quedas";739,203734924134
"350530";2023;65;4;112378,72;1728,90338461538;61,5384615384615;"Municipio";7939;"BARRA BONITA";"RRAS09";35064;"JAU";"Quedas";818,742914724776
"350530";2024;66;6;110991,74;1681,69303030303;90,9090909090909;"Municipio";8173;"BARRA BONITA";"RRAS09";35064;"JAU";"Quedas";807,537012113055
"350530";2025;90;6;141268,81;1569,65344444444;66,6666666666667;"Municipio";;"BARRA BONITA";"RRAS09";35064;"JAU";"Quedas";
"350535";2015;6;1;4652,78;775,463333333333;166,666666666667;"Municipio";715;"BARRA DO CHAPEU";"RRAS08";35162;"ITAPEVA";"Quedas";839,160839160839
"350535";2016;6;0;2072,71;345,451666666667;0;"Municipio";728;"BARRA DO CHAPEU";"RRAS08";35162;"ITAPEVA";"Quedas";824,175824175824
"350535";2017;1;0;1769,31;1769,31;0;"Municipio";744;"BARRA DO CHAPEU";"RRAS08";35162;"ITAPEVA";"Quedas";134,408602150538
"350535";2018;4;0;7565,95;1891,4875;0;"Municipio";759;"BARRA DO CHAPEU";"RRAS08";35162;"ITAPEVA";"Quedas";527,009222661397
"350535";2019;6;1;6597,72;1099,62;166,666666666667;"Municipio";784;"BARRA DO CHAPEU";"RRAS08";35162;"ITAPEVA";"Quedas";765,30612244898
"350535";2020;5;0;9416,67;1883,334;0;"Municipio";801;"BARRA DO CHAPEU";"RRAS08";35162;"ITAPEVA";"Quedas";624,219725343321
"350535";2021;7;0;4016,81;573,83;0;"Municipio";811;"BARRA DO CHAPEU";"RRAS08";35162;"ITAPEVA";"Quedas";863,131935881628
"350535";2022;8;0;10373,16;1296,645;0;"Municipio";827;"BARRA DO CHAPEU";"RRAS08";35162;"ITAPEVA";"Quedas";967,351874244256
"350535";2023;7;0;13065,02;1866,43142857143;0;"Municipio";849;"BARRA DO CHAPEU";"RRAS08";35162;"ITAPEVA";"Quedas";824,499411071849
"350535";2024;4;0;1799,09;449,7725;0;"Municipio";883;"BARRA DO CHAPEU";"RRAS08";35162;"ITAPEVA";"Quedas";453,001132502831
"350535";2025;9;1;38205,15;4245,01666666667;111,111111111111;"Municipio";;"BARRA DO CHAPEU";"RRAS08";35162;"ITAPEVA";"Quedas";
"350540";2015;2;0;2066,6;1033,3;0;"Municipio";1272;"BARRA DO TURVO";"RRAS07";35121;"VALE DO RIBEIRA";"Quedas";157,232704402516
"350540";2016;5;1;10808,08;2161,616;200;"Municipio";1298;"BARRA DO TURVO";"RRAS07";35121;"VALE DO RIBEIRA";"Quedas";385,208012326656
"350540";2017;8;0;10378,85;1297,35625;0;"Municipio";1324;"BARRA DO TURVO";"RRAS07";35121;"VALE DO RIBEIRA";"Quedas";604,229607250755
"350540";2018;14;1;23291,64;1663,68857142857;71,4285714285714;"Municipio";1344;"BARRA DO TURVO";"RRAS07";35121;"VALE DO RIBEIRA";"Quedas";1041,66666666667
"350540";2019;9;2;10587,61;1176,40111111111;222,222222222222;"Municipio";1365;"BARRA DO TURVO";"RRAS07";35121;"VALE DO RIBEIRA";"Quedas";659,340659340659
"350540";2020;6;1;6596,15;1099,35833333333;166,666666666667;"Municipio";1391;"BARRA DO TURVO";"RRAS07";35121;"VALE DO RIBEIRA";"Quedas";431,344356578001
"350540";2021;10;1;13335,78;1333,578;100;"Municipio";1403;"BARRA DO TURVO";"RRAS07";35121;"VALE DO RIBEIRA";"Quedas";712,758374910905
"350540";2022;8;0;12212,01;1526,50125;0;"Municipio";1416;"BARRA DO TURVO";"RRAS07";35121;"VALE DO RIBEIRA";"Quedas";564,971751412429
"350540";2023;6;1;10631,01;1771,835;166,666666666667;"Municipio";1438;"BARRA DO TURVO";"RRAS07";35121;"VALE DO RIBEIRA";"Quedas";417,246175243394
"350540";2024;5;0;8859,85;1771,97;0;"Municipio";1474;"BARRA DO TURVO";"RRAS07";35121;"VALE DO RIBEIRA";"Quedas";339,21302578019
"350540";2025;13;2;35052;2696,30769230769;153,846153846154;"Municipio";;"BARRA DO TURVO";"RRAS07";35121;"VALE DO RIBEIRA";"Quedas";
"350550";2015;147;15;227483,64;1547,50775510204;102,040816326531;"Municipio";18925;"BARRETOS";"RRAS13";35051;"NORTE BARRETOS";"Quedas";776,750330250991
"350550";2016;176;20;287609,79;1634,14653409091;113,636363636364;"Municipio";19460;"BARRETOS";"RRAS13";35051;"NORTE BARRETOS";"Quedas";904,419321685509
"350550";2017;130;7;229096,92;1762,284;53,8461538461538;"Municipio";20013;"BARRETOS";"RRAS13";35051;"NORTE BARRETOS";"Quedas";649,57777444661
"350550";2018;144;15;306917,27;2131,36993055556;104,166666666667;"Municipio";20598;"BARRETOS";"RRAS13";35051;"NORTE BARRETOS";"Quedas";699,09699970871
"350550";2019;161;17;443351,42;2753,73552795031;105,590062111801;"Municipio";21205;"BARRETOS";"RRAS13";35051;"NORTE BARRETOS";"Quedas";759,254892713982
"350550";2020;137;7;342711,43;2501,54328467153;51,0948905109489;"Municipio";21788;"BARRETOS";"RRAS13";35051;"NORTE BARRETOS";"Quedas";628,786487975032
"350550";2021;167;15;394414,29;2361,76221556886;89,8203592814371;"Municipio";22270;"BARRETOS";"RRAS13";35051;"NORTE BARRETOS";"Quedas";749,887741356084
"350550";2022;160;18;356007,33;2225,0458125;112,5;"Municipio";22767;"BARRETOS";"RRAS13";35051;"NORTE BARRETOS";"Quedas";702,771555321298
"350550";2023;151;16;391232,89;2590,94629139073;105,960264900662;"Municipio";23378;"BARRETOS";"RRAS13";35051;"NORTE BARRETOS";"Quedas";645,906407733767
"350550";2024;182;22;420383,83;2309,80126373626;120,879120879121;"Municipio";24026;"BARRETOS";"RRAS13";35051;"NORTE BARRETOS";"Quedas";757,512694580871
"350550";2025;168;31;474205,13;2822,64958333333;184,52380952381;"Municipio";;"BARRETOS";"RRAS13";35051;"NORTE BARRETOS";"Quedas";
"350560";2015;25;2;46810,26;1872,4104;80;"Municipio";2906;"BARRINHA";"RRAS13";35131;"HORIZONTE VERDE";"Quedas";860,289057123193
"350560";2016;16;3;16254,32;1015,895;187,5;"Municipio";3049;"BARRINHA";"RRAS13";35131;"HORIZONTE VERDE";"Quedas";524,762217120367
"350560";2017;24;0;41455,94;1727,33083333333;0;"Municipio";3207;"BARRINHA";"RRAS13";35131;"HORIZONTE VERDE";"Quedas";748,362956033676
"350560";2018;11;0;14396,02;1308,72909090909;0;"Municipio";3373;"BARRINHA";"RRAS13";35131;"HORIZONTE VERDE";"Quedas";326,119181737326
"350560";2019;20;1;40623,06;2031,153;50;"Municipio";3547;"BARRINHA";"RRAS13";35131;"HORIZONTE VERDE";"Quedas";563,856780377784
"350560";2020;17;0;26062,74;1533,10235294118;0;"Municipio";3727;"BARRINHA";"RRAS13";35131;"HORIZONTE VERDE";"Quedas";456,130936409981
"350560";2021;18;3;30236,3;1679,79444444444;166,666666666667;"Municipio";3891;"BARRINHA";"RRAS13";35131;"HORIZONTE VERDE";"Quedas";462,60601387818
"350560";2022;20;1;59295,38;2964,769;50;"Municipio";4065;"BARRINHA";"RRAS13";35131;"HORIZONTE VERDE";"Quedas";492,004920049201
"350560";2023;10;0;14548,77;1454,877;0;"Municipio";4255;"BARRINHA";"RRAS13";35131;"HORIZONTE VERDE";"Quedas";235,017626321974
"350560";2024;14;1;35225,28;2516,09142857143;71,4285714285714;"Municipio";4448;"BARRINHA";"RRAS13";35131;"HORIZONTE VERDE";"Quedas";314,748201438849
"350560";2025;20;1;46677,28;2333,864;50;"Municipio";;"BARRINHA";"RRAS13";35131;"HORIZONTE VERDE";"Quedas";
"350570";2015;146;5;260427,03;1783,74678082192;34,2465753424658;"Municipio";26030;"BARUERI";"RRAS05";35014;"ROTA DOS BANDEIRANTES";"Quedas";560,891279293123
"350570";2016;192;14;318123,79;1656,89473958333;72,9166666666667;"Municipio";27753;"BARUERI";"RRAS05";35014;"ROTA DOS BANDEIRANTES";"Quedas";691,817100853962
"350570";2017;198;6;358382,37;1810,01196969697;30,3030303030303;"Municipio";29560;"BARUERI";"RRAS05";35014;"ROTA DOS BANDEIRANTES";"Quedas";669,824086603518
"350570";2018;216;17;383180,68;1773,98462962963;78,7037037037037;"Municipio";31419;"BARUERI";"RRAS05";35014;"ROTA DOS BANDEIRANTES";"Quedas";687,482096820395
"350570";2019;178;20;334682,36;1880,23797752809;112,359550561798;"Municipio";33339;"BARUERI";"RRAS05";35014;"ROTA DOS BANDEIRANTES";"Quedas";533,909235429977
"350570";2020;164;19;270767,28;1651,02;115,853658536585;"Municipio";35252;"BARUERI";"RRAS05";35014;"ROTA DOS BANDEIRANTES";"Quedas";465,221831385453
"350570";2021;206;21;420623,02;2041,85932038835;101,941747572816;"Municipio";37056;"BARUERI";"RRAS05";35014;"ROTA DOS BANDEIRANTES";"Quedas";555,915371329879
"350570";2022;209;20;388995,53;1861,22263157895;95,6937799043062;"Municipio";38912;"BARUERI";"RRAS05";35014;"ROTA DOS BANDEIRANTES";"Quedas";537,109375
"350570";2023;195;21;373640,62;1916,10574358974;107,692307692308;"Municipio";40935;"BARUERI";"RRAS05";35014;"ROTA DOS BANDEIRANTES";"Quedas";476,36496885306
"350570";2024;205;25;389009,26;1897,60614634146;121,951219512195;"Municipio";43048;"BARUERI";"RRAS05";35014;"ROTA DOS BANDEIRANTES";"Quedas";476,212599888497
"350570";2025;214;13;555733,54;2596,88570093458;60,7476635514019;"Municipio";;"BARUERI";"RRAS05";35014;"ROTA DOS BANDEIRANTES";"Quedas";
"350580";2015;31;0;59874,94;1931,44967741935;0;"Municipio";3324;"BASTOS";"RRAS10";35095;"TUPA";"Quedas";932,611311672684
"350580";2016;30;0;51367,14;1712,238;0;"Municipio";3451;"BASTOS";"RRAS10";35095;"TUPA";"Quedas";869,313242538395
"350580";2017;29;1;47859,86;1650,34;34,4827586206897;"Municipio";3586;"BASTOS";"RRAS10";35095;"TUPA";"Quedas";808,700501952036
"350580";2018;51;3;72134,06;1414,39333333333;58,8235294117647;"Municipio";3728;"BASTOS";"RRAS10";35095;"TUPA";"Quedas";1368,02575107296
"350580";2019;35;1;43518,38;1243,38228571429;28,5714285714286;"Municipio";3870;"BASTOS";"RRAS10";35095;"TUPA";"Quedas";904,392764857881
"350580";2020;33;0;37273,67;1129,50515151515;0;"Municipio";4003;"BASTOS";"RRAS10";35095;"TUPA";"Quedas";824,381713714714
"350580";2021;34;0;27404,08;806,002352941176;0;"Municipio";4130;"BASTOS";"RRAS10";35095;"TUPA";"Quedas";823,244552058111
"350580";2022;39;1;64081,46;1643,11435897436;25,6410256410256;"Municipio";4250;"BASTOS";"RRAS10";35095;"TUPA";"Quedas";917,64705882353
"350580";2023;41;2;43108,86;1051,4356097561;48,780487804878;"Municipio";4394;"BASTOS";"RRAS10";35095;"TUPA";"Quedas";933,090578060992
"350580";2024;52;2;72556,58;1395,31884615385;38,4615384615385;"Municipio";4544;"BASTOS";"RRAS10";35095;"TUPA";"Quedas";1144,3661971831
"350580";2025;55;3;125348,81;2279,06927272727;54,5454545454545;"Municipio";;"BASTOS";"RRAS10";35095;"TUPA";"Quedas";
"350590";2015;69;4;89711,16;1300,16173913043;57,9710144927536;"Municipio";9914;"BATATAIS";"RRAS13";35133;"VALE DAS CACHOEIRAS";"Quedas";695,985475085737
"350590";2016;104;6;162851,83;1565,88298076923;57,6923076923077;"Municipio";10257;"BATATAIS";"RRAS13";35133;"VALE DAS CACHOEIRAS";"Quedas";1013,94169835234
"350590";2017;104;2;151660,23;1458,27144230769;19,2307692307692;"Municipio";10595;"BATATAIS";"RRAS13";35133;"VALE DAS CACHOEIRAS";"Quedas";981,59509202454
"350590";2018;119;2;176657,05;1484,51302521008;16,8067226890756;"Municipio";10945;"BATATAIS";"RRAS13";35133;"VALE DAS CACHOEIRAS";"Quedas";1087,25445408862
"350590";2019;112;5;169582,1;1514,12589285714;44,6428571428571;"Municipio";11290;"BATATAIS";"RRAS13";35133;"VALE DAS CACHOEIRAS";"Quedas";992,028343666962
"350590";2020;142;5;223192,53;1571,77838028169;35,2112676056338;"Municipio";11613;"BATATAIS";"RRAS13";35133;"VALE DAS CACHOEIRAS";"Quedas";1222,76758804788
"350590";2021;97;5;155888,05;1607,09329896907;51,5463917525773;"Municipio";11877;"BATATAIS";"RRAS13";35133;"VALE DAS CACHOEIRAS";"Quedas";816,704555022312
"350590";2022;142;8;240637,18;1694,62802816901;56,3380281690141;"Municipio";12127;"BATATAIS";"RRAS13";35133;"VALE DAS CACHOEIRAS";"Quedas";1170,94087573184
"350590";2023;149;8;288894,97;1938,89241610738;53,6912751677852;"Municipio";12423;"BATATAIS";"RRAS13";35133;"VALE DAS CACHOEIRAS";"Quedas";1199,38823150608
"350590";2024;154;3;289814,76;1881,91402597403;19,4805194805195;"Municipio";12732;"BATATAIS";"RRAS13";35133;"VALE DAS CACHOEIRAS";"Quedas";1209,5507382972
"350590";2025;129;2;265066,23;2054,77697674419;15,5038759689922;"Municipio";;"BATATAIS";"RRAS13";35133;"VALE DAS CACHOEIRAS";"Quedas";
"350600";2015;374;17;618883,69;1654,76922459893;45,4545454545455;"Municipio";56876;"BAURU";"RRAS09";35062;"BAURU";"Quedas";657,570855897039
"350600";2016;413;18;750690,79;1817,65324455206;43,5835351089588;"Municipio";58813;"BAURU";"RRAS09";35062;"BAURU";"Quedas";702,225698400014
"350600";2017;387;23;706043,58;1824,40201550388;59,4315245478036;"Municipio";60805;"BAURU";"RRAS09";35062;"BAURU";"Quedas";636,460817366993
"350600";2018;391;21;740391,98;1893,58562659847;53,7084398976982;"Municipio";62837;"BAURU";"RRAS09";35062;"BAURU";"Quedas";622,244855737861
"350600";2019;474;27;846729,54;1786,34924050633;56,9620253164557;"Municipio";64901;"BAURU";"RRAS09";35062;"BAURU";"Quedas";730,3431380102
"350600";2020;552;16;944389,04;1710,84971014493;28,9855072463768;"Municipio";66857;"BAURU";"RRAS09";35062;"BAURU";"Quedas";825,642789835021
"350600";2021;482;25;968358,4;2009,04232365145;51,8672199170124;"Municipio";68502;"BAURU";"RRAS09";35062;"BAURU";"Quedas";703,629091121427
"350600";2022;494;14;995408,51;2014,99698380567;28,3400809716599;"Municipio";70137;"BAURU";"RRAS09";35062;"BAURU";"Quedas";704,335799934414
"350600";2023;564;17;1137111,77;2016,15562056738;30,1418439716312;"Municipio";72080;"BAURU";"RRAS09";35062;"BAURU";"Quedas";782,463928967814
"350600";2024;566;36;1205936,35;2130,62959363958;63,6042402826855;"Municipio";74123;"BAURU";"RRAS09";35062;"BAURU";"Quedas";763,595645076427
"350600";2025;577;18;1455710,12;2522,89448873484;31,1958405545927;"Municipio";;"BAURU";"RRAS09";35062;"BAURU";"Quedas";
"350610";2015;71;6;78081,6;1099,74084507042;84,5070422535211;"Municipio";13021;"BEBEDOURO";"RRAS13";35052;"SUL BARRETOS";"Quedas";545,273020505338
"350610";2016;70;4;100835,69;1440,50985714286;57,1428571428571;"Municipio";13404;"BEBEDOURO";"RRAS13";35052;"SUL BARRETOS";"Quedas";522,232169501641
"350610";2017;99;7;108297,77;1093,91686868687;70,7070707070707;"Municipio";13790;"BEBEDOURO";"RRAS13";35052;"SUL BARRETOS";"Quedas";717,911530094271
"350610";2018;101;9;157046,18;1554,91267326733;89,1089108910891;"Municipio";14183;"BEBEDOURO";"RRAS13";35052;"SUL BARRETOS";"Quedas";712,120143834168
"350610";2019;150;7;209051,47;1393,67646666667;46,6666666666667;"Municipio";14572;"BEBEDOURO";"RRAS13";35052;"SUL BARRETOS";"Quedas";1029,37139720011
"350610";2020;127;5;183478,52;1444,71275590551;39,3700787401575;"Municipio";14930;"BEBEDOURO";"RRAS13";35052;"SUL BARRETOS";"Quedas";850,636302746149
"350610";2021;132;6;139576,49;1057,39765151515;45,4545454545455;"Municipio";15211;"BEBEDOURO";"RRAS13";35052;"SUL BARRETOS";"Quedas";867,793044507264
"350610";2022;126;3;229008,31;1817,52626984127;23,8095238095238;"Municipio";15498;"BEBEDOURO";"RRAS13";35052;"SUL BARRETOS";"Quedas";813,008130081301
"350610";2023;164;7;148569,97;905,914451219512;42,6829268292683;"Municipio";15858;"BEBEDOURO";"RRAS13";35052;"SUL BARRETOS";"Quedas";1034,17833270274
"350610";2024;170;5;249379,3;1466,93705882353;29,4117647058824;"Municipio";16244;"BEBEDOURO";"RRAS13";35052;"SUL BARRETOS";"Quedas";1046,54026101945
"350610";2025;144;6;265353,64;1842,73361111111;41,6666666666667;"Municipio";;"BEBEDOURO";"RRAS13";35052;"SUL BARRETOS";"Quedas";
"350620";2015;3;1;2756,82;918,94;333,333333333333;"Municipio";398;"BENTO DE ABREU";"RRAS19";35021;"CENTRAL DO DRS II";"Quedas";753,768844221105
"350620";2016;3;0;3161,34;1053,78;0;"Municipio";408;"BENTO DE ABREU";"RRAS19";35021;"CENTRAL DO DRS II";"Quedas";735,294117647059
"350620";2017;3;0;4010,45;1336,81666666667;0;"Municipio";421;"BENTO DE ABREU";"RRAS19";35021;"CENTRAL DO DRS II";"Quedas";712,589073634204
"350620";2019;6;0;7200,07;1200,01166666667;0;"Municipio";442;"BENTO DE ABREU";"RRAS19";35021;"CENTRAL DO DRS II";"Quedas";1357,46606334842
"350620";2020;2;0;5390,85;2695,425;0;"Municipio";452;"BENTO DE ABREU";"RRAS19";35021;"CENTRAL DO DRS II";"Quedas";442,477876106195
"350620";2021;5;0;16480,87;3296,174;0;"Municipio";460;"BENTO DE ABREU";"RRAS19";35021;"CENTRAL DO DRS II";"Quedas";1086,95652173913
"350620";2022;3;0;7956,04;2652,01333333333;0;"Municipio";470;"BENTO DE ABREU";"RRAS19";35021;"CENTRAL DO DRS II";"Quedas";638,297872340425
"350620";2023;5;0;11836,14;2367,228;0;"Municipio";471;"BENTO DE ABREU";"RRAS19";35021;"CENTRAL DO DRS II";"Quedas";1061,57112526539
"350620";2024;2;0;390,3;195,15;0;"Municipio";498;"BENTO DE ABREU";"RRAS19";35021;"CENTRAL DO DRS II";"Quedas";401,606425702811
"350620";2025;3;0;3157,95;1052,65;0;"Municipio";;"BENTO DE ABREU";"RRAS19";35021;"CENTRAL DO DRS II";"Quedas";
"350630";2015;14;2;19939,08;1424,22;142,857142857143;"Municipio";2125;"BERNARDINO DE CAMPOS";"RRAS10";35094;"OURINHOS";"Quedas";658,823529411765
"350630";2016;21;1;14228,1;677,528571428571;47,6190476190476;"Municipio";2163;"BERNARDINO DE CAMPOS";"RRAS10";35094;"OURINHOS";"Quedas";970,873786407767
"350630";2017;21;2;36809,26;1752,8219047619;95,2380952380952;"Municipio";2192;"BERNARDINO DE CAMPOS";"RRAS10";35094;"OURINHOS";"Quedas";958,029197080292
"350630";2018;19;0;26898,86;1415,72947368421;0;"Municipio";2235;"BERNARDINO DE CAMPOS";"RRAS10";35094;"OURINHOS";"Quedas";850,111856823266
"350630";2019;26;2;60649,57;2332,67576923077;76,9230769230769;"Municipio";2272;"BERNARDINO DE CAMPOS";"RRAS10";35094;"OURINHOS";"Quedas";1144,3661971831
"350630";2020;22;2;34874,12;1585,18727272727;90,9090909090909;"Municipio";2312;"BERNARDINO DE CAMPOS";"RRAS10";35094;"OURINHOS";"Quedas";951,557093425606
"350630";2021;22;0;43746,92;1988,49636363636;0;"Municipio";2335;"BERNARDINO DE CAMPOS";"RRAS10";35094;"OURINHOS";"Quedas";942,184154175589
"350630";2022;17;4;44648,44;2626,37882352941;235,294117647059;"Municipio";2367;"BERNARDINO DE CAMPOS";"RRAS10";35094;"OURINHOS";"Quedas";718,208702999578
"350630";2023;21;5;63789,68;3037,60380952381;238,095238095238;"Municipio";2409;"BERNARDINO DE CAMPOS";"RRAS10";35094;"OURINHOS";"Quedas";871,73100871731
"350630";2024;24;4;78531,43;3272,14291666667;166,666666666667;"Municipio";2466;"BERNARDINO DE CAMPOS";"RRAS10";35094;"OURINHOS";"Quedas";973,23600973236
"350630";2025;31;3;75042,58;2420,72838709677;96,7741935483871;"Municipio";;"BERNARDINO DE CAMPOS";"RRAS10";35094;"OURINHOS";"Quedas";
"350635";2015;34;2;13793,87;405,702058823529;58,8235294117647;"Municipio";5457;"BERTIOGA";"RRAS07";35041;"BAIXADA SANTISTA";"Quedas";623,052959501558
"350635";2016;31;0;9190,9;296,48064516129;0;"Municipio";5853;"BERTIOGA";"RRAS07";35041;"BAIXADA SANTISTA";"Quedas";529,642918161627
"350635";2017;54;3;44819,33;829,987592592593;55,5555555555556;"Municipio";6268;"BERTIOGA";"RRAS07";35041;"BAIXADA SANTISTA";"Quedas";861,518825781749
"350635";2018;39;1;34628,21;887,902820512821;25,6410256410256;"Municipio";6707;"BERTIOGA";"RRAS07";35041;"BAIXADA SANTISTA";"Quedas";581,482033696138
"350635";2019;42;1;26016,33;619,436428571429;23,8095238095238;"Municipio";7165;"BERTIOGA";"RRAS07";35041;"BAIXADA SANTISTA";"Quedas";586,182833217027
"350635";2020;43;4;38080,62;885,595813953488;93,0232558139535;"Municipio";7642;"BERTIOGA";"RRAS07";35041;"BAIXADA SANTISTA";"Quedas";562,679926720754
"350635";2021;41;3;29852,31;728,10512195122;73,1707317073171;"Municipio";8099;"BERTIOGA";"RRAS07";35041;"BAIXADA SANTISTA";"Quedas";506,235337696012
"350635";2022;56;1;30196,17;539,217321428571;17,8571428571429;"Municipio";8566;"BERTIOGA";"RRAS07";35041;"BAIXADA SANTISTA";"Quedas";653,747373336446
"350635";2023;62;6;41449,01;668,532419354839;96,7741935483871;"Municipio";9077;"BERTIOGA";"RRAS07";35041;"BAIXADA SANTISTA";"Quedas";683,045058940178
"350635";2024;55;3;45694,17;830,803090909091;54,5454545454545;"Municipio";9625;"BERTIOGA";"RRAS07";35041;"BAIXADA SANTISTA";"Quedas";571,428571428571
"350635";2025;95;1;89153,05;938,453157894737;10,5263157894737;"Municipio";;"BERTIOGA";"RRAS07";35041;"BAIXADA SANTISTA";"Quedas";
"350640";2015;11;1;15062,04;1369,27636363636;90,9090909090909;"Municipio";1416;"BILAC";"RRAS19";35021;"CENTRAL DO DRS II";"Quedas";776,83615819209
"350640";2016;11;0;13413,82;1219,43818181818;0;"Municipio";1456;"BILAC";"RRAS19";35021;"CENTRAL DO DRS II";"Quedas";755,494505494505
"350640";2017;9;0;11088,41;1232,04555555556;0;"Municipio";1497;"BILAC";"RRAS19";35021;"CENTRAL DO DRS II";"Quedas";601,202404809619
"350640";2018;7;0;11166,99;1595,28428571429;0;"Municipio";1542;"BILAC";"RRAS19";35021;"CENTRAL DO DRS II";"Quedas";453,955901426719
"350640";2019;15;1;33420,66;2228,044;66,6666666666667;"Municipio";1591;"BILAC";"RRAS19";35021;"CENTRAL DO DRS II";"Quedas";942,803268384664
"350640";2020;17;2;27086,36;1593,31529411765;117,647058823529;"Municipio";1632;"BILAC";"RRAS19";35021;"CENTRAL DO DRS II";"Quedas";1041,66666666667
"350640";2021;24;1;44452,47;1852,18625;41,6666666666667;"Municipio";1666;"BILAC";"RRAS19";35021;"CENTRAL DO DRS II";"Quedas";1440,5762304922
"350640";2022;19;0;33806,72;1779,30105263158;0;"Municipio";1691;"BILAC";"RRAS19";35021;"CENTRAL DO DRS II";"Quedas";1123,59550561798
"350640";2023;17;0;22504,15;1323,77352941176;0;"Municipio";1728;"BILAC";"RRAS19";35021;"CENTRAL DO DRS II";"Quedas";983,796296296296
"350640";2024;19;0;43275,51;2277,65842105263;0;"Municipio";1767;"BILAC";"RRAS19";35021;"CENTRAL DO DRS II";"Quedas";1075,2688172043
"350640";2025;18;0;44654,47;2480,80388888889;0;"Municipio";;"BILAC";"RRAS19";35021;"CENTRAL DO DRS II";"Quedas";
"350650";2015;131;10;161941,32;1236,19328244275;76,3358778625954;"Municipio";17744;"BIRIGUI";"RRAS19";35023;"CONSORCIOS DO DRS II";"Quedas";738,277727682597
"350650";2016;156;10;195008,81;1250,05647435897;64,1025641025641;"Municipio";18417;"BIRIGUI";"RRAS19";35023;"CONSORCIOS DO DRS II";"Quedas";847,043492425477
"350650";2017;140;18;173036,51;1235,97507142857;128,571428571429;"Municipio";19103;"BIRIGUI";"RRAS19";35023;"CONSORCIOS DO DRS II";"Quedas";732,869182850861
"350650";2018;88;9;102051,09;1159,67147727273;102,272727272727;"Municipio";19804;"BIRIGUI";"RRAS19";35023;"CONSORCIOS DO DRS II";"Quedas";444,354675823066
"350650";2019;151;7;211488,02;1400,58291390728;46,3576158940397;"Municipio";20532;"BIRIGUI";"RRAS19";35023;"CONSORCIOS DO DRS II";"Quedas";735,437366062731
"350650";2020;197;13;299091,87;1518,23284263959;65,989847715736;"Municipio";21227;"BIRIGUI";"RRAS19";35023;"CONSORCIOS DO DRS II";"Quedas";928,063315588637
"350650";2021;167;4;292555,23;1751,8277245509;23,9520958083832;"Municipio";21834;"BIRIGUI";"RRAS19";35023;"CONSORCIOS DO DRS II";"Quedas";764,862141613997
"350650";2022;202;12;420245,52;2080,42336633663;59,4059405940594;"Municipio";22454;"BIRIGUI";"RRAS19";35023;"CONSORCIOS DO DRS II";"Quedas";899,616994744812
"350650";2023;187;10;462336,4;2472,3871657754;53,475935828877;"Municipio";23207;"BIRIGUI";"RRAS19";35023;"CONSORCIOS DO DRS II";"Quedas";805,791356056362
"350650";2024;190;7;362360,02;1907,158;36,8421052631579;"Municipio";24024;"BIRIGUI";"RRAS19";35023;"CONSORCIOS DO DRS II";"Quedas";790,875790875791
"350650";2025;182;6;614297,55;3375,26126373626;32,967032967033;"Municipio";;"BIRIGUI";"RRAS19";35023;"CONSORCIOS DO DRS II";"Quedas";
"350660";2015;23;1;43452,38;1889,23391304348;43,4782608695652;"Municipio";4174;"BIRITIBA MIRIM";"RRAS02";35011;"ALTO DO TIETE";"Quedas";551,030186871107
"350660";2016;26;2;23884,87;918,648846153846;76,9230769230769;"Municipio";4328;"BIRITIBA MIRIM";"RRAS02";35011;"ALTO DO TIETE";"Quedas";600,739371534196
"350660";2017;31;4;38204,35;1232,39838709677;129,032258064516;"Municipio";4478;"BIRITIBA MIRIM";"RRAS02";35011;"ALTO DO TIETE";"Quedas";692,273336310853
"350660";2018;32;0;41335,03;1291,7196875;0;"Municipio";4645;"BIRITIBA MIRIM";"RRAS02";35011;"ALTO DO TIETE";"Quedas";688,912809472551
"350660";2019;40;4;60247,37;1506,18425;100;"Municipio";4810;"BIRITIBA MIRIM";"RRAS02";35011;"ALTO DO TIETE";"Quedas";831,600831600832
"350660";2020;29;4;33116,92;1141,96275862069;137,931034482759;"Municipio";4974;"BIRITIBA MIRIM";"RRAS02";35011;"ALTO DO TIETE";"Quedas";583,03176517893
"350660";2021;30;2;46963,24;1565,44133333333;66,6666666666667;"Municipio";5116;"BIRITIBA MIRIM";"RRAS02";35011;"ALTO DO TIETE";"Quedas";586,395621579359
"350660";2022;44;3;88666,79;2015,15431818182;68,1818181818182;"Municipio";5264;"BIRITIBA MIRIM";"RRAS02";35011;"ALTO DO TIETE";"Quedas";835,866261398176
"350660";2023;47;3;67687,61;1440,16191489362;63,8297872340425;"Municipio";5441;"BIRITIBA MIRIM";"RRAS02";35011;"ALTO DO TIETE";"Quedas";863,811799301599
"350660";2024;44;2;56619,28;1286,80181818182;45,4545454545455;"Municipio";5628;"BIRITIBA MIRIM";"RRAS02";35011;"ALTO DO TIETE";"Quedas";781,8052594172
"350660";2025;64;7;132009,04;2062,64125;109,375;"Municipio";;"BIRITIBA MIRIM";"RRAS02";35011;"ALTO DO TIETE";"Quedas";
"350670";2015;12;1;16700,19;1391,6825;83,3333333333333;"Municipio";1823;"BOA ESPERANCA DO SUL";"RRAS18";35031;"CENTRAL DO DRS III";"Quedas";658,25562260011
"350670";2016;13;2;19734,66;1518,05076923077;153,846153846154;"Municipio";1883;"BOA ESPERANCA DO SUL";"RRAS18";35031;"CENTRAL DO DRS III";"Quedas";690,387679235263
"350670";2017;10;1;17757,01;1775,701;100;"Municipio";1945;"BOA ESPERANCA DO SUL";"RRAS18";35031;"CENTRAL DO DRS III";"Quedas";514,13881748072
"350670";2018;8;0;13912,71;1739,08875;0;"Municipio";1999;"BOA ESPERANCA DO SUL";"RRAS18";35031;"CENTRAL DO DRS III";"Quedas";400,200100050025
"350670";2019;15;0;28261,13;1884,07533333333;0;"Municipio";2057;"BOA ESPERANCA DO SUL";"RRAS18";35031;"CENTRAL DO DRS III";"Quedas";729,217306757414
"350670";2020;13;2;39105,6;3008,12307692308;153,846153846154;"Municipio";2111;"BOA ESPERANCA DO SUL";"RRAS18";35031;"CENTRAL DO DRS III";"Quedas";615,821885362387
"350670";2021;11;1;45538,7;4139,88181818182;90,9090909090909;"Municipio";2155;"BOA ESPERANCA DO SUL";"RRAS18";35031;"CENTRAL DO DRS III";"Quedas";510,440835266821
"350670";2022;16;2;60861,4;3803,8375;125;"Municipio";2206;"BOA ESPERANCA DO SUL";"RRAS18";35031;"CENTRAL DO DRS III";"Quedas";725,294650951949
"350670";2023;17;0;38696,85;2276,28529411765;0;"Municipio";2270;"BOA ESPERANCA DO SUL";"RRAS18";35031;"CENTRAL DO DRS III";"Quedas";748,898678414097
"350670";2024;21;2;33476,68;1594,12761904762;95,2380952380952;"Municipio";2338;"BOA ESPERANCA DO SUL";"RRAS18";35031;"CENTRAL DO DRS III";"Quedas";898,203592814371
"350670";2025;20;1;60402,21;3020,1105;50;"Municipio";;"BOA ESPERANCA DO SUL";"RRAS18";35031;"CENTRAL DO DRS III";"Quedas";
"350680";2015;10;0;15415,58;1541,558;0;"Municipio";1697;"BOCAINA";"RRAS09";35064;"JAU";"Quedas";589,275191514437
"350680";2016;18;2;29670,04;1648,33555555556;111,111111111111;"Municipio";1747;"BOCAINA";"RRAS09";35064;"JAU";"Quedas";1030,33772180882
"350680";2017;30;1;45192,05;1506,40166666667;33,3333333333333;"Municipio";1807;"BOCAINA";"RRAS09";35064;"JAU";"Quedas";1660,21029330382
"350680";2018;15;0;21673,24;1444,88266666667;0;"Municipio";1867;"BOCAINA";"RRAS09";35064;"JAU";"Quedas";803,427959292983
"350680";2019;17;2;31278,46;1839,90941176471;117,647058823529;"Municipio";1923;"BOCAINA";"RRAS09";35064;"JAU";"Quedas";884,035361414457
"350680";2020;18;3;27128,79;1507,155;166,666666666667;"Municipio";1983;"BOCAINA";"RRAS09";35064;"JAU";"Quedas";907,715582450832
"350680";2021;22;5;79109,86;3595,90272727273;227,272727272727;"Municipio";2023;"BOCAINA";"RRAS09";35064;"JAU";"Quedas";1087,49382105783
"350680";2022;16;1;28027,66;1751,72875;62,5;"Municipio";2076;"BOCAINA";"RRAS09";35064;"JAU";"Quedas";770,712909441233
"350680";2023;19;1;31939,81;1681,04263157895;52,6315789473684;"Municipio";2137;"BOCAINA";"RRAS09";35064;"JAU";"Quedas";889,096864763687
"350680";2024;23;4;37196,86;1617,2547826087;173,913043478261;"Municipio";2194;"BOCAINA";"RRAS09";35064;"JAU";"Quedas";1048,31358249772
"350680";2025;19;1;56808,35;2989,91315789474;52,6315789473684;"Municipio";;"BOCAINA";"RRAS09";35064;"JAU";"Quedas";
"350690";2015;7;2;48747,14;6963,87714285714;285,714285714286;"Municipio";1838;"BOFETE";"RRAS09";35063;"POLO CUESTA";"Quedas";380,848748639826
"350690";2016;10;0;24093,23;2409,323;0;"Municipio";1914;"BOFETE";"RRAS09";35063;"POLO CUESTA";"Quedas";522,466039707419
"350690";2017;12;0;27571,52;2297,62666666667;0;"Municipio";1992;"BOFETE";"RRAS09";35063;"POLO CUESTA";"Quedas";602,409638554217
"350690";2018;12;3;35413,54;2951,12833333333;250;"Municipio";2073;"BOFETE";"RRAS09";35063;"POLO CUESTA";"Quedas";578,871201157742
"350690";2019;17;0;27713,77;1630,22176470588;0;"Municipio";2152;"BOFETE";"RRAS09";35063;"POLO CUESTA";"Quedas";789,96282527881
"350690";2020;15;0;39210,66;2614,044;0;"Municipio";2231;"BOFETE";"RRAS09";35063;"POLO CUESTA";"Quedas";672,344240251009
"350690";2021;14;0;30626,71;2187,62214285714;0;"Municipio";2299;"BOFETE";"RRAS09";35063;"POLO CUESTA";"Quedas";608,960417572858
"350690";2022;27;1;61417,88;2274,7362962963;37,037037037037;"Municipio";2369;"BOFETE";"RRAS09";35063;"POLO CUESTA";"Quedas";1139,7214014352
"350690";2023;20;2;40283,07;2014,1535;100;"Municipio";2438;"BOFETE";"RRAS09";35063;"POLO CUESTA";"Quedas";820,344544708778
"350690";2024;25;3;40284,05;1611,362;120;"Municipio";2509;"BOFETE";"RRAS09";35063;"POLO CUESTA";"Quedas";996,412913511359
"350690";2025;14;1;24206,04;1729,00285714286;71,4285714285714;"Municipio";;"BOFETE";"RRAS09";35063;"POLO CUESTA";"Quedas";
"350700";2015;37;4;42361,04;1144,89297297297;108,108108108108;"Municipio";6888;"BOITUVA";"RRAS08";35163;"SOROCABA";"Quedas";537,166085946574
"350700";2016;37;4;61129,99;1652,16189189189;108,108108108108;"Municipio";7301;"BOITUVA";"RRAS08";35163;"SOROCABA";"Quedas";506,77989316532
"350700";2017;19;3;27670,66;1456,35052631579;157,894736842105;"Municipio";7730;"BOITUVA";"RRAS08";35163;"SOROCABA";"Quedas";245,795601552393
"350700";2018;57;5;59525,68;1044,3101754386;87,719298245614;"Municipio";8180;"BOITUVA";"RRAS08";35163;"SOROCABA";"Quedas";696,821515892421
"350700";2019;55;3;67121,89;1220,398;54,5454545454545;"Municipio";8640;"BOITUVA";"RRAS08";35163;"SOROCABA";"Quedas";636,574074074074
"350700";2020;46;5;61534,01;1337,69586956522;108,695652173913;"Municipio";9104;"BOITUVA";"RRAS08";35163;"SOROCABA";"Quedas";505,272407732865
"350700";2021;75;1;70181,47;935,752933333333;13,3333333333333;"Municipio";9530;"BOITUVA";"RRAS08";35163;"SOROCABA";"Quedas";786,988457502623
"350700";2022;86;2;99456,16;1156,46697674419;23,2558139534884;"Municipio";9965;"BOITUVA";"RRAS08";35163;"SOROCABA";"Quedas";863,020572002007
"350700";2023;86;6;113686,83;1321,93988372093;69,7674418604651;"Municipio";10440;"BOITUVA";"RRAS08";35163;"SOROCABA";"Quedas";823,754789272031
"350700";2024;79;7;120770,01;1528,73430379747;88,6075949367089;"Municipio";10945;"BOITUVA";"RRAS08";35163;"SOROCABA";"Quedas";721,790772042028
"350700";2025;92;5;127765,42;1388,75456521739;54,3478260869565;"Municipio";;"BOITUVA";"RRAS08";35163;"SOROCABA";"Quedas";
"350710";2015;10;1;17651,89;1765,189;100;"Municipio";2597;"BOM JESUS DOS PERDOES";"RRAS16";35071;"BRAGANCA";"Quedas";385,059684251059
"350710";2016;16;5;35747,1;2234,19375;312,5;"Municipio";2712;"BOM JESUS DOS PERDOES";"RRAS16";35071;"BRAGANCA";"Quedas";589,970501474926
"350710";2017;19;0;26258,3;1382,01578947368;0;"Municipio";2830;"BOM JESUS DOS PERDOES";"RRAS16";35071;"BRAGANCA";"Quedas";671,378091872792
"350710";2018;14;1;21084,64;1506,04571428571;71,4285714285714;"Municipio";2957;"BOM JESUS DOS PERDOES";"RRAS16";35071;"BRAGANCA";"Quedas";473,452823807913
"350710";2019;12;0;30836,15;2569,67916666667;0;"Municipio";3089;"BOM JESUS DOS PERDOES";"RRAS16";35071;"BRAGANCA";"Quedas";388,475234703788
"350710";2020;18;0;38442,74;2135,70777777778;0;"Municipio";3220;"BOM JESUS DOS PERDOES";"RRAS16";35071;"BRAGANCA";"Quedas";559,006211180124
"350710";2021;19;0;32576,75;1714,56578947368;0;"Municipio";3342;"BOM JESUS DOS PERDOES";"RRAS16";35071;"BRAGANCA";"Quedas";568,52184320766
"350710";2022;27;5;81035,02;3001,29703703704;185,185185185185;"Municipio";3461;"BOM JESUS DOS PERDOES";"RRAS16";35071;"BRAGANCA";"Quedas";780,121352210344
"350710";2023;28;5;106190,16;3792,50571428571;178,571428571429;"Municipio";3594;"BOM JESUS DOS PERDOES";"RRAS16";35071;"BRAGANCA";"Quedas";779,076238174736
"350710";2024;28;1;75195,7;2685,56071428571;35,7142857142857;"Municipio";3729;"BOM JESUS DOS PERDOES";"RRAS16";35071;"BRAGANCA";"Quedas";750,871547331724
"350710";2025;23;2;69000,75;3000,03260869565;86,9565217391304;"Municipio";;"BOM JESUS DOS PERDOES";"RRAS16";35071;"BRAGANCA";"Quedas";
"350715";2015;1;0;1769,31;1769,31;0;"Municipio";356;"BOM SUCESSO DE ITARARE";"RRAS08";35162;"ITAPEVA";"Quedas";280,898876404494
"350715";2016;2;0;2584,88;1292,44;0;"Municipio";365;"BOM SUCESSO DE ITARARE";"RRAS08";35162;"ITAPEVA";"Quedas";547,945205479452
"350715";2017;2;0;3881,73;1940,865;0;"Municipio";380;"BOM SUCESSO DE ITARARE";"RRAS08";35162;"ITAPEVA";"Quedas";526,315789473684
"350715";2018;3;0;1030,3;343,433333333333;0;"Municipio";395;"BOM SUCESSO DE ITARARE";"RRAS08";35162;"ITAPEVA";"Quedas";759,493670886076
"350715";2019;2;1;5426,25;2713,125;500;"Municipio";404;"BOM SUCESSO DE ITARARE";"RRAS08";35162;"ITAPEVA";"Quedas";495,049504950495
"350715";2020;1;0;1745,31;1745,31;0;"Municipio";418;"BOM SUCESSO DE ITARARE";"RRAS08";35162;"ITAPEVA";"Quedas";239,234449760766
"350715";2021;2;0;2524,5;1262,25;0;"Municipio";434;"BOM SUCESSO DE ITARARE";"RRAS08";35162;"ITAPEVA";"Quedas";460,829493087558
"350715";2022;4;0;7407,92;1851,98;0;"Municipio";449;"BOM SUCESSO DE ITARARE";"RRAS08";35162;"ITAPEVA";"Quedas";890,86859688196
"350715";2023;2;0;3877,18;1938,59;0;"Municipio";461;"BOM SUCESSO DE ITARARE";"RRAS08";35162;"ITAPEVA";"Quedas";433,839479392625
"350715";2024;4;0;5239,08;1309,77;0;"Municipio";488;"BOM SUCESSO DE ITARARE";"RRAS08";35162;"ITAPEVA";"Quedas";819,672131147541
"350715";2025;5;0;15066,34;3013,268;0;"Municipio";;"BOM SUCESSO DE ITARARE";"RRAS08";35162;"ITAPEVA";"Quedas";
"350720";2015;2;0;282,9;141,45;0;"Municipio";122;"BORA";"RRAS10";35092;"ASSIS";"Quedas";1639,34426229508
"350720";2020;2;0;11750,85;5875,425;0;"Municipio";167;"BORA";"RRAS10";35092;"ASSIS";"Quedas";1197,60479041916
"350720";2023;5;0;9869,01;1973,802;0;"Municipio";193;"BORA";"RRAS10";35092;"ASSIS";"Quedas";2590,67357512953
"350720";2024;5;0;14157,18;2831,436;0;"Municipio";216;"BORA";"RRAS10";35092;"ASSIS";"Quedas";2314,81481481481
"350720";2025;9;1;29283,16;3253,68444444444;111,111111111111;"Municipio";;"BORA";"RRAS10";35092;"ASSIS";"Quedas";
"350730";2015;9;3;19478,92;2164,32444444444;333,333333333333;"Municipio";670;"BORACEIA";"RRAS09";35064;"JAU";"Quedas";1343,28358208955
"350730";2016;4;1;9937,45;2484,3625;250;"Municipio";683;"BORACEIA";"RRAS09";35064;"JAU";"Quedas";585,651537335286
"350730";2017;9;2;19854,17;2206,01888888889;222,222222222222;"Municipio";703;"BORACEIA";"RRAS09";35064;"JAU";"Quedas";1280,22759601707
"350730";2018;4;0;11240,74;2810,185;0;"Municipio";722;"BORACEIA";"RRAS09";35064;"JAU";"Quedas";554,016620498615
"350730";2019;8;0;7073,66;884,2075;0;"Municipio";747;"BORACEIA";"RRAS09";35064;"JAU";"Quedas";1070,95046854083
"350730";2020;14;0;20001,98;1428,71285714286;0;"Municipio";760;"BORACEIA";"RRAS09";35064;"JAU";"Quedas";1842,10526315789
"350730";2021;6;1;6059,56;1009,92666666667;166,666666666667;"Municipio";777;"BORACEIA";"RRAS09";35064;"JAU";"Quedas";772,200772200772
"350730";2022;3;0;11080,99;3693,66333333333;0;"Municipio";791;"BORACEIA";"RRAS09";35064;"JAU";"Quedas";379,266750948167
"350730";2023;6;0;3083,47;513,911666666667;0;"Municipio";807;"BORACEIA";"RRAS09";35064;"JAU";"Quedas";743,494423791822
"350730";2024;14;0;12060,81;861,486428571429;0;"Municipio";830;"BORACEIA";"RRAS09";35064;"JAU";"Quedas";1686,74698795181
"350730";2025;12;0;34405,92;2867,16;0;"Municipio";;"BORACEIA";"RRAS09";35064;"JAU";"Quedas";
"350740";2015;32;2;29337,03;916,7821875;62,5;"Municipio";2646;"BORBOREMA";"RRAS18";35033;"NOROESTE DRS III";"Quedas";1209,37263794407
"350740";2016;26;1;20494,68;788,256923076923;38,4615384615385;"Municipio";2731;"BORBOREMA";"RRAS18";35033;"NOROESTE DRS III";"Quedas";952,032222629074
"350740";2017;26;1;22688,47;872,633461538461;38,4615384615385;"Municipio";2824;"BORBOREMA";"RRAS18";35033;"NOROESTE DRS III";"Quedas";920,679886685552
"350740";2018;19;0;11671,65;614,297368421053;0;"Municipio";2922;"BORBOREMA";"RRAS18";35033;"NOROESTE DRS III";"Quedas";650,239561943874
"350740";2019;7;0;2639,22;377,031428571429;0;"Municipio";3022;"BORBOREMA";"RRAS18";35033;"NOROESTE DRS III";"Quedas";231,634679020516
"350740";2020;10;1;14057;1405,7;100;"Municipio";3114;"BORBOREMA";"RRAS18";35033;"NOROESTE DRS III";"Quedas";321,130378933847
"350740";2021;7;0;2808,67;401,238571428571;0;"Municipio";3197;"BORBOREMA";"RRAS18";35033;"NOROESTE DRS III";"Quedas";218,955270566156
"350740";2022;5;0;6800,7;1360,14;0;"Municipio";3276;"BORBOREMA";"RRAS18";35033;"NOROESTE DRS III";"Quedas";152,625152625153
"350740";2023;6;1;2290,31;381,718333333333;166,666666666667;"Municipio";3366;"BORBOREMA";"RRAS18";35033;"NOROESTE DRS III";"Quedas";178,25311942959
"350740";2024;7;0;8493,25;1213,32142857143;0;"Municipio";3453;"BORBOREMA";"RRAS18";35033;"NOROESTE DRS III";"Quedas";202,722270489429
"350740";2025;7;1;8745,75;1249,39285714286;142,857142857143;"Municipio";;"BORBOREMA";"RRAS18";35033;"NOROESTE DRS III";"Quedas";
"350745";2015;4;0;6251,11;1562,7775;0;"Municipio";319;"BOREBI";"RRAS09";35062;"BAURU";"Quedas";1253,91849529781
"350745";2017;4;0;8141,74;2035,435;0;"Municipio";343;"BOREBI";"RRAS09";35062;"BAURU";"Quedas";1166,18075801749
"350745";2018;3;0;5711,68;1903,89333333333;0;"Municipio";357;"BOREBI";"RRAS09";35062;"BAURU";"Quedas";840,336134453781
"350745";2019;2;0;2792,95;1396,475;0;"Municipio";374;"BOREBI";"RRAS09";35062;"BAURU";"Quedas";534,75935828877
"350745";2020;2;0;11493,59;5746,795;0;"Municipio";394;"BOREBI";"RRAS09";35062;"BAURU";"Quedas";507,614213197969
"350745";2021;3;0;5106,1;1702,03333333333;0;"Municipio";404;"BOREBI";"RRAS09";35062;"BAURU";"Quedas";742,574257425743
"350745";2022;4;0;6120,51;1530,1275;0;"Municipio";416;"BOREBI";"RRAS09";35062;"BAURU";"Quedas";961,538461538462
"350745";2023;2;0;5258,62;2629,31;0;"Municipio";422;"BOREBI";"RRAS09";35062;"BAURU";"Quedas";473,9336492891
"350745";2024;9;0;15312,5;1701,38888888889;0;"Municipio";443;"BOREBI";"RRAS09";35062;"BAURU";"Quedas";2031,60270880361
"350745";2025;4;0;4298,66;1074,665;0;"Municipio";;"BOREBI";"RRAS09";35062;"BAURU";"Quedas";
"350750";2015;150;12;343586,56;2290,57706666667;80;"Municipio";21697;"BOTUCATU";"RRAS09";35063;"POLO CUESTA";"Quedas";691,339816564502
"350750";2016;142;12;300140,17;2113,66316901408;84,5070422535211;"Municipio";22491;"BOTUCATU";"RRAS09";35063;"POLO CUESTA";"Quedas";631,363656573741
"350750";2017;176;12;404563,69;2298,65732954545;68,1818181818182;"Municipio";23307;"BOTUCATU";"RRAS09";35063;"POLO CUESTA";"Quedas";755,137941390998
"350750";2018;179;9;383698,59;2143,56754189944;50,2793296089386;"Municipio";24125;"BOTUCATU";"RRAS09";35063;"POLO CUESTA";"Quedas";741,968911917098
"350750";2019;221;15;376951,36;1705,66226244344;67,8733031674208;"Municipio";24954;"BOTUCATU";"RRAS09";35063;"POLO CUESTA";"Quedas";885,629558387433
"350750";2020;221;12;364880,63;1651,04357466063;54,2986425339367;"Municipio";25733;"BOTUCATU";"RRAS09";35063;"POLO CUESTA";"Quedas";858,819414759259
"350750";2021;226;10;595250,75;2633,85287610619;44,2477876106195;"Municipio";26394;"BOTUCATU";"RRAS09";35063;"POLO CUESTA";"Quedas";856,255209517314
"350750";2022;251;18;523283,03;2084,79294820717;71,7131474103586;"Municipio";27042;"BOTUCATU";"RRAS09";35063;"POLO CUESTA";"Quedas";928,185785075068
"350750";2023;218;19;420707,5;1929,85091743119;87,1559633027523;"Municipio";27797;"BOTUCATU";"RRAS09";35063;"POLO CUESTA";"Quedas";784,257293952585
"350750";2024;313;22;595559,11;1902,74476038339;70,2875399361022;"Municipio";28609;"BOTUCATU";"RRAS09";35063;"POLO CUESTA";"Quedas";1094,06130937817
"350750";2025;283;21;717851,57;2536,57798586572;74,2049469964664;"Municipio";;"BOTUCATU";"RRAS09";35063;"POLO CUESTA";"Quedas";
"350760";2015;79;12;167577,52;2121,23443037975;151,898734177215;"Municipio";24276;"BRAGANCA PAULISTA";"RRAS16";35071;"BRAGANCA";"Quedas";325,424287362004
"350760";2016;64;8;164208,84;2565,763125;125;"Municipio";25287;"BRAGANCA PAULISTA";"RRAS16";35071;"BRAGANCA";"Quedas";253,094475422154
"350760";2017;43;9;77431,12;1800,72372093023;209,302325581395;"Municipio";26341;"BRAGANCA PAULISTA";"RRAS16";35071;"BRAGANCA";"Quedas";163,243612619111
"350760";2018;43;8;109158,65;2538,57325581395;186,046511627907;"Municipio";27442;"BRAGANCA PAULISTA";"RRAS16";35071;"BRAGANCA";"Quedas";156,694118504482
"350760";2019;47;4;127970,58;2722,77829787234;85,1063829787234;"Municipio";28584;"BRAGANCA PAULISTA";"RRAS16";35071;"BRAGANCA";"Quedas";164,427651833193
"350760";2020;36;5;114980,12;3193,89222222222;138,888888888889;"Municipio";29686;"BRAGANCA PAULISTA";"RRAS16";35071;"BRAGANCA";"Quedas";121,269285184936
"350760";2021;56;9;128647,41;2297,27517857143;160,714285714286;"Municipio";30660;"BRAGANCA PAULISTA";"RRAS16";35071;"BRAGANCA";"Quedas";182,648401826484
"350760";2022;70;8;250497,62;3578,53742857143;114,285714285714;"Municipio";31639;"BRAGANCA PAULISTA";"RRAS16";35071;"BRAGANCA";"Quedas";221,245930655204
"350760";2023;46;8;171224,23;3722,26586956522;173,913043478261;"Municipio";32752;"BRAGANCA PAULISTA";"RRAS16";35071;"BRAGANCA";"Quedas";140,449438202247
"350760";2024;53;9;193037,34;3642,21396226415;169,811320754717;"Municipio";33950;"BRAGANCA PAULISTA";"RRAS16";35071;"BRAGANCA";"Quedas";156,111929307806
"350760";2025;60;12;294148,05;4902,4675;200;"Municipio";;"BRAGANCA PAULISTA";"RRAS16";35071;"BRAGANCA";"Quedas";
"350770";2015;5;1;6993,91;1398,782;200;"Municipio";963;"BRAUNA";"RRAS19";35023;"CONSORCIOS DO DRS II";"Quedas";519,210799584631
"350770";2016;5;1;7371,75;1474,35;200;"Municipio";995;"BRAUNA";"RRAS19";35023;"CONSORCIOS DO DRS II";"Quedas";502,51256281407
"350770";2017;6;1;5815,86;969,31;166,666666666667;"Municipio";1022;"BRAUNA";"RRAS19";35023;"CONSORCIOS DO DRS II";"Quedas";587,084148727984
"350770";2018;10;1;9734,87;973,487;100;"Municipio";1051;"BRAUNA";"RRAS19";35023;"CONSORCIOS DO DRS II";"Quedas";951,474785918173
"350770";2019;8;2;6430,66;803,8325;250;"Municipio";1078;"BRAUNA";"RRAS19";35023;"CONSORCIOS DO DRS II";"Quedas";742,115027829314
"350770";2020;6;0;13881,24;2313,54;0;"Municipio";1101;"BRAUNA";"RRAS19";35023;"CONSORCIOS DO DRS II";"Quedas";544,959128065395
"350770";2021;6;0;4266,25;711,041666666667;0;"Municipio";1119;"BRAUNA";"RRAS19";35023;"CONSORCIOS DO DRS II";"Quedas";536,193029490617
"350770";2022;10;0;27847,7;2784,77;0;"Municipio";1137;"BRAUNA";"RRAS19";35023;"CONSORCIOS DO DRS II";"Quedas";879,507475813544
"350770";2023;7;0;13572,65;1938,95;0;"Municipio";1154;"BRAUNA";"RRAS19";35023;"CONSORCIOS DO DRS II";"Quedas";606,585788561525
"350770";2024;9;0;14767,06;1640,78444444444;0;"Municipio";1175;"BRAUNA";"RRAS19";35023;"CONSORCIOS DO DRS II";"Quedas";765,957446808511
"350770";2025;8;4;23693,84;2961,73;500;"Municipio";;"BRAUNA";"RRAS19";35023;"CONSORCIOS DO DRS II";"Quedas";
"350775";2015;2;0;7618,24;3809,12;0;"Municipio";419;"BREJO ALEGRE";"RRAS19";35023;"CONSORCIOS DO DRS II";"Quedas";477,326968973747
"350775";2016;4;0;12662,17;3165,5425;0;"Municipio";434;"BREJO ALEGRE";"RRAS19";35023;"CONSORCIOS DO DRS II";"Quedas";921,658986175115
"350775";2017;3;0;851,43;283,81;0;"Municipio";454;"BREJO ALEGRE";"RRAS19";35023;"CONSORCIOS DO DRS II";"Quedas";660,79295154185
"350775";2020;1;0;199,33;199,33;0;"Municipio";508;"BREJO ALEGRE";"RRAS19";35023;"CONSORCIOS DO DRS II";"Quedas";196,850393700787
"350775";2021;1;0;1015,58;1015,58;0;"Municipio";526;"BREJO ALEGRE";"RRAS19";35023;"CONSORCIOS DO DRS II";"Quedas";190,114068441065
"350775";2022;5;1;12310,07;2462,014;200;"Municipio";541;"BREJO ALEGRE";"RRAS19";35023;"CONSORCIOS DO DRS II";"Quedas";924,214417744917
"350775";2023;4;1;10003;2500,75;250;"Municipio";550;"BREJO ALEGRE";"RRAS19";35023;"CONSORCIOS DO DRS II";"Quedas";727,272727272727
"350775";2024;2;0;289,02;144,51;0;"Municipio";578;"BREJO ALEGRE";"RRAS19";35023;"CONSORCIOS DO DRS II";"Quedas";346,020761245675
"350775";2025;3;0;8393,57;2797,85666666667;0;"Municipio";;"BREJO ALEGRE";"RRAS19";35023;"CONSORCIOS DO DRS II";"Quedas";
"350780";2015;27;1;32349,59;1198,13296296296;37,037037037037;"Municipio";3398;"BRODOWSKI";"RRAS13";35133;"VALE DAS CACHOEIRAS";"Quedas";794,585050029429
"350780";2016;26;3;50720,04;1950,77076923077;115,384615384615;"Municipio";3542;"BRODOWSKI";"RRAS13";35133;"VALE DAS CACHOEIRAS";"Quedas";734,048560135517
"350780";2017;28;2;55809,08;1993,18142857143;71,4285714285714;"Municipio";3708;"BRODOWSKI";"RRAS13";35133;"VALE DAS CACHOEIRAS";"Quedas";755,12405609493
"350780";2018;32;1;46164,23;1442,6321875;31,25;"Municipio";3872;"BRODOWSKI";"RRAS13";35133;"VALE DAS CACHOEIRAS";"Quedas";826,446280991736
"350780";2019;26;2;36064,61;1387,10038461538;76,9230769230769;"Municipio";4044;"BRODOWSKI";"RRAS13";35133;"VALE DAS CACHOEIRAS";"Quedas";642,927794263106
"350780";2020;21;1;36827,58;1753,69428571429;47,6190476190476;"Municipio";4214;"BRODOWSKI";"RRAS13";35133;"VALE DAS CACHOEIRAS";"Quedas";498,338870431894
"350780";2021;31;3;58965,32;1902,10709677419;96,7741935483871;"Municipio";4366;"BRODOWSKI";"RRAS13";35133;"VALE DAS CACHOEIRAS";"Quedas";710,032065964269
"350780";2022;38;1;72945,56;1919,62;26,3157894736842;"Municipio";4511;"BRODOWSKI";"RRAS13";35133;"VALE DAS CACHOEIRAS";"Quedas";842,385280425626
"350780";2023;43;4;86040,41;2000,93976744186;93,0232558139535;"Municipio";4672;"BRODOWSKI";"RRAS13";35133;"VALE DAS CACHOEIRAS";"Quedas";920,376712328767
"350780";2024;39;1;66385,11;1702,18230769231;25,6410256410256;"Municipio";4839;"BRODOWSKI";"RRAS13";35133;"VALE DAS CACHOEIRAS";"Quedas";805,951642901426
"350780";2025;58;2;106542,64;1836,94206896552;34,4827586206897;"Municipio";;"BRODOWSKI";"RRAS13";35133;"VALE DAS CACHOEIRAS";"Quedas";
"350790";2015;19;2;26701,08;1405,32;105,263157894737;"Municipio";3553;"BROTAS";"RRAS09";35064;"JAU";"Quedas";534,75935828877
"350790";2016;28;3;39774,22;1420,50785714286;107,142857142857;"Municipio";3680;"BROTAS";"RRAS09";35064;"JAU";"Quedas";760,869565217391
"350790";2017;35;2;80956,18;2313,03371428571;57,1428571428571;"Municipio";3833;"BROTAS";"RRAS09";35064;"JAU";"Quedas";913,122880250457
"350790";2018;47;4;69381,51;1476,20234042553;85,1063829787234;"Municipio";3989;"BROTAS";"RRAS09";35064;"JAU";"Quedas";1178,24016044121
"350790";2019;29;1;31474,44;1085,32551724138;34,4827586206897;"Municipio";4141;"BROTAS";"RRAS09";35064;"JAU";"Quedas";700,313933832408
"350790";2020;37;2;37147,45;1003,98513513514;54,0540540540541;"Municipio";4288;"BROTAS";"RRAS09";35064;"JAU";"Quedas";862,873134328358
"350790";2021;40;2;116216,43;2905,41075;50;"Municipio";4421;"BROTAS";"RRAS09";35064;"JAU";"Quedas";904,772675865189
"350790";2022;46;2;56134,62;1220,31782608696;43,4782608695652;"Municipio";4560;"BROTAS";"RRAS09";35064;"JAU";"Quedas";1008,77192982456
"350790";2023;42;3;67828,06;1614,95380952381;71,4285714285714;"Municipio";4710;"BROTAS";"RRAS09";35064;"JAU";"Quedas";891,71974522293
"350790";2024;54;3;93105,22;1724,17074074074;55,5555555555556;"Municipio";4873;"BROTAS";"RRAS09";35064;"JAU";"Quedas";1108,1469320747
"350790";2025;81;3;108632,6;1341,14320987654;37,037037037037;"Municipio";;"BROTAS";"RRAS09";35064;"JAU";"Quedas";
"350800";2015;14;1;15859,13;1132,795;71,4285714285714;"Municipio";2353;"BURI";"RRAS08";35162;"ITAPEVA";"Quedas";594,985125371866
"350800";2016;9;0;14147,18;1571,90888888889;0;"Municipio";2424;"BURI";"RRAS08";35162;"ITAPEVA";"Quedas";371,287128712871
"350800";2017;11;1;25079,81;2279,98272727273;90,9090909090909;"Municipio";2502;"BURI";"RRAS08";35162;"ITAPEVA";"Quedas";439,6482813749
"350800";2018;15;1;18030,39;1202,026;66,6666666666667;"Municipio";2586;"BURI";"RRAS08";35162;"ITAPEVA";"Quedas";580,046403712297
"350800";2019;14;1;15629,17;1116,36928571429;71,4285714285714;"Municipio";2673;"BURI";"RRAS08";35162;"ITAPEVA";"Quedas";523,756079311635
"350800";2020;13;1;16521,93;1270,91769230769;76,9230769230769;"Municipio";2755;"BURI";"RRAS08";35162;"ITAPEVA";"Quedas";471,869328493648
"350800";2021;16;1;24115,53;1507,220625;62,5;"Municipio";2821;"BURI";"RRAS08";35162;"ITAPEVA";"Quedas";567,174760723148
"350800";2022;13;0;9112,02;700,924615384615;0;"Municipio";2897;"BURI";"RRAS08";35162;"ITAPEVA";"Quedas";448,740075940628
"350800";2023;16;1;37653,12;2353,32;62,5;"Municipio";2988;"BURI";"RRAS08";35162;"ITAPEVA";"Quedas";535,475234270415
"350800";2024;17;1;33855,95;1991,52647058824;58,8235294117647;"Municipio";3085;"BURI";"RRAS08";35162;"ITAPEVA";"Quedas";551,053484602917
"350800";2025;26;1;59716,61;2296,79269230769;38,4615384615385;"Municipio";;"BURI";"RRAS08";35162;"ITAPEVA";"Quedas";
"350810";2015;27;2;25232,01;934,518888888889;74,0740740740741;"Municipio";2879;"BURITAMA";"RRAS19";35023;"CONSORCIOS DO DRS II";"Quedas";937,82563390066
"350810";2016;15;2;26911,92;1794,128;133,333333333333;"Municipio";3002;"BURITAMA";"RRAS19";35023;"CONSORCIOS DO DRS II";"Quedas";499,666888740839
"350810";2017;24;3;39507;1646,125;125;"Municipio";3127;"BURITAMA";"RRAS19";35023;"CONSORCIOS DO DRS II";"Quedas";767,508794371602
"350810";2018;10;0;9665,59;966,559;0;"Municipio";3270;"BURITAMA";"RRAS19";35023;"CONSORCIOS DO DRS II";"Quedas";305,810397553517
"350810";2019;26;2;33504,48;1288,63384615385;76,9230769230769;"Municipio";3424;"BURITAMA";"RRAS19";35023;"CONSORCIOS DO DRS II";"Quedas";759,345794392523
"350810";2020;31;1;33502,35;1080,72096774194;32,258064516129;"Municipio";3577;"BURITAMA";"RRAS19";35023;"CONSORCIOS DO DRS II";"Quedas";866,648029074644
"350810";2021;35;2;86316,95;2466,19857142857;57,1428571428571;"Municipio";3711;"BURITAMA";"RRAS19";35023;"CONSORCIOS DO DRS II";"Quedas";943,142010239828
"350810";2022;46;0;86312,08;1876,34956521739;0;"Municipio";3845;"BURITAMA";"RRAS19";35023;"CONSORCIOS DO DRS II";"Quedas";1196,3589076723
"350810";2023;50;2;77803,17;1556,0634;40;"Municipio";3987;"BURITAMA";"RRAS19";35023;"CONSORCIOS DO DRS II";"Quedas";1254,07574617507
"350810";2024;35;3;69302,8;1980,08;85,7142857142857;"Municipio";4131;"BURITAMA";"RRAS19";35023;"CONSORCIOS DO DRS II";"Quedas";847,252481239409
"350810";2025;61;2;63905,28;1047,62754098361;32,7868852459016;"Municipio";;"BURITAMA";"RRAS19";35023;"CONSORCIOS DO DRS II";"Quedas";
"350820";2015;2;0;5560,84;2780,42;0;"Municipio";759;"BURITIZAL";"RRAS13";35083;"ALTA MOGIANA";"Quedas";263,504611330698
"350820";2016;3;0;15281,28;5093,76;0;"Municipio";786;"BURITIZAL";"RRAS13";35083;"ALTA MOGIANA";"Quedas";381,679389312977
"350820";2017;5;0;10555,67;2111,134;0;"Municipio";812;"BURITIZAL";"RRAS13";35083;"ALTA MOGIANA";"Quedas";615,76354679803
"350820";2018;4;0;6253,75;1563,4375;0;"Municipio";837;"BURITIZAL";"RRAS13";35083;"ALTA MOGIANA";"Quedas";477,8972520908
"350820";2019;4;0;3958,04;989,51;0;"Municipio";864;"BURITIZAL";"RRAS13";35083;"ALTA MOGIANA";"Quedas";462,962962962963
"350820";2020;3;0;2484,51;828,17;0;"Municipio";888;"BURITIZAL";"RRAS13";35083;"ALTA MOGIANA";"Quedas";337,837837837838
"350820";2021;3;0;5492,3;1830,76666666667;0;"Municipio";910;"BURITIZAL";"RRAS13";35083;"ALTA MOGIANA";"Quedas";329,67032967033
"350820";2022;5;0;6651,71;1330,342;0;"Municipio";928;"BURITIZAL";"RRAS13";35083;"ALTA MOGIANA";"Quedas";538,793103448276
"350820";2023;11;1;25117,21;2283,38272727273;90,9090909090909;"Municipio";950;"BURITIZAL";"RRAS13";35083;"ALTA MOGIANA";"Quedas";1157,89473684211
"350820";2024;1;0;2111,73;2111,73;0;"Municipio";974;"BURITIZAL";"RRAS13";35083;"ALTA MOGIANA";"Quedas";102,669404517454
"350820";2025;9;1;16550,88;1838,98666666667;111,111111111111;"Municipio";;"BURITIZAL";"RRAS13";35083;"ALTA MOGIANA";"Quedas";
"350830";2015;3;0;2934,86;978,286666666667;0;"Municipio";649;"CABRALIA PAULISTA";"RRAS09";35062;"BAURU";"Quedas";462,249614791988
"350830";2016;5;0;4011,09;802,218;0;"Municipio";668;"CABRALIA PAULISTA";"RRAS09";35062;"BAURU";"Quedas";748,502994011976
"350830";2017;7;0;6540,5;934,357142857143;0;"Municipio";682;"CABRALIA PAULISTA";"RRAS09";35062;"BAURU";"Quedas";1026,39296187683
"350830";2018;5;0;5826,7;1165,34;0;"Municipio";706;"CABRALIA PAULISTA";"RRAS09";35062;"BAURU";"Quedas";708,215297450425
"350830";2019;12;0;19661,44;1638,45333333333;0;"Municipio";716;"CABRALIA PAULISTA";"RRAS09";35062;"BAURU";"Quedas";1675,97765363128
"350830";2020;4;0;7400,78;1850,195;0;"Municipio";743;"CABRALIA PAULISTA";"RRAS09";35062;"BAURU";"Quedas";538,35800807537
"350830";2021;5;0;12038,26;2407,652;0;"Municipio";762;"CABRALIA PAULISTA";"RRAS09";35062;"BAURU";"Quedas";656,167979002625
"350830";2022;10;0;28340,71;2834,071;0;"Municipio";778;"CABRALIA PAULISTA";"RRAS09";35062;"BAURU";"Quedas";1285,3470437018
"350830";2023;9;0;9310,73;1034,52555555556;0;"Municipio";799;"CABRALIA PAULISTA";"RRAS09";35062;"BAURU";"Quedas";1126,40801001252
"350830";2024;4;0;9086,12;2271,53;0;"Municipio";821;"CABRALIA PAULISTA";"RRAS09";35062;"BAURU";"Quedas";487,21071863581
"350830";2025;9;0;39374,17;4374,90777777778;0;"Municipio";;"CABRALIA PAULISTA";"RRAS09";35062;"BAURU";"Quedas";
"350840";2016;2;0;4850,21;2425,105;0;"Municipio";4811;"CABREUVA";"RRAS16";35073;"JUNDIAI";"Quedas";41,5713988775722
"350840";2018;1;0;406,49;406,49;0;"Municipio";5280;"CABREUVA";"RRAS16";35073;"JUNDIAI";"Quedas";18,9393939393939
"350840";2022;1;0;1922,43;1922,43;0;"Municipio";6255;"CABREUVA";"RRAS16";35073;"JUNDIAI";"Quedas";15,9872102318145
"350840";2023;2;0;2440,35;1220,175;0;"Municipio";6545;"CABREUVA";"RRAS16";35073;"JUNDIAI";"Quedas";30,5576776165011
"350840";2024;2;0;3981,28;1990,64;0;"Municipio";6843;"CABREUVA";"RRAS16";35073;"JUNDIAI";"Quedas";29,2269472453602
"350850";2015;58;6;52102,63;898,321206896552;103,448275862069;"Municipio";13076;"CACAPAVA";"RRAS17";35171;"ALTO VALE DO PARAIBA";"Quedas";443,560721933313
"350850";2016;64;7;85890,79;1342,04359375;109,375;"Municipio";13661;"CACAPAVA";"RRAS17";35171;"ALTO VALE DO PARAIBA";"Quedas";468,486933606617
"350850";2017;63;9;97589,44;1549,03873015873;142,857142857143;"Municipio";14258;"CACAPAVA";"RRAS17";35171;"ALTO VALE DO PARAIBA";"Quedas";441,857202973769
"350850";2018;89;4;104242,49;1171,26393258427;44,9438202247191;"Municipio";14871;"CACAPAVA";"RRAS17";35171;"ALTO VALE DO PARAIBA";"Quedas";598,480263600296
"350850";2019;115;6;175536,34;1526,40295652174;52,1739130434783;"Municipio";15500;"CACAPAVA";"RRAS17";35171;"ALTO VALE DO PARAIBA";"Quedas";741,935483870968
"350850";2020;98;9;155043,43;1582,07581632653;91,8367346938776;"Municipio";16106;"CACAPAVA";"RRAS17";35171;"ALTO VALE DO PARAIBA";"Quedas";608,468893580032
"350850";2021;176;8;255954,4;1454,28636363636;45,4545454545455;"Municipio";16655;"CACAPAVA";"RRAS17";35171;"ALTO VALE DO PARAIBA";"Quedas";1056,73971780246
"350850";2022;144;7;287053,43;1993,42659722222;48,6111111111111;"Municipio";17197;"CACAPAVA";"RRAS17";35171;"ALTO VALE DO PARAIBA";"Quedas";837,355352677793
"350850";2023;141;4;297770,43;2111,8470212766;28,3687943262411;"Municipio";17819;"CACAPAVA";"RRAS17";35171;"ALTO VALE DO PARAIBA";"Quedas";791,290195858353
"350850";2024;150;13;435331,02;2902,2068;86,6666666666667;"Municipio";18462;"CACAPAVA";"RRAS17";35171;"ALTO VALE DO PARAIBA";"Quedas";812,4796880078
"350850";2025;165;11;585387,35;3547,80212121212;66,6666666666667;"Municipio";;"CACAPAVA";"RRAS17";35171;"ALTO VALE DO PARAIBA";"Quedas";
"350860";2015;24;1;30579,72;1274,155;41,6666666666667;"Municipio";4926;"CACHOEIRA PAULISTA";"RRAS17";35172;"CIRCUITO DA FE VALE HISTORICO";"Quedas";487,21071863581
"350860";2016;19;1;35581,5;1872,71052631579;52,6315789473684;"Municipio";5096;"CACHOEIRA PAULISTA";"RRAS17";35172;"CIRCUITO DA FE VALE HISTORICO";"Quedas";372,841444270016
"350860";2017;29;1;43026,2;1483,66206896552;34,4827586206897;"Municipio";5266;"CACHOEIRA PAULISTA";"RRAS17";35172;"CIRCUITO DA FE VALE HISTORICO";"Quedas";550,702620584884
"350860";2018;39;1;53588,54;1374,06512820513;25,6410256410256;"Municipio";5444;"CACHOEIRA PAULISTA";"RRAS17";35172;"CIRCUITO DA FE VALE HISTORICO";"Quedas";716,385011021308
"350860";2019;60;1;58539,32;975,655333333333;16,6666666666667;"Municipio";5627;"CACHOEIRA PAULISTA";"RRAS17";35172;"CIRCUITO DA FE VALE HISTORICO";"Quedas";1066,28754220722
"350860";2020;69;0;90905,53;1317,47144927536;0;"Municipio";5804;"CACHOEIRA PAULISTA";"RRAS17";35172;"CIRCUITO DA FE VALE HISTORICO";"Quedas";1188,83528600965
"350860";2021;57;1;66927,14;1174,16035087719;17,5438596491228;"Municipio";5952;"CACHOEIRA PAULISTA";"RRAS17";35172;"CIRCUITO DA FE VALE HISTORICO";"Quedas";957,661290322581
"350860";2022;66;4;106350,31;1611,36833333333;60,6060606060606;"Municipio";6109;"CACHOEIRA PAULISTA";"RRAS17";35172;"CIRCUITO DA FE VALE HISTORICO";"Quedas";1080,37321983958
"350860";2023;66;0;124657,15;1888,7446969697;0;"Municipio";6299;"CACHOEIRA PAULISTA";"RRAS17";35172;"CIRCUITO DA FE VALE HISTORICO";"Quedas";1047,78536275599
"350860";2024;59;0;138837,1;2353,17118644068;0;"Municipio";6491;"CACHOEIRA PAULISTA";"RRAS17";35172;"CIRCUITO DA FE VALE HISTORICO";"Quedas";908,950855030042
"350860";2025;36;2;140241,94;3895,60944444444;55,5555555555556;"Municipio";;"CACHOEIRA PAULISTA";"RRAS17";35172;"CIRCUITO DA FE VALE HISTORICO";"Quedas";
"350870";2015;25;0;19108,31;764,3324;0;"Municipio";3281;"CACONDE";"RRAS15";35143;"RIO PARDO";"Quedas";761,962816214569
"350870";2016;21;0;31818,74;1515,1780952381;0;"Municipio";3375;"CACONDE";"RRAS15";35143;"RIO PARDO";"Quedas";622,222222222222
"350870";2017;32;0;35006,32;1093,9475;0;"Municipio";3467;"CACONDE";"RRAS15";35143;"RIO PARDO";"Quedas";922,988174214018
"350870";2018;42;0;51872,95;1235,07023809524;0;"Municipio";3565;"CACONDE";"RRAS15";35143;"RIO PARDO";"Quedas";1178,1206171108
"350870";2019;47;0;48802,67;1038,35468085106;0;"Municipio";3669;"CACONDE";"RRAS15";35143;"RIO PARDO";"Quedas";1281,00299809212
"350870";2020;31;1;32454,58;1046,92193548387;32,258064516129;"Municipio";3763;"CACONDE";"RRAS15";35143;"RIO PARDO";"Quedas";823,810789263885
"350870";2021;37;1;51337,35;1387,49594594595;27,027027027027;"Municipio";3839;"CACONDE";"RRAS15";35143;"RIO PARDO";"Quedas";963,792654337067
"350870";2022;37;2;39212,12;1059,78702702703;54,0540540540541;"Municipio";3908;"CACONDE";"RRAS15";35143;"RIO PARDO";"Quedas";946,775844421699
"350870";2023;24;2;27558,74;1148,28083333333;83,3333333333333;"Municipio";3995;"CACONDE";"RRAS15";35143;"RIO PARDO";"Quedas";600,750938673342
"350870";2024;22;2;14206,28;645,74;90,9090909090909;"Municipio";4080;"CACONDE";"RRAS15";35143;"RIO PARDO";"Quedas";539,21568627451
"350870";2025;31;1;13805,24;445,330322580645;32,258064516129;"Municipio";;"CACONDE";"RRAS15";35143;"RIO PARDO";"Quedas";
"350880";2015;39;0;34887,97;894,563333333333;0;"Municipio";2969;"CAFELANDIA";"RRAS09";35065;"LINS";"Quedas";1313,57359380263
"350880";2016;33;3;47247,67;1431,74757575758;90,9090909090909;"Municipio";3033;"CAFELANDIA";"RRAS09";35065;"LINS";"Quedas";1088,03165182987
"350880";2017;24;4;19755,09;823,12875;166,666666666667;"Municipio";3106;"CAFELANDIA";"RRAS09";35065;"LINS";"Quedas";772,69800386349
"350880";2018;20;1;14384,7;719,235;50;"Municipio";3177;"CAFELANDIA";"RRAS09";35065;"LINS";"Quedas";629,524708844822
"350880";2019;24;3;29010,66;1208,7775;125;"Municipio";3250;"CAFELANDIA";"RRAS09";35065;"LINS";"Quedas";738,461538461538
"350880";2020;37;1;36893,63;997,125135135135;27,027027027027;"Municipio";3312;"CAFELANDIA";"RRAS09";35065;"LINS";"Quedas";1117,14975845411
"350880";2021;36;0;49601,02;1377,80611111111;0;"Municipio";3360;"CAFELANDIA";"RRAS09";35065;"LINS";"Quedas";1071,42857142857
"350880";2022;28;3;60240,48;2151,44571428571;107,142857142857;"Municipio";3414;"CAFELANDIA";"RRAS09";35065;"LINS";"Quedas";820,152314001172
"350880";2023;43;3;72222,29;1679,58813953488;69,7674418604651;"Municipio";3484;"CAFELANDIA";"RRAS09";35065;"LINS";"Quedas";1234,21354764638
"350880";2024;54;3;50755,1;939,909259259259;55,5555555555556;"Municipio";3568;"CAFELANDIA";"RRAS09";35065;"LINS";"Quedas";1513,45291479821
"350880";2025;46;0;64974,24;1412,48347826087;0;"Municipio";;"CAFELANDIA";"RRAS09";35065;"LINS";"Quedas";
"350890";2015;4;0;6726,1;1681,525;0;"Municipio";738;"CAIABU";"RRAS11";35112;"ALTA SOROCABANA";"Quedas";542,0054200542
"350890";2016;5;2;9371,74;1874,348;400;"Municipio";752;"CAIABU";"RRAS11";35112;"ALTA SOROCABANA";"Quedas";664,893617021277
"350890";2017;1;0;48,38;48,38;0;"Municipio";775;"CAIABU";"RRAS11";35112;"ALTA SOROCABANA";"Quedas";129,032258064516
"350890";2018;7;1;17006,31;2429,47285714286;142,857142857143;"Municipio";797;"CAIABU";"RRAS11";35112;"ALTA SOROCABANA";"Quedas";878,293601003764
"350890";2019;3;1;4866,64;1622,21333333333;333,333333333333;"Municipio";825;"CAIABU";"RRAS11";35112;"ALTA SOROCABANA";"Quedas";363,636363636364
"350890";2020;10;1;5427,7;542,77;100;"Municipio";848;"CAIABU";"RRAS11";35112;"ALTA SOROCABANA";"Quedas";1179,24528301887
"350890";2021;7;0;7032,83;1004,69;0;"Municipio";865;"CAIABU";"RRAS11";35112;"ALTA SOROCABANA";"Quedas";809,248554913295
"350890";2022;5;0;3992,81;798,562;0;"Municipio";886;"CAIABU";"RRAS11";35112;"ALTA SOROCABANA";"Quedas";564,334085778781
"350890";2023;8;0;6435,52;804,44;0;"Municipio";915;"CAIABU";"RRAS11";35112;"ALTA SOROCABANA";"Quedas";874,31693989071
"350890";2024;12;0;16474,18;1372,84833333333;0;"Municipio";937;"CAIABU";"RRAS11";35112;"ALTA SOROCABANA";"Quedas";1280,68303094984
"350890";2025;6;0;2778,69;463,115;0;"Municipio";;"CAIABU";"RRAS11";35112;"ALTA SOROCABANA";"Quedas";
"350900";2015;36;2;62921,86;1747,82944444444;55,5555555555556;"Municipio";10075;"CAIEIRAS";"RRAS03";35012;"FRANCO DA ROCHA";"Quedas";357,320099255583
"350900";2016;47;2;63239,14;1345,51361702128;42,5531914893617;"Municipio";10659;"CAIEIRAS";"RRAS03";35012;"FRANCO DA ROCHA";"Quedas";440,941927010038
"350900";2017;58;6;98795,24;1703,36620689655;103,448275862069;"Municipio";11263;"CAIEIRAS";"RRAS03";35012;"FRANCO DA ROCHA";"Quedas";514,960490100329
"350900";2018;54;8;103173,69;1910,62388888889;148,148148148148;"Municipio";11889;"CAIEIRAS";"RRAS03";35012;"FRANCO DA ROCHA";"Quedas";454,201362604088
"350900";2019;57;5;87915,19;1542,37175438597;87,719298245614;"Municipio";12530;"CAIEIRAS";"RRAS03";35012;"FRANCO DA ROCHA";"Quedas";454,908220271349
"350900";2020;66;8;141649,73;2146,20803030303;121,212121212121;"Municipio";13173;"CAIEIRAS";"RRAS03";35012;"FRANCO DA ROCHA";"Quedas";501,024823502619
"350900";2021;54;5;81125,94;1502,33222222222;92,5925925925926;"Municipio";13769;"CAIEIRAS";"RRAS03";35012;"FRANCO DA ROCHA";"Quedas";392,185343888445
"350900";2022;57;0;85609,91;1501,92824561404;0;"Municipio";14389;"CAIEIRAS";"RRAS03";35012;"FRANCO DA ROCHA";"Quedas";396,13593717423
"350900";2023;77;5;80031,95;1039,37597402597;64,9350649350649;"Municipio";15097;"CAIEIRAS";"RRAS03";35012;"FRANCO DA ROCHA";"Quedas";510,035106312512
"350900";2024;70;7;102017,87;1457,39814285714;100;"Municipio";15809;"CAIEIRAS";"RRAS03";35012;"FRANCO DA ROCHA";"Quedas";442,785754949712
"350900";2025;74;6;114283,44;1544,37081081081;81,0810810810811;"Municipio";;"CAIEIRAS";"RRAS03";35012;"FRANCO DA ROCHA";"Quedas";
"350910";2015;11;0;11091,79;1008,34454545455;0;"Municipio";845;"CAIUA";"RRAS11";35114;"EXTREMO OESTE PAULISTA";"Quedas";1301,77514792899
"350910";2016;14;2;13404,93;957,495;142,857142857143;"Municipio";866;"CAIUA";"RRAS11";35114;"EXTREMO OESTE PAULISTA";"Quedas";1616,62817551963
"350910";2017;6;0;11763,3;1960,55;0;"Municipio";893;"CAIUA";"RRAS11";35114;"EXTREMO OESTE PAULISTA";"Quedas";671,892497200448
"350910";2018;5;1;2721,87;544,374;200;"Municipio";914;"CAIUA";"RRAS11";35114;"EXTREMO OESTE PAULISTA";"Quedas";547,045951859956
"350910";2019;4;0;8071,91;2017,9775;0;"Municipio";940;"CAIUA";"RRAS11";35114;"EXTREMO OESTE PAULISTA";"Quedas";425,531914893617
"350910";2020;3;1;2331,93;777,31;333,333333333333;"Municipio";972;"CAIUA";"RRAS11";35114;"EXTREMO OESTE PAULISTA";"Quedas";308,641975308642
"350910";2021;3;1;952,75;317,583333333333;333,333333333333;"Municipio";994;"CAIUA";"RRAS11";35114;"EXTREMO OESTE PAULISTA";"Quedas";301,810865191147
"350910";2022;6;0;5526,18;921,03;0;"Municipio";1022;"CAIUA";"RRAS11";35114;"EXTREMO OESTE PAULISTA";"Quedas";587,084148727984
"350910";2023;6;0;1859,96;309,993333333333;0;"Municipio";1062;"CAIUA";"RRAS11";35114;"EXTREMO OESTE PAULISTA";"Quedas";564,971751412429
"350910";2024;9;0;13757,77;1528,64111111111;0;"Municipio";1094;"CAIUA";"RRAS11";35114;"EXTREMO OESTE PAULISTA";"Quedas";822,669104204753
"350910";2025;11;0;36838,22;3348,92909090909;0;"Municipio";;"CAIUA";"RRAS11";35114;"EXTREMO OESTE PAULISTA";"Quedas";
"350920";2015;21;2;29982,24;1427,72571428571;95,2380952380952;"Municipio";6436;"CAJAMAR";"RRAS03";35012;"FRANCO DA ROCHA";"Quedas";326,289620882536
"350920";2016;39;3;71803,25;1841,10897435897;76,9230769230769;"Municipio";6875;"CAJAMAR";"RRAS03";35012;"FRANCO DA ROCHA";"Quedas";567,272727272727
"350920";2017;27;3;40849,16;1512,93185185185;111,111111111111;"Municipio";7344;"CAJAMAR";"RRAS03";35012;"FRANCO DA ROCHA";"Quedas";367,647058823529
"350920";2018;31;3;60243,33;1943,33322580645;96,7741935483871;"Municipio";7839;"CAJAMAR";"RRAS03";35012;"FRANCO DA ROCHA";"Quedas";395,458604413828
"350920";2019;47;3;76736,29;1632,6870212766;63,8297872340425;"Municipio";8357;"CAJAMAR";"RRAS03";35012;"FRANCO DA ROCHA";"Quedas";562,402776115831
"350920";2020;50;5;60354,11;1207,0822;100;"Municipio";8885;"CAJAMAR";"RRAS03";35012;"FRANCO DA ROCHA";"Quedas";562,74620146314
"350920";2021;49;7;76650,88;1564,30367346939;142,857142857143;"Municipio";9389;"CAJAMAR";"RRAS03";35012;"FRANCO DA ROCHA";"Quedas";521,887314943018
"350920";2022;101;1;104995,8;1039,56237623762;9,9009900990099;"Municipio";9921;"CAJAMAR";"RRAS03";35012;"FRANCO DA ROCHA";"Quedas";1018,04253603467
"350920";2023;85;4;50236,58;591,018588235294;47,0588235294118;"Municipio";10508;"CAJAMAR";"RRAS03";35012;"FRANCO DA ROCHA";"Quedas";808,907499048344
"350920";2024;101;5;83179,22;823,556633663366;49,5049504950495;"Municipio";11134;"CAJAMAR";"RRAS03";35012;"FRANCO DA ROCHA";"Quedas";907,131309502425
"350920";2025;89;4;81391,87;914,515393258427;44,9438202247191;"Municipio";;"CAJAMAR";"RRAS03";35012;"FRANCO DA ROCHA";"Quedas";
"350925";2015;17;2;34934,6;2054,97647058824;117,647058823529;"Municipio";3721;"CAJATI";"RRAS07";35121;"VALE DO RIBEIRA";"Quedas";456,866433754367
"350925";2016;21;3;26434,49;1258,78523809524;142,857142857143;"Municipio";3836;"CAJATI";"RRAS07";35121;"VALE DO RIBEIRA";"Quedas";547,445255474453
"350925";2017;17;0;15810,58;930,034117647059;0;"Municipio";3951;"CAJATI";"RRAS07";35121;"VALE DO RIBEIRA";"Quedas";430,270817514553
"350925";2018;19;0;27414,85;1442,88684210526;0;"Municipio";4067;"CAJATI";"RRAS07";35121;"VALE DO RIBEIRA";"Quedas";467,174821735923
"350925";2019;34;1;51315,91;1509,29147058824;29,4117647058824;"Municipio";4186;"CAJATI";"RRAS07";35121;"VALE DO RIBEIRA";"Quedas";812,231247013856
"350925";2020;41;5;56291,93;1372,97390243902;121,951219512195;"Municipio";4300;"CAJATI";"RRAS07";35121;"VALE DO RIBEIRA";"Quedas";953,488372093023
"350925";2021;38;0;54205,77;1426,46763157895;0;"Municipio";4395;"CAJATI";"RRAS07";35121;"VALE DO RIBEIRA";"Quedas";864,618885096701
"350925";2022;38;0;43159,76;1135,78315789474;0;"Municipio";4490;"CAJATI";"RRAS07";35121;"VALE DO RIBEIRA";"Quedas";846,325167037862
"350925";2023;31;4;50292,43;1622,3364516129;129,032258064516;"Municipio";4618;"CAJATI";"RRAS07";35121;"VALE DO RIBEIRA";"Quedas";671,286271113036
"350925";2024;42;1;63754,79;1517,97119047619;23,8095238095238;"Municipio";4752;"CAJATI";"RRAS07";35121;"VALE DO RIBEIRA";"Quedas";883,838383838384
"350925";2025;45;0;54514,08;1211,424;0;"Municipio";;"CAJATI";"RRAS07";35121;"VALE DO RIBEIRA";"Quedas";
"350930";2015;16;0;20662,73;1291,420625;0;"Municipio";1695;"CAJOBI";"RRAS13";35051;"NORTE BARRETOS";"Quedas";943,952802359882
"350930";2016;14;1;14317,3;1022,66428571429;71,4285714285714;"Municipio";1742;"CAJOBI";"RRAS13";35051;"NORTE BARRETOS";"Quedas";803,673938002296
"350930";2017;12;1;19934,68;1661,22333333333;83,3333333333333;"Municipio";1788;"CAJOBI";"RRAS13";35051;"NORTE BARRETOS";"Quedas";671,140939597315
"350930";2018;24;0;43191,5;1799,64583333333;0;"Municipio";1839;"CAJOBI";"RRAS13";35051;"NORTE BARRETOS";"Quedas";1305,05709624796
"350930";2019;17;0;39080,21;2298,83588235294;0;"Municipio";1891;"CAJOBI";"RRAS13";35051;"NORTE BARRETOS";"Quedas";898,995240613432
"350930";2020;17;0;30581,81;1798,93;0;"Municipio";1943;"CAJOBI";"RRAS13";35051;"NORTE BARRETOS";"Quedas";874,935666495111
"350930";2021;15;1;25097,25;1673,15;66,6666666666667;"Municipio";1981;"CAJOBI";"RRAS13";35051;"NORTE BARRETOS";"Quedas";757,193336698637
"350930";2022;21;1;49254,79;2345,46619047619;47,6190476190476;"Municipio";2018;"CAJOBI";"RRAS13";35051;"NORTE BARRETOS";"Quedas";1040,6342913776
"350930";2023;12;0;23636,12;1969,67666666667;0;"Municipio";2069;"CAJOBI";"RRAS13";35051;"NORTE BARRETOS";"Quedas";579,990333494442
"350930";2024;27;4;37129,16;1375,15407407407;148,148148148148;"Municipio";2117;"CAJOBI";"RRAS13";35051;"NORTE BARRETOS";"Quedas";1275,38970240907
"350930";2025;29;1;112468,41;3878,22103448276;34,4827586206897;"Municipio";;"CAJOBI";"RRAS13";35051;"NORTE BARRETOS";"Quedas";
"350940";2015;35;3;37006,7;1057,33428571429;85,7142857142857;"Municipio";3568;"CAJURU";"RRAS13";35133;"VALE DAS CACHOEIRAS";"Quedas";980,941704035875
"350940";2016;53;1;52341,33;987,572264150943;18,8679245283019;"Municipio";3672;"CAJURU";"RRAS13";35133;"VALE DAS CACHOEIRAS";"Quedas";1443,35511982571
"350940";2017;34;1;34142,92;1004,20352941176;29,4117647058824;"Municipio";3788;"CAJURU";"RRAS13";35133;"VALE DAS CACHOEIRAS";"Quedas";897,571277719113
"350940";2018;56;1;49416,86;882,443928571429;17,8571428571429;"Municipio";3904;"CAJURU";"RRAS13";35133;"VALE DAS CACHOEIRAS";"Quedas";1434,4262295082
"350940";2019;55;2;58278,71;1059,61290909091;36,3636363636364;"Municipio";4029;"CAJURU";"RRAS13";35133;"VALE DAS CACHOEIRAS";"Quedas";1365,10300322661
"350940";2020;44;2;41604,68;945,560909090909;45,4545454545455;"Municipio";4146;"CAJURU";"RRAS13";35133;"VALE DAS CACHOEIRAS";"Quedas";1061,26386878919
"350940";2021;68;2;76666,04;1127,44176470588;29,4117647058824;"Municipio";4243;"CAJURU";"RRAS13";35133;"VALE DAS CACHOEIRAS";"Quedas";1602,6396417629
"350940";2022;61;3;55745,33;913,857868852459;49,1803278688525;"Municipio";4345;"CAJURU";"RRAS13";35133;"VALE DAS CACHOEIRAS";"Quedas";1403,91254315305
"350940";2023;62;1;44954,72;725,076129032258;16,1290322580645;"Municipio";4467;"CAJURU";"RRAS13";35133;"VALE DAS CACHOEIRAS";"Quedas";1387,95612267741
"350940";2024;78;1;110819,38;1420,76128205128;12,8205128205128;"Municipio";4597;"CAJURU";"RRAS13";35133;"VALE DAS CACHOEIRAS";"Quedas";1696,75875571025
"350940";2025;19;3;119083,79;6267,56789473684;157,894736842105;"Municipio";;"CAJURU";"RRAS13";35133;"VALE DAS CACHOEIRAS";"Quedas";
"350945";2015;3;1;5931,76;1977,25333333333;333,333333333333;"Municipio";889;"CAMPINA DO MONTE ALEGRE";"RRAS08";35161;"ITAPETININGA";"Quedas";337,457817772778
"350945";2016;4;1;7374,88;1843,72;250;"Municipio";923;"CAMPINA DO MONTE ALEGRE";"RRAS08";35161;"ITAPETININGA";"Quedas";433,369447453954
"350945";2017;6;1;17381,12;2896,85333333333;166,666666666667;"Municipio";957;"CAMPINA DO MONTE ALEGRE";"RRAS08";35161;"ITAPETININGA";"Quedas";626,959247648903
"350945";2018;4;0;8715,36;2178,84;0;"Municipio";993;"CAMPINA DO MONTE ALEGRE";"RRAS08";35161;"ITAPETININGA";"Quedas";402,81973816717
"350945";2019;7;0;10704,9;1529,27142857143;0;"Municipio";1026;"CAMPINA DO MONTE ALEGRE";"RRAS08";35161;"ITAPETININGA";"Quedas";682,261208576998
"350945";2020;4;0;3339,17;834,7925;0;"Municipio";1064;"CAMPINA DO MONTE ALEGRE";"RRAS08";35161;"ITAPETININGA";"Quedas";375,93984962406
"350945";2021;10;1;18294,14;1829,414;100;"Municipio";1092;"CAMPINA DO MONTE ALEGRE";"RRAS08";35161;"ITAPETININGA";"Quedas";915,750915750916
"350945";2022;4;0;3660,23;915,0575;0;"Municipio";1128;"CAMPINA DO MONTE ALEGRE";"RRAS08";35161;"ITAPETININGA";"Quedas";354,609929078014
"350945";2023;11;1;18374,63;1670,42090909091;90,9090909090909;"Municipio";1163;"CAMPINA DO MONTE ALEGRE";"RRAS08";35161;"ITAPETININGA";"Quedas";945,829750644884
"350945";2024;11;1;23293,16;2117,56;90,9090909090909;"Municipio";1201;"CAMPINA DO MONTE ALEGRE";"RRAS08";35161;"ITAPETININGA";"Quedas";915,903413821815
"350945";2025;6;1;10763,95;1793,99166666667;166,666666666667;"Municipio";;"CAMPINA DO MONTE ALEGRE";"RRAS08";35161;"ITAPETININGA";"Quedas";
"350950";2015;902;76;1513539,17;1677,98134146341;84,2572062084257;"Municipio";175732;"CAMPINAS";"RRAS15";35072;"REG METRO CAMPINAS";"Quedas";513,281587872442
"350950";2016;824;60;1447678,67;1756,89158980583;72,8155339805825;"Municipio";182248;"CAMPINAS";"RRAS15";35072;"REG METRO CAMPINAS";"Quedas";452,13116193319
"350950";2017;762;64;1593626,82;2091,37377952756;83,989501312336;"Municipio";188861;"CAMPINAS";"RRAS15";35072;"REG METRO CAMPINAS";"Quedas";403,471336061971
"350950";2018;781;71;1517835,45;1943,45128040973;90,9090909090909;"Municipio";195474;"CAMPINAS";"RRAS15";35072;"REG METRO CAMPINAS";"Quedas";399,54162701945
"350950";2019;910;68;2091359;2298,1967032967;74,7252747252747;"Municipio";202041;"CAMPINAS";"RRAS15";35072;"REG METRO CAMPINAS";"Quedas";450,403630946194
"350950";2020;1456;117;2998688,18;2059,53858516484;80,3571428571429;"Municipio";208227;"CAMPINAS";"RRAS15";35072;"REG METRO CAMPINAS";"Quedas";699,236890508916
"350950";2021;964;77;2169802,94;2250,8329253112;79,8755186721992;"Municipio";213407;"CAMPINAS";"RRAS15";35072;"REG METRO CAMPINAS";"Quedas";451,719015777364
"350950";2022;1084;81;2630929,04;2427,0563099631;74,7232472324723;"Municipio";218542;"CAMPINAS";"RRAS15";35072;"REG METRO CAMPINAS";"Quedas";496,014496069405
"350950";2023;1038;69;2577358,83;2483,00465317919;66,4739884393064;"Municipio";224608;"CAMPINAS";"RRAS15";35072;"REG METRO CAMPINAS";"Quedas";462,138481265138
"350950";2024;1051;93;2961648,96;2817,93431018078;88,4871550903901;"Municipio";230940;"CAMPINAS";"RRAS15";35072;"REG METRO CAMPINAS";"Quedas";455,096561877544
"350950";2025;1037;95;3449335,75;3326,26398264224;91,6104146576663;"Municipio";;"CAMPINAS";"RRAS15";35072;"REG METRO CAMPINAS";"Quedas";
"350960";2015;1;0;524,89;524,89;0;"Municipio";9697;"CAMPO LIMPO PAULISTA";"RRAS16";35073;"JUNDIAI";"Quedas";10,3124677735382
"350960";2017;2;0;1618,54;809,27;0;"Municipio";10671;"CAMPO LIMPO PAULISTA";"RRAS16";35073;"JUNDIAI";"Quedas";18,7423859057258
"350960";2018;1;0;1653,52;1653,52;0;"Municipio";11162;"CAMPO LIMPO PAULISTA";"RRAS16";35073;"JUNDIAI";"Quedas";8,95896792689482
"350960";2019;3;0;1353,48;451,16;0;"Municipio";11648;"CAMPO LIMPO PAULISTA";"RRAS16";35073;"JUNDIAI";"Quedas";25,7554945054945
"350960";2020;1;0;60,22;60,22;0;"Municipio";12118;"CAMPO LIMPO PAULISTA";"RRAS16";35073;"JUNDIAI";"Quedas";8,25218682950982
"350960";2021;1;0;40,38;40,38;0;"Municipio";12526;"CAMPO LIMPO PAULISTA";"RRAS16";35073;"JUNDIAI";"Quedas";7,98339453935813
"350960";2022;5;0;3896,66;779,332;0;"Municipio";12929;"CAMPO LIMPO PAULISTA";"RRAS16";35073;"JUNDIAI";"Quedas";38,6727511795189
"350960";2023;4;0;3810,91;952,7275;0;"Municipio";13381;"CAMPO LIMPO PAULISTA";"RRAS16";35073;"JUNDIAI";"Quedas";29,8931320529108
"350960";2024;2;1;4696,25;2348,125;500;"Municipio";13856;"CAMPO LIMPO PAULISTA";"RRAS16";35073;"JUNDIAI";"Quedas";14,4341801385681
"350960";2025;1;0;439,08;439,08;0;"Municipio";;"CAMPO LIMPO PAULISTA";"RRAS16";35073;"JUNDIAI";"Quedas";
"350970";2015;30;3;78504,11;2616,80366666667;100;"Municipio";5833;"CAMPOS DO JORDAO";"RRAS17";35174;"VALE PARAIBA REGIAO SERRANA";"Quedas";514,315103720213
"350970";2016;28;2;60228,42;2151,015;71,4285714285714;"Municipio";6078;"CAMPOS DO JORDAO";"RRAS17";35174;"VALE PARAIBA REGIAO SERRANA";"Quedas";460,67785455742
"350970";2017;51;0;84012,31;1647,30019607843;0;"Municipio";6337;"CAMPOS DO JORDAO";"RRAS17";35174;"VALE PARAIBA REGIAO SERRANA";"Quedas";804,797222660565
"350970";2018;46;3;90684,65;1971,40543478261;65,2173913043478;"Municipio";6598;"CAMPOS DO JORDAO";"RRAS17";35174;"VALE PARAIBA REGIAO SERRANA";"Quedas";697,180963928463
"350970";2019;57;1;96835,13;1698,86192982456;17,5438596491228;"Municipio";6862;"CAMPOS DO JORDAO";"RRAS17";35174;"VALE PARAIBA REGIAO SERRANA";"Quedas";830,661614689595
"350970";2020;69;2;151133,75;2190,34420289855;28,9855072463768;"Municipio";7118;"CAMPOS DO JORDAO";"RRAS17";35174;"VALE PARAIBA REGIAO SERRANA";"Quedas";969,373419499859
"350970";2021;72;2;160838,81;2233,87236111111;27,7777777777778;"Municipio";7345;"CAMPOS DO JORDAO";"RRAS17";35174;"VALE PARAIBA REGIAO SERRANA";"Quedas";980,258679373724
"350970";2022;68;2;177313,95;2607,55808823529;29,4117647058824;"Municipio";7581;"CAMPOS DO JORDAO";"RRAS17";35174;"VALE PARAIBA REGIAO SERRANA";"Quedas";896,979290331091
"350970";2023;72;5;176637,87;2453,30375;69,4444444444444;"Municipio";7851;"CAMPOS DO JORDAO";"RRAS17";35174;"VALE PARAIBA REGIAO SERRANA";"Quedas";917,080626671761
"350970";2024;62;2;214134,64;3453,78451612903;32,258064516129;"Municipio";8141;"CAMPOS DO JORDAO";"RRAS17";35174;"VALE PARAIBA REGIAO SERRANA";"Quedas";761,577201817958
"350970";2025;61;6;195661,09;3207,55885245902;98,3606557377049;"Municipio";;"CAMPOS DO JORDAO";"RRAS17";35174;"VALE PARAIBA REGIAO SERRANA";"Quedas";
"350980";2015;4;0;7004,64;1751,16;0;"Municipio";772;"CAMPOS NOVOS PAULISTA";"RRAS10";35093;"MARILIA";"Quedas";518,134715025907
"350980";2016;4;1;4060,79;1015,1975;250;"Municipio";794;"CAMPOS NOVOS PAULISTA";"RRAS10";35093;"MARILIA";"Quedas";503,778337531486
"350980";2017;8;0;22458,43;2807,30375;0;"Municipio";820;"CAMPOS NOVOS PAULISTA";"RRAS10";35093;"MARILIA";"Quedas";975,609756097561
"350980";2018;1;0;541,19;541,19;0;"Municipio";840;"CAMPOS NOVOS PAULISTA";"RRAS10";35093;"MARILIA";"Quedas";119,047619047619
"350980";2019;4;0;11287,22;2821,805;0;"Municipio";861;"CAMPOS NOVOS PAULISTA";"RRAS10";35093;"MARILIA";"Quedas";464,576074332172
"350980";2020;3;0;10644,1;3548,03333333333;0;"Municipio";886;"CAMPOS NOVOS PAULISTA";"RRAS10";35093;"MARILIA";"Quedas";338,600451467269
"350980";2021;3;0;8173,5;2724,5;0;"Municipio";906;"CAMPOS NOVOS PAULISTA";"RRAS10";35093;"MARILIA";"Quedas";331,12582781457
"350980";2022;9;0;23208,53;2578,72555555556;0;"Municipio";924;"CAMPOS NOVOS PAULISTA";"RRAS10";35093;"MARILIA";"Quedas";974,025974025974
"350980";2023;12;0;18667,42;1555,61833333333;0;"Municipio";947;"CAMPOS NOVOS PAULISTA";"RRAS10";35093;"MARILIA";"Quedas";1267,15945089757
"350980";2024;12;1;38101,69;3175,14083333333;83,3333333333333;"Municipio";969;"CAMPOS NOVOS PAULISTA";"RRAS10";35093;"MARILIA";"Quedas";1238,39009287926
"350980";2025;7;0;24925,8;3560,82857142857;0;"Municipio";;"CAMPOS NOVOS PAULISTA";"RRAS10";35093;"MARILIA";"Quedas";
"350990";2015;8;0;12945,2;1618,15;0;"Municipio";1969;"CANANEIA";"RRAS07";35121;"VALE DO RIBEIRA";"Quedas";406,297613001524
"350990";2016;11;0;16985,47;1544,13363636364;0;"Municipio";2036;"CANANEIA";"RRAS07";35121;"VALE DO RIBEIRA";"Quedas";540,275049115914
"350990";2017;20;0;31454,56;1572,728;0;"Municipio";2112;"CANANEIA";"RRAS07";35121;"VALE DO RIBEIRA";"Quedas";946,969696969697
"350990";2018;17;1;29212,29;1718,37;58,8235294117647;"Municipio";2180;"CANANEIA";"RRAS07";35121;"VALE DO RIBEIRA";"Quedas";779,816513761468
"350990";2019;20;0;25427,76;1271,388;0;"Municipio";2252;"CANANEIA";"RRAS07";35121;"VALE DO RIBEIRA";"Quedas";888,09946714032
"350990";2020;10;0;11045,66;1104,566;0;"Municipio";2322;"CANANEIA";"RRAS07";35121;"VALE DO RIBEIRA";"Quedas";430,663221360896
"350990";2021;20;0;33367,94;1668,397;0;"Municipio";2382;"CANANEIA";"RRAS07";35121;"VALE DO RIBEIRA";"Quedas";839,630562552477
"350990";2022;16;0;22960,07;1435,004375;0;"Municipio";2444;"CANANEIA";"RRAS07";35121;"VALE DO RIBEIRA";"Quedas";654,664484451719
"350990";2023;13;0;17864,78;1374,21384615385;0;"Municipio";2514;"CANANEIA";"RRAS07";35121;"VALE DO RIBEIRA";"Quedas";517,104216388226
"350990";2024;22;3;52695,84;2395,26545454545;136,363636363636;"Municipio";2579;"CANANEIA";"RRAS07";35121;"VALE DO RIBEIRA";"Quedas";853,043815432338
"350990";2025;16;1;27465,81;1716,613125;62,5;"Municipio";;"CANANEIA";"RRAS07";35121;"VALE DO RIBEIRA";"Quedas";
"350995";2015;2;1;3543,77;1771,885;500;"Municipio";523;"CANAS";"RRAS17";35172;"CIRCUITO DA FE VALE HISTORICO";"Quedas";382,409177820268
"350995";2016;3;0;5855,65;1951,88333333333;0;"Municipio";544;"CANAS";"RRAS17";35172;"CIRCUITO DA FE VALE HISTORICO";"Quedas";551,470588235294
"350995";2017;5;1;8278,76;1655,752;200;"Municipio";568;"CANAS";"RRAS17";35172;"CIRCUITO DA FE VALE HISTORICO";"Quedas";880,281690140845
"350995";2018;2;0;2350,23;1175,115;0;"Municipio";596;"CANAS";"RRAS17";35172;"CIRCUITO DA FE VALE HISTORICO";"Quedas";335,570469798658
"350995";2019;2;0;4106,34;2053,17;0;"Municipio";627;"CANAS";"RRAS17";35172;"CIRCUITO DA FE VALE HISTORICO";"Quedas";318,979266347687
"350995";2020;5;1;11468,91;2293,782;200;"Municipio";657;"CANAS";"RRAS17";35172;"CIRCUITO DA FE VALE HISTORICO";"Quedas";761,03500761035
"350995";2021;12;0;19314,56;1609,54666666667;0;"Municipio";685;"CANAS";"RRAS17";35172;"CIRCUITO DA FE VALE HISTORICO";"Quedas";1751,82481751825
"350995";2022;9;1;9946,34;1105,14888888889;111,111111111111;"Municipio";716;"CANAS";"RRAS17";35172;"CIRCUITO DA FE VALE HISTORICO";"Quedas";1256,98324022346
"350995";2023;4;0;4698,22;1174,555;0;"Municipio";739;"CANAS";"RRAS17";35172;"CIRCUITO DA FE VALE HISTORICO";"Quedas";541,27198917456
"350995";2024;2;0;1975,99;987,995;0;"Municipio";779;"CANAS";"RRAS17";35172;"CIRCUITO DA FE VALE HISTORICO";"Quedas";256,739409499358
"350995";2025;8;1;51612,89;6451,61125;125;"Municipio";;"CANAS";"RRAS17";35172;"CIRCUITO DA FE VALE HISTORICO";"Quedas";
"351000";2015;35;3;54591,31;1559,75171428571;85,7142857142857;"Municipio";5226;"CANDIDO MOTA";"RRAS10";35092;"ASSIS";"Quedas";669,72828166858
"351000";2016;41;2;40574,27;989,616341463415;48,780487804878;"Municipio";5375;"CANDIDO MOTA";"RRAS10";35092;"ASSIS";"Quedas";762,790697674419
"351000";2017;51;0;73767,04;1446,41254901961;0;"Municipio";5536;"CANDIDO MOTA";"RRAS10";35092;"ASSIS";"Quedas";921,242774566474
"351000";2018;45;4;49872,11;1108,26911111111;88,8888888888889;"Municipio";5696;"CANDIDO MOTA";"RRAS10";35092;"ASSIS";"Quedas";790,02808988764
"351000";2019;58;3;62859,05;1083,77672413793;51,7241379310345;"Municipio";5861;"CANDIDO MOTA";"RRAS10";35092;"ASSIS";"Quedas";989,592219757721
"351000";2020;80;3;105645,88;1320,5735;37,5;"Municipio";6020;"CANDIDO MOTA";"RRAS10";35092;"ASSIS";"Quedas";1328,90365448505
"351000";2021;70;2;106138,35;1516,26214285714;28,5714285714286;"Municipio";6151;"CANDIDO MOTA";"RRAS10";35092;"ASSIS";"Quedas";1138,02633718095
"351000";2022;66;1;125779,79;1905,75439393939;15,1515151515152;"Municipio";6282;"CANDIDO MOTA";"RRAS10";35092;"ASSIS";"Quedas";1050,62082139446
"351000";2023;90;4;128894,94;1432,166;44,4444444444444;"Municipio";6446;"CANDIDO MOTA";"RRAS10";35092;"ASSIS";"Quedas";1396,21470679491
"351000";2024;88;4;140366,43;1595,07306818182;45,4545454545455;"Municipio";6620;"CANDIDO MOTA";"RRAS10";35092;"ASSIS";"Quedas";1329,30513595166
"351000";2025;69;3;131131,87;1900,46188405797;43,4782608695652;"Municipio";;"CANDIDO MOTA";"RRAS10";35092;"ASSIS";"Quedas";
"351010";2015;6;0;1238,95;206,491666666667;0;"Municipio";599;"CANDIDO RODRIGUES";"RRAS18";35033;"NOROESTE DRS III";"Quedas";1001,6694490818
"351010";2016;5;0;1534,6;306,92;0;"Municipio";616;"CANDIDO RODRIGUES";"RRAS18";35033;"NOROESTE DRS III";"Quedas";811,688311688312
"351010";2017;1;0;429,3;429,3;0;"Municipio";636;"CANDIDO RODRIGUES";"RRAS18";35033;"NOROESTE DRS III";"Quedas";157,232704402516
"351010";2018;2;0;2902,3;1451,15;0;"Municipio";657;"CANDIDO RODRIGUES";"RRAS18";35033;"NOROESTE DRS III";"Quedas";304,41400304414
"351010";2019;5;1;8671,2;1734,24;200;"Municipio";678;"CANDIDO RODRIGUES";"RRAS18";35033;"NOROESTE DRS III";"Quedas";737,463126843658
"351010";2020;4;1;874,78;218,695;250;"Municipio";698;"CANDIDO RODRIGUES";"RRAS18";35033;"NOROESTE DRS III";"Quedas";573,065902578797
"351010";2021;2;0;780,12;390,06;0;"Municipio";712;"CANDIDO RODRIGUES";"RRAS18";35033;"NOROESTE DRS III";"Quedas";280,898876404494
"351010";2022;2;0;3050,06;1525,03;0;"Municipio";735;"CANDIDO RODRIGUES";"RRAS18";35033;"NOROESTE DRS III";"Quedas";272,108843537415
"351010";2023;4;0;2884,41;721,1025;0;"Municipio";746;"CANDIDO RODRIGUES";"RRAS18";35033;"NOROESTE DRS III";"Quedas";536,193029490617
"351010";2024;6;0;5250,15;875,025;0;"Municipio";763;"CANDIDO RODRIGUES";"RRAS18";35033;"NOROESTE DRS III";"Quedas";786,369593709043
"351010";2025;3;0;1341,98;447,326666666667;0;"Municipio";;"CANDIDO RODRIGUES";"RRAS18";35033;"NOROESTE DRS III";"Quedas";
"351015";2015;5;0;4199,74;839,948;0;"Municipio";529;"CANITAR";"RRAS10";35094;"OURINHOS";"Quedas";945,179584120983
"351015";2016;7;0;9030,07;1290,01;0;"Municipio";554;"CANITAR";"RRAS10";35094;"OURINHOS";"Quedas";1263,53790613718
"351015";2017;2;0;3942,85;1971,425;0;"Municipio";577;"CANITAR";"RRAS10";35094;"OURINHOS";"Quedas";346,620450606586
"351015";2018;4;1;4295,21;1073,8025;250;"Municipio";608;"CANITAR";"RRAS10";35094;"OURINHOS";"Quedas";657,894736842105
"351015";2019;7;0;17584,16;2512,02285714286;0;"Municipio";635;"CANITAR";"RRAS10";35094;"OURINHOS";"Quedas";1102,36220472441
"351015";2020;10;0;20455,83;2045,583;0;"Municipio";663;"CANITAR";"RRAS10";35094;"OURINHOS";"Quedas";1508,29562594268
"351015";2021;8;0;22041,35;2755,16875;0;"Municipio";685;"CANITAR";"RRAS10";35094;"OURINHOS";"Quedas";1167,88321167883
"351015";2022;9;1;34621,35;3846,81666666667;111,111111111111;"Municipio";718;"CANITAR";"RRAS10";35094;"OURINHOS";"Quedas";1253,48189415042
"351015";2023;4;0;18198,72;4549,68;0;"Municipio";748;"CANITAR";"RRAS10";35094;"OURINHOS";"Quedas";534,75935828877
"351015";2024;11;0;19724,89;1793,17181818182;0;"Municipio";786;"CANITAR";"RRAS10";35094;"OURINHOS";"Quedas";1399,49109414758
"351015";2025;5;0;21854,77;4370,954;0;"Municipio";;"CANITAR";"RRAS10";35094;"OURINHOS";"Quedas";
"351020";2015;18;0;25356,66;1408,70333333333;0;"Municipio";6613;"CAPAO BONITO";"RRAS08";35161;"ITAPETININGA";"Quedas";272,191138666263
"351020";2016;40;2;59724,11;1493,10275;50;"Municipio";6794;"CAPAO BONITO";"RRAS08";35161;"ITAPETININGA";"Quedas";588,754783632617
"351020";2017;35;2;66573,51;1902,10028571429;57,1428571428571;"Municipio";6985;"CAPAO BONITO";"RRAS08";35161;"ITAPETININGA";"Quedas";501,073729420186
"351020";2018;31;1;50058,36;1614,78580645161;32,258064516129;"Municipio";7178;"CAPAO BONITO";"RRAS08";35161;"ITAPETININGA";"Quedas";431,875174143215
"351020";2019;52;5;108930,54;2094,81807692308;96,1538461538462;"Municipio";7373;"CAPAO BONITO";"RRAS08";35161;"ITAPETININGA";"Quedas";705,27600705276
"351020";2020;49;5;77606,73;1583,81081632653;102,040816326531;"Municipio";7557;"CAPAO BONITO";"RRAS08";35161;"ITAPETININGA";"Quedas";648,405451898902
"351020";2021;39;3;63821,86;1636,45794871795;76,9230769230769;"Municipio";7704;"CAPAO BONITO";"RRAS08";35161;"ITAPETININGA";"Quedas";506,230529595016
"351020";2022;58;2;92285,62;1591,13137931034;34,4827586206897;"Municipio";7851;"CAPAO BONITO";"RRAS08";35161;"ITAPETININGA";"Quedas";738,759393707808
"351020";2023;65;3;132934,45;2045,14538461538;46,1538461538462;"Municipio";8042;"CAPAO BONITO";"RRAS08";35161;"ITAPETININGA";"Quedas";808,256652573987
"351020";2024;51;2;104480,5;2048,63725490196;39,2156862745098;"Municipio";8247;"CAPAO BONITO";"RRAS08";35161;"ITAPETININGA";"Quedas";618,406693343034
"351020";2025;71;3;133624,85;1882,04014084507;42,2535211267606;"Municipio";;"CAPAO BONITO";"RRAS08";35161;"ITAPETININGA";"Quedas";
"351030";2015;9;1;33027,71;3669,74555555556;111,111111111111;"Municipio";2416;"CAPELA DO ALTO";"RRAS08";35163;"SOROCABA";"Quedas";372,516556291391
"351030";2016;9;1;9220,76;1024,52888888889;111,111111111111;"Municipio";2531;"CAPELA DO ALTO";"RRAS08";35163;"SOROCABA";"Quedas";355,590675622284
"351030";2017;12;0;21424,85;1785,40416666667;0;"Municipio";2658;"CAPELA DO ALTO";"RRAS08";35163;"SOROCABA";"Quedas";451,467268623025
"351030";2018;13;0;29843,9;2295,68461538462;0;"Municipio";2790;"CAPELA DO ALTO";"RRAS08";35163;"SOROCABA";"Quedas";465,949820788531
"351030";2019;18;1;19876,83;1104,26833333333;55,5555555555556;"Municipio";2928;"CAPELA DO ALTO";"RRAS08";35163;"SOROCABA";"Quedas";614,754098360656
"351030";2020;19;2;49018,84;2579,93894736842;105,263157894737;"Municipio";3075;"CAPELA DO ALTO";"RRAS08";35163;"SOROCABA";"Quedas";617,886178861789
"351030";2021;16;2;32097,73;2006,108125;125;"Municipio";3203;"CAPELA DO ALTO";"RRAS08";35163;"SOROCABA";"Quedas";499,531689041524
"351030";2022;24;1;55582,47;2315,93625;41,6666666666667;"Municipio";3334;"CAPELA DO ALTO";"RRAS08";35163;"SOROCABA";"Quedas";719,856028794241
"351030";2023;18;1;57337,76;3185,43111111111;55,5555555555556;"Municipio";3490;"CAPELA DO ALTO";"RRAS08";35163;"SOROCABA";"Quedas";515,759312320917
"351030";2024;16;2;57986,81;3624,175625;125;"Municipio";3647;"CAPELA DO ALTO";"RRAS08";35163;"SOROCABA";"Quedas";438,716753496024
"351030";2025;23;1;69328,52;3014,28347826087;43,4782608695652;"Municipio";;"CAPELA DO ALTO";"RRAS08";35163;"SOROCABA";"Quedas";
"351040";2015;61;1;67136,07;1100,59131147541;16,3934426229508;"Municipio";6704;"CAPIVARI";"RRAS14";35103;"PIRACICABA";"Quedas";909,904534606205
"351040";2016;38;3;53086,21;1397,00552631579;78,9473684210526;"Municipio";6952;"CAPIVARI";"RRAS14";35103;"PIRACICABA";"Quedas";546,605293440736
"351040";2017;73;0;121373;1662,64383561644;0;"Municipio";7208;"CAPIVARI";"RRAS14";35103;"PIRACICABA";"Quedas";1012,76359600444
"351040";2018;47;1;70907,05;1508,66063829787;21,2765957446809;"Municipio";7479;"CAPIVARI";"RRAS14";35103;"PIRACICABA";"Quedas";628,426260195213
"351040";2019;85;2;127764,75;1503,11470588235;23,5294117647059;"Municipio";7761;"CAPIVARI";"RRAS14";35103;"PIRACICABA";"Quedas";1095,21968818451
"351040";2020;62;1;86259,13;1391,27629032258;16,1290322580645;"Municipio";8038;"CAPIVARI";"RRAS14";35103;"PIRACICABA";"Quedas";771,336153271958
"351040";2021;55;0;63203,59;1149,15618181818;0;"Municipio";8276;"CAPIVARI";"RRAS14";35103;"PIRACICABA";"Quedas";664,572257129048
"351040";2022;65;2;85886,45;1321,33;30,7692307692308;"Municipio";8523;"CAPIVARI";"RRAS14";35103;"PIRACICABA";"Quedas";762,642262114279
"351040";2023;63;3;82183,1;1304,49365079365;47,6190476190476;"Municipio";8816;"CAPIVARI";"RRAS14";35103;"PIRACICABA";"Quedas";714,609800362976
"351040";2024;71;4;143208,48;2017,02084507042;56,3380281690141;"Municipio";9121;"CAPIVARI";"RRAS14";35103;"PIRACICABA";"Quedas";778,423418484815
"351040";2025;61;2;150194,53;2462,20540983607;32,7868852459016;"Municipio";;"CAPIVARI";"RRAS14";35103;"PIRACICABA";"Quedas";
"351050";2015;7;1;11051,41;1578,77285714286;142,857142857143;"Municipio";15988;"CARAGUATATUBA";"RRAS17";35173;"LITORAL NORTE";"Quedas";43,7828371278459
"351050";2016;38;3;79260,68;2085,80736842105;78,9473684210526;"Municipio";16921;"CARAGUATATUBA";"RRAS17";35173;"LITORAL NORTE";"Quedas";224,573015779209
"351050";2017;84;4;174155,26;2073,2769047619;47,6190476190476;"Municipio";17889;"CARAGUATATUBA";"RRAS17";35173;"LITORAL NORTE";"Quedas";469,562300855274
"351050";2018;105;9;244720,31;2330,66961904762;85,7142857142857;"Municipio";18882;"CARAGUATATUBA";"RRAS17";35173;"LITORAL NORTE";"Quedas";556,085160470289
"351050";2019;128;11;288327,9;2252,56171875;85,9375;"Municipio";19903;"CARAGUATATUBA";"RRAS17";35173;"LITORAL NORTE";"Quedas";643,119127769683
"351050";2020;30;4;45602,73;1520,091;133,333333333333;"Municipio";20928;"CARAGUATATUBA";"RRAS17";35173;"LITORAL NORTE";"Quedas";143,348623853211
"351050";2021;20;0;57244,69;2862,2345;0;"Municipio";21866;"CARAGUATATUBA";"RRAS17";35173;"LITORAL NORTE";"Quedas";91,4662032379036
"351050";2022;92;5;218757,15;2377,79510869565;54,3478260869565;"Municipio";22797;"CARAGUATATUBA";"RRAS17";35173;"LITORAL NORTE";"Quedas";403,561872176164
"351050";2023;95;7;233137,1;2454,07473684211;73,6842105263158;"Municipio";23813;"CARAGUATATUBA";"RRAS17";35173;"LITORAL NORTE";"Quedas";398,941754503842
"351050";2024;122;9;291415,52;2388,65180327869;73,7704918032787;"Municipio";24902;"CARAGUATATUBA";"RRAS17";35173;"LITORAL NORTE";"Quedas";489,920488314192
"351050";2025;164;15;443939,25;2706,94664634146;91,4634146341463;"Municipio";;"CARAGUATATUBA";"RRAS17";35173;"LITORAL NORTE";"Quedas";
"351060";2015;250;20;372979,5;1491,918;80;"Municipio";42095;"CARAPICUIBA";"RRAS05";35014;"ROTA DOS BANDEIRANTES";"Quedas";593,894761848201
"351060";2016;265;19;383382,08;1446,72483018868;71,6981132075472;"Municipio";44107;"CARAPICUIBA";"RRAS05";35014;"ROTA DOS BANDEIRANTES";"Quedas";600,811662547895
"351060";2017;273;14;513558,62;1881,16710622711;51,2820512820513;"Municipio";46122;"CARAPICUIBA";"RRAS05";35014;"ROTA DOS BANDEIRANTES";"Quedas";591,908416807597
"351060";2018;268;23;505498,85;1886,18973880597;85,8208955223881;"Municipio";48094;"CARAPICUIBA";"RRAS05";35014;"ROTA DOS BANDEIRANTES";"Quedas";557,242067617582
"351060";2019;283;23;451878,81;1596,74491166078;81,2720848056537;"Municipio";50044;"CARAPICUIBA";"RRAS05";35014;"ROTA DOS BANDEIRANTES";"Quedas";565,502357925026
"351060";2020;230;19;527668;2294,20869565217;82,6086956521739;"Municipio";51906;"CARAPICUIBA";"RRAS05";35014;"ROTA DOS BANDEIRANTES";"Quedas";443,108696489808
"351060";2021;239;24;437769,9;1831,67322175732;100,418410041841;"Municipio";53553;"CARAPICUIBA";"RRAS05";35014;"ROTA DOS BANDEIRANTES";"Quedas";446,286856011801
"351060";2022;270;20;608480,35;2253,63092592593;74,0740740740741;"Municipio";55234;"CARAPICUIBA";"RRAS05";35014;"ROTA DOS BANDEIRANTES";"Quedas";488,829344244487
"351060";2023;349;27;726061,67;2080,40593123209;77,3638968481375;"Municipio";57197;"CARAPICUIBA";"RRAS05";35014;"ROTA DOS BANDEIRANTES";"Quedas";610,171862160603
"351060";2024;357;17;570168,91;1597,11179271709;47,6190476190476;"Municipio";59294;"CARAPICUIBA";"RRAS05";35014;"ROTA DOS BANDEIRANTES";"Quedas";602,084527945492
"351060";2025;343;32;992375,71;2893,22364431487;93,2944606413994;"Municipio";;"CARAPICUIBA";"RRAS05";35014;"ROTA DOS BANDEIRANTES";"Quedas";
"351070";2015;11;1;23993,36;2181,21454545455;90,9090909090909;"Municipio";2483;"CARDOSO";"RRAS12";35157;"VOTUPORANGA";"Quedas";443,012484897302
"351070";2016;16;2;39606,09;2475,380625;125;"Municipio";2551;"CARDOSO";"RRAS12";35157;"VOTUPORANGA";"Quedas";627,205017640141
"351070";2017;11;0;28320,77;2574,61545454545;0;"Municipio";2628;"CARDOSO";"RRAS12";35157;"VOTUPORANGA";"Quedas";418,569254185693
"351070";2018;23;3;64958,29;2824,27347826087;130,434782608696;"Municipio";2700;"CARDOSO";"RRAS12";35157;"VOTUPORANGA";"Quedas";851,851851851852
"351070";2019;13;0;22073,73;1697,97923076923;0;"Municipio";2778;"CARDOSO";"RRAS12";35157;"VOTUPORANGA";"Quedas";467,96256299496
"351070";2020;18;2;50347,5;2797,08333333333;111,111111111111;"Municipio";2848;"CARDOSO";"RRAS12";35157;"VOTUPORANGA";"Quedas";632,022471910112
"351070";2021;16;2;51473,44;3217,09;125;"Municipio";2897;"CARDOSO";"RRAS12";35157;"VOTUPORANGA";"Quedas";552,295478080773
"351070";2022;18;1;43112,15;2395,11944444444;55,5555555555556;"Municipio";2954;"CARDOSO";"RRAS12";35157;"VOTUPORANGA";"Quedas";609,343263371699
"351070";2023;26;0;50133,94;1928,22846153846;0;"Municipio";3022;"CARDOSO";"RRAS12";35157;"VOTUPORANGA";"Quedas";860,35737921906
"351070";2024;30;0;66083,47;2202,78233333333;0;"Municipio";3089;"CARDOSO";"RRAS12";35157;"VOTUPORANGA";"Quedas";971,188086759469
"351070";2025;36;1;88324,65;2453,4625;27,7777777777778;"Municipio";;"CARDOSO";"RRAS12";35157;"VOTUPORANGA";"Quedas";
"351080";2015;17;0;34153,92;2009,05411764706;0;"Municipio";4817;"CASA BRANCA";"RRAS15";35143;"RIO PARDO";"Quedas";352,916753165871
"351080";2016;15;0;25257,01;1683,80066666667;0;"Municipio";4934;"CASA BRANCA";"RRAS15";35143;"RIO PARDO";"Quedas";304,012971220105
"351080";2017;13;1;17565,29;1351,17615384615;76,9230769230769;"Municipio";5047;"CASA BRANCA";"RRAS15";35143;"RIO PARDO";"Quedas";257,578759659203
"351080";2018;21;0;49113,86;2338,75523809524;0;"Municipio";5168;"CASA BRANCA";"RRAS15";35143;"RIO PARDO";"Quedas";406,346749226006
"351080";2019;19;1;48824,07;2569,68789473684;52,6315789473684;"Municipio";5294;"CASA BRANCA";"RRAS15";35143;"RIO PARDO";"Quedas";358,896864374764
"351080";2020;9;0;18329,25;2036,58333333333;0;"Municipio";5415;"CASA BRANCA";"RRAS15";35143;"RIO PARDO";"Quedas";166,204986149584
"351080";2021;8;2;24785,5;3098,1875;250;"Municipio";5505;"CASA BRANCA";"RRAS15";35143;"RIO PARDO";"Quedas";145,322434150772
"351080";2022;10;4;56064;5606,4;400;"Municipio";5600;"CASA BRANCA";"RRAS15";35143;"RIO PARDO";"Quedas";178,571428571429
"351080";2023;7;0;25699,93;3671,41857142857;0;"Municipio";5729;"CASA BRANCA";"RRAS15";35143;"RIO PARDO";"Quedas";122,185372665387
"351080";2024;3;0;7873,88;2624,62666666667;0;"Municipio";5859;"CASA BRANCA";"RRAS15";35143;"RIO PARDO";"Quedas";51,2032770097286
"351080";2025;3;1;21207,25;7069,08333333333;333,333333333333;"Municipio";;"CASA BRANCA";"RRAS15";35143;"RIO PARDO";"Quedas";
"351090";2015;8;1;11941,87;1492,73375;125;"Municipio";525;"CASSIA DOS COQUEIROS";"RRAS13";35133;"VALE DAS CACHOEIRAS";"Quedas";1523,80952380952
"351090";2016;3;0;1597,77;532,59;0;"Municipio";552;"CASSIA DOS COQUEIROS";"RRAS13";35133;"VALE DAS CACHOEIRAS";"Quedas";543,478260869565
"351090";2017;4;0;8254,47;2063,6175;0;"Municipio";574;"CASSIA DOS COQUEIROS";"RRAS13";35133;"VALE DAS CACHOEIRAS";"Quedas";696,864111498258
"351090";2018;3;0;3108,28;1036,09333333333;0;"Municipio";594;"CASSIA DOS COQUEIROS";"RRAS13";35133;"VALE DAS CACHOEIRAS";"Quedas";505,050505050505
"351090";2019;6;1;11708,41;1951,40166666667;166,666666666667;"Municipio";625;"CASSIA DOS COQUEIROS";"RRAS13";35133;"VALE DAS CACHOEIRAS";"Quedas";960
"351090";2020;10;1;12730,6;1273,06;100;"Municipio";651;"CASSIA DOS COQUEIROS";"RRAS13";35133;"VALE DAS CACHOEIRAS";"Quedas";1536,09831029186
"351090";2021;4;0;10925,04;2731,26;0;"Municipio";673;"CASSIA DOS COQUEIROS";"RRAS13";35133;"VALE DAS CACHOEIRAS";"Quedas";594,353640416047
"351090";2022;7;0;9422,74;1346,10571428571;0;"Municipio";693;"CASSIA DOS COQUEIROS";"RRAS13";35133;"VALE DAS CACHOEIRAS";"Quedas";1010,10101010101
"351090";2023;5;0;4648,41;929,682;0;"Municipio";711;"CASSIA DOS COQUEIROS";"RRAS13";35133;"VALE DAS CACHOEIRAS";"Quedas";703,23488045007
"351090";2024;4;0;2855,06;713,765;0;"Municipio";742;"CASSIA DOS COQUEIROS";"RRAS13";35133;"VALE DAS CACHOEIRAS";"Quedas";539,083557951482
"351090";2025;4;0;7439,79;1859,9475;0;"Municipio";;"CASSIA DOS COQUEIROS";"RRAS13";35133;"VALE DAS CACHOEIRAS";"Quedas";
"351100";2015;20;2;19202,8;960,14;100;"Municipio";3012;"CASTILHO";"RRAS19";35022;"LAGOS DO DRS II";"Quedas";664,010624169987
"351100";2016;23;0;18568,15;807,310869565217;0;"Municipio";3135;"CASTILHO";"RRAS19";35022;"LAGOS DO DRS II";"Quedas";733,652312599681
"351100";2017;21;1;32494,04;1547,33523809524;47,6190476190476;"Municipio";3262;"CASTILHO";"RRAS19";35022;"LAGOS DO DRS II";"Quedas";643,776824034335
"351100";2018;16;3;18410,84;1150,6775;187,5;"Municipio";3398;"CASTILHO";"RRAS19";35022;"LAGOS DO DRS II";"Quedas";470,865214832254
"351100";2019;21;6;30169,08;1436,62285714286;285,714285714286;"Municipio";3536;"CASTILHO";"RRAS19";35022;"LAGOS DO DRS II";"Quedas";593,891402714932
"351100";2020;16;0;13319,62;832,47625;0;"Municipio";3675;"CASTILHO";"RRAS19";35022;"LAGOS DO DRS II";"Quedas";435,374149659864
"351100";2021;21;0;26343,94;1254,47333333333;0;"Municipio";3795;"CASTILHO";"RRAS19";35022;"LAGOS DO DRS II";"Quedas";553,359683794466
"351100";2022;31;1;68893,32;2222,36516129032;32,258064516129;"Municipio";3917;"CASTILHO";"RRAS19";35022;"LAGOS DO DRS II";"Quedas";791,422006637733
"351100";2023;27;3;38929,14;1441,82;111,111111111111;"Municipio";4056;"CASTILHO";"RRAS19";35022;"LAGOS DO DRS II";"Quedas";665,680473372781
"351100";2024;22;1;37457,91;1702,63227272727;45,4545454545455;"Municipio";4205;"CASTILHO";"RRAS19";35022;"LAGOS DO DRS II";"Quedas";523,186682520809
"351100";2025;25;1;87503,81;3500,1524;40;"Municipio";;"CASTILHO";"RRAS19";35022;"LAGOS DO DRS II";"Quedas";
"351110";2015;116;12;187711,85;1618,20560344828;103,448275862069;"Municipio";20823;"CATANDUVA";"RRAS12";35151;"CATANDUVA";"Quedas";557,076309849685
"351110";2016;124;14;308406,71;2487,15088709677;112,903225806452;"Municipio";21348;"CATANDUVA";"RRAS12";35151;"CATANDUVA";"Quedas";580,850665167697
"351110";2017;133;17;312406,43;2348,92052631579;127,81954887218;"Municipio";21887;"CATANDUVA";"RRAS12";35151;"CATANDUVA";"Quedas";607,666651436926
"351110";2018;125;10;271707,14;2173,65712;80;"Municipio";22440;"CATANDUVA";"RRAS12";35151;"CATANDUVA";"Quedas";557,040998217469
"351110";2019;157;8;377692,37;2405,68388535032;50,9554140127389;"Municipio";22999;"CATANDUVA";"RRAS12";35151;"CATANDUVA";"Quedas";682,638375581547
"351110";2020;182;13;392891,77;2158,74598901099;71,4285714285714;"Municipio";23509;"CATANDUVA";"RRAS12";35151;"CATANDUVA";"Quedas";774,171593857671
"351110";2021;174;9;382094,56;2195,94574712644;51,7241379310345;"Municipio";23914;"CATANDUVA";"RRAS12";35151;"CATANDUVA";"Quedas";727,60725934599
"351110";2022;208;15;531372,56;2554,67576923077;72,1153846153846;"Municipio";24330;"CATANDUVA";"RRAS12";35151;"CATANDUVA";"Quedas";854,911631730374
"351110";2023;173;13;377935,41;2184,59774566474;75,1445086705202;"Municipio";24885;"CATANDUVA";"RRAS12";35151;"CATANDUVA";"Quedas";695,197910387784
"351110";2024;179;17;459595,96;2567,57519553073;94,9720670391061;"Municipio";25485;"CATANDUVA";"RRAS12";35151;"CATANDUVA";"Quedas";702,373945458113
"351110";2025;205;17;634303,78;3094,1647804878;82,9268292682927;"Municipio";;"CATANDUVA";"RRAS12";35151;"CATANDUVA";"Quedas";
"351120";2015;5;1;14655,83;2931,166;200;"Municipio";1097;"CATIGUA";"RRAS12";35151;"CATANDUVA";"Quedas";455,788514129444
"351120";2016;3;0;3382,95;1127,65;0;"Municipio";1134;"CATIGUA";"RRAS12";35151;"CATANDUVA";"Quedas";264,550264550265
"351120";2017;9;1;21216,38;2357,37555555556;111,111111111111;"Municipio";1169;"CATIGUA";"RRAS12";35151;"CATANDUVA";"Quedas";769,88879384089
"351120";2018;7;0;13112,6;1873,22857142857;0;"Municipio";1202;"CATIGUA";"RRAS12";35151;"CATANDUVA";"Quedas";582,362728785358
"351120";2019;8;0;14249,58;1781,1975;0;"Municipio";1237;"CATIGUA";"RRAS12";35151;"CATANDUVA";"Quedas";646,725949878739
"351120";2020;6;1;14566,38;2427,73;166,666666666667;"Municipio";1272;"CATIGUA";"RRAS12";35151;"CATANDUVA";"Quedas";471,698113207547
"351120";2021;9;0;27041,79;3004,64333333333;0;"Municipio";1294;"CATIGUA";"RRAS12";35151;"CATANDUVA";"Quedas";695,517774343122
"351120";2022;9;0;12427,13;1380,79222222222;0;"Municipio";1326;"CATIGUA";"RRAS12";35151;"CATANDUVA";"Quedas";678,733031674208
"351120";2023;9;2;45247,85;5027,53888888889;222,222222222222;"Municipio";1369;"CATIGUA";"RRAS12";35151;"CATANDUVA";"Quedas";657,414170927684
"351120";2024;8;0;17935,73;2241,96625;0;"Municipio";1418;"CATIGUA";"RRAS12";35151;"CATANDUVA";"Quedas";564,174894217207
"351120";2025;12;1;59316,74;4943,06166666667;83,3333333333333;"Municipio";;"CATIGUA";"RRAS12";35151;"CATANDUVA";"Quedas";
"351130";2015;31;2;58391,85;1883,60806451613;64,5161290322581;"Municipio";1662;"CEDRAL";"RRAS12";35155;"SAO JOSE DO RIO PRETO";"Quedas";1865,22262334537
"351130";2016;18;2;34018,5;1889,91666666667;111,111111111111;"Municipio";1728;"CEDRAL";"RRAS12";35155;"SAO JOSE DO RIO PRETO";"Quedas";1041,66666666667
"351130";2017;13;3;40544,89;3118,83769230769;230,769230769231;"Municipio";1801;"CEDRAL";"RRAS12";35155;"SAO JOSE DO RIO PRETO";"Quedas";721,821210438645
"351130";2018;18;1;44864,81;2492,48944444444;55,5555555555556;"Municipio";1883;"CEDRAL";"RRAS12";35155;"SAO JOSE DO RIO PRETO";"Quedas";955,921402018056
"351130";2019;23;0;25959,79;1128,68652173913;0;"Municipio";1964;"CEDRAL";"RRAS12";35155;"SAO JOSE DO RIO PRETO";"Quedas";1171,07942973523
"351130";2020;32;6;147048,07;4595,2521875;187,5;"Municipio";2054;"CEDRAL";"RRAS12";35155;"SAO JOSE DO RIO PRETO";"Quedas";1557,93573515092
"351130";2021;24;1;69325,22;2888,55083333333;41,6666666666667;"Municipio";2129;"CEDRAL";"RRAS12";35155;"SAO JOSE DO RIO PRETO";"Quedas";1127,28980742132
"351130";2022;28;5;70390,69;2513,95321428571;178,571428571429;"Municipio";2199;"CEDRAL";"RRAS12";35155;"SAO JOSE DO RIO PRETO";"Quedas";1273,30604820373
"351130";2023;22;2;58863,71;2675,62318181818;90,9090909090909;"Municipio";2285;"CEDRAL";"RRAS12";35155;"SAO JOSE DO RIO PRETO";"Quedas";962,800875273523
"351130";2024;30;4;82779,28;2759,30933333333;133,333333333333;"Municipio";2370;"CEDRAL";"RRAS12";35155;"SAO JOSE DO RIO PRETO";"Quedas";1265,82278481013
"351130";2025;32;2;122213,72;3819,17875;62,5;"Municipio";;"CEDRAL";"RRAS12";35155;"SAO JOSE DO RIO PRETO";"Quedas";
"351140";2015;23;1;27996,81;1217,25260869565;43,4782608695652;"Municipio";2877;"CERQUEIRA CESAR";"RRAS09";35061;"VALE DO JURUMIRIM";"Quedas";799,443865137296
"351140";2016;31;1;61054,02;1969,48451612903;32,258064516129;"Municipio";2980;"CERQUEIRA CESAR";"RRAS09";35061;"VALE DO JURUMIRIM";"Quedas";1040,26845637584
"351140";2017;34;0;55322,7;1627,13823529412;0;"Municipio";3086;"CERQUEIRA CESAR";"RRAS09";35061;"VALE DO JURUMIRIM";"Quedas";1101,74983797796
"351140";2018;33;5;109712,97;3324,63545454545;151,515151515152;"Municipio";3199;"CERQUEIRA CESAR";"RRAS09";35061;"VALE DO JURUMIRIM";"Quedas";1031,57236636449
"351140";2019;34;2;59478,24;1749,36;58,8235294117647;"Municipio";3308;"CERQUEIRA CESAR";"RRAS09";35061;"VALE DO JURUMIRIM";"Quedas";1027,81136638452
"351140";2020;55;1;69861,34;1270,20618181818;18,1818181818182;"Municipio";3420;"CERQUEIRA CESAR";"RRAS09";35061;"VALE DO JURUMIRIM";"Quedas";1608,18713450292
"351140";2021;51;3;63988,06;1254,66784313725;58,8235294117647;"Municipio";3520;"CERQUEIRA CESAR";"RRAS09";35061;"VALE DO JURUMIRIM";"Quedas";1448,86363636364
"351140";2022;66;2;139825,78;2118,57242424242;30,3030303030303;"Municipio";3610;"CERQUEIRA CESAR";"RRAS09";35061;"VALE DO JURUMIRIM";"Quedas";1828,25484764543
"351140";2023;61;1;100887,96;1653,90098360656;16,3934426229508;"Municipio";3724;"CERQUEIRA CESAR";"RRAS09";35061;"VALE DO JURUMIRIM";"Quedas";1638,02363050483
"351140";2024;65;3;118281,83;1819,72046153846;46,1538461538462;"Municipio";3841;"CERQUEIRA CESAR";"RRAS09";35061;"VALE DO JURUMIRIM";"Quedas";1692,26763863577
"351140";2025;41;3;68362,15;1667,36951219512;73,1707317073171;"Municipio";;"CERQUEIRA CESAR";"RRAS09";35061;"VALE DO JURUMIRIM";"Quedas";
"351150";2015;59;3;70090,37;1187,97237288136;50,8474576271187;"Municipio";6184;"CERQUILHO";"RRAS08";35161;"ITAPETININGA";"Quedas";954,075032341527
"351150";2016;52;1;19442,31;373,890576923077;19,2307692307692;"Municipio";6468;"CERQUILHO";"RRAS08";35161;"ITAPETININGA";"Quedas";803,95794681509
"351150";2017;72;3;58080,1;806,668055555555;41,6666666666667;"Municipio";6762;"CERQUILHO";"RRAS08";35161;"ITAPETININGA";"Quedas";1064,77373558119
"351150";2018;74;4;79169,47;1069,8577027027;54,0540540540541;"Municipio";7059;"CERQUILHO";"RRAS08";35161;"ITAPETININGA";"Quedas";1048,30712565519
"351150";2019;72;3;71352,84;991,011666666667;41,6666666666667;"Municipio";7362;"CERQUILHO";"RRAS08";35161;"ITAPETININGA";"Quedas";977,99511002445
"351150";2020;87;4;73182,09;841,173448275862;45,9770114942529;"Municipio";7654;"CERQUILHO";"RRAS08";35161;"ITAPETININGA";"Quedas";1136,66056963679
"351150";2021;66;2;93106,87;1410,71015151515;30,3030303030303;"Municipio";7916;"CERQUILHO";"RRAS08";35161;"ITAPETININGA";"Quedas";833,754421424962
"351150";2022;72;3;90332,56;1254,61888888889;41,6666666666667;"Municipio";8174;"CERQUILHO";"RRAS08";35161;"ITAPETININGA";"Quedas";880,841693173477
"351150";2023;66;2;59374,26;899,61;30,3030303030303;"Municipio";8461;"CERQUILHO";"RRAS08";35161;"ITAPETININGA";"Quedas";780,049639522515
"351150";2024;47;2;51501,13;1095,76872340426;42,5531914893617;"Municipio";8768;"CERQUILHO";"RRAS08";35161;"ITAPETININGA";"Quedas";536,040145985402
"351150";2025;107;3;102962,16;962,263177570093;28,0373831775701;"Municipio";;"CERQUILHO";"RRAS08";35161;"ITAPETININGA";"Quedas";
"351160";2015;9;1;6517,23;724,136666666667;111,111111111111;"Municipio";2376;"CESARIO LANGE";"RRAS08";35161;"ITAPETININGA";"Quedas";378,787878787879
"351160";2016;17;0;4006,95;235,702941176471;0;"Municipio";2469;"CESARIO LANGE";"RRAS08";35161;"ITAPETININGA";"Quedas";688,537869582827
"351160";2017;33;0;32953,93;998,603939393939;0;"Municipio";2577;"CESARIO LANGE";"RRAS08";35161;"ITAPETININGA";"Quedas";1280,55878928987
"351160";2018;23;2;11059,58;480,851304347826;86,9565217391304;"Municipio";2687;"CESARIO LANGE";"RRAS08";35161;"ITAPETININGA";"Quedas";855,973204317082
"351160";2019;17;2;17777,36;1045,72705882353;117,647058823529;"Municipio";2798;"CESARIO LANGE";"RRAS08";35161;"ITAPETININGA";"Quedas";607,576840600429
"351160";2020;21;1;18574,88;884,518095238095;47,6190476190476;"Municipio";2910;"CESARIO LANGE";"RRAS08";35161;"ITAPETININGA";"Quedas";721,649484536082
"351160";2021;14;1;18446,62;1317,61571428571;71,4285714285714;"Municipio";3008;"CESARIO LANGE";"RRAS08";35161;"ITAPETININGA";"Quedas";465,425531914894
"351160";2022;21;2;63446,3;3021,25238095238;95,2380952380952;"Municipio";3107;"CESARIO LANGE";"RRAS08";35161;"ITAPETININGA";"Quedas";675,893144512391
"351160";2023;33;0;42478,9;1287,23939393939;0;"Municipio";3224;"CESARIO LANGE";"RRAS08";35161;"ITAPETININGA";"Quedas";1023,57320099256
"351160";2024;23;2;35694,84;1551,94956521739;86,9565217391304;"Municipio";3346;"CESARIO LANGE";"RRAS08";35161;"ITAPETININGA";"Quedas";687,38792588165
"351160";2025;14;0;27089,31;1934,95071428571;0;"Municipio";;"CESARIO LANGE";"RRAS08";35161;"ITAPETININGA";"Quedas";
"351170";2015;11;1;23724,77;2156,79727272727;90,9090909090909;"Municipio";2170;"CHARQUEADA";"RRAS14";35103;"PIRACICABA";"Quedas";506,912442396313
"351170";2016;9;2;20801,03;2311,22555555556;222,222222222222;"Municipio";2241;"CHARQUEADA";"RRAS14";35103;"PIRACICABA";"Quedas";401,606425702811
"351170";2017;10;1;33750,64;3375,064;100;"Municipio";2322;"CHARQUEADA";"RRAS14";35103;"PIRACICABA";"Quedas";430,663221360896
"351170";2018;15;5;30088,86;2005,924;333,333333333333;"Municipio";2403;"CHARQUEADA";"RRAS14";35103;"PIRACICABA";"Quedas";624,219725343321
"351170";2019;17;2;49485,38;2910,90470588235;117,647058823529;"Municipio";2480;"CHARQUEADA";"RRAS14";35103;"PIRACICABA";"Quedas";685,483870967742
"351170";2020;19;1;27368,66;1440,45578947368;52,6315789473684;"Municipio";2558;"CHARQUEADA";"RRAS14";35103;"PIRACICABA";"Quedas";742,767787333855
"351170";2021;8;0;14333,74;1791,7175;0;"Municipio";2619;"CHARQUEADA";"RRAS14";35103;"PIRACICABA";"Quedas";305,460099274532
"351170";2022;16;1;35596,66;2224,79125;62,5;"Municipio";2688;"CHARQUEADA";"RRAS14";35103;"PIRACICABA";"Quedas";595,238095238095
"351170";2023;10;0;17661,7;1766,17;0;"Municipio";2774;"CHARQUEADA";"RRAS14";35103;"PIRACICABA";"Quedas";360,490266762797
"351170";2024;30;3;60201,46;2006,71533333333;100;"Municipio";2863;"CHARQUEADA";"RRAS14";35103;"PIRACICABA";"Quedas";1047,85190359762
"351170";2025;23;1;83694,86;3638,90695652174;43,4782608695652;"Municipio";;"CHARQUEADA";"RRAS14";35103;"PIRACICABA";"Quedas";
"351190";2015;8;0;2695,02;336,8775;0;"Municipio";956;"CLEMENTINA";"RRAS19";35023;"CONSORCIOS DO DRS II";"Quedas";836,820083682008
"351190";2016;10;1;17009,68;1700,968;100;"Municipio";995;"CLEMENTINA";"RRAS19";35023;"CONSORCIOS DO DRS II";"Quedas";1005,02512562814
"351190";2017;5;0;3526,23;705,246;0;"Municipio";1032;"CLEMENTINA";"RRAS19";35023;"CONSORCIOS DO DRS II";"Quedas";484,496124031008
"351190";2018;6;2;6833,1;1138,85;333,333333333333;"Municipio";1067;"CLEMENTINA";"RRAS19";35023;"CONSORCIOS DO DRS II";"Quedas";562,32427366448
"351190";2019;8;1;7767,93;970,99125;125;"Municipio";1117;"CLEMENTINA";"RRAS19";35023;"CONSORCIOS DO DRS II";"Quedas";716,204118173679
"351190";2020;11;0;15054,35;1368,57727272727;0;"Municipio";1159;"CLEMENTINA";"RRAS19";35023;"CONSORCIOS DO DRS II";"Quedas";949,09404659189
"351190";2021;7;0;10758,9;1536,98571428571;0;"Municipio";1191;"CLEMENTINA";"RRAS19";35023;"CONSORCIOS DO DRS II";"Quedas";587,741393786734
"351190";2022;17;2;41034,84;2413,81411764706;117,647058823529;"Municipio";1228;"CLEMENTINA";"RRAS19";35023;"CONSORCIOS DO DRS II";"Quedas";1384,36482084691
"351190";2023;12;0;23920,74;1993,395;0;"Municipio";1275;"CLEMENTINA";"RRAS19";35023;"CONSORCIOS DO DRS II";"Quedas";941,176470588235
"351190";2024;8;1;15010,06;1876,2575;125;"Municipio";1314;"CLEMENTINA";"RRAS19";35023;"CONSORCIOS DO DRS II";"Quedas";608,82800608828
"351190";2025;15;0;22395,17;1493,01133333333;0;"Municipio";;"CLEMENTINA";"RRAS19";35023;"CONSORCIOS DO DRS II";"Quedas";
"351200";2015;17;0;12766,9;750,994117647059;0;"Municipio";2819;"COLINA";"RRAS13";35051;"NORTE BARRETOS";"Quedas";603,05072720823
"351200";2016;27;1;39654,01;1468,66703703704;37,037037037037;"Municipio";2902;"COLINA";"RRAS13";35051;"NORTE BARRETOS";"Quedas";930,39283252929
"351200";2017;24;3;29383,13;1224,29708333333;125;"Municipio";2991;"COLINA";"RRAS13";35051;"NORTE BARRETOS";"Quedas";802,407221664995
"351200";2018;23;3;41490,54;1803,93652173913;130,434782608696;"Municipio";3079;"COLINA";"RRAS13";35051;"NORTE BARRETOS";"Quedas";746,995777849951
"351200";2019;22;3;59671,57;2712,34409090909;136,363636363636;"Municipio";3171;"COLINA";"RRAS13";35051;"NORTE BARRETOS";"Quedas";693,787448754336
"351200";2020;15;0;28996,01;1933,06733333333;0;"Municipio";3270;"COLINA";"RRAS13";35051;"NORTE BARRETOS";"Quedas";458,715596330275
"351200";2021;23;1;84979,45;3694,75869565217;43,4782608695652;"Municipio";3347;"COLINA";"RRAS13";35051;"NORTE BARRETOS";"Quedas";687,182551538691
"351200";2022;21;3;39079,49;1860,9280952381;142,857142857143;"Municipio";3431;"COLINA";"RRAS13";35051;"NORTE BARRETOS";"Quedas";612,066452929175
"351200";2023;35;1;82017,81;2343,366;28,5714285714286;"Municipio";3536;"COLINA";"RRAS13";35051;"NORTE BARRETOS";"Quedas";989,819004524887
"351200";2024;34;1;45936,9;1351,08529411765;29,4117647058824;"Municipio";3647;"COLINA";"RRAS13";35051;"NORTE BARRETOS";"Quedas";932,273101179051
"351200";2025;56;2;147238,62;2629,26107142857;35,7142857142857;"Municipio";;"COLINA";"RRAS13";35051;"NORTE BARRETOS";"Quedas";
"351210";2015;12;1;12481,05;1040,0875;83,3333333333333;"Municipio";863;"COLOMBIA";"RRAS13";35051;"NORTE BARRETOS";"Quedas";1390,49826187717
"351210";2016;6;0;8452,48;1408,74666666667;0;"Municipio";902;"COLOMBIA";"RRAS13";35051;"NORTE BARRETOS";"Quedas";665,188470066519
"351210";2017;9;2;26283,8;2920,42222222222;222,222222222222;"Municipio";946;"COLOMBIA";"RRAS13";35051;"NORTE BARRETOS";"Quedas";951,374207188161
"351210";2018;10;0;19682,06;1968,206;0;"Municipio";979;"COLOMBIA";"RRAS13";35051;"NORTE BARRETOS";"Quedas";1021,45045965271
"351210";2019;6;0;15697,45;2616,24166666667;0;"Municipio";1029;"COLOMBIA";"RRAS13";35051;"NORTE BARRETOS";"Quedas";583,090379008746
"351210";2020;8;1;12105,73;1513,21625;125;"Municipio";1079;"COLOMBIA";"RRAS13";35051;"NORTE BARRETOS";"Quedas";741,427247451344
"351210";2021;9;2;22385;2487,22222222222;222,222222222222;"Municipio";1113;"COLOMBIA";"RRAS13";35051;"NORTE BARRETOS";"Quedas";808,625336927224
"351210";2022;3;0;7146,33;2382,11;0;"Municipio";1157;"COLOMBIA";"RRAS13";35051;"NORTE BARRETOS";"Quedas";259,291270527226
"351210";2023;5;0;16985,18;3397,036;0;"Municipio";1200;"COLOMBIA";"RRAS13";35051;"NORTE BARRETOS";"Quedas";416,666666666667
"351210";2024;8;1;18073,83;2259,22875;125;"Municipio";1253;"COLOMBIA";"RRAS13";35051;"NORTE BARRETOS";"Quedas";638,467677573823
"351210";2025;15;1;20300,81;1353,38733333333;66,6666666666667;"Municipio";;"COLOMBIA";"RRAS13";35051;"NORTE BARRETOS";"Quedas";
"351220";2015;27;2;52419,62;1941,46740740741;74,0740740740741;"Municipio";3324;"CONCHAL";"RRAS14";35101;"ARARAS";"Quedas";812,274368231047
"351220";2016;23;1;39823,68;1731,46434782609;43,4782608695652;"Municipio";3456;"CONCHAL";"RRAS14";35101;"ARARAS";"Quedas";665,509259259259
"351220";2017;27;0;56646,53;2098,01962962963;0;"Municipio";3585;"CONCHAL";"RRAS14";35101;"ARARAS";"Quedas";753,138075313807
"351220";2018;20;3;45180,49;2259,0245;150;"Municipio";3723;"CONCHAL";"RRAS14";35101;"ARARAS";"Quedas";537,2011818426
"351220";2019;21;1;23800,07;1133,33666666667;47,6190476190476;"Municipio";3864;"CONCHAL";"RRAS14";35101;"ARARAS";"Quedas";543,478260869565
"351220";2020;18;1;22868,76;1270,48666666667;55,5555555555556;"Municipio";3997;"CONCHAL";"RRAS14";35101;"ARARAS";"Quedas";450,337753314986
"351220";2021;19;1;18388,03;967,791052631579;52,6315789473684;"Municipio";4123;"CONCHAL";"RRAS14";35101;"ARARAS";"Quedas";460,829493087558
"351220";2022;30;0;40668,87;1355,629;0;"Municipio";4247;"CONCHAL";"RRAS14";35101;"ARARAS";"Quedas";706,380974805745
"351220";2023;42;2;59284,74;1411,54142857143;47,6190476190476;"Municipio";4397;"CONCHAL";"RRAS14";35101;"ARARAS";"Quedas";955,1967250398
"351220";2024;47;1;53756,27;1143,75042553191;21,2765957446809;"Municipio";4549;"CONCHAL";"RRAS14";35101;"ARARAS";"Quedas";1033,1941085953
"351220";2025;43;2;59813,11;1391,00255813953;46,5116279069767;"Municipio";;"CONCHAL";"RRAS14";35101;"ARARAS";"Quedas";
"351230";2015;16;0;20812,93;1300,808125;0;"Municipio";2873;"CONCHAS";"RRAS09";35063;"POLO CUESTA";"Quedas";556,909154194222
"351230";2016;19;1;39356,33;2071,38578947368;52,6315789473684;"Municipio";2943;"CONCHAS";"RRAS09";35063;"POLO CUESTA";"Quedas";645,599728168536
"351230";2017;27;1;47432,45;1756,75740740741;37,037037037037;"Municipio";3018;"CONCHAS";"RRAS09";35063;"POLO CUESTA";"Quedas";894,632206759443
"351230";2018;22;4;42630,87;1937,76681818182;181,818181818182;"Municipio";3104;"CONCHAS";"RRAS09";35063;"POLO CUESTA";"Quedas";708,762886597938
"351230";2019;27;2;57429,46;2127,01703703704;74,0740740740741;"Municipio";3193;"CONCHAS";"RRAS09";35063;"POLO CUESTA";"Quedas";845,599749451926
"351230";2020;28;2;49401,32;1764,33285714286;71,4285714285714;"Municipio";3268;"CONCHAS";"RRAS09";35063;"POLO CUESTA";"Quedas";856,793145654835
"351230";2021;24;0;46484,29;1936,84541666667;0;"Municipio";3331;"CONCHAS";"RRAS09";35063;"POLO CUESTA";"Quedas";720,504353047133
"351230";2022;24;0;120469,14;5019,5475;0;"Municipio";3398;"CONCHAS";"RRAS09";35063;"POLO CUESTA";"Quedas";706,297822248381
"351230";2023;29;0;43417,2;1497,14482758621;0;"Municipio";3474;"CONCHAS";"RRAS09";35063;"POLO CUESTA";"Quedas";834,772596430628
"351230";2024;29;0;59718,7;2059,26551724138;0;"Municipio";3552;"CONCHAS";"RRAS09";35063;"POLO CUESTA";"Quedas";816,441441441441
"351230";2025;21;1;74038,88;3525,66095238095;47,6190476190476;"Municipio";;"CONCHAS";"RRAS09";35063;"POLO CUESTA";"Quedas";
"351240";2015;13;1;49493,93;3807,22538461538;76,9230769230769;"Municipio";3009;"CORDEIROPOLIS";"RRAS14";35102;"LIMEIRA";"Quedas";432,037221668328
"351240";2016;8;2;63061,44;7882,68;250;"Municipio";3115;"CORDEIROPOLIS";"RRAS14";35102;"LIMEIRA";"Quedas";256,821829855538
"351240";2017;14;3;25604,47;1828,89071428571;214,285714285714;"Municipio";3222;"CORDEIROPOLIS";"RRAS14";35102;"LIMEIRA";"Quedas";434,512725015518
"351240";2018;12;2;17418,62;1451,55166666667;166,666666666667;"Municipio";3336;"CORDEIROPOLIS";"RRAS14";35102;"LIMEIRA";"Quedas";359,712230215827
"351240";2019;19;1;48289,8;2541,56842105263;52,6315789473684;"Municipio";3452;"CORDEIROPOLIS";"RRAS14";35102;"LIMEIRA";"Quedas";550,405561993048
"351240";2020;19;1;31613,31;1663,85842105263;52,6315789473684;"Municipio";3556;"CORDEIROPOLIS";"RRAS14";35102;"LIMEIRA";"Quedas";534,308211473566
"351240";2021;16;2;28180,75;1761,296875;125;"Municipio";3650;"CORDEIROPOLIS";"RRAS14";35102;"LIMEIRA";"Quedas";438,356164383562
"351240";2022;19;0;57097,88;3005,15157894737;0;"Municipio";3752;"CORDEIROPOLIS";"RRAS14";35102;"LIMEIRA";"Quedas";506,396588486141
"351240";2023;13;0;33511,44;2577,80307692308;0;"Municipio";3872;"CORDEIROPOLIS";"RRAS14";35102;"LIMEIRA";"Quedas";335,743801652893
"351240";2024;16;1;71453,76;4465,86;62,5;"Municipio";4007;"CORDEIROPOLIS";"RRAS14";35102;"LIMEIRA";"Quedas";399,301222859995
"351240";2025;35;1;176256,45;5035,89857142857;28,5714285714286;"Municipio";;"CORDEIROPOLIS";"RRAS14";35102;"LIMEIRA";"Quedas";
"351250";2015;8;0;9824,8;1228,1;0;"Municipio";862;"COROADOS";"RRAS19";35023;"CONSORCIOS DO DRS II";"Quedas";928,074245939675
"351250";2016;8;0;6696,45;837,05625;0;"Municipio";896;"COROADOS";"RRAS19";35023;"CONSORCIOS DO DRS II";"Quedas";892,857142857143
"351250";2017;5;1;5907,7;1181,54;200;"Municipio";931;"COROADOS";"RRAS19";35023;"CONSORCIOS DO DRS II";"Quedas";537,056928034372
"351250";2018;8;1;17628,01;2203,50125;125;"Municipio";964;"COROADOS";"RRAS19";35023;"CONSORCIOS DO DRS II";"Quedas";829,875518672199
"351250";2019;8;0;9992,92;1249,115;0;"Municipio";999;"COROADOS";"RRAS19";35023;"CONSORCIOS DO DRS II";"Quedas";800,800800800801
"351250";2020;5;0;7982,45;1596,49;0;"Municipio";1033;"COROADOS";"RRAS19";35023;"CONSORCIOS DO DRS II";"Quedas";484,027105517909
"351250";2021;3;0;2097,04;699,013333333333;0;"Municipio";1052;"COROADOS";"RRAS19";35023;"CONSORCIOS DO DRS II";"Quedas";285,171102661597
"351250";2022;19;3;32369,99;1703,68368421053;157,894736842105;"Municipio";1085;"COROADOS";"RRAS19";35023;"CONSORCIOS DO DRS II";"Quedas";1751,15207373272
"351250";2023;11;0;18120,42;1647,31090909091;0;"Municipio";1116;"COROADOS";"RRAS19";35023;"CONSORCIOS DO DRS II";"Quedas";985,663082437276
"351250";2024;8;0;8783,26;1097,9075;0;"Municipio";1154;"COROADOS";"RRAS19";35023;"CONSORCIOS DO DRS II";"Quedas";693,240901213172
"351250";2025;9;0;42835,48;4759,49777777778;0;"Municipio";;"COROADOS";"RRAS19";35023;"CONSORCIOS DO DRS II";"Quedas";
"351260";2015;12;1;6497,34;541,445;83,3333333333333;"Municipio";820;"CORONEL MACEDO";"RRAS09";35061;"VALE DO JURUMIRIM";"Quedas";1463,41463414634
"351260";2016;15;0;18064,4;1204,29333333333;0;"Municipio";845;"CORONEL MACEDO";"RRAS09";35061;"VALE DO JURUMIRIM";"Quedas";1775,14792899408
"351260";2017;12;0;10731,68;894,306666666667;0;"Municipio";872;"CORONEL MACEDO";"RRAS09";35061;"VALE DO JURUMIRIM";"Quedas";1376,14678899083
"351260";2018;13;0;8669,19;666,860769230769;0;"Municipio";893;"CORONEL MACEDO";"RRAS09";35061;"VALE DO JURUMIRIM";"Quedas";1455,76707726764
"351260";2019;9;0;5555,31;617,256666666667;0;"Municipio";919;"CORONEL MACEDO";"RRAS09";35061;"VALE DO JURUMIRIM";"Quedas";979,325353645267
"351260";2020;9;0;9748,37;1083,15222222222;0;"Municipio";945;"CORONEL MACEDO";"RRAS09";35061;"VALE DO JURUMIRIM";"Quedas";952,380952380953
"351260";2021;9;1;17267,93;1918,65888888889;111,111111111111;"Municipio";958;"CORONEL MACEDO";"RRAS09";35061;"VALE DO JURUMIRIM";"Quedas";939,457202505219
"351260";2022;15;1;23018,74;1534,58266666667;66,6666666666667;"Municipio";980;"CORONEL MACEDO";"RRAS09";35061;"VALE DO JURUMIRIM";"Quedas";1530,61224489796
"351260";2023;12;0;12481,44;1040,12;0;"Municipio";997;"CORONEL MACEDO";"RRAS09";35061;"VALE DO JURUMIRIM";"Quedas";1203,61083249749
"351260";2024;14;1;15856,97;1132,64071428571;71,4285714285714;"Municipio";1019;"CORONEL MACEDO";"RRAS09";35061;"VALE DO JURUMIRIM";"Quedas";1373,8959764475
"351260";2025;12;0;12068,7;1005,725;0;"Municipio";;"CORONEL MACEDO";"RRAS09";35061;"VALE DO JURUMIRIM";"Quedas";
"351270";2024;1;0;568,38;568,38;0;"Municipio";792;"CORUMBATAI";"RRAS14";35104;"RIO CLARO";"Quedas";126,262626262626
"351280";2015;50;2;27143,11;542,8622;40;"Municipio";7370;"COSMOPOLIS";"RRAS15";35072;"REG METRO CAMPINAS";"Quedas";678,42605156038
"351280";2016;54;2;29214,28;541,005185185185;37,037037037037;"Municipio";7693;"COSMOPOLIS";"RRAS15";35072;"REG METRO CAMPINAS";"Quedas";701,936825685688
"351280";2017;33;2;52707,53;1597,19787878788;60,6060606060606;"Municipio";8018;"COSMOPOLIS";"RRAS15";35072;"REG METRO CAMPINAS";"Quedas";411,573958593165
"351280";2018;15;1;35688,95;2379,26333333333;66,6666666666667;"Municipio";8364;"COSMOPOLIS";"RRAS15";35072;"REG METRO CAMPINAS";"Quedas";179,340028694405
"351280";2019;35;2;56951,64;1627,18971428571;57,1428571428571;"Municipio";8711;"COSMOPOLIS";"RRAS15";35072;"REG METRO CAMPINAS";"Quedas";401,790839168867
"351280";2020;51;5;40657,81;797,211960784314;98,0392156862745;"Municipio";9054;"COSMOPOLIS";"RRAS15";35072;"REG METRO CAMPINAS";"Quedas";563,286944996687
"351280";2021;79;6;84283,86;1066,88430379747;75,9493670886076;"Municipio";9360;"COSMOPOLIS";"RRAS15";35072;"REG METRO CAMPINAS";"Quedas";844,017094017094
"351280";2022;75;6;42023,8;560,317333333333;80;"Municipio";9674;"COSMOPOLIS";"RRAS15";35072;"REG METRO CAMPINAS";"Quedas";775,273930121976
"351280";2023;71;1;81064,16;1141,74873239437;14,0845070422535;"Municipio";10047;"COSMOPOLIS";"RRAS15";35072;"REG METRO CAMPINAS";"Quedas";706,678610530507
"351280";2024;82;1;104055,02;1268,96365853659;12,1951219512195;"Municipio";10429;"COSMOPOLIS";"RRAS15";35072;"REG METRO CAMPINAS";"Quedas";786,269057435996
"351280";2025;80;1;112617,53;1407,719125;12,5;"Municipio";;"COSMOPOLIS";"RRAS15";35072;"REG METRO CAMPINAS";"Quedas";
"351290";2015;4;0;1296,97;324,2425;0;"Municipio";1626;"COSMORAMA";"RRAS12";35157;"VOTUPORANGA";"Quedas";246,0024600246
"351290";2016;16;1;37773,61;2360,850625;62,5;"Municipio";1668;"COSMORAMA";"RRAS12";35157;"VOTUPORANGA";"Quedas";959,232613908873
"351290";2017;11;1;35424,87;3220,44272727273;90,9090909090909;"Municipio";1717;"COSMORAMA";"RRAS12";35157;"VOTUPORANGA";"Quedas";640,65230052417
"351290";2018;7;0;20819,53;2974,21857142857;0;"Municipio";1761;"COSMORAMA";"RRAS12";35157;"VOTUPORANGA";"Quedas";397,501419647927
"351290";2019;10;0;32489,57;3248,957;0;"Municipio";1806;"COSMORAMA";"RRAS12";35157;"VOTUPORANGA";"Quedas";553,709856035437
"351290";2020;20;0;29503,24;1475,162;0;"Municipio";1849;"COSMORAMA";"RRAS12";35157;"VOTUPORANGA";"Quedas";1081,66576527853
"351290";2021;13;0;28584,05;2198,77307692308;0;"Municipio";1876;"COSMORAMA";"RRAS12";35157;"VOTUPORANGA";"Quedas";692,963752665245
"351290";2022;26;2;81234,25;3124,39423076923;76,9230769230769;"Municipio";1907;"COSMORAMA";"RRAS12";35157;"VOTUPORANGA";"Quedas";1363,39800734137
"351290";2023;27;2;46749,78;1731,47333333333;74,0740740740741;"Municipio";1949;"COSMORAMA";"RRAS12";35157;"VOTUPORANGA";"Quedas";1385,32580810672
"351290";2024;30;1;58330,38;1944,346;33,3333333333333;"Municipio";1990;"COSMORAMA";"RRAS12";35157;"VOTUPORANGA";"Quedas";1507,53768844221
"351290";2025;41;0;51027,25;1244,56707317073;0;"Municipio";;"COSMORAMA";"RRAS12";35157;"VOTUPORANGA";"Quedas";
"351300";2015;116;11;187385,62;1615,39327586207;94,8275862068965;"Municipio";24049;"COTIA";"RRAS04";35013;"MANANCIAIS";"Quedas";482,348538400765
"351300";2016;158;16;178065,39;1126,99613924051;101,26582278481;"Municipio";25615;"COTIA";"RRAS04";35013;"MANANCIAIS";"Quedas";616,826078469647
"351300";2017;182;23;207099,58;1137,90978021978;126,373626373626;"Municipio";27248;"COTIA";"RRAS04";35013;"MANANCIAIS";"Quedas";667,93893129771
"351300";2018;156;11;193621,68;1241,16461538462;70,5128205128205;"Municipio";28940;"COTIA";"RRAS04";35013;"MANANCIAIS";"Quedas";539,046302695231
"351300";2019;153;16;188078,45;1229,27091503268;104,575163398693;"Municipio";30683;"COTIA";"RRAS04";35013;"MANANCIAIS";"Quedas";498,647459505263
"351300";2020;165;18;289128,6;1752,29454545455;109,090909090909;"Municipio";32435;"COTIA";"RRAS04";35013;"MANANCIAIS";"Quedas";508,709727146601
"351300";2021;180;16;341326,6;1896,25888888889;88,8888888888889;"Municipio";34089;"COTIA";"RRAS04";35013;"MANANCIAIS";"Quedas";528,029569655901
"351300";2022;188;21;422222,07;2245,86207446809;111,702127659574;"Municipio";35790;"COTIA";"RRAS04";35013;"MANANCIAIS";"Quedas";525,286392847164
"351300";2023;219;13;361412,83;1650,28689497717;59,3607305936073;"Municipio";37684;"COTIA";"RRAS04";35013;"MANANCIAIS";"Quedas";581,148498036302
"351300";2024;188;23;421147,31;2240,14526595745;122,340425531915;"Municipio";39692;"COTIA";"RRAS04";35013;"MANANCIAIS";"Quedas";473,647082535524
"351300";2025;194;18;416208,8;2145,40618556701;92,7835051546392;"Municipio";;"COTIA";"RRAS04";35013;"MANANCIAIS";"Quedas";
"351310";2015;46;4;67408,32;1465,39826086957;86,9565217391304;"Municipio";4706;"CRAVINHOS";"RRAS13";35132;"AQUIFERO GUARANI";"Quedas";977,475563110922
"351310";2016;34;4;53676,88;1578,73176470588;117,647058823529;"Municipio";4896;"CRAVINHOS";"RRAS13";35132;"AQUIFERO GUARANI";"Quedas";694,444444444444
"351310";2017;31;1;51992,26;1677,16967741935;32,258064516129;"Municipio";5094;"CRAVINHOS";"RRAS13";35132;"AQUIFERO GUARANI";"Quedas";608,55908912446
"351310";2018;39;2;75642,83;1939,55974358974;51,2820512820513;"Municipio";5303;"CRAVINHOS";"RRAS13";35132;"AQUIFERO GUARANI";"Quedas";735,432773901565
"351310";2019;34;2;56970,44;1675,60117647059;58,8235294117647;"Municipio";5518;"CRAVINHOS";"RRAS13";35132;"AQUIFERO GUARANI";"Quedas";616,165277274375
"351310";2020;44;4;67856,16;1542,18545454545;90,9090909090909;"Municipio";5733;"CRAVINHOS";"RRAS13";35132;"AQUIFERO GUARANI";"Quedas";767,486481772196
"351310";2021;33;2;60030,75;1819,11363636364;60,6060606060606;"Municipio";5917;"CRAVINHOS";"RRAS13";35132;"AQUIFERO GUARANI";"Quedas";557,715058306574
"351310";2022;48;2;54290,11;1131,04395833333;41,6666666666667;"Municipio";6103;"CRAVINHOS";"RRAS13";35132;"AQUIFERO GUARANI";"Quedas";786,498443388498
"351310";2023;62;0;79640,78;1284,52870967742;0;"Municipio";6311;"CRAVINHOS";"RRAS13";35132;"AQUIFERO GUARANI";"Quedas";982,411662177151
"351310";2024;25;1;48138,81;1925,5524;40;"Municipio";6529;"CRAVINHOS";"RRAS13";35132;"AQUIFERO GUARANI";"Quedas";382,907030173074
"351310";2025;48;0;111776,74;2328,68208333333;0;"Municipio";;"CRAVINHOS";"RRAS13";35132;"AQUIFERO GUARANI";"Quedas";
"351320";2015;4;1;9457,73;2364,4325;250;"Municipio";1176;"CRISTAIS PAULISTA";"RRAS13";35081;"TRES COLINAS";"Quedas";340,136054421769
"351320";2016;4;0;7041,78;1760,445;0;"Municipio";1235;"CRISTAIS PAULISTA";"RRAS13";35081;"TRES COLINAS";"Quedas";323,886639676113
"351320";2017;2;0;4625,37;2312,685;0;"Municipio";1307;"CRISTAIS PAULISTA";"RRAS13";35081;"TRES COLINAS";"Quedas";153,022188217292
"351320";2018;7;0;18941,07;2705,86714285714;0;"Municipio";1371;"CRISTAIS PAULISTA";"RRAS13";35081;"TRES COLINAS";"Quedas";510,576221735959
"351320";2019;7;0;9543,58;1363,36857142857;0;"Municipio";1450;"CRISTAIS PAULISTA";"RRAS13";35081;"TRES COLINAS";"Quedas";482,758620689655
"351320";2020;3;2;6798,91;2266,30333333333;666,666666666667;"Municipio";1521;"CRISTAIS PAULISTA";"RRAS13";35081;"TRES COLINAS";"Quedas";197,23865877712
"351320";2021;5;0;8945,91;1789,182;0;"Municipio";1587;"CRISTAIS PAULISTA";"RRAS13";35081;"TRES COLINAS";"Quedas";315,059861373661
"351320";2022;6;0;7915,08;1319,18;0;"Municipio";1652;"CRISTAIS PAULISTA";"RRAS13";35081;"TRES COLINAS";"Quedas";363,19612590799
"351320";2023;14;1;36960,71;2640,05071428571;71,4285714285714;"Municipio";1724;"CRISTAIS PAULISTA";"RRAS13";35081;"TRES COLINAS";"Quedas";812,064965197216
"351320";2024;6;0;14015,02;2335,83666666667;0;"Municipio";1782;"CRISTAIS PAULISTA";"RRAS13";35081;"TRES COLINAS";"Quedas";336,700336700337
"351320";2025;6;1;26274,63;4379,105;166,666666666667;"Municipio";;"CRISTAIS PAULISTA";"RRAS13";35081;"TRES COLINAS";"Quedas";
"351330";2016;5;0;7920,25;1584,05;0;"Municipio";439;"CRUZALIA";"RRAS10";35092;"ASSIS";"Quedas";1138,95216400911
"351330";2017;1;0;1110,7;1110,7;0;"Municipio";458;"CRUZALIA";"RRAS10";35092;"ASSIS";"Quedas";218,340611353712
"351330";2018;1;0;2077,25;2077,25;0;"Municipio";472;"CRUZALIA";"RRAS10";35092;"ASSIS";"Quedas";211,864406779661
"351330";2019;4;0;6710,31;1677,5775;0;"Municipio";486;"CRUZALIA";"RRAS10";35092;"ASSIS";"Quedas";823,045267489712
"351330";2020;5;1;14499,97;2899,994;200;"Municipio";508;"CRUZALIA";"RRAS10";35092;"ASSIS";"Quedas";984,251968503937
"351330";2021;9;0;19930,48;2214,49777777778;0;"Municipio";524;"CRUZALIA";"RRAS10";35092;"ASSIS";"Quedas";1717,5572519084
"351330";2022;7;0;15761,8;2251,68571428571;0;"Municipio";543;"CRUZALIA";"RRAS10";35092;"ASSIS";"Quedas";1289,13443830571
"351330";2023;2;0;7804,36;3902,18;0;"Municipio";552;"CRUZALIA";"RRAS10";35092;"ASSIS";"Quedas";362,31884057971
"351330";2024;7;0;10518,21;1502,60142857143;0;"Municipio";576;"CRUZALIA";"RRAS10";35092;"ASSIS";"Quedas";1215,27777777778
"351330";2025;7;1;4941,4;705,914285714286;142,857142857143;"Municipio";;"CRUZALIA";"RRAS10";35092;"ASSIS";"Quedas";
"351340";2015;50;4;73134,48;1462,6896;80;"Municipio";12344;"CRUZEIRO";"RRAS17";35172;"CIRCUITO DA FE VALE HISTORICO";"Quedas";405,055087491899
"351340";2016;97;7;140866,92;1452,23628865979;72,1649484536082;"Municipio";12777;"CRUZEIRO";"RRAS17";35172;"CIRCUITO DA FE VALE HISTORICO";"Quedas";759,176645534946
"351340";2017;86;8;155202,11;1804,67569767442;93,0232558139535;"Municipio";13228;"CRUZEIRO";"RRAS17";35172;"CIRCUITO DA FE VALE HISTORICO";"Quedas";650,13607499244
"351340";2018;98;8;164998,67;1683,65989795918;81,6326530612245;"Municipio";13682;"CRUZEIRO";"RRAS17";35172;"CIRCUITO DA FE VALE HISTORICO";"Quedas";716,2695512352
"351340";2019;121;11;216205,64;1786,82347107438;90,9090909090909;"Municipio";14130;"CRUZEIRO";"RRAS17";35172;"CIRCUITO DA FE VALE HISTORICO";"Quedas";856,334041047417
"351340";2020;118;6;198258,98;1680,16084745763;50,8474576271187;"Municipio";14559;"CRUZEIRO";"RRAS17";35172;"CIRCUITO DA FE VALE HISTORICO";"Quedas";810,495226320489
"351340";2021;100;5;200160,54;2001,6054;50;"Municipio";14917;"CRUZEIRO";"RRAS17";35172;"CIRCUITO DA FE VALE HISTORICO";"Quedas";670,376080981431
"351340";2022;142;6;312382,11;2199,87401408451;42,2535211267606;"Municipio";15270;"CRUZEIRO";"RRAS17";35172;"CIRCUITO DA FE VALE HISTORICO";"Quedas";929,927963326784
"351340";2023;140;7;253311,33;1809,36664285714;50;"Municipio";15687;"CRUZEIRO";"RRAS17";35172;"CIRCUITO DA FE VALE HISTORICO";"Quedas";892,458723784025
"351340";2024;144;3;276229,36;1918,25944444444;20,8333333333333;"Municipio";16095;"CRUZEIRO";"RRAS17";35172;"CIRCUITO DA FE VALE HISTORICO";"Quedas";894,687791239515
"351340";2025;120;0;261883,63;2182,36358333333;0;"Municipio";;"CRUZEIRO";"RRAS17";35172;"CIRCUITO DA FE VALE HISTORICO";"Quedas";
"351350";2015;4;0;2422,12;605,53;0;"Municipio";12885;"CUBATAO";"RRAS07";35041;"BAIXADA SANTISTA";"Quedas";31,0438494373302
"351350";2016;14;0;24608,68;1757,76285714286;0;"Municipio";13444;"CUBATAO";"RRAS07";35041;"BAIXADA SANTISTA";"Quedas";104,135673906575
"351350";2017;10;0;12260,41;1226,041;0;"Municipio";14005;"CUBATAO";"RRAS07";35041;"BAIXADA SANTISTA";"Quedas";71,4030703320243
"351350";2018;81;6;114287,08;1410,95160493827;74,0740740740741;"Municipio";14555;"CUBATAO";"RRAS07";35041;"BAIXADA SANTISTA";"Quedas";556,509790450017
"351350";2019;71;2;156763,54;2207,93718309859;28,169014084507;"Municipio";15100;"CUBATAO";"RRAS07";35041;"BAIXADA SANTISTA";"Quedas";470,198675496689
"351350";2020;59;1;131812,83;2234,11576271186;16,9491525423729;"Municipio";15616;"CUBATAO";"RRAS07";35041;"BAIXADA SANTISTA";"Quedas";377,81762295082
"351350";2021;104;3;250787,01;2411,41355769231;28,8461538461538;"Municipio";16080;"CUBATAO";"RRAS07";35041;"BAIXADA SANTISTA";"Quedas";646,766169154229
"351350";2022;101;5;357582,82;3540,42396039604;49,5049504950495;"Municipio";16570;"CUBATAO";"RRAS07";35041;"BAIXADA SANTISTA";"Quedas";609,535304767652
"351350";2023;87;5;176154,79;2024,76770114943;57,4712643678161;"Municipio";17172;"CUBATAO";"RRAS07";35041;"BAIXADA SANTISTA";"Quedas";506,638714185884
"351350";2024;146;4;223657,79;1531,90267123288;27,3972602739726;"Municipio";17794;"CUBATAO";"RRAS07";35041;"BAIXADA SANTISTA";"Quedas";820,501292570529
"351350";2025;145;9;286146,82;1973,42634482759;62,0689655172414;"Municipio";;"CUBATAO";"RRAS07";35041;"BAIXADA SANTISTA";"Quedas";
"351360";2015;39;1;71345,89;1829,38179487179;25,6410256410256;"Municipio";3741;"CUNHA";"RRAS17";35172;"CIRCUITO DA FE VALE HISTORICO";"Quedas";1042,50200481155
"351360";2016;32;0;42587,52;1330,86;0;"Municipio";3864;"CUNHA";"RRAS17";35172;"CIRCUITO DA FE VALE HISTORICO";"Quedas";828,15734989648
"351360";2017;27;0;58795,94;2177,62740740741;0;"Municipio";3991;"CUNHA";"RRAS17";35172;"CIRCUITO DA FE VALE HISTORICO";"Quedas";676,52217489351
"351360";2018;27;2;63151,49;2338,94407407407;74,0740740740741;"Municipio";4127;"CUNHA";"RRAS17";35172;"CIRCUITO DA FE VALE HISTORICO";"Quedas";654,228252968258
"351360";2019;38;1;79106,23;2081,74289473684;26,3157894736842;"Municipio";4269;"CUNHA";"RRAS17";35172;"CIRCUITO DA FE VALE HISTORICO";"Quedas";890,138205668775
"351360";2020;36;0;53399,71;1483,32527777778;0;"Municipio";4405;"CUNHA";"RRAS17";35172;"CIRCUITO DA FE VALE HISTORICO";"Quedas";817,253121452895
"351360";2021;26;3;56017,31;2154,51192307692;115,384615384615;"Municipio";4531;"CUNHA";"RRAS17";35172;"CIRCUITO DA FE VALE HISTORICO";"Quedas";573,824762745531
"351360";2022;35;2;88960,52;2541,72914285714;57,1428571428571;"Municipio";4663;"CUNHA";"RRAS17";35172;"CIRCUITO DA FE VALE HISTORICO";"Quedas";750,58974908857
"351360";2023;39;4;101865,29;2611,93051282051;102,564102564103;"Municipio";4822;"CUNHA";"RRAS17";35172;"CIRCUITO DA FE VALE HISTORICO";"Quedas";808,793031936956
"351360";2024;37;2;99583,43;2691,44405405405;54,0540540540541;"Municipio";4991;"CUNHA";"RRAS17";35172;"CIRCUITO DA FE VALE HISTORICO";"Quedas";741,334401923462
"351360";2025;41;0;164544,4;4013,27804878049;0;"Municipio";;"CUNHA";"RRAS17";35172;"CIRCUITO DA FE VALE HISTORICO";"Quedas";
"351370";2015;40;2;76082,14;1902,0535;50;"Municipio";5464;"DESCALVADO";"RRAS18";35032;"CORACAO DO DRS III";"Quedas";732,064421669107
"351370";2016;54;2;79349,67;1469,43833333333;37,037037037037;"Municipio";5633;"DESCALVADO";"RRAS18";35032;"CORACAO DO DRS III";"Quedas";958,636605716315
"351370";2017;56;2;58241,42;1040,02535714286;35,7142857142857;"Municipio";5809;"DESCALVADO";"RRAS18";35032;"CORACAO DO DRS III";"Quedas";964,021346186951
"351370";2018;57;0;65017,65;1140,66052631579;0;"Municipio";5985;"DESCALVADO";"RRAS18";35032;"CORACAO DO DRS III";"Quedas";952,380952380953
"351370";2019;74;1;70749,57;956,07527027027;13,5135135135135;"Municipio";6168;"DESCALVADO";"RRAS18";35032;"CORACAO DO DRS III";"Quedas";1199,74059662776
"351370";2020;58;1;56036,37;966,144310344828;17,2413793103448;"Municipio";6334;"DESCALVADO";"RRAS18";35032;"CORACAO DO DRS III";"Quedas";915,693084938428
"351370";2021;66;2;80399,38;1218,17242424242;30,3030303030303;"Municipio";6473;"DESCALVADO";"RRAS18";35032;"CORACAO DO DRS III";"Quedas";1019,61995983315
"351370";2022;65;1;98551,04;1516,16984615385;15,3846153846154;"Municipio";6611;"DESCALVADO";"RRAS18";35032;"CORACAO DO DRS III";"Quedas";983,209801845409
"351370";2023;64;3;95311,34;1489,2396875;46,875;"Municipio";6783;"DESCALVADO";"RRAS18";35032;"CORACAO DO DRS III";"Quedas";943,535308860386
"351370";2024;73;1;94665,78;1296,79150684932;13,6986301369863;"Municipio";6957;"DESCALVADO";"RRAS18";35032;"CORACAO DO DRS III";"Quedas";1049,30286042835
"351370";2025;61;1;92352,12;1513,96918032787;16,3934426229508;"Municipio";;"DESCALVADO";"RRAS18";35032;"CORACAO DO DRS III";"Quedas";
"351380";2015;185;26;392318,18;2120,63881081081;140,540540540541;"Municipio";42498;"DIADEMA";"RRAS01";35015;"GRANDE ABC";"Quedas";435,314603040143
"351380";2016;269;21;323547,62;1202,77925650558;78,0669144981413;"Municipio";44636;"DIADEMA";"RRAS01";35015;"GRANDE ABC";"Quedas";602,652567434358
"351380";2017;270;21;433097,15;1604,06351851852;77,7777777777778;"Municipio";46837;"DIADEMA";"RRAS01";35015;"GRANDE ABC";"Quedas";576,467322843051
"351380";2018;225;26;420834,55;1870,37577777778;115,555555555556;"Municipio";49062;"DIADEMA";"RRAS01";35015;"GRANDE ABC";"Quedas";458,60339977987
"351380";2019;207;13;266011,74;1285,08086956522;62,8019323671498;"Municipio";51306;"DIADEMA";"RRAS01";35015;"GRANDE ABC";"Quedas";403,461583440533
"351380";2020;179;18;464987,67;2597,69648044693;100,558659217877;"Municipio";53488;"DIADEMA";"RRAS01";35015;"GRANDE ABC";"Quedas";334,654501944361
"351380";2021;164;18;471313,64;2873,86365853659;109,756097560976;"Municipio";55458;"DIADEMA";"RRAS01";35015;"GRANDE ABC";"Quedas";295,719283061055
"351380";2022;151;16;528153,41;3497,70470198676;105,960264900662;"Municipio";57482;"DIADEMA";"RRAS01";35015;"GRANDE ABC";"Quedas";262,6909293344
"351380";2023;196;19;508816,86;2596,0043877551;96,9387755102041;"Municipio";59791;"DIADEMA";"RRAS01";35015;"GRANDE ABC";"Quedas";327,808533056815
"351380";2024;475;28;707360,5;1489,18;58,9473684210526;"Municipio";62230;"DIADEMA";"RRAS01";35015;"GRANDE ABC";"Quedas";763,297444962237
"351380";2025;470;30;953775,23;2029,309;63,8297872340425;"Municipio";;"DIADEMA";"RRAS01";35015;"GRANDE ABC";"Quedas";
"351385";2015;3;0;1793,05;597,683333333333;0;"Municipio";363;"DIRCE REIS";"RRAS12";35153;"JALES";"Quedas";826,446280991736
"351385";2016;4;1;18762,61;4690,6525;250;"Municipio";371;"DIRCE REIS";"RRAS12";35153;"JALES";"Quedas";1078,16711590296
"351385";2017;4;0;7086,51;1771,6275;0;"Municipio";380;"DIRCE REIS";"RRAS12";35153;"JALES";"Quedas";1052,63157894737
"351385";2018;2;0;2084,34;1042,17;0;"Municipio";389;"DIRCE REIS";"RRAS12";35153;"JALES";"Quedas";514,13881748072
"351385";2020;3;0;7297,22;2432,40666666667;0;"Municipio";399;"DIRCE REIS";"RRAS12";35153;"JALES";"Quedas";751,87969924812
"351385";2021;1;1;10967,79;10967,79;1000;"Municipio";404;"DIRCE REIS";"RRAS12";35153;"JALES";"Quedas";247,524752475248
"351385";2022;3;0;3282,31;1094,10333333333;0;"Municipio";410;"DIRCE REIS";"RRAS12";35153;"JALES";"Quedas";731,707317073171
"351385";2023;8;0;12003,92;1500,49;0;"Municipio";411;"DIRCE REIS";"RRAS12";35153;"JALES";"Quedas";1946,47201946472
"351385";2024;4;0;4425,32;1106,33;0;"Municipio";429;"DIRCE REIS";"RRAS12";35153;"JALES";"Quedas";932,400932400932
"351385";2025;3;0;13538,22;4512,74;0;"Municipio";;"DIRCE REIS";"RRAS12";35153;"JALES";"Quedas";
"351390";2015;19;0;14074,86;740,782105263158;0;"Municipio";2207;"DIVINOLANDIA";"RRAS15";35143;"RIO PARDO";"Quedas";860,897145446307
"351390";2016;19;0;34796,3;1831,38421052632;0;"Municipio";2274;"DIVINOLANDIA";"RRAS15";35143;"RIO PARDO";"Quedas";835,532102022867
"351390";2017;31;1;56388,39;1818,98032258065;32,258064516129;"Municipio";2339;"DIVINOLANDIA";"RRAS15";35143;"RIO PARDO";"Quedas";1325,3527148354
"351390";2018;26;0;21903,09;842,426538461538;0;"Municipio";2407;"DIVINOLANDIA";"RRAS15";35143;"RIO PARDO";"Quedas";1080,18280016618
"351390";2019;19;0;20431,8;1075,35789473684;0;"Municipio";2471;"DIVINOLANDIA";"RRAS15";35143;"RIO PARDO";"Quedas";768,919465803319
"351390";2020;18;0;22148,5;1230,47222222222;0;"Municipio";2532;"DIVINOLANDIA";"RRAS15";35143;"RIO PARDO";"Quedas";710,900473933649
"351390";2021;23;2;30628,79;1331,68652173913;86,9565217391304;"Municipio";2578;"DIVINOLANDIA";"RRAS15";35143;"RIO PARDO";"Quedas";892,164468580295
"351390";2022;15;0;20393,96;1359,59733333333;0;"Municipio";2622;"DIVINOLANDIA";"RRAS15";35143;"RIO PARDO";"Quedas";572,0823798627
"351390";2023;9;0;8888,27;987,585555555556;0;"Municipio";2680;"DIVINOLANDIA";"RRAS15";35143;"RIO PARDO";"Quedas";335,820895522388
"351390";2024;3;0;700,29;233,43;0;"Municipio";2746;"DIVINOLANDIA";"RRAS15";35143;"RIO PARDO";"Quedas";109,24981791697
"351390";2025;17;1;15555,06;915,003529411765;58,8235294117647;"Municipio";;"DIVINOLANDIA";"RRAS15";35143;"RIO PARDO";"Quedas";
"351400";2015;7;0;8753,05;1250,43571428571;0;"Municipio";923;"DOBRADA";"RRAS18";35033;"NOROESTE DRS III";"Quedas";758,39653304442
"351400";2016;7;0;14540;2077,14285714286;0;"Municipio";958;"DOBRADA";"RRAS18";35033;"NOROESTE DRS III";"Quedas";730,688935281837
"351400";2017;9;0;12695,38;1410,59777777778;0;"Municipio";998;"DOBRADA";"RRAS18";35033;"NOROESTE DRS III";"Quedas";901,803607214429
"351400";2018;9;0;14691,84;1632,42666666667;0;"Municipio";1036;"DOBRADA";"RRAS18";35033;"NOROESTE DRS III";"Quedas";868,725868725869
"351400";2019;9;0;11688,3;1298,7;0;"Municipio";1083;"DOBRADA";"RRAS18";35033;"NOROESTE DRS III";"Quedas";831,024930747922
"351400";2020;10;1;21879,06;2187,906;100;"Municipio";1123;"DOBRADA";"RRAS18";35033;"NOROESTE DRS III";"Quedas";890,471950133571
"351400";2021;11;1;22581,01;2052,81909090909;90,9090909090909;"Municipio";1156;"DOBRADA";"RRAS18";35033;"NOROESTE DRS III";"Quedas";951,557093425606
"351400";2022;13;0;17865,72;1374,28615384615;0;"Municipio";1196;"DOBRADA";"RRAS18";35033;"NOROESTE DRS III";"Quedas";1086,95652173913
"351400";2023;14;0;17085,56;1220,39714285714;0;"Municipio";1243;"DOBRADA";"RRAS18";35033;"NOROESTE DRS III";"Quedas";1126,30732099759
"351400";2024;18;0;20248,97;1124,94277777778;0;"Municipio";1294;"DOBRADA";"RRAS18";35033;"NOROESTE DRS III";"Quedas";1391,03554868624
"351400";2025;11;0;26264,08;2387,64363636364;0;"Municipio";;"DOBRADA";"RRAS18";35033;"NOROESTE DRS III";"Quedas";
"351410";2015;6;0;87572,52;14595,42;0;"Municipio";3979;"DOIS CORREGOS";"RRAS09";35064;"JAU";"Quedas";150,791656195024
"351410";2016;7;1;24099,4;3442,77142857143;142,857142857143;"Municipio";4075;"DOIS CORREGOS";"RRAS09";35064;"JAU";"Quedas";171,779141104294
"351410";2017;11;0;53866,12;4896,92;0;"Municipio";4177;"DOIS CORREGOS";"RRAS09";35064;"JAU";"Quedas";263,346899688772
"351410";2018;10;1;19341,83;1934,183;100;"Municipio";4286;"DOIS CORREGOS";"RRAS09";35064;"JAU";"Quedas";233,317778814746
"351410";2019;21;2;37941,56;1806,74095238095;95,2380952380952;"Municipio";4405;"DOIS CORREGOS";"RRAS09";35064;"JAU";"Quedas";476,730987514188
"351410";2020;37;0;76827,23;2076,41162162162;0;"Municipio";4505;"DOIS CORREGOS";"RRAS09";35064;"JAU";"Quedas";821,309655937847
"351410";2021;40;2;62481,28;1562,032;50;"Municipio";4593;"DOIS CORREGOS";"RRAS09";35064;"JAU";"Quedas";870,890485521446
"351410";2022;31;1;47278,82;1525,12322580645;32,258064516129;"Municipio";4681;"DOIS CORREGOS";"RRAS09";35064;"JAU";"Quedas";662,251655629139
"351410";2023;42;5;56796,64;1352,30095238095;119,047619047619;"Municipio";4792;"DOIS CORREGOS";"RRAS09";35064;"JAU";"Quedas";876,460767946578
"351410";2024;35;5;81383,18;2325,23371428571;142,857142857143;"Municipio";4909;"DOIS CORREGOS";"RRAS09";35064;"JAU";"Quedas";712,9761662253
"351410";2025;41;2;113646,28;2771,86048780488;48,780487804878;"Municipio";;"DOIS CORREGOS";"RRAS09";35064;"JAU";"Quedas";
"351420";2015;5;0;7979,55;1595,91;0;"Municipio";449;"DOLCINOPOLIS";"RRAS12";35153;"JALES";"Quedas";1113,58574610245
"351420";2016;3;0;3977,06;1325,68666666667;0;"Municipio";458;"DOLCINOPOLIS";"RRAS12";35153;"JALES";"Quedas";655,021834061135
"351420";2017;4;0;2462,31;615,5775;0;"Municipio";469;"DOLCINOPOLIS";"RRAS12";35153;"JALES";"Quedas";852,878464818763
"351420";2018;10;0;21712,62;2171,262;0;"Municipio";485;"DOLCINOPOLIS";"RRAS12";35153;"JALES";"Quedas";2061,85567010309
"351420";2019;3;0;3438,45;1146,15;0;"Municipio";502;"DOLCINOPOLIS";"RRAS12";35153;"JALES";"Quedas";597,609561752988
"351420";2020;11;1;23814,44;2164,94909090909;90,9090909090909;"Municipio";511;"DOLCINOPOLIS";"RRAS12";35153;"JALES";"Quedas";2152,64187866928
"351420";2021;3;0;3304,91;1101,63666666667;0;"Municipio";519;"DOLCINOPOLIS";"RRAS12";35153;"JALES";"Quedas";578,034682080925
"351420";2022;2;0;7672,11;3836,055;0;"Municipio";532;"DOLCINOPOLIS";"RRAS12";35153;"JALES";"Quedas";375,93984962406
"351420";2023;5;0;9717,11;1943,422;0;"Municipio";539;"DOLCINOPOLIS";"RRAS12";35153;"JALES";"Quedas";927,643784786642
"351420";2024;8;1;12338,99;1542,37375;125;"Municipio";556;"DOLCINOPOLIS";"RRAS12";35153;"JALES";"Quedas";1438,84892086331
"351420";2025;4;0;20470,06;5117,515;0;"Municipio";;"DOLCINOPOLIS";"RRAS12";35153;"JALES";"Quedas";
"351430";2015;9;2;20448,62;2272,06888888889;222,222222222222;"Municipio";1598;"DOURADO";"RRAS18";35032;"CORACAO DO DRS III";"Quedas";563,204005006258
"351430";2016;5;0;5243,27;1048,654;0;"Municipio";1629;"DOURADO";"RRAS18";35032;"CORACAO DO DRS III";"Quedas";306,936771025169
"351430";2017;6;1;12182,5;2030,41666666667;166,666666666667;"Municipio";1668;"DOURADO";"RRAS18";35032;"CORACAO DO DRS III";"Quedas";359,712230215827
"351430";2018;3;0;1948,66;649,553333333333;0;"Municipio";1702;"DOURADO";"RRAS18";35032;"CORACAO DO DRS III";"Quedas";176,263219741481
"351430";2019;8;0;10437,52;1304,69;0;"Municipio";1740;"DOURADO";"RRAS18";35032;"CORACAO DO DRS III";"Quedas";459,770114942529
"351430";2020;8;0;11630,36;1453,795;0;"Municipio";1775;"DOURADO";"RRAS18";35032;"CORACAO DO DRS III";"Quedas";450,704225352113
"351430";2021;6;1;9518,09;1586,34833333333;166,666666666667;"Municipio";1799;"DOURADO";"RRAS18";35032;"CORACAO DO DRS III";"Quedas";333,518621456365
"351430";2022;12;1;27589,4;2299,11666666667;83,3333333333333;"Municipio";1825;"DOURADO";"RRAS18";35032;"CORACAO DO DRS III";"Quedas";657,534246575343
"351430";2023;12;0;27736,46;2311,37166666667;0;"Municipio";1864;"DOURADO";"RRAS18";35032;"CORACAO DO DRS III";"Quedas";643,776824034335
"351430";2024;6;1;14265,88;2377,64666666667;166,666666666667;"Municipio";1904;"DOURADO";"RRAS18";35032;"CORACAO DO DRS III";"Quedas";315,126050420168
"351430";2025;13;2;24753,69;1904,13;153,846153846154;"Municipio";;"DOURADO";"RRAS18";35032;"CORACAO DO DRS III";"Quedas";
"351440";2015;43;3;93992,76;2185,87813953488;69,7674418604651;"Municipio";8701;"DRACENA";"RRAS11";35111;"ALTA PAULISTA";"Quedas";494,196069417308
"351440";2016;47;2;85158,48;1811,88255319149;42,5531914893617;"Municipio";8941;"DRACENA";"RRAS11";35111;"ALTA PAULISTA";"Quedas";525,668269768482
"351440";2017;59;5;139141,7;2358,33389830508;84,7457627118644;"Municipio";9182;"DRACENA";"RRAS11";35111;"ALTA PAULISTA";"Quedas";642,561533434981
"351440";2018;45;5;97712,71;2171,39355555556;111,111111111111;"Municipio";9435;"DRACENA";"RRAS11";35111;"ALTA PAULISTA";"Quedas";476,947535771065
"351440";2019;58;1;98873,94;1704,72310344828;17,2413793103448;"Municipio";9689;"DRACENA";"RRAS11";35111;"ALTA PAULISTA";"Quedas";598,61698833729
"351440";2020;45;2;99884,81;2219,66244444444;44,4444444444444;"Municipio";9927;"DRACENA";"RRAS11";35111;"ALTA PAULISTA";"Quedas";453,309156844968
"351440";2021;68;10;156465,4;2300,96176470588;147,058823529412;"Municipio";10116;"DRACENA";"RRAS11";35111;"ALTA PAULISTA";"Quedas";672,202451561882
"351440";2022;55;1;104834,97;1906,09036363636;18,1818181818182;"Municipio";10301;"DRACENA";"RRAS11";35111;"ALTA PAULISTA";"Quedas";533,92874478206
"351440";2023;56;7;132769,8;2370,88928571429;125;"Municipio";10522;"DRACENA";"RRAS11";35111;"ALTA PAULISTA";"Quedas";532,218209465881
"351440";2024;62;6;147800,14;2383,87322580645;96,7741935483871;"Municipio";10767;"DRACENA";"RRAS11";35111;"ALTA PAULISTA";"Quedas";575,833565524287
"351440";2025;49;7;169993,78;3469,26081632653;142,857142857143;"Municipio";;"DRACENA";"RRAS11";35111;"ALTA PAULISTA";"Quedas";
"351450";2015;18;0;23115,73;1284,20722222222;0;"Municipio";2475;"DUARTINA";"RRAS09";35062;"BAURU";"Quedas";727,272727272727
"351450";2016;18;0;23611,67;1311,75944444444;0;"Municipio";2544;"DUARTINA";"RRAS09";35062;"BAURU";"Quedas";707,547169811321
"351450";2017;28;1;44395,2;1585,54285714286;35,7142857142857;"Municipio";2612;"DUARTINA";"RRAS09";35062;"BAURU";"Quedas";1071,97549770291
"351450";2018;17;0;20673,24;1216,07294117647;0;"Municipio";2683;"DUARTINA";"RRAS09";35062;"BAURU";"Quedas";633,619083115915
"351450";2019;53;1;57609,68;1086,97509433962;18,8679245283019;"Municipio";2761;"DUARTINA";"RRAS09";35062;"BAURU";"Quedas";1919,59434987323
"351450";2020;31;0;38117,59;1229,59967741935;0;"Municipio";2830;"DUARTINA";"RRAS09";35062;"BAURU";"Quedas";1095,40636042403
"351450";2021;29;1;50821,26;1752,45724137931;34,4827586206897;"Municipio";2883;"DUARTINA";"RRAS09";35062;"BAURU";"Quedas";1005,89663544918
"351450";2022;32;0;79049,27;2470,2896875;0;"Municipio";2938;"DUARTINA";"RRAS09";35062;"BAURU";"Quedas";1089,17631041525
"351450";2023;28;1;59134,18;2111,935;35,7142857142857;"Municipio";3007;"DUARTINA";"RRAS09";35062;"BAURU";"Quedas";931,160625207848
"351450";2024;31;1;66597,16;2148,29548387097;32,258064516129;"Municipio";3079;"DUARTINA";"RRAS09";35062;"BAURU";"Quedas";1006,82039623254
"351450";2025;31;1;67391,18;2173,90903225806;32,258064516129;"Municipio";;"DUARTINA";"RRAS09";35062;"BAURU";"Quedas";
"351460";2015;8;0;14701,6;1837,7;0;"Municipio";1091;"DUMONT";"RRAS13";35131;"HORIZONTE VERDE";"Quedas";733,272227314391
"351460";2016;6;1;15069,3;2511,55;166,666666666667;"Municipio";1136;"DUMONT";"RRAS13";35131;"HORIZONTE VERDE";"Quedas";528,169014084507
"351460";2017;3;0;4558,67;1519,55666666667;0;"Municipio";1192;"DUMONT";"RRAS13";35131;"HORIZONTE VERDE";"Quedas";251,677852348993
"351460";2018;6;1;6987,69;1164,615;166,666666666667;"Municipio";1242;"DUMONT";"RRAS13";35131;"HORIZONTE VERDE";"Quedas";483,091787439613
"351460";2019;9;1;48569,97;5396,66333333333;111,111111111111;"Municipio";1301;"DUMONT";"RRAS13";35131;"HORIZONTE VERDE";"Quedas";691,775557263643
"351460";2020;10;0;18623,69;1862,369;0;"Municipio";1356;"DUMONT";"RRAS13";35131;"HORIZONTE VERDE";"Quedas";737,463126843658
"351460";2021;11;2;11713,93;1064,90272727273;181,818181818182;"Municipio";1397;"DUMONT";"RRAS13";35131;"HORIZONTE VERDE";"Quedas";787,40157480315
"351460";2022;2;0;5917;2958,5;0;"Municipio";1442;"DUMONT";"RRAS13";35131;"HORIZONTE VERDE";"Quedas";138,69625520111
"351460";2023;3;0;5910,01;1970,00333333333;0;"Municipio";1497;"DUMONT";"RRAS13";35131;"HORIZONTE VERDE";"Quedas";200,400801603206
"351460";2024;11;0;18467,37;1678,85181818182;0;"Municipio";1557;"DUMONT";"RRAS13";35131;"HORIZONTE VERDE";"Quedas";706,486833654464
"351460";2025;5;0;8855,42;1771,084;0;"Municipio";;"DUMONT";"RRAS13";35131;"HORIZONTE VERDE";"Quedas";
"351470";2015;5;0;9255,12;1851,024;0;"Municipio";1129;"ECHAPORA";"RRAS10";35093;"MARILIA";"Quedas";442,869796279894
"351470";2016;11;1;30809,97;2800,90636363636;90,9090909090909;"Municipio";1150;"ECHAPORA";"RRAS10";35093;"MARILIA";"Quedas";956,521739130435
"351470";2017;6;1;9105,37;1517,56166666667;166,666666666667;"Municipio";1173;"ECHAPORA";"RRAS10";35093;"MARILIA";"Quedas";511,50895140665
"351470";2018;6;1;9027,41;1504,56833333333;166,666666666667;"Municipio";1199;"ECHAPORA";"RRAS10";35093;"MARILIA";"Quedas";500,417014178482
"351470";2019;7;1;22287,64;3183,94857142857;142,857142857143;"Municipio";1225;"ECHAPORA";"RRAS10";35093;"MARILIA";"Quedas";571,428571428571
"351470";2020;7;2;15889,4;2269,91428571429;285,714285714286;"Municipio";1251;"ECHAPORA";"RRAS10";35093;"MARILIA";"Quedas";559,552358113509
"351470";2021;9;0;21124,6;2347,17777777778;0;"Municipio";1269;"ECHAPORA";"RRAS10";35093;"MARILIA";"Quedas";709,219858156028
"351470";2022;11;1;15778,23;1434,38454545455;90,9090909090909;"Municipio";1289;"ECHAPORA";"RRAS10";35093;"MARILIA";"Quedas";853,374709076804
"351470";2023;8;1;10263,78;1282,9725;125;"Municipio";1315;"ECHAPORA";"RRAS10";35093;"MARILIA";"Quedas";608,365019011407
"351470";2024;6;2;26612,05;4435,34166666667;333,333333333333;"Municipio";1347;"ECHAPORA";"RRAS10";35093;"MARILIA";"Quedas";445,43429844098
"351470";2025;9;2;31861,53;3540,17;222,222222222222;"Municipio";;"ECHAPORA";"RRAS10";35093;"MARILIA";"Quedas";
"351480";2015;8;0;8175,18;1021,8975;0;"Municipio";2108;"ELDORADO";"RRAS07";35121;"VALE DO RIBEIRA";"Quedas";379,506641366224
"351480";2016;15;0;18558,45;1237,23;0;"Municipio";2145;"ELDORADO";"RRAS07";35121;"VALE DO RIBEIRA";"Quedas";699,300699300699
"351480";2017;11;2;14320,18;1301,83454545455;181,818181818182;"Municipio";2184;"ELDORADO";"RRAS07";35121;"VALE DO RIBEIRA";"Quedas";503,663003663004
"351480";2018;12;0;16700,75;1391,72916666667;0;"Municipio";2216;"ELDORADO";"RRAS07";35121;"VALE DO RIBEIRA";"Quedas";541,516245487365
"351480";2019;12;0;13002,18;1083,515;0;"Municipio";2252;"ELDORADO";"RRAS07";35121;"VALE DO RIBEIRA";"Quedas";532,859680284192
"351480";2020;17;3;33577,41;1975,14176470588;176,470588235294;"Municipio";2285;"ELDORADO";"RRAS07";35121;"VALE DO RIBEIRA";"Quedas";743,98249452954
"351480";2021;13;3;18837,63;1449,04846153846;230,769230769231;"Municipio";2309;"ELDORADO";"RRAS07";35121;"VALE DO RIBEIRA";"Quedas";563,014291901256
"351480";2022;15;2;43522,89;2901,526;133,333333333333;"Municipio";2329;"ELDORADO";"RRAS07";35121;"VALE DO RIBEIRA";"Quedas";644,05324173465
"351480";2023;10;1;19185,4;1918,54;100;"Municipio";2374;"ELDORADO";"RRAS07";35121;"VALE DO RIBEIRA";"Quedas";421,2299915754
"351480";2024;18;0;24626,39;1368,13277777778;0;"Municipio";2424;"ELDORADO";"RRAS07";35121;"VALE DO RIBEIRA";"Quedas";742,574257425743
"351480";2025;21;1;61014,81;2905,46714285714;47,6190476190476;"Municipio";;"ELDORADO";"RRAS07";35121;"VALE DO RIBEIRA";"Quedas";
"351490";2015;9;0;12334,5;1370,5;0;"Municipio";2104;"ELIAS FAUSTO";"RRAS14";35103;"PIRACICABA";"Quedas";427,756653992395
"351490";2016;11;0;14656,76;1332,43272727273;0;"Municipio";2192;"ELIAS FAUSTO";"RRAS14";35103;"PIRACICABA";"Quedas";501,824817518248
"351490";2017;11;1;12396;1126,90909090909;90,9090909090909;"Municipio";2293;"ELIAS FAUSTO";"RRAS14";35103;"PIRACICABA";"Quedas";479,720889664195
"351490";2018;23;2;34425,46;1496,75913043478;86,9565217391304;"Municipio";2397;"ELIAS FAUSTO";"RRAS14";35103;"PIRACICABA";"Quedas";959,532749269921
"351490";2019;15;2;19618,81;1307,92066666667;133,333333333333;"Municipio";2505;"ELIAS FAUSTO";"RRAS14";35103;"PIRACICABA";"Quedas";598,802395209581
"351490";2020;16;0;17801,62;1112,60125;0;"Municipio";2618;"ELIAS FAUSTO";"RRAS14";35103;"PIRACICABA";"Quedas";611,153552330023
"351490";2021;15;0;29222,22;1948,148;0;"Municipio";2718;"ELIAS FAUSTO";"RRAS14";35103;"PIRACICABA";"Quedas";551,876379690949
"351490";2022;20;0;24577,24;1228,862;0;"Municipio";2821;"ELIAS FAUSTO";"RRAS14";35103;"PIRACICABA";"Quedas";708,968450903935
"351490";2023;11;0;16852,96;1532,08727272727;0;"Municipio";2942;"ELIAS FAUSTO";"RRAS14";35103;"PIRACICABA";"Quedas";373,895309313392
"351490";2024;25;1;38355,14;1534,2056;40;"Municipio";3060;"ELIAS FAUSTO";"RRAS14";35103;"PIRACICABA";"Quedas";816,993464052288
"351490";2025;20;0;34041,29;1702,0645;0;"Municipio";;"ELIAS FAUSTO";"RRAS14";35103;"PIRACICABA";"Quedas";
"351492";2015;8;0;14005,9;1750,7375;0;"Municipio";543;"ELISIARIO";"RRAS12";35151;"CATANDUVA";"Quedas";1473,29650092081
"351492";2016;1;0;1717,97;1717,97;0;"Municipio";558;"ELISIARIO";"RRAS12";35151;"CATANDUVA";"Quedas";179,21146953405
"351492";2018;4;0;8053,93;2013,4825;0;"Municipio";583;"ELISIARIO";"RRAS12";35151;"CATANDUVA";"Quedas";686,106346483705
"351492";2019;3;0;7774,62;2591,54;0;"Municipio";597;"ELISIARIO";"RRAS12";35151;"CATANDUVA";"Quedas";502,51256281407
"351492";2020;3;1;9659,27;3219,75666666667;333,333333333333;"Municipio";605;"ELISIARIO";"RRAS12";35151;"CATANDUVA";"Quedas";495,867768595041
"351492";2021;6;0;9044,9;1507,48333333333;0;"Municipio";614;"ELISIARIO";"RRAS12";35151;"CATANDUVA";"Quedas";977,198697068404
"351492";2022;5;0;3323,72;664,744;0;"Municipio";625;"ELISIARIO";"RRAS12";35151;"CATANDUVA";"Quedas";800
"351492";2023;7;0;22986,29;3283,75571428571;0;"Municipio";635;"ELISIARIO";"RRAS12";35151;"CATANDUVA";"Quedas";1102,36220472441
"351492";2024;3;0;6457,05;2152,35;0;"Municipio";663;"ELISIARIO";"RRAS12";35151;"CATANDUVA";"Quedas";452,488687782805
"351492";2025;1;0;900,97;900,97;0;"Municipio";;"ELISIARIO";"RRAS12";35151;"CATANDUVA";"Quedas";
"351495";2015;5;1;12862,81;2572,562;200;"Municipio";441;"EMBAUBA";"RRAS12";35151;"CATANDUVA";"Quedas";1133,78684807256
"351495";2016;7;1;13987,74;1998,24857142857;142,857142857143;"Municipio";456;"EMBAUBA";"RRAS12";35151;"CATANDUVA";"Quedas";1535,08771929825
"351495";2017;3;0;2588,15;862,716666666667;0;"Municipio";472;"EMBAUBA";"RRAS12";35151;"CATANDUVA";"Quedas";635,593220338983
"351495";2018;3;0;3814,38;1271,46;0;"Municipio";487;"EMBAUBA";"RRAS12";35151;"CATANDUVA";"Quedas";616,016427104723
"351495";2019;5;0;12475,27;2495,054;0;"Municipio";503;"EMBAUBA";"RRAS12";35151;"CATANDUVA";"Quedas";994,03578528827
"351495";2020;4;0;8076,95;2019,2375;0;"Municipio";517;"EMBAUBA";"RRAS12";35151;"CATANDUVA";"Quedas";773,694390715667
"351495";2021;3;0;5016,1;1672,03333333333;0;"Municipio";530;"EMBAUBA";"RRAS12";35151;"CATANDUVA";"Quedas";566,037735849057
"351495";2022;5;0;22199,19;4439,838;0;"Municipio";544;"EMBAUBA";"RRAS12";35151;"CATANDUVA";"Quedas";919,117647058824
"351495";2023;1;0;3068,75;3068,75;0;"Municipio";555;"EMBAUBA";"RRAS12";35151;"CATANDUVA";"Quedas";180,18018018018
"351495";2024;5;1;7413,96;1482,792;200;"Municipio";582;"EMBAUBA";"RRAS12";35151;"CATANDUVA";"Quedas";859,106529209622
"351495";2025;5;0;16976,95;3395,39;0;"Municipio";;"EMBAUBA";"RRAS12";35151;"CATANDUVA";"Quedas";
"351500";2015;106;11;177657,57;1676,01481132075;103,77358490566;"Municipio";24204;"EMBU DAS ARTES";"RRAS04";35013;"MANANCIAIS";"Quedas";437,944141464221
"351500";2016;151;9;244085,02;1616,45708609272;59,6026490066225;"Municipio";25513;"EMBU DAS ARTES";"RRAS04";35013;"MANANCIAIS";"Quedas";591,855132677459
"351500";2017;140;6;210535,68;1503,82628571429;42,8571428571429;"Municipio";26827;"EMBU DAS ARTES";"RRAS04";35013;"MANANCIAIS";"Quedas";521,862302903791
"351500";2018;137;16;256655,42;1873,39722627737;116,788321167883;"Municipio";28126;"EMBU DAS ARTES";"RRAS04";35013;"MANANCIAIS";"Quedas";487,093792220721
"351500";2019;167;7;297326,92;1780,40071856287;41,9161676646707;"Municipio";29410;"EMBU DAS ARTES";"RRAS04";35013;"MANANCIAIS";"Quedas";567,834070044203
"351500";2020;124;10;267156,39;2154,48701612903;80,6451612903226;"Municipio";30655;"EMBU DAS ARTES";"RRAS04";35013;"MANANCIAIS";"Quedas";404,501712608057
"351500";2021;171;15;317323,9;1855,69532163743;87,719298245614;"Municipio";31781;"EMBU DAS ARTES";"RRAS04";35013;"MANANCIAIS";"Quedas";538,057329851169
"351500";2022;177;20;323208,8;1826,0384180791;112,994350282486;"Municipio";32925;"EMBU DAS ARTES";"RRAS04";35013;"MANANCIAIS";"Quedas";537,585421412301
"351500";2023;202;16;386851,71;1915,10747524752;79,2079207920792;"Municipio";34214;"EMBU DAS ARTES";"RRAS04";35013;"MANANCIAIS";"Quedas";590,401589992401
"351500";2024;185;14;368636,66;1992,63059459459;75,6756756756757;"Municipio";35577;"EMBU DAS ARTES";"RRAS04";35013;"MANANCIAIS";"Quedas";519,998875678107
"351500";2025;193;17;500558,83;2593,56906735751;88,0829015544041;"Municipio";;"EMBU DAS ARTES";"RRAS04";35013;"MANANCIAIS";"Quedas";
"351510";2015;40;4;65965,62;1649,1405;100;"Municipio";8049;"EMBU GUACU";"RRAS04";35013;"MANANCIAIS";"Quedas";496,956143620325
"351510";2016;53;4;49222,3;928,722641509434;75,4716981132075;"Municipio";8392;"EMBU GUACU";"RRAS04";35013;"MANANCIAIS";"Quedas";631,553860819828
"351510";2017;60;3;90566,55;1509,4425;50;"Municipio";8745;"EMBU GUACU";"RRAS04";35013;"MANANCIAIS";"Quedas";686,106346483705
"351510";2018;74;4;116357,51;1572,39878378378;54,0540540540541;"Municipio";9102;"EMBU GUACU";"RRAS04";35013;"MANANCIAIS";"Quedas";813,008130081301
"351510";2019;69;5;94714,77;1372,67782608696;72,463768115942;"Municipio";9470;"EMBU GUACU";"RRAS04";35013;"MANANCIAIS";"Quedas";728,616684266103
"351510";2020;61;7;105555,04;1730,41049180328;114,754098360656;"Municipio";9825;"EMBU GUACU";"RRAS04";35013;"MANANCIAIS";"Quedas";620,865139949109
"351510";2021;86;8;115841,1;1346,98953488372;93,0232558139535;"Municipio";10142;"EMBU GUACU";"RRAS04";35013;"MANANCIAIS";"Quedas";847,958982449221
"351510";2022;101;0;103992,41;1029,62782178218;0;"Municipio";10457;"EMBU GUACU";"RRAS04";35013;"MANANCIAIS";"Quedas";965,860189346849
"351510";2023;135;10;146617,21;1086,05340740741;74,0740740740741;"Municipio";10815;"EMBU GUACU";"RRAS04";35013;"MANANCIAIS";"Quedas";1248,26629680999
"351510";2024;117;8;88579,73;757,091709401709;68,3760683760684;"Municipio";11199;"EMBU GUACU";"RRAS04";35013;"MANANCIAIS";"Quedas";1044,7361371551
"351510";2025;141;10;178809,57;1268,1529787234;70,9219858156028;"Municipio";;"EMBU GUACU";"RRAS04";35013;"MANANCIAIS";"Quedas";
"351512";2015;3;1;5923,7;1974,56666666667;333,333333333333;"Municipio";609;"EMILIANOPOLIS";"RRAS11";35112;"ALTA SOROCABANA";"Quedas";492,610837438424
"351512";2016;8;2;9292,91;1161,61375;250;"Municipio";627;"EMILIANOPOLIS";"RRAS11";35112;"ALTA SOROCABANA";"Quedas";1275,91706539075
"351512";2017;3;0;11320,42;3773,47333333333;0;"Municipio";648;"EMILIANOPOLIS";"RRAS11";35112;"ALTA SOROCABANA";"Quedas";462,962962962963
"351512";2018;6;1;13177,91;2196,31833333333;166,666666666667;"Municipio";663;"EMILIANOPOLIS";"RRAS11";35112;"ALTA SOROCABANA";"Quedas";904,977375565611
"351512";2019;2;0;826,12;413,06;0;"Municipio";689;"EMILIANOPOLIS";"RRAS11";35112;"ALTA SOROCABANA";"Quedas";290,275761973875
"351512";2020;7;2;7123,13;1017,59;285,714285714286;"Municipio";710;"EMILIANOPOLIS";"RRAS11";35112;"ALTA SOROCABANA";"Quedas";985,915492957747
"351512";2021;2;0;3089,75;1544,875;0;"Municipio";729;"EMILIANOPOLIS";"RRAS11";35112;"ALTA SOROCABANA";"Quedas";274,348422496571
"351512";2022;1;0;829,65;829,65;0;"Municipio";748;"EMILIANOPOLIS";"RRAS11";35112;"ALTA SOROCABANA";"Quedas";133,689839572193
"351512";2023;4;1;3570,74;892,685;250;"Municipio";768;"EMILIANOPOLIS";"RRAS11";35112;"ALTA SOROCABANA";"Quedas";520,833333333333
"351512";2024;5;0;4824,52;964,904;0;"Municipio";796;"EMILIANOPOLIS";"RRAS11";35112;"ALTA SOROCABANA";"Quedas";628,140703517588
"351512";2025;3;0;3726,49;1242,16333333333;0;"Municipio";;"EMILIANOPOLIS";"RRAS11";35112;"ALTA SOROCABANA";"Quedas";
"351515";2015;12;0;23830,95;1985,9125;0;"Municipio";1609;"ENGENHEIRO COELHO";"RRAS14";35102;"LIMEIRA";"Quedas";745,80484773151
"351515";2016;9;0;15350,97;1705,66333333333;0;"Municipio";1697;"ENGENHEIRO COELHO";"RRAS14";35102;"LIMEIRA";"Quedas";530,347672362994
"351515";2017;17;4;114452,03;6732,47235294118;235,294117647059;"Municipio";1792;"ENGENHEIRO COELHO";"RRAS14";35102;"LIMEIRA";"Quedas";948,660714285714
"351515";2018;10;0;24120,07;2412,007;0;"Municipio";1896;"ENGENHEIRO COELHO";"RRAS14";35102;"LIMEIRA";"Quedas";527,426160337553
"351515";2019;10;0;14837,46;1483,746;0;"Municipio";2007;"ENGENHEIRO COELHO";"RRAS14";35102;"LIMEIRA";"Quedas";498,25610363727
"351515";2020;7;0;13178,31;1882,61571428571;0;"Municipio";2114;"ENGENHEIRO COELHO";"RRAS14";35102;"LIMEIRA";"Quedas";331,12582781457
"351515";2021;11;0;28494,58;2590,41636363636;0;"Municipio";2225;"ENGENHEIRO COELHO";"RRAS14";35102;"LIMEIRA";"Quedas";494,38202247191
"351515";2022;10;0;17864,39;1786,439;0;"Municipio";2336;"ENGENHEIRO COELHO";"RRAS14";35102;"LIMEIRA";"Quedas";428,082191780822
"351515";2023;15;1;57577,03;3838,46866666667;66,6666666666667;"Municipio";2460;"ENGENHEIRO COELHO";"RRAS14";35102;"LIMEIRA";"Quedas";609,756097560976
"351515";2024;16;2;46223,21;2888,950625;125;"Municipio";2587;"ENGENHEIRO COELHO";"RRAS14";35102;"LIMEIRA";"Quedas";618,477000386548
"351515";2025;18;0;33560,69;1864,48277777778;0;"Municipio";;"ENGENHEIRO COELHO";"RRAS14";35102;"LIMEIRA";"Quedas";
"351518";2015;46;3;78444,61;1705,31760869565;65,2173913043478;"Municipio";7416;"ESPIRITO SANTO DO PINHAL";"RRAS15";35142;"MANTIQUEIRA";"Quedas";620,280474649407
"351518";2016;54;3;83249,97;1541,66611111111;55,5555555555556;"Municipio";7602;"ESPIRITO SANTO DO PINHAL";"RRAS15";35142;"MANTIQUEIRA";"Quedas";710,339384372534
"351518";2017;56;4;98680,86;1762,15821428571;71,4285714285714;"Municipio";7794;"ESPIRITO SANTO DO PINHAL";"RRAS15";35142;"MANTIQUEIRA";"Quedas";718,501411342058
"351518";2018;51;6;71536,28;1402,67215686275;117,647058823529;"Municipio";7998;"ESPIRITO SANTO DO PINHAL";"RRAS15";35142;"MANTIQUEIRA";"Quedas";637,659414853713
"351518";2019;38;1;53414,48;1405,64421052632;26,3157894736842;"Municipio";8204;"ESPIRITO SANTO DO PINHAL";"RRAS15";35142;"MANTIQUEIRA";"Quedas";463,188688444661
"351518";2020;61;5;90215,66;1478,94524590164;81,9672131147541;"Municipio";8390;"ESPIRITO SANTO DO PINHAL";"RRAS15";35142;"MANTIQUEIRA";"Quedas";727,056019070322
"351518";2021;36;2;80714,96;2242,08222222222;55,5555555555556;"Municipio";8536;"ESPIRITO SANTO DO PINHAL";"RRAS15";35142;"MANTIQUEIRA";"Quedas";421,74320524836
"351518";2022;58;0;67923,72;1171,09862068966;0;"Municipio";8683;"ESPIRITO SANTO DO PINHAL";"RRAS15";35142;"MANTIQUEIRA";"Quedas";667,97189911321
"351518";2023;54;3;117172,61;2169,86314814815;55,5555555555556;"Municipio";8886;"ESPIRITO SANTO DO PINHAL";"RRAS15";35142;"MANTIQUEIRA";"Quedas";607,697501688049
"351518";2024;56;3;79196,07;1414,21553571429;53,5714285714286;"Municipio";9110;"ESPIRITO SANTO DO PINHAL";"RRAS15";35142;"MANTIQUEIRA";"Quedas";614,709110867179
"351518";2025;58;4;158919,77;2739,99603448276;68,9655172413793;"Municipio";;"ESPIRITO SANTO DO PINHAL";"RRAS15";35142;"MANTIQUEIRA";"Quedas";
"351519";2015;5;0;6223,37;1244,674;0;"Municipio";505;"ESPIRITO SANTO DO TURVO";"RRAS10";35094;"OURINHOS";"Quedas";990,09900990099
"351519";2016;3;1;10615,44;3538,48;333,333333333333;"Municipio";523;"ESPIRITO SANTO DO TURVO";"RRAS10";35094;"OURINHOS";"Quedas";573,613766730402
"351519";2017;11;1;8668,08;788,007272727273;90,9090909090909;"Municipio";541;"ESPIRITO SANTO DO TURVO";"RRAS10";35094;"OURINHOS";"Quedas";2033,27171903882
"351519";2018;5;1;7524,12;1504,824;200;"Municipio";556;"ESPIRITO SANTO DO TURVO";"RRAS10";35094;"OURINHOS";"Quedas";899,280575539568
"351519";2019;1;0;553,67;553,67;0;"Municipio";569;"ESPIRITO SANTO DO TURVO";"RRAS10";35094;"OURINHOS";"Quedas";175,746924428822
"351519";2020;5;0;18428,13;3685,626;0;"Municipio";590;"ESPIRITO SANTO DO TURVO";"RRAS10";35094;"OURINHOS";"Quedas";847,457627118644
"351519";2021;5;0;10280,77;2056,154;0;"Municipio";595;"ESPIRITO SANTO DO TURVO";"RRAS10";35094;"OURINHOS";"Quedas";840,336134453781
"351519";2022;1;0;59,18;59,18;0;"Municipio";622;"ESPIRITO SANTO DO TURVO";"RRAS10";35094;"OURINHOS";"Quedas";160,771704180064
"351519";2023;6;0;5264,45;877,408333333333;0;"Municipio";628;"ESPIRITO SANTO DO TURVO";"RRAS10";35094;"OURINHOS";"Quedas";955,414012738853
"351519";2024;4;0;1361,85;340,4625;0;"Municipio";651;"ESPIRITO SANTO DO TURVO";"RRAS10";35094;"OURINHOS";"Quedas";614,439324116743
"351519";2025;2;0;8557,36;4278,68;0;"Municipio";;"ESPIRITO SANTO DO TURVO";"RRAS10";35094;"OURINHOS";"Quedas";
"351520";2015;7;0;11336,47;1619,49571428571;0;"Municipio";1579;"ESTRELA DOESTE";"RRAS12";35154;"FERNANDOPOLIS";"Quedas";443,318556048132
"351520";2016;16;1;13894,43;868,401875;62,5;"Municipio";1635;"ESTRELA DOESTE";"RRAS12";35154;"FERNANDOPOLIS";"Quedas";978,593272171254
"351520";2017;20;3;33116,72;1655,836;150;"Municipio";1686;"ESTRELA DOESTE";"RRAS12";35154;"FERNANDOPOLIS";"Quedas";1186,23962040332
"351520";2018;11;0;20449,66;1859,06;0;"Municipio";1740;"ESTRELA DOESTE";"RRAS12";35154;"FERNANDOPOLIS";"Quedas";632,183908045977
"351520";2019;15;2;14608,79;973,919333333333;133,333333333333;"Municipio";1792;"ESTRELA DOESTE";"RRAS12";35154;"FERNANDOPOLIS";"Quedas";837,053571428571
"351520";2020;18;1;41963,47;2331,30388888889;55,5555555555556;"Municipio";1844;"ESTRELA DOESTE";"RRAS12";35154;"FERNANDOPOLIS";"Quedas";976,138828633406
"351520";2021;17;0;20042,68;1178,98117647059;0;"Municipio";1893;"ESTRELA DOESTE";"RRAS12";35154;"FERNANDOPOLIS";"Quedas";898,045430533545
"351520";2022;17;0;18736,11;1102,12411764706;0;"Municipio";1939;"ESTRELA DOESTE";"RRAS12";35154;"FERNANDOPOLIS";"Quedas";876,740587931924
"351520";2023;15;0;34969,36;2331,29066666667;0;"Municipio";2000;"ESTRELA DOESTE";"RRAS12";35154;"FERNANDOPOLIS";"Quedas";750
"351520";2024;24;2;76075,46;3169,81083333333;83,3333333333333;"Municipio";2062;"ESTRELA DOESTE";"RRAS12";35154;"FERNANDOPOLIS";"Quedas";1163,9185257032
"351520";2025;38;1;129885,75;3418,04605263158;26,3157894736842;"Municipio";;"ESTRELA DOESTE";"RRAS12";35154;"FERNANDOPOLIS";"Quedas";
"351530";2016;2;0;5665,93;2832,965;0;"Municipio";410;"ESTRELA DO NORTE";"RRAS11";35112;"ALTA SOROCABANA";"Quedas";487,80487804878
"351530";2017;1;0;2313,6;2313,6;0;"Municipio";428;"ESTRELA DO NORTE";"RRAS11";35112;"ALTA SOROCABANA";"Quedas";233,644859813084
"351530";2018;2;0;3117,16;1558,58;0;"Municipio";450;"ESTRELA DO NORTE";"RRAS11";35112;"ALTA SOROCABANA";"Quedas";444,444444444444
"351530";2019;2;0;1109,3;554,65;0;"Municipio";474;"ESTRELA DO NORTE";"RRAS11";35112;"ALTA SOROCABANA";"Quedas";421,940928270042
"351530";2020;5;1;4531,39;906,278;200;"Municipio";498;"ESTRELA DO NORTE";"RRAS11";35112;"ALTA SOROCABANA";"Quedas";1004,01606425703
"351530";2021;3;0;4805,79;1601,93;0;"Municipio";514;"ESTRELA DO NORTE";"RRAS11";35112;"ALTA SOROCABANA";"Quedas";583,657587548638
"351530";2023;6;0;13147,37;2191,22833333333;0;"Municipio";556;"ESTRELA DO NORTE";"RRAS11";35112;"ALTA SOROCABANA";"Quedas";1079,13669064748
"351530";2024;4;0;6288,57;1572,1425;0;"Municipio";590;"ESTRELA DO NORTE";"RRAS11";35112;"ALTA SOROCABANA";"Quedas";677,966101694915
"351530";2025;9;2;23186,75;2576,30555555556;222,222222222222;"Municipio";;"ESTRELA DO NORTE";"RRAS11";35112;"ALTA SOROCABANA";"Quedas";
"351535";2015;10;0;5971,33;597,133;0;"Municipio";1344;"EUCLIDES DA CUNHA PAULISTA";"RRAS11";35115;"PONTAL DO PARANAPANEMA";"Quedas";744,047619047619
"351535";2016;16;0;15494,95;968,434375;0;"Municipio";1378;"EUCLIDES DA CUNHA PAULISTA";"RRAS11";35115;"PONTAL DO PARANAPANEMA";"Quedas";1161,1030478955
"351535";2017;7;0;3120,43;445,775714285714;0;"Municipio";1409;"EUCLIDES DA CUNHA PAULISTA";"RRAS11";35115;"PONTAL DO PARANAPANEMA";"Quedas";496,80624556423
"351535";2018;12;0;16046,83;1337,23583333333;0;"Municipio";1446;"EUCLIDES DA CUNHA PAULISTA";"RRAS11";35115;"PONTAL DO PARANAPANEMA";"Quedas";829,875518672199
"351535";2019;15;1;14970,57;998,038;66,6666666666667;"Municipio";1474;"EUCLIDES DA CUNHA PAULISTA";"RRAS11";35115;"PONTAL DO PARANAPANEMA";"Quedas";1017,63907734057
"351535";2020;15;0;12727,67;848,511333333333;0;"Municipio";1510;"EUCLIDES DA CUNHA PAULISTA";"RRAS11";35115;"PONTAL DO PARANAPANEMA";"Quedas";993,377483443709
"351535";2021;11;0;12086,6;1098,78181818182;0;"Municipio";1534;"EUCLIDES DA CUNHA PAULISTA";"RRAS11";35115;"PONTAL DO PARANAPANEMA";"Quedas";717,079530638853
"351535";2022;19;0;16247,09;855,11;0;"Municipio";1558;"EUCLIDES DA CUNHA PAULISTA";"RRAS11";35115;"PONTAL DO PARANAPANEMA";"Quedas";1219,51219512195
"351535";2023;20;1;14680,78;734,039;50;"Municipio";1605;"EUCLIDES DA CUNHA PAULISTA";"RRAS11";35115;"PONTAL DO PARANAPANEMA";"Quedas";1246,10591900312
"351535";2024;19;0;9317,96;490,418947368421;0;"Municipio";1655;"EUCLIDES DA CUNHA PAULISTA";"RRAS11";35115;"PONTAL DO PARANAPANEMA";"Quedas";1148,03625377644
"351535";2025;13;0;5463,18;420,244615384615;0;"Municipio";;"EUCLIDES DA CUNHA PAULISTA";"RRAS11";35115;"PONTAL DO PARANAPANEMA";"Quedas";
"351540";2015;25;0;24480,65;979,226;0;"Municipio";2801;"FARTURA";"RRAS09";35061;"VALE DO JURUMIRIM";"Quedas";892,538379150304
"351540";2016;29;1;30290,55;1044,50172413793;34,4827586206897;"Municipio";2898;"FARTURA";"RRAS09";35061;"VALE DO JURUMIRIM";"Quedas";1000,69013112491
"351540";2017;38;2;46071,26;1212,40157894737;52,6315789473684;"Municipio";3003;"FARTURA";"RRAS09";35061;"VALE DO JURUMIRIM";"Quedas";1265,40126540127
"351540";2018;26;1;43609,2;1677,27692307692;38,4615384615385;"Municipio";3110;"FARTURA";"RRAS09";35061;"VALE DO JURUMIRIM";"Quedas";836,012861736334
"351540";2019;34;1;53978,32;1587,59764705882;29,4117647058824;"Municipio";3225;"FARTURA";"RRAS09";35061;"VALE DO JURUMIRIM";"Quedas";1054,26356589147
"351540";2020;43;1;66902,1;1555,86279069767;23,2558139534884;"Municipio";3336;"FARTURA";"RRAS09";35061;"VALE DO JURUMIRIM";"Quedas";1288,96882494005
"351540";2021;25;2;24885,56;995,4224;80;"Municipio";3425;"FARTURA";"RRAS09";35061;"VALE DO JURUMIRIM";"Quedas";729,92700729927
"351540";2022;42;3;66652,86;1586,97285714286;71,4285714285714;"Municipio";3516;"FARTURA";"RRAS09";35061;"VALE DO JURUMIRIM";"Quedas";1194,53924914676
"351540";2023;43;1;59444,92;1382,44;23,2558139534884;"Municipio";3613;"FARTURA";"RRAS09";35061;"VALE DO JURUMIRIM";"Quedas";1190,14669249931
"351540";2024;39;4;79860,46;2047,7041025641;102,564102564103;"Municipio";3706;"FARTURA";"RRAS09";35061;"VALE DO JURUMIRIM";"Quedas";1052,3475445224
"351540";2025;30;4;69112,95;2303,765;133,333333333333;"Municipio";;"FARTURA";"RRAS09";35061;"VALE DO JURUMIRIM";"Quedas";
"351550";2015;112;5;210898,32;1883,02071428571;44,6428571428571;"Municipio";12808;"FERNANDOPOLIS";"RRAS12";35154;"FERNANDOPOLIS";"Quedas";874,453466583385
"351550";2016;133;8;186995,29;1405,97962406015;60,1503759398496;"Municipio";13205;"FERNANDOPOLIS";"RRAS12";35154;"FERNANDOPOLIS";"Quedas";1007,19424460432
"351550";2017;176;10;381826,89;2169,47096590909;56,8181818181818;"Municipio";13603;"FERNANDOPOLIS";"RRAS12";35154;"FERNANDOPOLIS";"Quedas";1293,8322428876
"351550";2018;156;12;322120,16;2064,87282051282;76,9230769230769;"Municipio";14015;"FERNANDOPOLIS";"RRAS12";35154;"FERNANDOPOLIS";"Quedas";1113,09311452016
"351550";2019;148;8;200794,06;1356,71662162162;54,0540540540541;"Municipio";14422;"FERNANDOPOLIS";"RRAS12";35154;"FERNANDOPOLIS";"Quedas";1026,20995701012
"351550";2020;121;6;224312,28;1853,82049586777;49,5867768595041;"Municipio";14799;"FERNANDOPOLIS";"RRAS12";35154;"FERNANDOPOLIS";"Quedas";817,622812352186
"351550";2021;111;6;233347,86;2102,23297297297;54,0540540540541;"Municipio";15108;"FERNANDOPOLIS";"RRAS12";35154;"FERNANDOPOLIS";"Quedas";734,710087370929
"351550";2022;141;6;288748,03;2047,85836879433;42,5531914893617;"Municipio";15407;"FERNANDOPOLIS";"RRAS12";35154;"FERNANDOPOLIS";"Quedas";915,168429934445
"351550";2023;213;11;367490,4;1725,30704225352;51,6431924882629;"Municipio";15774;"FERNANDOPOLIS";"RRAS12";35154;"FERNANDOPOLIS";"Quedas";1350,32331685051
"351550";2024;179;9;402293,2;2247,44804469274;50,2793296089386;"Municipio";16182;"FERNANDOPOLIS";"RRAS12";35154;"FERNANDOPOLIS";"Quedas";1106,16734643431
"351550";2025;190;6;444073,51;2337,229;31,5789473684211;"Municipio";;"FERNANDOPOLIS";"RRAS12";35154;"FERNANDOPOLIS";"Quedas";
"351560";2015;11;2;20144,59;1831,32636363636;181,818181818182;"Municipio";1210;"FERNANDO PRESTES";"RRAS12";35151;"CATANDUVA";"Quedas";909,090909090909
"351560";2016;3;0;5387,95;1795,98333333333;0;"Municipio";1228;"FERNANDO PRESTES";"RRAS12";35151;"CATANDUVA";"Quedas";244,299674267101
"351560";2017;6;1;11541,19;1923,53166666667;166,666666666667;"Municipio";1249;"FERNANDO PRESTES";"RRAS12";35151;"CATANDUVA";"Quedas";480,384307445957
"351560";2018;5;0;7157,86;1431,572;0;"Municipio";1274;"FERNANDO PRESTES";"RRAS12";35151;"CATANDUVA";"Quedas";392,464678178964
"351560";2019;15;1;45075,91;3005,06066666667;66,6666666666667;"Municipio";1301;"FERNANDO PRESTES";"RRAS12";35151;"CATANDUVA";"Quedas";1152,95926210607
"351560";2020;3;0;6691,45;2230,48333333333;0;"Municipio";1322;"FERNANDO PRESTES";"RRAS12";35151;"CATANDUVA";"Quedas";226,928895612708
"351560";2021;10;1;26676,43;2667,643;100;"Municipio";1331;"FERNANDO PRESTES";"RRAS12";35151;"CATANDUVA";"Quedas";751,314800901578
"351560";2022;6;0;16467,56;2744,59333333333;0;"Municipio";1354;"FERNANDO PRESTES";"RRAS12";35151;"CATANDUVA";"Quedas";443,131462333826
"351560";2023;6;2;17381,29;2896,88166666667;333,333333333333;"Municipio";1372;"FERNANDO PRESTES";"RRAS12";35151;"CATANDUVA";"Quedas";437,31778425656
"351560";2024;9;0;28235,85;3137,31666666667;0;"Municipio";1403;"FERNANDO PRESTES";"RRAS12";35151;"CATANDUVA";"Quedas";641,482537419815
"351560";2025;12;0;23060,7;1921,725;0;"Municipio";;"FERNANDO PRESTES";"RRAS12";35151;"CATANDUVA";"Quedas";
"351565";2015;1;0;1544,16;1544,16;0;"Municipio";299;"FERNAO";"RRAS10";35093;"MARILIA";"Quedas";334,448160535117
"351565";2016;1;0;1187,74;1187,74;0;"Municipio";306;"FERNAO";"RRAS10";35093;"MARILIA";"Quedas";326,797385620915
"351565";2017;1;0;298,99;298,99;0;"Municipio";314;"FERNAO";"RRAS10";35093;"MARILIA";"Quedas";318,471337579618
"351565";2018;1;0;3204,09;3204,09;0;"Municipio";325;"FERNAO";"RRAS10";35093;"MARILIA";"Quedas";307,692307692308
"351565";2019;4;0;9043,86;2260,965;0;"Municipio";329;"FERNAO";"RRAS10";35093;"MARILIA";"Quedas";1215,80547112462
"351565";2020;2;0;1035,35;517,675;0;"Municipio";340;"FERNAO";"RRAS10";35093;"MARILIA";"Quedas";588,235294117647
"351565";2021;2;0;2932,21;1466,105;0;"Municipio";350;"FERNAO";"RRAS10";35093;"MARILIA";"Quedas";571,428571428571
"351565";2022;1;0;578,95;578,95;0;"Municipio";348;"FERNAO";"RRAS10";35093;"MARILIA";"Quedas";287,35632183908
"351565";2023;4;0;7684,03;1921,0075;0;"Municipio";348;"FERNAO";"RRAS10";35093;"MARILIA";"Quedas";1149,42528735632
"351565";2024;4;0;14617,79;3654,4475;0;"Municipio";363;"FERNAO";"RRAS10";35093;"MARILIA";"Quedas";1101,92837465565
"351565";2025;2;0;3509,36;1754,68;0;"Municipio";;"FERNAO";"RRAS10";35093;"MARILIA";"Quedas";
"351570";2015;119;5;126689,27;1064,61571428571;42,0168067226891;"Municipio";17243;"FERRAZ DE VASCONCELOS";"RRAS02";35011;"ALTO DO TIETE";"Quedas";690,135127298034
"351570";2016;95;5;120525,23;1268,68663157895;52,6315789473684;"Municipio";18195;"FERRAZ DE VASCONCELOS";"RRAS02";35011;"ALTO DO TIETE";"Quedas";522,121461940093
"351570";2017;167;15;183534,83;1099,01095808383;89,8203592814371;"Municipio";19179;"FERRAZ DE VASCONCELOS";"RRAS02";35011;"ALTO DO TIETE";"Quedas";870,744042963658
"351570";2018;180;10;187470,02;1041,50011111111;55,5555555555556;"Municipio";20174;"FERRAZ DE VASCONCELOS";"RRAS02";35011;"ALTO DO TIETE";"Quedas";892,237533458907
"351570";2019;156;9;126044,97;807,980576923077;57,6923076923077;"Municipio";21193;"FERRAZ DE VASCONCELOS";"RRAS02";35011;"ALTO DO TIETE";"Quedas";736,092105884018
"351570";2020;125;10;140190;1121,52;80;"Municipio";22183;"FERRAZ DE VASCONCELOS";"RRAS02";35011;"ALTO DO TIETE";"Quedas";563,494567912365
"351570";2021;175;17;222912,76;1273,7872;97,1428571428571;"Municipio";23097;"FERRAZ DE VASCONCELOS";"RRAS02";35011;"ALTO DO TIETE";"Quedas";757,674156816903
"351570";2022;137;4;185199,55;1351,82153284672;29,1970802919708;"Municipio";24040;"FERRAZ DE VASCONCELOS";"RRAS02";35011;"ALTO DO TIETE";"Quedas";569,883527454243
"351570";2023;111;7;111924,37;1008,32765765766;63,0630630630631;"Municipio";25094;"FERRAZ DE VASCONCELOS";"RRAS02";35011;"ALTO DO TIETE";"Quedas";442,336813580936
"351570";2024;95;9;131211,37;1381,17231578947;94,7368421052632;"Municipio";26197;"FERRAZ DE VASCONCELOS";"RRAS02";35011;"ALTO DO TIETE";"Quedas";362,636943161431
"351570";2025;129;9;244541,8;1895,67286821705;69,7674418604651;"Municipio";;"FERRAZ DE VASCONCELOS";"RRAS02";35011;"ALTO DO TIETE";"Quedas";
"351580";2016;3;0;4505,53;1501,84333333333;0;"Municipio";395;"FLORA RICA";"RRAS11";35111;"ALTA PAULISTA";"Quedas";759,493670886076
"351580";2017;1;0;1933,55;1933,55;0;"Municipio";400;"FLORA RICA";"RRAS11";35111;"ALTA PAULISTA";"Quedas";250
"351580";2018;4;0;1703,99;425,9975;0;"Municipio";403;"FLORA RICA";"RRAS11";35111;"ALTA PAULISTA";"Quedas";992,555831265509
"351580";2019;4;0;9551,14;2387,785;0;"Municipio";414;"FLORA RICA";"RRAS11";35111;"ALTA PAULISTA";"Quedas";966,183574879227
"351580";2020;1;0;223,33;223,33;0;"Municipio";421;"FLORA RICA";"RRAS11";35111;"ALTA PAULISTA";"Quedas";237,529691211401
"351580";2021;1;0;701,31;701,31;0;"Municipio";426;"FLORA RICA";"RRAS11";35111;"ALTA PAULISTA";"Quedas";234,741784037559
"351580";2022;4;1;7369,08;1842,27;250;"Municipio";429;"FLORA RICA";"RRAS11";35111;"ALTA PAULISTA";"Quedas";932,400932400932
"351580";2023;2;1;3665,79;1832,895;500;"Municipio";430;"FLORA RICA";"RRAS11";35111;"ALTA PAULISTA";"Quedas";465,116279069767
"351580";2024;2;0;2187,71;1093,855;0;"Municipio";444;"FLORA RICA";"RRAS11";35111;"ALTA PAULISTA";"Quedas";450,45045045045
"351590";2015;4;0;7967,13;1991,7825;0;"Municipio";754;"FLOREAL";"RRAS12";35157;"VOTUPORANGA";"Quedas";530,503978779841
"351590";2016;2;0;1616,76;808,38;0;"Municipio";776;"FLOREAL";"RRAS12";35157;"VOTUPORANGA";"Quedas";257,731958762887
"351590";2017;6;0;5231,56;871,926666666667;0;"Municipio";793;"FLOREAL";"RRAS12";35157;"VOTUPORANGA";"Quedas";756,620428751576
"351590";2018;11;1;26462,92;2405,72;90,9090909090909;"Municipio";807;"FLOREAL";"RRAS12";35157;"VOTUPORANGA";"Quedas";1363,07311028501
"351590";2019;4;0;9312,46;2328,115;0;"Municipio";829;"FLOREAL";"RRAS12";35157;"VOTUPORANGA";"Quedas";482,509047044632
"351590";2020;2;0;5589,51;2794,755;0;"Municipio";842;"FLOREAL";"RRAS12";35157;"VOTUPORANGA";"Quedas";237,529691211401
"351590";2021;12;2;22042,64;1836,88666666667;166,666666666667;"Municipio";854;"FLOREAL";"RRAS12";35157;"VOTUPORANGA";"Quedas";1405,15222482436
"351590";2022;7;0;16074,17;2296,31;0;"Municipio";871;"FLOREAL";"RRAS12";35157;"VOTUPORANGA";"Quedas";803,673938002296
"351590";2023;15;1;55815,09;3721,006;66,6666666666667;"Municipio";879;"FLOREAL";"RRAS12";35157;"VOTUPORANGA";"Quedas";1706,48464163823
"351590";2024;11;1;24673,59;2243,05363636364;90,9090909090909;"Municipio";894;"FLOREAL";"RRAS12";35157;"VOTUPORANGA";"Quedas";1230,42505592841
"351590";2025;11;1;33770,8;3070,07272727273;90,9090909090909;"Municipio";;"FLOREAL";"RRAS12";35157;"VOTUPORANGA";"Quedas";
"351600";2015;22;0;15836,84;719,856363636364;0;"Municipio";2112;"FLORIDA PAULISTA";"RRAS10";35091;"ADAMANTINA";"Quedas";1041,66666666667
"351600";2016;24;2;20944,78;872,699166666667;83,3333333333333;"Municipio";2170;"FLORIDA PAULISTA";"RRAS10";35091;"ADAMANTINA";"Quedas";1105,99078341014
"351600";2017;39;4;43146,32;1106,3158974359;102,564102564103;"Municipio";2227;"FLORIDA PAULISTA";"RRAS10";35091;"ADAMANTINA";"Quedas";1751,23484508307
"351600";2018;21;1;9884,39;470,685238095238;47,6190476190476;"Municipio";2292;"FLORIDA PAULISTA";"RRAS10";35091;"ADAMANTINA";"Quedas";916,230366492147
"351600";2019;20;2;34568,53;1728,4265;100;"Municipio";2363;"FLORIDA PAULISTA";"RRAS10";35091;"ADAMANTINA";"Quedas";846,381718154888
"351600";2020;20;1;20437,61;1021,8805;50;"Municipio";2430;"FLORIDA PAULISTA";"RRAS10";35091;"ADAMANTINA";"Quedas";823,045267489712
"351600";2021;18;1;48878,28;2715,46;55,5555555555556;"Municipio";2492;"FLORIDA PAULISTA";"RRAS10";35091;"ADAMANTINA";"Quedas";722,3113964687
"351600";2022;39;2;47552,85;1219,30384615385;51,2820512820513;"Municipio";2548;"FLORIDA PAULISTA";"RRAS10";35091;"ADAMANTINA";"Quedas";1530,61224489796
"351600";2023;38;1;46125,09;1213,81815789474;26,3157894736842;"Municipio";2616;"FLORIDA PAULISTA";"RRAS10";35091;"ADAMANTINA";"Quedas";1452,5993883792
"351600";2024;42;0;47917,01;1140,88119047619;0;"Municipio";2681;"FLORIDA PAULISTA";"RRAS10";35091;"ADAMANTINA";"Quedas";1566,57963446475
"351600";2025;48;0;80632,18;1679,83708333333;0;"Municipio";;"FLORIDA PAULISTA";"RRAS10";35091;"ADAMANTINA";"Quedas";
"351610";2015;4;0;5503,27;1375,8175;0;"Municipio";514;"FLORINEA";"RRAS10";35092;"ASSIS";"Quedas";778,210116731517
"351610";2016;6;1;9153,85;1525,64166666667;166,666666666667;"Municipio";524;"FLORINEA";"RRAS10";35092;"ASSIS";"Quedas";1145,03816793893
"351610";2017;6;0;10542,89;1757,14833333333;0;"Municipio";538;"FLORINEA";"RRAS10";35092;"ASSIS";"Quedas";1115,24163568773
"351610";2018;3;0;6864,57;2288,19;0;"Municipio";553;"FLORINEA";"RRAS10";35092;"ASSIS";"Quedas";542,49547920434
"351610";2019;6;0;15852,97;2642,16166666667;0;"Municipio";573;"FLORINEA";"RRAS10";35092;"ASSIS";"Quedas";1047,12041884817
"351610";2020;9;0;12680,24;1408,91555555556;0;"Municipio";586;"FLORINEA";"RRAS10";35092;"ASSIS";"Quedas";1535,8361774744
"351610";2021;3;1;8261,74;2753,91333333333;333,333333333333;"Municipio";599;"FLORINEA";"RRAS10";35092;"ASSIS";"Quedas";500,834724540902
"351610";2022;4;0;5521,85;1380,4625;0;"Municipio";617;"FLORINEA";"RRAS10";35092;"ASSIS";"Quedas";648,298217179903
"351610";2023;7;0;15956,62;2279,51714285714;0;"Municipio";623;"FLORINEA";"RRAS10";35092;"ASSIS";"Quedas";1123,59550561798
"351610";2024;9;0;21342,7;2371,41111111111;0;"Municipio";649;"FLORINEA";"RRAS10";35092;"ASSIS";"Quedas";1386,74884437596
"351610";2025;4;0;26008,2;6502,05;0;"Municipio";;"FLORINEA";"RRAS10";35092;"ASSIS";"Quedas";
"351620";2015;231;20;482908,75;2090,51406926407;86,5800865800866;"Municipio";48086;"FRANCA";"RRAS13";35081;"TRES COLINAS";"Quedas";480,389302499688
"351620";2016;268;26;497242,91;1855,38399253731;97,0149253731343;"Municipio";50124;"FRANCA";"RRAS13";35081;"TRES COLINAS";"Quedas";534,674008459022
"351620";2017;220;13;433243,55;1969,28886363636;59,0909090909091;"Municipio";52226;"FRANCA";"RRAS13";35081;"TRES COLINAS";"Quedas";421,246122620917
"351620";2018;289;13;557658,06;1929,61266435986;44,9826989619377;"Municipio";54379;"FRANCA";"RRAS13";35081;"TRES COLINAS";"Quedas";531,45515732176
"351620";2019;296;19;545046,2;1841,3722972973;64,1891891891892;"Municipio";56568;"FRANCA";"RRAS13";35081;"TRES COLINAS";"Quedas";523,264036204214
"351620";2020;196;16;402429,88;2053,21367346939;81,6326530612245;"Municipio";58685;"FRANCA";"RRAS13";35081;"TRES COLINAS";"Quedas";333,986538297691
"351620";2021;176;14;376430,49;2138,80960227273;79,5454545454545;"Municipio";60543;"FRANCA";"RRAS13";35081;"TRES COLINAS";"Quedas";290,702475926201
"351620";2022;246;21;589166,23;2394,98467479675;85,3658536585366;"Municipio";62418;"FRANCA";"RRAS13";35081;"TRES COLINAS";"Quedas";394,117081611074
"351620";2023;305;34;739701,48;2425,25075409836;111,475409836066;"Municipio";64576;"FRANCA";"RRAS13";35081;"TRES COLINAS";"Quedas";472,311694747275
"351620";2024;331;31;753705,96;2277,05728096677;93,6555891238671;"Municipio";66823;"FRANCA";"RRAS13";35081;"TRES COLINAS";"Quedas";495,338431378418
"351620";2025;354;32;1203032,96;3398,3981920904;90,3954802259887;"Municipio";;"FRANCA";"RRAS13";35081;"TRES COLINAS";"Quedas";
"351630";2015;76;4;72321,99;951,605131578947;52,6315789473684;"Municipio";14919;"FRANCISCO MORATO";"RRAS03";35012;"FRANCO DA ROCHA";"Quedas";509,417521281587
"351630";2016;66;4;99861,79;1513,05742424242;60,6060606060606;"Municipio";15829;"FRANCISCO MORATO";"RRAS03";35012;"FRANCO DA ROCHA";"Quedas";416,956219596942
"351630";2017;58;8;110631,15;1907,43362068966;137,931034482759;"Municipio";16760;"FRANCISCO MORATO";"RRAS03";35012;"FRANCO DA ROCHA";"Quedas";346,062052505967
"351630";2018;87;7;153612,69;1765,66310344828;80,4597701149425;"Municipio";17683;"FRANCISCO MORATO";"RRAS03";35012;"FRANCO DA ROCHA";"Quedas";491,997964146355
"351630";2019;75;10;101407,74;1352,1032;133,333333333333;"Municipio";18603;"FRANCISCO MORATO";"RRAS03";35012;"FRANCO DA ROCHA";"Quedas";403,160780519271
"351630";2020;124;7;162364,72;1309,39290322581;56,4516129032258;"Municipio";19505;"FRANCISCO MORATO";"RRAS03";35012;"FRANCO DA ROCHA";"Quedas";635,734427069982
"351630";2021;173;7;152040,33;878,845838150289;40,4624277456647;"Municipio";20308;"FRANCISCO MORATO";"RRAS03";35012;"FRANCO DA ROCHA";"Quedas";851,881032105574
"351630";2022;176;5;194148,73;1103,11778409091;28,4090909090909;"Municipio";21119;"FRANCISCO MORATO";"RRAS03";35012;"FRANCO DA ROCHA";"Quedas";833,372792272361
"351630";2023;154;15;148698,41;965,574090909091;97,4025974025974;"Municipio";21982;"FRANCISCO MORATO";"RRAS03";35012;"FRANCO DA ROCHA";"Quedas";700,573196251479
"351630";2024;220;11;181947,23;827,032863636364;50;"Municipio";22887;"FRANCISCO MORATO";"RRAS03";35012;"FRANCO DA ROCHA";"Quedas";961,244374535763
"351630";2025;260;6;158727,5;610,490384615385;23,0769230769231;"Municipio";;"FRANCISCO MORATO";"RRAS03";35012;"FRANCO DA ROCHA";"Quedas";
"351640";2015;57;4;71941,29;1262,12789473684;70,1754385964912;"Municipio";14337;"FRANCO DA ROCHA";"RRAS03";35012;"FRANCO DA ROCHA";"Quedas";397,572713956895
"351640";2016;88;6;124328,31;1412,82170454545;68,1818181818182;"Municipio";15043;"FRANCO DA ROCHA";"RRAS03";35012;"FRANCO DA ROCHA";"Quedas";584,989696204215
"351640";2017;112;11;194704,28;1738,43107142857;98,2142857142857;"Municipio";15762;"FRANCO DA ROCHA";"RRAS03";35012;"FRANCO DA ROCHA";"Quedas";710,569724654232
"351640";2018;86;16;137123,4;1594,45813953488;186,046511627907;"Municipio";16460;"FRANCO DA ROCHA";"RRAS03";35012;"FRANCO DA ROCHA";"Quedas";522,478736330498
"351640";2019;119;14;232543,54;1954,14739495798;117,647058823529;"Municipio";17152;"FRANCO DA ROCHA";"RRAS03";35012;"FRANCO DA ROCHA";"Quedas";693,796641791045
"351640";2020;134;15;212762,11;1587,77694029851;111,940298507463;"Municipio";17805;"FRANCO DA ROCHA";"RRAS03";35012;"FRANCO DA ROCHA";"Quedas";752,597584948048
"351640";2021;127;4;191792,5;1510,17716535433;31,496062992126;"Municipio";18376;"FRANCO DA ROCHA";"RRAS03";35012;"FRANCO DA ROCHA";"Quedas";691,118850674793
"351640";2022;121;10;191510,11;1582,72818181818;82,6446280991736;"Municipio";18955;"FRANCO DA ROCHA";"RRAS03";35012;"FRANCO DA ROCHA";"Quedas";638,353996307043
"351640";2023;134;5;146726,57;1094,97440298507;37,3134328358209;"Municipio";19619;"FRANCO DA ROCHA";"RRAS03";35012;"FRANCO DA ROCHA";"Quedas";683,011366532443
"351640";2024;120;6;153120,05;1276,00041666667;50;"Municipio";20353;"FRANCO DA ROCHA";"RRAS03";35012;"FRANCO DA ROCHA";"Quedas";589,593671694591
"351640";2025;122;10;255250,01;2092,21319672131;81,9672131147541;"Municipio";;"FRANCO DA ROCHA";"RRAS03";35012;"FRANCO DA ROCHA";"Quedas";
"351650";2015;7;0;6727,9;961,128571428571;0;"Municipio";575;"GABRIEL MONTEIRO";"RRAS19";35023;"CONSORCIOS DO DRS II";"Quedas";1217,39130434783
"351650";2016;7;0;7696,36;1099,48;0;"Municipio";592;"GABRIEL MONTEIRO";"RRAS19";35023;"CONSORCIOS DO DRS II";"Quedas";1182,43243243243
"351650";2017;6;0;7228,76;1204,79333333333;0;"Municipio";608;"GABRIEL MONTEIRO";"RRAS19";35023;"CONSORCIOS DO DRS II";"Quedas";986,842105263158
"351650";2018;10;0;17459,51;1745,951;0;"Municipio";621;"GABRIEL MONTEIRO";"RRAS19";35023;"CONSORCIOS DO DRS II";"Quedas";1610,30595813204
"351650";2019;7;1;17507,78;2501,11142857143;142,857142857143;"Municipio";632;"GABRIEL MONTEIRO";"RRAS19";35023;"CONSORCIOS DO DRS II";"Quedas";1107,59493670886
"351650";2020;7;1;22046,09;3149,44142857143;142,857142857143;"Municipio";647;"GABRIEL MONTEIRO";"RRAS19";35023;"CONSORCIOS DO DRS II";"Quedas";1081,91653786708
"351650";2021;9;0;10608,65;1178,73888888889;0;"Municipio";659;"GABRIEL MONTEIRO";"RRAS19";35023;"CONSORCIOS DO DRS II";"Quedas";1365,70561456753
"351650";2022;4;0;4938,12;1234,53;0;"Municipio";673;"GABRIEL MONTEIRO";"RRAS19";35023;"CONSORCIOS DO DRS II";"Quedas";594,353640416047
"351650";2023;6;1;17525,88;2920,98;166,666666666667;"Municipio";682;"GABRIEL MONTEIRO";"RRAS19";35023;"CONSORCIOS DO DRS II";"Quedas";879,765395894428
"351650";2024;6;0;12215,64;2035,94;0;"Municipio";698;"GABRIEL MONTEIRO";"RRAS19";35023;"CONSORCIOS DO DRS II";"Quedas";859,598853868195
"351650";2025;7;1;5873,31;839,044285714286;142,857142857143;"Municipio";;"GABRIEL MONTEIRO";"RRAS19";35023;"CONSORCIOS DO DRS II";"Quedas";
"351660";2015;9;1;36917,18;4101,90888888889;111,111111111111;"Municipio";1380;"GALIA";"RRAS10";35093;"MARILIA";"Quedas";652,173913043478
"351660";2016;5;0;7328,03;1465,606;0;"Municipio";1410;"GALIA";"RRAS10";35093;"MARILIA";"Quedas";354,609929078014
"351660";2017;11;1;40411,74;3673,79454545455;90,9090909090909;"Municipio";1440;"GALIA";"RRAS10";35093;"MARILIA";"Quedas";763,888888888889
"351660";2018;8;2;16226,35;2028,29375;250;"Municipio";1468;"GALIA";"RRAS10";35093;"MARILIA";"Quedas";544,959128065395
"351660";2019;10;1;27271,61;2727,161;100;"Municipio";1498;"GALIA";"RRAS10";35093;"MARILIA";"Quedas";667,556742323098
"351660";2020;11;2;16231,12;1475,55636363636;181,818181818182;"Municipio";1520;"GALIA";"RRAS10";35093;"MARILIA";"Quedas";723,684210526316
"351660";2021;9;0;15598,7;1733,18888888889;0;"Municipio";1531;"GALIA";"RRAS10";35093;"MARILIA";"Quedas";587,851077726976
"351660";2022;9;1;15127,34;1680,81555555556;111,111111111111;"Municipio";1547;"GALIA";"RRAS10";35093;"MARILIA";"Quedas";581,771170006464
"351660";2023;10;1;15310,87;1531,087;100;"Municipio";1566;"GALIA";"RRAS10";35093;"MARILIA";"Quedas";638,569604086846
"351660";2024;11;1;50266,55;4569,68636363636;90,9090909090909;"Municipio";1592;"GALIA";"RRAS10";35093;"MARILIA";"Quedas";690,954773869347
"351660";2025;12;0;66405,33;5533,7775;0;"Municipio";;"GALIA";"RRAS10";35093;"MARILIA";"Quedas";
"351670";2015;64;7;77354,82;1208,6690625;109,375;"Municipio";7744;"GARCA";"RRAS10";35093;"MARILIA";"Quedas";826,446280991736
"351670";2016;60;12;109737,97;1828,96616666667;200;"Municipio";7939;"GARCA";"RRAS10";35093;"MARILIA";"Quedas";755,762690515178
"351670";2017;80;1;113144,88;1414,311;12,5;"Municipio";8146;"GARCA";"RRAS10";35093;"MARILIA";"Quedas";982,077093051805
"351670";2018;84;4;111337,08;1325,44142857143;47,6190476190476;"Municipio";8350;"GARCA";"RRAS10";35093;"MARILIA";"Quedas";1005,9880239521
"351670";2019;98;4;106939,4;1091,21836734694;40,8163265306122;"Municipio";8559;"GARCA";"RRAS10";35093;"MARILIA";"Quedas";1144,99357401566
"351670";2020;116;6;236156,05;2035,82801724138;51,7241379310345;"Municipio";8741;"GARCA";"RRAS10";35093;"MARILIA";"Quedas";1327,07928154673
"351670";2021;40;6;123853,71;3096,34275;150;"Municipio";8874;"GARCA";"RRAS10";35093;"MARILIA";"Quedas";450,755014649538
"351670";2022;37;3;67876,17;1834,49108108108;81,0810810810811;"Municipio";9011;"GARCA";"RRAS10";35093;"MARILIA";"Quedas";410,609255354567
"351670";2023;44;3;102933,71;2339,4025;68,1818181818182;"Municipio";9187;"GARCA";"RRAS10";35093;"MARILIA";"Quedas";478,937629258735
"351670";2024;55;3;115886;2107,01818181818;54,5454545454545;"Municipio";9394;"GARCA";"RRAS10";35093;"MARILIA";"Quedas";585,480093676815
"351670";2025;82;6;243075,94;2964,34073170732;73,1707317073171;"Municipio";;"GARCA";"RRAS10";35093;"MARILIA";"Quedas";
"351680";2015;2;0;2488,56;1244,28;0;"Municipio";677;"GASTAO VIDIGAL";"RRAS12";35157;"VOTUPORANGA";"Quedas";295,420974889217
"351680";2016;9;0;14832,83;1648,09222222222;0;"Municipio";688;"GASTAO VIDIGAL";"RRAS12";35157;"VOTUPORANGA";"Quedas";1308,13953488372
"351680";2017;5;1;17645,5;3529,1;200;"Municipio";704;"GASTAO VIDIGAL";"RRAS12";35157;"VOTUPORANGA";"Quedas";710,227272727273
"351680";2018;1;1;1648,41;1648,41;1000;"Municipio";712;"GASTAO VIDIGAL";"RRAS12";35157;"VOTUPORANGA";"Quedas";140,449438202247
"351680";2019;7;2;13944,9;1992,12857142857;285,714285714286;"Municipio";725;"GASTAO VIDIGAL";"RRAS12";35157;"VOTUPORANGA";"Quedas";965,51724137931
"351680";2020;3;0;5159,87;1719,95666666667;0;"Municipio";743;"GASTAO VIDIGAL";"RRAS12";35157;"VOTUPORANGA";"Quedas";403,768506056528
"351680";2021;4;0;15601,58;3900,395;0;"Municipio";747;"GASTAO VIDIGAL";"RRAS12";35157;"VOTUPORANGA";"Quedas";535,475234270415
"351680";2022;8;0;19722,38;2465,2975;0;"Municipio";763;"GASTAO VIDIGAL";"RRAS12";35157;"VOTUPORANGA";"Quedas";1048,49279161206
"351680";2023;6;1;16853,76;2808,96;166,666666666667;"Municipio";770;"GASTAO VIDIGAL";"RRAS12";35157;"VOTUPORANGA";"Quedas";779,220779220779
"351680";2024;11;0;51094,58;4644,96181818182;0;"Municipio";791;"GASTAO VIDIGAL";"RRAS12";35157;"VOTUPORANGA";"Quedas";1390,64475347661
"351680";2025;15;1;52863,83;3524,25533333333;66,6666666666667;"Municipio";;"GASTAO VIDIGAL";"RRAS12";35157;"VOTUPORANGA";"Quedas";
"351685";2016;2;0;5319,42;2659,71;0;"Municipio";588;"GAVIAO PEIXOTO";"RRAS18";35031;"CENTRAL DO DRS III";"Quedas";340,136054421769
"351685";2017;6;1;7422,57;1237,095;166,666666666667;"Municipio";615;"GAVIAO PEIXOTO";"RRAS18";35031;"CENTRAL DO DRS III";"Quedas";975,609756097561
"351685";2018;4;0;9927,03;2481,7575;0;"Municipio";640;"GAVIAO PEIXOTO";"RRAS18";35031;"CENTRAL DO DRS III";"Quedas";625
"351685";2019;2;0;4074,24;2037,12;0;"Municipio";668;"GAVIAO PEIXOTO";"RRAS18";35031;"CENTRAL DO DRS III";"Quedas";299,40119760479
"351685";2020;6;1;11542,86;1923,81;166,666666666667;"Municipio";695;"GAVIAO PEIXOTO";"RRAS18";35031;"CENTRAL DO DRS III";"Quedas";863,309352517986
"351685";2021;5;3;6942,74;1388,548;600;"Municipio";717;"GAVIAO PEIXOTO";"RRAS18";35031;"CENTRAL DO DRS III";"Quedas";697,350069735007
"351685";2022;4;0;11498,54;2874,635;0;"Municipio";743;"GAVIAO PEIXOTO";"RRAS18";35031;"CENTRAL DO DRS III";"Quedas";538,35800807537
"351685";2023;1;0;453,11;453,11;0;"Municipio";770;"GAVIAO PEIXOTO";"RRAS18";35031;"CENTRAL DO DRS III";"Quedas";129,87012987013
"351685";2024;7;1;11709,34;1672,76285714286;142,857142857143;"Municipio";798;"GAVIAO PEIXOTO";"RRAS18";35031;"CENTRAL DO DRS III";"Quedas";877,19298245614
"351685";2025;4;1;8986,87;2246,7175;250;"Municipio";;"GAVIAO PEIXOTO";"RRAS18";35031;"CENTRAL DO DRS III";"Quedas";
"351690";2015;5;1;7939,1;1587,82;200;"Municipio";2056;"GENERAL SALGADO";"RRAS12";35157;"VOTUPORANGA";"Quedas";243,190661478599
"351690";2016;16;2;44968,42;2810,52625;125;"Municipio";2119;"GENERAL SALGADO";"RRAS12";35157;"VOTUPORANGA";"Quedas";755,073147711185
"351690";2017;13;2;30543,03;2349,46384615385;153,846153846154;"Municipio";2185;"GENERAL SALGADO";"RRAS12";35157;"VOTUPORANGA";"Quedas";594,965675057208
"351690";2018;16;0;27365,73;1710,358125;0;"Municipio";2250;"GENERAL SALGADO";"RRAS12";35157;"VOTUPORANGA";"Quedas";711,111111111111
"351690";2019;17;1;22826,99;1342,76411764706;58,8235294117647;"Municipio";2320;"GENERAL SALGADO";"RRAS12";35157;"VOTUPORANGA";"Quedas";732,758620689655
"351690";2020;14;0;36166,89;2583,34928571429;0;"Municipio";2385;"GENERAL SALGADO";"RRAS12";35157;"VOTUPORANGA";"Quedas";587,002096436059
"351690";2021;13;1;37294,34;2868,79538461538;76,9230769230769;"Municipio";2443;"GENERAL SALGADO";"RRAS12";35157;"VOTUPORANGA";"Quedas";532,132623823168
"351690";2022;27;2;75474,17;2795,33962962963;74,0740740740741;"Municipio";2494;"GENERAL SALGADO";"RRAS12";35157;"VOTUPORANGA";"Quedas";1082,59823576584
"351690";2023;22;2;35023,62;1591,98272727273;90,9090909090909;"Municipio";2560;"GENERAL SALGADO";"RRAS12";35157;"VOTUPORANGA";"Quedas";859,375
"351690";2024;22;2;53065,23;2412,05590909091;90,9090909090909;"Municipio";2625;"GENERAL SALGADO";"RRAS12";35157;"VOTUPORANGA";"Quedas";838,095238095238
"351690";2025;43;2;82896,99;1927,83697674419;46,5116279069767;"Municipio";;"GENERAL SALGADO";"RRAS12";35157;"VOTUPORANGA";"Quedas";
"351700";2015;19;1;37125,43;1953,97;52,6315789473684;"Municipio";1729;"GETULINA";"RRAS09";35065;"LINS";"Quedas";1098,9010989011
"351700";2016;19;3;32650,5;1718,44736842105;157,894736842105;"Municipio";1771;"GETULINA";"RRAS09";35065;"LINS";"Quedas";1072,84020327499
"351700";2017;18;5;38310,96;2128,38666666667;277,777777777778;"Municipio";1815;"GETULINA";"RRAS09";35065;"LINS";"Quedas";991,735537190083
"351700";2018;32;2;58384,37;1824,5115625;62,5;"Municipio";1856;"GETULINA";"RRAS09";35065;"LINS";"Quedas";1724,13793103448
"351700";2019;29;1;25134,54;866,708275862069;34,4827586206897;"Municipio";1905;"GETULINA";"RRAS09";35065;"LINS";"Quedas";1522,30971128609
"351700";2020;26;0;24636,63;947,562692307692;0;"Municipio";1949;"GETULINA";"RRAS09";35065;"LINS";"Quedas";1334,01744484351
"351700";2021;21;0;17422,98;829,665714285714;0;"Municipio";1981;"GETULINA";"RRAS09";35065;"LINS";"Quedas";1060,07067137809
"351700";2022;18;0;26938,43;1496,57944444444;0;"Municipio";2012;"GETULINA";"RRAS09";35065;"LINS";"Quedas";894,632206759443
"351700";2023;13;2;19175,87;1475,06692307692;153,846153846154;"Municipio";2050;"GETULINA";"RRAS09";35065;"LINS";"Quedas";634,146341463415
"351700";2024;22;0;32418,42;1473,56454545455;0;"Municipio";2103;"GETULINA";"RRAS09";35065;"LINS";"Quedas";1046,12458392772
"351700";2025;20;0;33982,74;1699,137;0;"Municipio";;"GETULINA";"RRAS09";35065;"LINS";"Quedas";
"351710";2016;5;1;5998;1199,6;200;"Municipio";823;"GLICERIO";"RRAS19";35023;"CONSORCIOS DO DRS II";"Quedas";607,533414337789
"351710";2017;9;0;14498,76;1610,97333333333;0;"Municipio";847;"GLICERIO";"RRAS19";35023;"CONSORCIOS DO DRS II";"Quedas";1062,57378984652
"351710";2018;3;1;2151,88;717,293333333333;333,333333333333;"Municipio";878;"GLICERIO";"RRAS19";35023;"CONSORCIOS DO DRS II";"Quedas";341,685649202733
"351710";2019;11;1;9476,89;861,535454545455;90,9090909090909;"Municipio";900;"GLICERIO";"RRAS19";35023;"CONSORCIOS DO DRS II";"Quedas";1222,22222222222
"351710";2020;9;0;9058,87;1006,54111111111;0;"Municipio";928;"GLICERIO";"RRAS19";35023;"CONSORCIOS DO DRS II";"Quedas";969,827586206897
"351710";2021;8;0;9695,88;1211,985;0;"Municipio";941;"GLICERIO";"RRAS19";35023;"CONSORCIOS DO DRS II";"Quedas";850,159404888416
"351710";2022;14;0;20043,09;1431,64928571429;0;"Municipio";960;"GLICERIO";"RRAS19";35023;"CONSORCIOS DO DRS II";"Quedas";1458,33333333333
"351710";2023;6;1;8102,1;1350,35;166,666666666667;"Municipio";984;"GLICERIO";"RRAS19";35023;"CONSORCIOS DO DRS II";"Quedas";609,756097560976
"351710";2024;13;1;41144,66;3164,97384615385;76,9230769230769;"Municipio";1009;"GLICERIO";"RRAS19";35023;"CONSORCIOS DO DRS II";"Quedas";1288,40436075322
"351710";2025;11;1;13352,15;1213,83181818182;90,9090909090909;"Municipio";;"GLICERIO";"RRAS19";35023;"CONSORCIOS DO DRS II";"Quedas";
"351720";2015;15;1;12385,78;825,718666666667;66,6666666666667;"Municipio";1538;"GUAICARA";"RRAS09";35065;"LINS";"Quedas";975,292587776333
"351720";2016;18;0;17205,87;955,881666666667;0;"Municipio";1585;"GUAICARA";"RRAS09";35065;"LINS";"Quedas";1135,64668769716
"351720";2017;8;0;5527,54;690,9425;0;"Municipio";1636;"GUAICARA";"RRAS09";35065;"LINS";"Quedas";488,997555012225
"351720";2018;17;0;26181,46;1540,08588235294;0;"Municipio";1692;"GUAICARA";"RRAS09";35065;"LINS";"Quedas";1004,72813238771
"351720";2019;13;1;13000,56;1000,04307692308;76,9230769230769;"Municipio";1747;"GUAICARA";"RRAS09";35065;"LINS";"Quedas";744,132799084144
"351720";2020;15;2;18419,5;1227,96666666667;133,333333333333;"Municipio";1807;"GUAICARA";"RRAS09";35065;"LINS";"Quedas";830,105146651909
"351720";2021;24;0;27934,84;1163,95166666667;0;"Municipio";1853;"GUAICARA";"RRAS09";35065;"LINS";"Quedas";1295,19697787372
"351720";2022;12;1;23155,4;1929,61666666667;83,3333333333333;"Municipio";1903;"GUAICARA";"RRAS09";35065;"LINS";"Quedas";630,583289542827
"351720";2023;33;4;74500,55;2257,59242424242;121,212121212121;"Municipio";1965;"GUAICARA";"RRAS09";35065;"LINS";"Quedas";1679,3893129771
"351720";2024;22;2;34789,5;1581,34090909091;90,9090909090909;"Municipio";2029;"GUAICARA";"RRAS09";35065;"LINS";"Quedas";1084,27796944308
"351720";2025;26;6;73639,07;2832,27192307692;230,769230769231;"Municipio";;"GUAICARA";"RRAS09";35065;"LINS";"Quedas";
"351730";2015;3;1;6491,75;2163,91666666667;333,333333333333;"Municipio";929;"GUAIMBE";"RRAS10";35093;"MARILIA";"Quedas";322,927879440258
"351730";2016;3;0;4193,03;1397,67666666667;0;"Municipio";952;"GUAIMBE";"RRAS10";35093;"MARILIA";"Quedas";315,126050420168
"351730";2017;8;2;15210,22;1901,2775;250;"Municipio";987;"GUAIMBE";"RRAS10";35093;"MARILIA";"Quedas";810,536980749747
"351730";2018;5;1;20600,66;4120,132;200;"Municipio";1014;"GUAIMBE";"RRAS10";35093;"MARILIA";"Quedas";493,096646942801
"351730";2019;8;0;27836,15;3479,51875;0;"Municipio";1052;"GUAIMBE";"RRAS10";35093;"MARILIA";"Quedas";760,456273764259
"351730";2020;9;0;18872,76;2096,97333333333;0;"Municipio";1087;"GUAIMBE";"RRAS10";35093;"MARILIA";"Quedas";827,966881324747
"351730";2021;10;0;14701,58;1470,158;0;"Municipio";1114;"GUAIMBE";"RRAS10";35093;"MARILIA";"Quedas";897,666068222621
"351730";2022;7;0;12862,64;1837,52;0;"Municipio";1139;"GUAIMBE";"RRAS10";35093;"MARILIA";"Quedas";614,574187884109
"351730";2023;6;0;8521,77;1420,295;0;"Municipio";1170;"GUAIMBE";"RRAS10";35093;"MARILIA";"Quedas";512,820512820513
"351730";2024;6;1;19545,34;3257,55666666667;166,666666666667;"Municipio";1204;"GUAIMBE";"RRAS10";35093;"MARILIA";"Quedas";498,338870431894
"351730";2025;9;1;21461,62;2384,62444444444;111,111111111111;"Municipio";;"GUAIMBE";"RRAS10";35093;"MARILIA";"Quedas";
"351740";2015;48;3;63071,74;1313,99458333333;62,5;"Municipio";5868;"GUAIRA";"RRAS13";35051;"NORTE BARRETOS";"Quedas";817,99591002045
"351740";2016;53;6;75116,09;1417,28471698113;113,207547169811;"Municipio";6062;"GUAIRA";"RRAS13";35051;"NORTE BARRETOS";"Quedas";874,298911250412
"351740";2017;21;3;24553,24;1169,2019047619;142,857142857143;"Municipio";6265;"GUAIRA";"RRAS13";35051;"NORTE BARRETOS";"Quedas";335,195530726257
"351740";2018;25;2;55711,51;2228,4604;80;"Municipio";6480;"GUAIRA";"RRAS13";35051;"NORTE BARRETOS";"Quedas";385,802469135802
"351740";2019;39;3;83018,85;2128,68846153846;76,9230769230769;"Municipio";6688;"GUAIRA";"RRAS13";35051;"NORTE BARRETOS";"Quedas";583,133971291866
"351740";2020;25;3;52331,17;2093,2468;120;"Municipio";6896;"GUAIRA";"RRAS13";35051;"NORTE BARRETOS";"Quedas";362,529002320186
"351740";2021;17;1;60232,65;3543,09705882353;58,8235294117647;"Municipio";7071;"GUAIRA";"RRAS13";35051;"NORTE BARRETOS";"Quedas";240,418611228963
"351740";2022;10;1;29217,48;2921,748;100;"Municipio";7258;"GUAIRA";"RRAS13";35051;"NORTE BARRETOS";"Quedas";137,779002480022
"351740";2023;9;0;32855,83;3650,64777777778;0;"Municipio";7478;"GUAIRA";"RRAS13";35051;"NORTE BARRETOS";"Quedas";120,353035571008
"351740";2024;21;4;105889,36;5042,35047619048;190,47619047619;"Municipio";7715;"GUAIRA";"RRAS13";35051;"NORTE BARRETOS";"Quedas";272,197018794556
"351740";2025;14;1;54406,97;3886,21214285714;71,4285714285714;"Municipio";;"GUAIRA";"RRAS13";35051;"NORTE BARRETOS";"Quedas";
"351750";2015;28;0;42545,55;1519,48392857143;0;"Municipio";2867;"GUAPIACU";"RRAS12";35155;"SAO JOSE DO RIO PRETO";"Quedas";976,630624346006
"351750";2016;29;1;33865,17;1167,76448275862;34,4827586206897;"Municipio";2979;"GUAPIACU";"RRAS12";35155;"SAO JOSE DO RIO PRETO";"Quedas";973,481033903995
"351750";2017;30;4;66656,52;2221,884;133,333333333333;"Municipio";3079;"GUAPIACU";"RRAS12";35155;"SAO JOSE DO RIO PRETO";"Quedas";974,342318934719
"351750";2018;32;4;62606,64;1956,4575;125;"Municipio";3191;"GUAPIACU";"RRAS12";35155;"SAO JOSE DO RIO PRETO";"Quedas";1002,82043246631
"351750";2019;21;2;43679,32;2079,96761904762;95,2380952380952;"Municipio";3303;"GUAPIACU";"RRAS12";35155;"SAO JOSE DO RIO PRETO";"Quedas";635,785649409628
"351750";2020;25;4;57708,41;2308,3364;160;"Municipio";3405;"GUAPIACU";"RRAS12";35155;"SAO JOSE DO RIO PRETO";"Quedas";734,214390602056
"351750";2021;32;2;66004,74;2062,648125;62,5;"Municipio";3498;"GUAPIACU";"RRAS12";35155;"SAO JOSE DO RIO PRETO";"Quedas";914,808461978273
"351750";2022;40;3;161892,93;4047,32325;75;"Municipio";3590;"GUAPIACU";"RRAS12";35155;"SAO JOSE DO RIO PRETO";"Quedas";1114,2061281337
"351750";2023;42;5;163486;3892,52380952381;119,047619047619;"Municipio";3704;"GUAPIACU";"RRAS12";35155;"SAO JOSE DO RIO PRETO";"Quedas";1133,90928725702
"351750";2024;47;5;176117,04;3747,17106382979;106,382978723404;"Municipio";3821;"GUAPIACU";"RRAS12";35155;"SAO JOSE DO RIO PRETO";"Quedas";1230,04449097095
"351750";2025;61;10;244236,12;4003,87081967213;163,934426229508;"Municipio";;"GUAPIACU";"RRAS12";35155;"SAO JOSE DO RIO PRETO";"Quedas";
"351760";2015;15;0;11160,16;744,010666666667;0;"Municipio";2705;"GUAPIARA";"RRAS08";35162;"ITAPEVA";"Quedas";554,52865064695
"351760";2016;21;1;25577,49;1217,97571428571;47,6190476190476;"Municipio";2768;"GUAPIARA";"RRAS08";35162;"ITAPEVA";"Quedas";758,670520231214
"351760";2017;19;0;21921,17;1153,74578947368;0;"Municipio";2841;"GUAPIARA";"RRAS08";35162;"ITAPEVA";"Quedas";668,778599084829
"351760";2018;18;2;32990,02;1832,77888888889;111,111111111111;"Municipio";2928;"GUAPIARA";"RRAS08";35162;"ITAPEVA";"Quedas";614,754098360656
"351760";2019;22;1;35118,29;1596,28590909091;45,4545454545455;"Municipio";3010;"GUAPIARA";"RRAS08";35162;"ITAPEVA";"Quedas";730,897009966777
"351760";2020;20;0;26586;1329,3;0;"Municipio";3094;"GUAPIARA";"RRAS08";35162;"ITAPEVA";"Quedas";646,412411118293
"351760";2021;11;0;23222,01;2111,09181818182;0;"Municipio";3165;"GUAPIARA";"RRAS08";35162;"ITAPEVA";"Quedas";347,551342812006
"351760";2022;29;0;44967,81;1550,61413793103;0;"Municipio";3236;"GUAPIARA";"RRAS08";35162;"ITAPEVA";"Quedas";896,168108776267
"351760";2023;26;0;35735,12;1374,42769230769;0;"Municipio";3336;"GUAPIARA";"RRAS08";35162;"ITAPEVA";"Quedas";779,376498800959
"351760";2024;24;2;40789,17;1699,54875;83,3333333333333;"Municipio";3437;"GUAPIARA";"RRAS08";35162;"ITAPEVA";"Quedas";698,283386674425
"351760";2025;21;0;40755,17;1940,72238095238;0;"Municipio";;"GUAPIARA";"RRAS08";35162;"ITAPEVA";"Quedas";
"351770";2015;10;1;18381,12;1838,112;100;"Municipio";2772;"GUARA";"RRAS13";35083;"ALTA MOGIANA";"Quedas";360,750360750361
"351770";2016;14;1;17652,87;1260,91928571429;71,4285714285714;"Municipio";2861;"GUARA";"RRAS13";35083;"ALTA MOGIANA";"Quedas";489,339391821042
"351770";2017;13;0;23264,53;1789,57923076923;0;"Municipio";2949;"GUARA";"RRAS13";35083;"ALTA MOGIANA";"Quedas";440,827399118345
"351770";2018;6;1;22851,16;3808,52666666667;166,666666666667;"Municipio";3040;"GUARA";"RRAS13";35083;"ALTA MOGIANA";"Quedas";197,368421052632
"351770";2019;24;1;48681,4;2028,39166666667;41,6666666666667;"Municipio";3124;"GUARA";"RRAS13";35083;"ALTA MOGIANA";"Quedas";768,245838668374
"351770";2020;18;0;31665,82;1759,21222222222;0;"Municipio";3199;"GUARA";"RRAS13";35083;"ALTA MOGIANA";"Quedas";562,675836198812
"351770";2021;17;3;41676,87;2451,58058823529;176,470588235294;"Municipio";3265;"GUARA";"RRAS13";35083;"ALTA MOGIANA";"Quedas";520,673813169985
"351770";2022;27;1;45548,37;1686,97666666667;37,037037037037;"Municipio";3330;"GUARA";"RRAS13";35083;"ALTA MOGIANA";"Quedas";810,810810810811
"351770";2023;22;1;28855,37;1311,60772727273;45,4545454545455;"Municipio";3413;"GUARA";"RRAS13";35083;"ALTA MOGIANA";"Quedas";644,594198652212
"351770";2024;24;1;28107,85;1171,16041666667;41,6666666666667;"Municipio";3502;"GUARA";"RRAS13";35083;"ALTA MOGIANA";"Quedas";685,322672758424
"351770";2025;29;1;67201,66;2317,29862068966;34,4827586206897;"Municipio";;"GUARA";"RRAS13";35083;"ALTA MOGIANA";"Quedas";
"351780";2015;23;0;15803,65;687,115217391304;0;"Municipio";1733;"GUARACAI";"RRAS19";35022;"LAGOS DO DRS II";"Quedas";1327,17830351991
"351780";2016;11;1;7907,96;718,905454545455;90,9090909090909;"Municipio";1775;"GUARACAI";"RRAS19";35022;"LAGOS DO DRS II";"Quedas";619,718309859155
"351780";2017;7;0;9559,26;1365,60857142857;0;"Municipio";1820;"GUARACAI";"RRAS19";35022;"LAGOS DO DRS II";"Quedas";384,615384615385
"351780";2018;9;1;5840,34;648,926666666667;111,111111111111;"Municipio";1852;"GUARACAI";"RRAS19";35022;"LAGOS DO DRS II";"Quedas";485,961123110151
"351780";2019;19;3;51141,79;2691,67315789474;157,894736842105;"Municipio";1896;"GUARACAI";"RRAS19";35022;"LAGOS DO DRS II";"Quedas";1002,10970464135
"351780";2020;12;0;12771,2;1064,26666666667;0;"Municipio";1930;"GUARACAI";"RRAS19";35022;"LAGOS DO DRS II";"Quedas";621,761658031088
"351780";2021;11;0;19579,07;1779,91545454545;0;"Municipio";1957;"GUARACAI";"RRAS19";35022;"LAGOS DO DRS II";"Quedas";562,08482370976
"351780";2022;22;2;38223,86;1737,44818181818;90,9090909090909;"Municipio";1976;"GUARACAI";"RRAS19";35022;"LAGOS DO DRS II";"Quedas";1113,36032388664
"351780";2023;25;0;41371,07;1654,8428;0;"Municipio";2014;"GUARACAI";"RRAS19";35022;"LAGOS DO DRS II";"Quedas";1241,31082423039
"351780";2024;30;1;43194,65;1439,82166666667;33,3333333333333;"Municipio";2050;"GUARACAI";"RRAS19";35022;"LAGOS DO DRS II";"Quedas";1463,41463414634
"351780";2025;20;5;64324,75;3216,2375;250;"Municipio";;"GUARACAI";"RRAS19";35022;"LAGOS DO DRS II";"Quedas";
"351790";2015;14;3;21807,5;1557,67857142857;214,285714285714;"Municipio";1608;"GUARACI";"RRAS13";35051;"NORTE BARRETOS";"Quedas";870,646766169154
"351790";2016;16;1;17620,53;1101,283125;62,5;"Municipio";1672;"GUARACI";"RRAS13";35051;"NORTE BARRETOS";"Quedas";956,937799043062
"351790";2017;23;0;31918,74;1387,77130434783;0;"Municipio";1729;"GUARACI";"RRAS13";35051;"NORTE BARRETOS";"Quedas";1330,24869866975
"351790";2018;11;0;16413,01;1492,09181818182;0;"Municipio";1800;"GUARACI";"RRAS13";35051;"NORTE BARRETOS";"Quedas";611,111111111111
"351790";2019;20;1;28204,64;1410,232;50;"Municipio";1866;"GUARACI";"RRAS13";35051;"NORTE BARRETOS";"Quedas";1071,81136120043
"351790";2020;20;2;43082,45;2154,1225;100;"Municipio";1933;"GUARACI";"RRAS13";35051;"NORTE BARRETOS";"Quedas";1034,66114847387
"351790";2021;17;2;24939,19;1467,01117647059;117,647058823529;"Municipio";1989;"GUARACI";"RRAS13";35051;"NORTE BARRETOS";"Quedas";854,700854700855
"351790";2022;13;1;28335,58;2179,66;76,9230769230769;"Municipio";2046;"GUARACI";"RRAS13";35051;"NORTE BARRETOS";"Quedas";635,386119257087
"351790";2023;23;1;41556,66;1806,81130434783;43,4782608695652;"Municipio";2113;"GUARACI";"RRAS13";35051;"NORTE BARRETOS";"Quedas";1088,49976336962
"351790";2024;24;0;48282,43;2011,76791666667;0;"Municipio";2171;"GUARACI";"RRAS13";35051;"NORTE BARRETOS";"Quedas";1105,4813450023
"351790";2025;27;1;98220,89;3637,81074074074;37,037037037037;"Municipio";;"GUARACI";"RRAS13";35051;"NORTE BARRETOS";"Quedas";
"351800";2015;3;0;9218,31;3072,77;0;"Municipio";395;"GUARANI DOESTE";"RRAS12";35154;"FERNANDOPOLIS";"Quedas";759,493670886076
"351800";2016;7;0;8554,06;1222,00857142857;0;"Municipio";408;"GUARANI DOESTE";"RRAS12";35154;"FERNANDOPOLIS";"Quedas";1715,6862745098
"351800";2017;3;1;8369,47;2789,82333333333;333,333333333333;"Municipio";418;"GUARANI DOESTE";"RRAS12";35154;"FERNANDOPOLIS";"Quedas";717,703349282297
"351800";2018;4;0;5945,76;1486,44;0;"Municipio";431;"GUARANI DOESTE";"RRAS12";35154;"FERNANDOPOLIS";"Quedas";928,074245939675
"351800";2019;5;0;21721,06;4344,212;0;"Municipio";442;"GUARANI DOESTE";"RRAS12";35154;"FERNANDOPOLIS";"Quedas";1131,22171945701
"351800";2020;5;0;11002,57;2200,514;0;"Municipio";459;"GUARANI DOESTE";"RRAS12";35154;"FERNANDOPOLIS";"Quedas";1089,32461873638
"351800";2021;5;0;7305,99;1461,198;0;"Municipio";469;"GUARANI DOESTE";"RRAS12";35154;"FERNANDOPOLIS";"Quedas";1066,09808102345
"351800";2022;5;0;18043,46;3608,692;0;"Municipio";481;"GUARANI DOESTE";"RRAS12";35154;"FERNANDOPOLIS";"Quedas";1039,50103950104
"351800";2023;9;0;12670,88;1407,87555555556;0;"Municipio";483;"GUARANI DOESTE";"RRAS12";35154;"FERNANDOPOLIS";"Quedas";1863,35403726708
"351800";2024;6;1;3834,57;639,095;166,666666666667;"Municipio";510;"GUARANI DOESTE";"RRAS12";35154;"FERNANDOPOLIS";"Quedas";1176,47058823529
"351800";2025;7;1;17336,88;2476,69714285714;142,857142857143;"Municipio";;"GUARANI DOESTE";"RRAS12";35154;"FERNANDOPOLIS";"Quedas";
"351810";2015;4;1;3545,59;886,3975;250;"Municipio";984;"GUARANTA";"RRAS10";35093;"MARILIA";"Quedas";406,50406504065
"351810";2016;3;0;1874,95;624,983333333333;0;"Municipio";1023;"GUARANTA";"RRAS10";35093;"MARILIA";"Quedas";293,255131964809
"351810";2017;5;0;10805,51;2161,102;0;"Municipio";1054;"GUARANTA";"RRAS10";35093;"MARILIA";"Quedas";474,38330170778
"351810";2018;4;1;6403,21;1600,8025;250;"Municipio";1090;"GUARANTA";"RRAS10";35093;"MARILIA";"Quedas";366,97247706422
"351810";2019;4;1;16225,94;4056,485;250;"Municipio";1118;"GUARANTA";"RRAS10";35093;"MARILIA";"Quedas";357,78175313059
"351810";2020;6;1;4430,21;738,368333333333;166,666666666667;"Municipio";1157;"GUARANTA";"RRAS10";35093;"MARILIA";"Quedas";518,582541054451
"351810";2021;12;0;25322,33;2110,19416666667;0;"Municipio";1179;"GUARANTA";"RRAS10";35093;"MARILIA";"Quedas";1017,81170483461
"351810";2022;6;0;12308,05;2051,34166666667;0;"Municipio";1205;"GUARANTA";"RRAS10";35093;"MARILIA";"Quedas";497,925311203319
"351810";2023;9;1;23846,73;2649,63666666667;111,111111111111;"Municipio";1231;"GUARANTA";"RRAS10";35093;"MARILIA";"Quedas";731,112916328188
"351810";2024;16;2;18671,92;1166,995;125;"Municipio";1260;"GUARANTA";"RRAS10";35093;"MARILIA";"Quedas";1269,84126984127
"351810";2025;10;0;30319,74;3031,974;0;"Municipio";;"GUARANTA";"RRAS10";35093;"MARILIA";"Quedas";
"351820";2015;41;4;97511,38;2378,32634146341;97,5609756097561;"Municipio";5514;"GUARARAPES";"RRAS19";35021;"CENTRAL DO DRS II";"Quedas";743,561842582517
"351820";2016;49;5;105687,82;2156,89428571429;102,040816326531;"Municipio";5669;"GUARARAPES";"RRAS19";35021;"CENTRAL DO DRS II";"Quedas";864,349973540307
"351820";2017;30;4;47748,4;1591,61333333333;133,333333333333;"Municipio";5836;"GUARARAPES";"RRAS19";35021;"CENTRAL DO DRS II";"Quedas";514,050719671008
"351820";2018;54;7;107117,13;1983,65055555556;129,62962962963;"Municipio";6010;"GUARARAPES";"RRAS19";35021;"CENTRAL DO DRS II";"Quedas";898,502495840266
"351820";2019;63;4;136191,2;2161,76507936508;63,4920634920635;"Municipio";6182;"GUARARAPES";"RRAS19";35021;"CENTRAL DO DRS II";"Quedas";1019,08767389194
"351820";2020;42;0;105190,28;2504,53047619048;0;"Municipio";6357;"GUARARAPES";"RRAS19";35021;"CENTRAL DO DRS II";"Quedas";660,689004247286
"351820";2021;46;8;132095,77;2871,64717391304;173,913043478261;"Municipio";6502;"GUARARAPES";"RRAS19";35021;"CENTRAL DO DRS II";"Quedas";707,474623192864
"351820";2022;58;6;146465,78;2525,27206896552;103,448275862069;"Municipio";6649;"GUARARAPES";"RRAS19";35021;"CENTRAL DO DRS II";"Quedas";872,311625808392
"351820";2023;58;13;154871,77;2670,20293103448;224,137931034483;"Municipio";6832;"GUARARAPES";"RRAS19";35021;"CENTRAL DO DRS II";"Quedas";848,946135831382
"351820";2024;58;4;136573,77;2354,72017241379;68,9655172413793;"Municipio";7019;"GUARARAPES";"RRAS19";35021;"CENTRAL DO DRS II";"Quedas";826,328536828608
"351820";2025;55;1;167294,66;3041,72109090909;18,1818181818182;"Municipio";;"GUARARAPES";"RRAS19";35021;"CENTRAL DO DRS II";"Quedas";
"351830";2015;48;1;56767,66;1182,65958333333;20,8333333333333;"Municipio";4109;"GUARAREMA";"RRAS02";35011;"ALTO DO TIETE";"Quedas";1168,16743733268
"351830";2016;47;2;52237,29;1111,43170212766;42,5531914893617;"Municipio";4325;"GUARAREMA";"RRAS02";35011;"ALTO DO TIETE";"Quedas";1086,70520231214
"351830";2017;44;2;34466,96;783,34;45,4545454545455;"Municipio";4545;"GUARAREMA";"RRAS02";35011;"ALTO DO TIETE";"Quedas";968,096809680968
"351830";2018;51;1;50812,44;996,322352941177;19,6078431372549;"Municipio";4778;"GUARAREMA";"RRAS02";35011;"ALTO DO TIETE";"Quedas";1067,39221431561
"351830";2019;37;2;34997,38;945,875135135135;54,0540540540541;"Municipio";5017;"GUARAREMA";"RRAS02";35011;"ALTO DO TIETE";"Quedas";737,492525413594
"351830";2020;38;2;41222,76;1084,80947368421;52,6315789473684;"Municipio";5258;"GUARAREMA";"RRAS02";35011;"ALTO DO TIETE";"Quedas";722,708254089007
"351830";2021;45;4;61859,56;1374,65688888889;88,8888888888889;"Municipio";5479;"GUARAREMA";"RRAS02";35011;"ALTO DO TIETE";"Quedas";821,317758715094
"351830";2022;30;4;54044,16;1801,472;133,333333333333;"Municipio";5702;"GUARAREMA";"RRAS02";35011;"ALTO DO TIETE";"Quedas";526,131182041389
"351830";2023;52;3;61953,83;1191,41980769231;57,6923076923077;"Municipio";5948;"GUARAREMA";"RRAS02";35011;"ALTO DO TIETE";"Quedas";874,243443174176
"351830";2024;48;2;54913,27;1144,02645833333;41,6666666666667;"Municipio";6214;"GUARAREMA";"RRAS02";35011;"ALTO DO TIETE";"Quedas";772,449308014161
"351830";2025;75;3;116766,47;1556,88626666667;40;"Municipio";;"GUARAREMA";"RRAS02";35011;"ALTO DO TIETE";"Quedas";
"351840";2015;93;3;155065,01;1667,36569892473;32,258064516129;"Municipio";18726;"GUARATINGUETA";"RRAS17";35172;"CIRCUITO DA FE VALE HISTORICO";"Quedas";496,635693687921
"351840";2016;108;3;196715,32;1821,43814814815;27,7777777777778;"Municipio";19413;"GUARATINGUETA";"RRAS17";35172;"CIRCUITO DA FE VALE HISTORICO";"Quedas";556,328233657858
"351840";2017;154;6;245418,5;1593,62662337662;38,961038961039;"Municipio";20121;"GUARATINGUETA";"RRAS17";35172;"CIRCUITO DA FE VALE HISTORICO";"Quedas";765,369514437652
"351840";2018;139;1;295827,17;2128,25302158273;7,19424460431655;"Municipio";20849;"GUARATINGUETA";"RRAS17";35172;"CIRCUITO DA FE VALE HISTORICO";"Quedas";666,698642620749
"351840";2019;138;3;288411,42;2089,93782608696;21,7391304347826;"Municipio";21593;"GUARATINGUETA";"RRAS17";35172;"CIRCUITO DA FE VALE HISTORICO";"Quedas";639,096003334414
"351840";2020;151;3;274024,27;1814,73026490066;19,8675496688742;"Municipio";22309;"GUARATINGUETA";"RRAS17";35172;"CIRCUITO DA FE VALE HISTORICO";"Quedas";676,856873907392
"351840";2021;149;13;303773,19;2038,74624161074;87,248322147651;"Municipio";22922;"GUARATINGUETA";"RRAS17";35172;"CIRCUITO DA FE VALE HISTORICO";"Quedas";650,030538347439
"351840";2022;161;8;421593,03;2618,5902484472;49,6894409937888;"Municipio";23533;"GUARATINGUETA";"RRAS17";35172;"CIRCUITO DA FE VALE HISTORICO";"Quedas";684,145667785663
"351840";2023;138;6;373342,49;2705,38036231884;43,4782608695652;"Municipio";24237;"GUARATINGUETA";"RRAS17";35172;"CIRCUITO DA FE VALE HISTORICO";"Quedas";569,377398192846
"351840";2024;171;17;513542,11;3003,17023391813;99,4152046783626;"Municipio";24967;"GUARATINGUETA";"RRAS17";35172;"CIRCUITO DA FE VALE HISTORICO";"Quedas";684,904073376857
"351840";2025;168;9;667516,33;3973,31148809524;53,5714285714286;"Municipio";;"GUARATINGUETA";"RRAS17";35172;"CIRCUITO DA FE VALE HISTORICO";"Quedas";
"351850";2015;5;0;6013,9;1202,78;0;"Municipio";1844;"GUAREI";"RRAS08";35161;"ITAPETININGA";"Quedas";271,14967462039
"351850";2016;5;1;1478,23;295,646;200;"Municipio";1922;"GUAREI";"RRAS08";35161;"ITAPETININGA";"Quedas";260,145681581686
"351850";2017;10;1;21096,09;2109,609;100;"Municipio";1995;"GUAREI";"RRAS08";35161;"ITAPETININGA";"Quedas";501,25313283208
"351850";2018;13;1;16036,9;1233,60769230769;76,9230769230769;"Municipio";2076;"GUAREI";"RRAS08";35161;"ITAPETININGA";"Quedas";626,204238921002
"351850";2019;3;0;4039,04;1346,34666666667;0;"Municipio";2155;"GUAREI";"RRAS08";35161;"ITAPETININGA";"Quedas";139,211136890951
"351850";2020;14;2;22672,83;1619,48785714286;142,857142857143;"Municipio";2229;"GUAREI";"RRAS08";35161;"ITAPETININGA";"Quedas";628,084342754599
"351850";2021;17;1;28639,99;1684,70529411765;58,8235294117647;"Municipio";2300;"GUAREI";"RRAS08";35161;"ITAPETININGA";"Quedas";739,130434782609
"351850";2022;14;1;36561,84;2611,56;71,4285714285714;"Municipio";2359;"GUAREI";"RRAS08";35161;"ITAPETININGA";"Quedas";593,471810089021
"351850";2023;26;1;51331,9;1974,30384615385;38,4615384615385;"Municipio";2442;"GUAREI";"RRAS08";35161;"ITAPETININGA";"Quedas";1064,70106470106
"351850";2024;29;2;47775,19;1647,42034482759;68,9655172413793;"Municipio";2524;"GUAREI";"RRAS08";35161;"ITAPETININGA";"Quedas";1148,96988906498
"351850";2025;28;1;74307,39;2653,83535714286;35,7142857142857;"Municipio";;"GUAREI";"RRAS08";35161;"ITAPETININGA";"Quedas";
"351860";2015;23;1;41527,95;1805,56304347826;43,4782608695652;"Municipio";4286;"GUARIBA";"RRAS13";35131;"HORIZONTE VERDE";"Quedas";536,630891273915
"351860";2016;33;2;51836,15;1570,79242424242;60,6060606060606;"Municipio";4471;"GUARIBA";"RRAS13";35131;"HORIZONTE VERDE";"Quedas";738,089912771192
"351860";2017;29;1;31600,37;1089,66793103448;34,4827586206897;"Municipio";4662;"GUARIBA";"RRAS13";35131;"HORIZONTE VERDE";"Quedas";622,050622050622
"351860";2018;52;1;47997,46;923,028076923077;19,2307692307692;"Municipio";4867;"GUARIBA";"RRAS13";35131;"HORIZONTE VERDE";"Quedas";1068,41997123485
"351860";2019;40;2;53470,33;1336,75825;50;"Municipio";5083;"GUARIBA";"RRAS13";35131;"HORIZONTE VERDE";"Quedas";786,936848317923
"351860";2020;43;3;70981,92;1650,7423255814;69,7674418604651;"Municipio";5291;"GUARIBA";"RRAS13";35131;"HORIZONTE VERDE";"Quedas";812,700812700813
"351860";2021;32;3;38721,89;1210,0590625;93,75;"Municipio";5485;"GUARIBA";"RRAS13";35131;"HORIZONTE VERDE";"Quedas";583,409298085688
"351860";2022;49;1;55581,34;1134,31306122449;20,4081632653061;"Municipio";5678;"GUARIBA";"RRAS13";35131;"HORIZONTE VERDE";"Quedas";862,979922507925
"351860";2023;36;1;21826,78;606,299444444444;27,7777777777778;"Municipio";5908;"GUARIBA";"RRAS13";35131;"HORIZONTE VERDE";"Quedas";609,343263371699
"351860";2024;49;1;60205,26;1228,6787755102;20,4081632653061;"Municipio";6138;"GUARIBA";"RRAS13";35131;"HORIZONTE VERDE";"Quedas";798,305637015314
"351860";2025;61;0;33797,23;554,052950819672;0;"Municipio";;"GUARIBA";"RRAS13";35131;"HORIZONTE VERDE";"Quedas";
"351870";2015;213;18;433495,43;2035,18981220657;84,5070422535211;"Municipio";35435;"GUARUJA";"RRAS07";35041;"BAIXADA SANTISTA";"Quedas";601,100606744744
"351870";2016;193;19;341968,56;1771,8578238342;98,4455958549223;"Municipio";36815;"GUARUJA";"RRAS07";35041;"BAIXADA SANTISTA";"Quedas";524,242835800625
"351870";2017;158;7;240927,83;1524,8596835443;44,3037974683544;"Municipio";38238;"GUARUJA";"RRAS07";35041;"BAIXADA SANTISTA";"Quedas";413,201527276531
"351870";2018;209;21;380937,16;1822,66583732057;100,478468899522;"Municipio";39711;"GUARUJA";"RRAS07";35041;"BAIXADA SANTISTA";"Quedas";526,302535821309
"351870";2019;193;15;337220,5;1747,25647668394;77,720207253886;"Municipio";41209;"GUARUJA";"RRAS07";35041;"BAIXADA SANTISTA";"Quedas";468,344293722245
"351870";2020;179;24;371880,47;2077,54452513966;134,078212290503;"Municipio";42645;"GUARUJA";"RRAS07";35041;"BAIXADA SANTISTA";"Quedas";419,744401453863
"351870";2021;202;19;426314,96;2110,4700990099;94,0594059405941;"Municipio";43902;"GUARUJA";"RRAS07";35041;"BAIXADA SANTISTA";"Quedas";460,115712268234
"351870";2022;263;15;733557,91;2789,19357414449;57,0342205323194;"Municipio";45199;"GUARUJA";"RRAS07";35041;"BAIXADA SANTISTA";"Quedas";581,871280338061
"351870";2023;280;22;590617,46;2109,34807142857;78,5714285714286;"Municipio";46714;"GUARUJA";"RRAS07";35041;"BAIXADA SANTISTA";"Quedas";599,392045211286
"351870";2024;336;21;846870,95;2520,44925595238;62,5;"Municipio";48294;"GUARUJA";"RRAS07";35041;"BAIXADA SANTISTA";"Quedas";695,738601068456
"351870";2025;357;30;1071051,03;3000,14294117647;84,0336134453782;"Municipio";;"GUARUJA";"RRAS07";35041;"BAIXADA SANTISTA";"Quedas";
"351880";2015;447;54;580942,89;1299,64852348993;120,805369127517;"Municipio";141020;"GUARULHOS";"RRAS02";35011;"ALTO DO TIETE";"Quedas";316,976315416253
"351880";2016;528;71;811877,79;1537,64732954545;134,469696969697;"Municipio";147734;"GUARULHOS";"RRAS02";35011;"ALTO DO TIETE";"Quedas";357,399109209796
"351880";2017;623;67;818018,34;1313,03104333868;107,544141252006;"Municipio";154638;"GUARULHOS";"RRAS02";35011;"ALTO DO TIETE";"Quedas";402,876395193937
"351880";2018;695;55;945881,37;1360,98038848921;79,136690647482;"Municipio";161648;"GUARULHOS";"RRAS02";35011;"ALTO DO TIETE";"Quedas";429,946550529546
"351880";2019;819;77;1050463,64;1282,61738705739;94,017094017094;"Municipio";168727;"GUARULHOS";"RRAS02";35011;"ALTO DO TIETE";"Quedas";485,399491486247
"351880";2020;753;71;1275565,85;1693,97855245684;94,2895086321381;"Municipio";175598;"GUARULHOS";"RRAS02";35011;"ALTO DO TIETE";"Quedas";428,820373808358
"351880";2021;858;102;1465306,57;1707,81651515152;118,881118881119;"Municipio";181750;"GUARULHOS";"RRAS02";35011;"ALTO DO TIETE";"Quedas";472,077028885832
"351880";2022;961;83;1568434,64;1632,0859937565;86,3683662851197;"Municipio";188032;"GUARULHOS";"RRAS02";35011;"ALTO DO TIETE";"Quedas";511,083219877468
"351880";2023;999;85;1640437,54;1642,07961961962;85,0850850850851;"Municipio";195217;"GUARULHOS";"RRAS02";35011;"ALTO DO TIETE";"Quedas";511,738219519816
"351880";2024;946;85;1468838,22;1552,68310782241;89,8520084566596;"Municipio";202832;"GUARULHOS";"RRAS02";35011;"ALTO DO TIETE";"Quedas";466,39583497673
"351880";2025;927;82;2138310,42;2306,69948220065;88,4573894282632;"Municipio";;"GUARULHOS";"RRAS02";35011;"ALTO DO TIETE";"Quedas";
"351885";2015;10;2;33111,89;3311,189;200;"Municipio";1078;"GUATAPARA";"RRAS13";35132;"AQUIFERO GUARANI";"Quedas";927,643784786642
"351885";2016;3;0;3286,59;1095,53;0;"Municipio";1119;"GUATAPARA";"RRAS13";35132;"AQUIFERO GUARANI";"Quedas";268,096514745308
"351885";2017;8;1;8885,6;1110,7;125;"Municipio";1171;"GUATAPARA";"RRAS13";35132;"AQUIFERO GUARANI";"Quedas";683,176771989752
"351885";2018;12;1;19892,55;1657,7125;83,3333333333333;"Municipio";1214;"GUATAPARA";"RRAS13";35132;"AQUIFERO GUARANI";"Quedas";988,467874794069
"351885";2019;5;0;7753;1550,6;0;"Municipio";1266;"GUATAPARA";"RRAS13";35132;"AQUIFERO GUARANI";"Quedas";394,944707740916
"351885";2020;5;0;9144,02;1828,804;0;"Municipio";1311;"GUATAPARA";"RRAS13";35132;"AQUIFERO GUARANI";"Quedas";381,3882532418
"351885";2021;8;0;12542,94;1567,8675;0;"Municipio";1352;"GUATAPARA";"RRAS13";35132;"AQUIFERO GUARANI";"Quedas";591,715976331361
"351885";2022;4;0;11002,86;2750,715;0;"Municipio";1387;"GUATAPARA";"RRAS13";35132;"AQUIFERO GUARANI";"Quedas";288,392213410238
"351885";2023;12;1;29521,02;2460,085;83,3333333333333;"Municipio";1433;"GUATAPARA";"RRAS13";35132;"AQUIFERO GUARANI";"Quedas";837,404047452896
"351885";2024;11;0;37625,12;3420,46545454545;0;"Municipio";1483;"GUATAPARA";"RRAS13";35132;"AQUIFERO GUARANI";"Quedas";741,73971679029
"351885";2025;3;0;16418;5472,66666666667;0;"Municipio";;"GUATAPARA";"RRAS13";35132;"AQUIFERO GUARANI";"Quedas";
"351890";2015;5;1;10745,37;2149,074;200;"Municipio";760;"GUZOLANDIA";"RRAS19";35021;"CENTRAL DO DRS II";"Quedas";657,894736842105
"351890";2016;6;1;8241,37;1373,56166666667;166,666666666667;"Municipio";781;"GUZOLANDIA";"RRAS19";35021;"CENTRAL DO DRS II";"Quedas";768,245838668374
"351890";2017;3;1;8602,64;2867,54666666667;333,333333333333;"Municipio";803;"GUZOLANDIA";"RRAS19";35021;"CENTRAL DO DRS II";"Quedas";373,59900373599
"351890";2018;7;0;12563,51;1794,78714285714;0;"Municipio";821;"GUZOLANDIA";"RRAS19";35021;"CENTRAL DO DRS II";"Quedas";852,618757612668
"351890";2019;9;1;7886,41;876,267777777778;111,111111111111;"Municipio";840;"GUZOLANDIA";"RRAS19";35021;"CENTRAL DO DRS II";"Quedas";1071,42857142857
"351890";2020;4;0;9908,2;2477,05;0;"Municipio";862;"GUZOLANDIA";"RRAS19";35021;"CENTRAL DO DRS II";"Quedas";464,037122969838
"351890";2021;8;2;14774,65;1846,83125;250;"Municipio";873;"GUZOLANDIA";"RRAS19";35021;"CENTRAL DO DRS II";"Quedas";916,380297823597
"351890";2022;5;0;15940,15;3188,03;0;"Municipio";886;"GUZOLANDIA";"RRAS19";35021;"CENTRAL DO DRS II";"Quedas";564,334085778781
"351890";2023;9;1;21661,4;2406,82222222222;111,111111111111;"Municipio";904;"GUZOLANDIA";"RRAS19";35021;"CENTRAL DO DRS II";"Quedas";995,575221238938
"351890";2024;1;0;2534,11;2534,11;0;"Municipio";922;"GUZOLANDIA";"RRAS19";35021;"CENTRAL DO DRS II";"Quedas";108,459869848156
"351890";2025;7;2;28159,71;4022,81571428571;285,714285714286;"Municipio";;"GUZOLANDIA";"RRAS19";35021;"CENTRAL DO DRS II";"Quedas";
"351900";2015;12;0;18256,13;1521,34416666667;0;"Municipio";1385;"HERCULANDIA";"RRAS10";35095;"TUPA";"Quedas";866,425992779783
"351900";2016;4;0;4943,61;1235,9025;0;"Municipio";1422;"HERCULANDIA";"RRAS10";35095;"TUPA";"Quedas";281,293952180028
"351900";2017;12;0;30204,6;2517,05;0;"Municipio";1470;"HERCULANDIA";"RRAS10";35095;"TUPA";"Quedas";816,326530612245
"351900";2018;10;0;27561,11;2756,111;0;"Municipio";1516;"HERCULANDIA";"RRAS10";35095;"TUPA";"Quedas";659,630606860158
"351900";2019;15;0;32132,88;2142,192;0;"Municipio";1570;"HERCULANDIA";"RRAS10";35095;"TUPA";"Quedas";955,414012738853
"351900";2020;12;1;37079,17;3089,93083333333;83,3333333333333;"Municipio";1623;"HERCULANDIA";"RRAS10";35095;"TUPA";"Quedas";739,371534195933
"351900";2021;19;1;20826,18;1096,11473684211;52,6315789473684;"Municipio";1675;"HERCULANDIA";"RRAS10";35095;"TUPA";"Quedas";1134,32835820896
"351900";2022;15;3;30575,39;2038,35933333333;200;"Municipio";1715;"HERCULANDIA";"RRAS10";35095;"TUPA";"Quedas";874,63556851312
"351900";2023;17;0;32743,81;1926,10647058824;0;"Municipio";1771;"HERCULANDIA";"RRAS10";35095;"TUPA";"Quedas";959,909655561829
"351900";2024;14;1;20383,18;1455,94142857143;71,4285714285714;"Municipio";1816;"HERCULANDIA";"RRAS10";35095;"TUPA";"Quedas";770,925110132159
"351900";2025;15;1;15446,98;1029,79866666667;66,6666666666667;"Municipio";;"HERCULANDIA";"RRAS10";35095;"TUPA";"Quedas";
"351905";2015;11;0;16432,1;1493,82727272727;0;"Municipio";1541;"HOLAMBRA";"RRAS15";35072;"REG METRO CAMPINAS";"Quedas";713,822193380921
"351905";2016;5;0;7613,13;1522,626;0;"Municipio";1653;"HOLAMBRA";"RRAS15";35072;"REG METRO CAMPINAS";"Quedas";302,480338777979
"351905";2017;10;0;16391,11;1639,111;0;"Municipio";1772;"HOLAMBRA";"RRAS15";35072;"REG METRO CAMPINAS";"Quedas";564,334085778781
"351905";2018;13;2;45533,29;3502,56076923077;153,846153846154;"Municipio";1882;"HOLAMBRA";"RRAS15";35072;"REG METRO CAMPINAS";"Quedas";690,754516471839
"351905";2019;12;0;23390,48;1949,20666666667;0;"Municipio";1996;"HOLAMBRA";"RRAS15";35072;"REG METRO CAMPINAS";"Quedas";601,202404809619
"351905";2020;12;1;29567,07;2463,9225;83,3333333333333;"Municipio";2108;"HOLAMBRA";"RRAS15";35072;"REG METRO CAMPINAS";"Quedas";569,259962049336
"351905";2021;9;1;13990,16;1554,46222222222;111,111111111111;"Municipio";2220;"HOLAMBRA";"RRAS15";35072;"REG METRO CAMPINAS";"Quedas";405,405405405405
"351905";2022;12;0;19944,71;1662,05916666667;0;"Municipio";2330;"HOLAMBRA";"RRAS15";35072;"REG METRO CAMPINAS";"Quedas";515,021459227468
"351905";2023;13;0;24300,71;1869,28538461538;0;"Municipio";2448;"HOLAMBRA";"RRAS15";35072;"REG METRO CAMPINAS";"Quedas";531,045751633987
"351905";2024;19;0;41548,56;2186,76631578947;0;"Municipio";2561;"HOLAMBRA";"RRAS15";35072;"REG METRO CAMPINAS";"Quedas";741,897696212417
"351905";2025;14;0;37656,85;2689,775;0;"Municipio";;"HOLAMBRA";"RRAS15";35072;"REG METRO CAMPINAS";"Quedas";
"351907";2015;127;3;196038,07;1543,6068503937;23,6220472440945;"Municipio";21333;"HORTOLANDIA";"RRAS15";35072;"REG METRO CAMPINAS";"Quedas";595,321801903155
"351907";2016;143;2;210534,14;1472,26671328671;13,986013986014;"Municipio";22619;"HORTOLANDIA";"RRAS15";35072;"REG METRO CAMPINAS";"Quedas";632,211857288121
"351907";2017;150;6;261029,23;1740,19486666667;40;"Municipio";23970;"HORTOLANDIA";"RRAS15";35072;"REG METRO CAMPINAS";"Quedas";625,782227784731
"351907";2018;222;10;426810,04;1922,56774774775;45,045045045045;"Municipio";25371;"HORTOLANDIA";"RRAS15";35072;"REG METRO CAMPINAS";"Quedas";875,014780655079
"351907";2019;212;5;342501,37;1615,5725;23,5849056603774;"Municipio";26807;"HORTOLANDIA";"RRAS15";35072;"REG METRO CAMPINAS";"Quedas";790,838213899355
"351907";2020;251;12;433908,91;1728,72075697211;47,808764940239;"Municipio";28246;"HORTOLANDIA";"RRAS15";35072;"REG METRO CAMPINAS";"Quedas";888,621397720031
"351907";2021;256;6;357164,44;1395,17359375;23,4375;"Municipio";29592;"HORTOLANDIA";"RRAS15";35072;"REG METRO CAMPINAS";"Quedas";865,098675317653
"351907";2022;305;7;436123,61;1429,91347540984;22,9508196721311;"Municipio";30972;"HORTOLANDIA";"RRAS15";35072;"REG METRO CAMPINAS";"Quedas";984,760428774377
"351907";2023;331;8;517853,72;1564,51274924471;24,1691842900302;"Municipio";32495;"HORTOLANDIA";"RRAS15";35072;"REG METRO CAMPINAS";"Quedas";1018,61824896138
"351907";2024;289;12;449617,55;1555,77006920415;41,522491349481;"Municipio";34110;"HORTOLANDIA";"RRAS15";35072;"REG METRO CAMPINAS";"Quedas";847,258868367048
"351907";2025;359;16;686502,04;1912,26194986072;44,5682451253482;"Municipio";;"HORTOLANDIA";"RRAS15";35072;"REG METRO CAMPINAS";"Quedas";
"351910";2015;19;1;17888,16;941,482105263158;52,6315789473684;"Municipio";1668;"IACANGA";"RRAS09";35062;"BAURU";"Quedas";1139,08872901679
"351910";2016;21;1;16857,74;802,749523809524;47,6190476190476;"Municipio";1711;"IACANGA";"RRAS09";35062;"BAURU";"Quedas";1227,35242548217
"351910";2017;23;0;23400,99;1017,43434782609;0;"Municipio";1751;"IACANGA";"RRAS09";35062;"BAURU";"Quedas";1313,53512278698
"351910";2018;31;2;35841,45;1156,17580645161;64,5161290322581;"Municipio";1797;"IACANGA";"RRAS09";35062;"BAURU";"Quedas";1725,09738452977
"351910";2019;27;4;32506,03;1203,92703703704;148,148148148148;"Municipio";1846;"IACANGA";"RRAS09";35062;"BAURU";"Quedas";1462,6218851571
"351910";2020;28;0;27334,09;976,2175;0;"Municipio";1892;"IACANGA";"RRAS09";35062;"BAURU";"Quedas";1479,91543340381
"351910";2021;36;0;25238,13;701,059166666667;0;"Municipio";1930;"IACANGA";"RRAS09";35062;"BAURU";"Quedas";1865,28497409326
"351910";2022;39;0;52775,78;1353,22512820513;0;"Municipio";1970;"IACANGA";"RRAS09";35062;"BAURU";"Quedas";1979,69543147208
"351910";2023;27;1;47181,69;1747,47;37,037037037037;"Municipio";2021;"IACANGA";"RRAS09";35062;"BAURU";"Quedas";1335,97229094508
"351910";2024;54;0;45589,5;844,25;0;"Municipio";2085;"IACANGA";"RRAS09";35062;"BAURU";"Quedas";2589,92805755396
"351910";2025;80;2;80908,3;1011,35375;25;"Municipio";;"IACANGA";"RRAS09";35062;"BAURU";"Quedas";
"351920";2015;7;0;8191,12;1170,16;0;"Municipio";1193;"IACRI";"RRAS10";35095;"TUPA";"Quedas";586,756077116513
"351920";2016;17;1;36634,24;2154,95529411765;58,8235294117647;"Municipio";1220;"IACRI";"RRAS10";35095;"TUPA";"Quedas";1393,44262295082
"351920";2017;9;1;16971,91;1885,76777777778;111,111111111111;"Municipio";1247;"IACRI";"RRAS10";35095;"TUPA";"Quedas";721,732157177225
"351920";2018;7;0;14149,21;2021,31571428571;0;"Municipio";1281;"IACRI";"RRAS10";35095;"TUPA";"Quedas";546,448087431694
"351920";2019;11;1;20546,32;1867,84727272727;90,9090909090909;"Municipio";1321;"IACRI";"RRAS10";35095;"TUPA";"Quedas";832,702498107494
"351920";2020;6;1;10802,06;1800,34333333333;166,666666666667;"Municipio";1353;"IACRI";"RRAS10";35095;"TUPA";"Quedas";443,458980044346
"351920";2021;18;2;25735,54;1429,75222222222;111,111111111111;"Municipio";1375;"IACRI";"RRAS10";35095;"TUPA";"Quedas";1309,09090909091
"351920";2022;12;1;30617,37;2551,4475;83,3333333333333;"Municipio";1407;"IACRI";"RRAS10";35095;"TUPA";"Quedas";852,878464818763
"351920";2023;16;0;23588,05;1474,253125;0;"Municipio";1438;"IACRI";"RRAS10";35095;"TUPA";"Quedas";1112,65646731572
"351920";2024;7;0;14805,15;2115,02142857143;0;"Municipio";1471;"IACRI";"RRAS10";35095;"TUPA";"Quedas";475,866757307954
"351920";2025;11;0;16741,56;1521,96;0;"Municipio";;"IACRI";"RRAS10";35095;"TUPA";"Quedas";
"351925";2015;6;0;7683,75;1280,625;0;"Municipio";826;"IARAS";"RRAS09";35061;"VALE DO JURUMIRIM";"Quedas";726,392251815981
"351925";2016;8;0;14091,91;1761,48875;0;"Municipio";886;"IARAS";"RRAS09";35061;"VALE DO JURUMIRIM";"Quedas";902,93453724605
"351925";2017;6;0;6822,15;1137,025;0;"Municipio";943;"IARAS";"RRAS09";35061;"VALE DO JURUMIRIM";"Quedas";636,26723223754
"351925";2018;6;0;10746,21;1791,035;0;"Municipio";1003;"IARAS";"RRAS09";35061;"VALE DO JURUMIRIM";"Quedas";598,205383848455
"351925";2019;6;1;9096,83;1516,13833333333;166,666666666667;"Municipio";1061;"IARAS";"RRAS09";35061;"VALE DO JURUMIRIM";"Quedas";565,50424128181
"351925";2020;2;0;1579,13;789,565;0;"Municipio";1128;"IARAS";"RRAS09";35061;"VALE DO JURUMIRIM";"Quedas";177,304964539007
"351925";2021;9;2;14516,33;1612,92555555556;222,222222222222;"Municipio";1184;"IARAS";"RRAS09";35061;"VALE DO JURUMIRIM";"Quedas";760,135135135135
"351925";2022;11;1;11538,3;1048,93636363636;90,9090909090909;"Municipio";1245;"IARAS";"RRAS09";35061;"VALE DO JURUMIRIM";"Quedas";883,534136546185
"351925";2023;7;2;27509,36;3929,90857142857;285,714285714286;"Municipio";1313;"IARAS";"RRAS09";35061;"VALE DO JURUMIRIM";"Quedas";533,130236100533
"351925";2024;16;1;26287,75;1642,984375;62,5;"Municipio";1385;"IARAS";"RRAS09";35061;"VALE DO JURUMIRIM";"Quedas";1155,23465703971
"351925";2025;18;0;21141,64;1174,53555555556;0;"Municipio";;"IARAS";"RRAS09";35061;"VALE DO JURUMIRIM";"Quedas";
"351930";2015;8;1;10232,82;1279,1025;125;"Municipio";3560;"IBATE";"RRAS18";35032;"CORACAO DO DRS III";"Quedas";224,719101123596
"351930";2016;14;2;18561,79;1325,84214285714;142,857142857143;"Municipio";3700;"IBATE";"RRAS18";35032;"CORACAO DO DRS III";"Quedas";378,378378378378
"351930";2017;23;2;44799,17;1947,79;86,9565217391304;"Municipio";3848;"IBATE";"RRAS18";35032;"CORACAO DO DRS III";"Quedas";597,713097713098
"351930";2018;26;2;47534,1;1828,23461538462;76,9230769230769;"Municipio";4003;"IBATE";"RRAS18";35032;"CORACAO DO DRS III";"Quedas";649,512865350987
"351930";2019;21;0;38988,34;1856,58761904762;0;"Municipio";4165;"IBATE";"RRAS18";35032;"CORACAO DO DRS III";"Quedas";504,201680672269
"351930";2020;31;0;49312,14;1590,71419354839;0;"Municipio";4324;"IBATE";"RRAS18";35032;"CORACAO DO DRS III";"Quedas";716,928769657724
"351930";2021;21;1;38804,23;1847,82047619048;47,6190476190476;"Municipio";4469;"IBATE";"RRAS18";35032;"CORACAO DO DRS III";"Quedas";469,903781606623
"351930";2022;48;2;72582,17;1512,12854166667;41,6666666666667;"Municipio";4611;"IBATE";"RRAS18";35032;"CORACAO DO DRS III";"Quedas";1040,98893949252
"351930";2023;30;2;57103,84;1903,46133333333;66,6666666666667;"Municipio";4794;"IBATE";"RRAS18";35032;"CORACAO DO DRS III";"Quedas";625,782227784731
"351930";2024;27;3;40022,31;1482,30777777778;111,111111111111;"Municipio";4976;"IBATE";"RRAS18";35032;"CORACAO DO DRS III";"Quedas";542,604501607717
"351930";2025;41;2;116060;2830,73170731707;48,780487804878;"Municipio";;"IBATE";"RRAS18";35032;"CORACAO DO DRS III";"Quedas";
"351940";2015;20;0;41987,41;2099,3705;0;"Municipio";2097;"IBIRA";"RRAS12";35155;"SAO JOSE DO RIO PRETO";"Quedas";953,743443013829
"351940";2016;16;1;24714,01;1544,625625;62,5;"Municipio";2161;"IBIRA";"RRAS12";35155;"SAO JOSE DO RIO PRETO";"Quedas";740,397963905599
"351940";2017;18;0;31751,11;1763,95055555556;0;"Municipio";2232;"IBIRA";"RRAS12";35155;"SAO JOSE DO RIO PRETO";"Quedas";806,451612903226
"351940";2018;25;0;62290,12;2491,6048;0;"Municipio";2299;"IBIRA";"RRAS12";35155;"SAO JOSE DO RIO PRETO";"Quedas";1087,42931709439
"351940";2019;24;4;75443,31;3143,47125;166,666666666667;"Municipio";2373;"IBIRA";"RRAS12";35155;"SAO JOSE DO RIO PRETO";"Quedas";1011,37800252845
"351940";2020;34;4;83371,14;2452,09235294118;117,647058823529;"Municipio";2442;"IBIRA";"RRAS12";35155;"SAO JOSE DO RIO PRETO";"Quedas";1392,30139230139
"351940";2021;21;5;47691,74;2271,03523809524;238,095238095238;"Municipio";2500;"IBIRA";"RRAS12";35155;"SAO JOSE DO RIO PRETO";"Quedas";840
"351940";2022;26;2;108322,58;4166,25307692308;76,9230769230769;"Municipio";2557;"IBIRA";"RRAS12";35155;"SAO JOSE DO RIO PRETO";"Quedas";1016,81658193195
"351940";2023;17;1;46108,14;2712,24352941176;58,8235294117647;"Municipio";2626;"IBIRA";"RRAS12";35155;"SAO JOSE DO RIO PRETO";"Quedas";647,372429550647
"351940";2024;40;1;109927,79;2748,19475;25;"Municipio";2691;"IBIRA";"RRAS12";35155;"SAO JOSE DO RIO PRETO";"Quedas";1486,43626904496
"351940";2025;36;3;116437,01;3234,36138888889;83,3333333333333;"Municipio";;"IBIRA";"RRAS12";35155;"SAO JOSE DO RIO PRETO";"Quedas";
"351950";2015;9;1;12886,7;1431,85555555556;111,111111111111;"Municipio";1121;"IBIRAREMA";"RRAS10";35094;"OURINHOS";"Quedas";802,8545941124
"351950";2016;11;0;8478,57;770,779090909091;0;"Municipio";1144;"IBIRAREMA";"RRAS10";35094;"OURINHOS";"Quedas";961,538461538462
"351950";2017;10;1;20530,25;2053,025;100;"Municipio";1174;"IBIRAREMA";"RRAS10";35094;"OURINHOS";"Quedas";851,788756388416
"351950";2018;10;0;16209,68;1620,968;0;"Municipio";1199;"IBIRAREMA";"RRAS10";35094;"OURINHOS";"Quedas";834,028356964137
"351950";2019;4;0;9036,57;2259,1425;0;"Municipio";1232;"IBIRAREMA";"RRAS10";35094;"OURINHOS";"Quedas";324,675324675325
"351950";2020;14;1;21563,4;1540,24285714286;71,4285714285714;"Municipio";1262;"IBIRAREMA";"RRAS10";35094;"OURINHOS";"Quedas";1109,35023771791
"351950";2021;11;1;31448,88;2858,98909090909;90,9090909090909;"Municipio";1284;"IBIRAREMA";"RRAS10";35094;"OURINHOS";"Quedas";856,697819314642
"351950";2022;13;0;45536,13;3502,77923076923;0;"Municipio";1315;"IBIRAREMA";"RRAS10";35094;"OURINHOS";"Quedas";988,593155893536
"351950";2023;14;3;65157,12;4654,08;214,285714285714;"Municipio";1357;"IBIRAREMA";"RRAS10";35094;"OURINHOS";"Quedas";1031,68754605748
"351950";2024;12;1;22897,19;1908,09916666667;83,3333333333333;"Municipio";1387;"IBIRAREMA";"RRAS10";35094;"OURINHOS";"Quedas";865,176640230714
"351950";2025;17;1;36725,21;2160,30647058824;58,8235294117647;"Municipio";;"IBIRAREMA";"RRAS10";35094;"OURINHOS";"Quedas";
"351960";2015;73;4;79950,41;1095,21109589041;54,7945205479452;"Municipio";8449;"IBITINGA";"RRAS18";35033;"NOROESTE DRS III";"Quedas";864,00757486093
"351960";2016;104;7;119388,43;1147,96567307692;67,3076923076923;"Municipio";8743;"IBITINGA";"RRAS18";35033;"NOROESTE DRS III";"Quedas";1189,52304700904
"351960";2017;122;5;91891,12;753,205901639344;40,983606557377;"Municipio";9047;"IBITINGA";"RRAS18";35033;"NOROESTE DRS III";"Quedas";1348,51331933238
"351960";2018;81;5;85602,49;1056,82086419753;61,7283950617284;"Municipio";9368;"IBITINGA";"RRAS18";35033;"NOROESTE DRS III";"Quedas";864,64560204953
"351960";2019;17;1;24635,91;1449,17117647059;58,8235294117647;"Municipio";9698;"IBITINGA";"RRAS18";35033;"NOROESTE DRS III";"Quedas";175,293875025779
"351960";2020;8;5;33391,31;4173,91375;625;"Municipio";10018;"IBITINGA";"RRAS18";35033;"NOROESTE DRS III";"Quedas";79,8562587342783
"351960";2021;3;0;9327,15;3109,05;0;"Municipio";10298;"IBITINGA";"RRAS18";35033;"NOROESTE DRS III";"Quedas";29,1318702660711
"351960";2022;6;1;27645,12;4607,52;166,666666666667;"Municipio";10575;"IBITINGA";"RRAS18";35033;"NOROESTE DRS III";"Quedas";56,7375886524823
"351960";2023;8;2;29867,56;3733,445;250;"Municipio";10908;"IBITINGA";"RRAS18";35033;"NOROESTE DRS III";"Quedas";73,3406674000733
"351960";2024;5;1;24776,85;4955,37;200;"Municipio";11251;"IBITINGA";"RRAS18";35033;"NOROESTE DRS III";"Quedas";44,4404941782953
"351960";2025;6;0;17799,8;2966,63333333333;0;"Municipio";;"IBITINGA";"RRAS18";35033;"NOROESTE DRS III";"Quedas";
"351970";2015;40;4;59187,94;1479,6985;100;"Municipio";10441;"IBIUNA";"RRAS08";35163;"SOROCABA";"Quedas";383,105066564505
"351970";2016;58;8;122884,66;2118,70103448276;137,931034482759;"Municipio";10864;"IBIUNA";"RRAS08";35163;"SOROCABA";"Quedas";533,873343151694
"351970";2017;45;4;79769,6;1772,65777777778;88,8888888888889;"Municipio";11305;"IBIUNA";"RRAS08";35163;"SOROCABA";"Quedas";398,053958425475
"351970";2018;36;5;60933,24;1692,59;138,888888888889;"Municipio";11765;"IBIUNA";"RRAS08";35163;"SOROCABA";"Quedas";305,992350191245
"351970";2019;57;1;97329,56;1707,53614035088;17,5438596491228;"Municipio";12237;"IBIUNA";"RRAS08";35163;"SOROCABA";"Quedas";465,800441284629
"351970";2020;63;5;136730,82;2170,33047619048;79,3650793650794;"Municipio";12692;"IBIUNA";"RRAS08";35163;"SOROCABA";"Quedas";496,375669713205
"351970";2021;67;5;121464,31;1812,90014925373;74,6268656716418;"Municipio";13088;"IBIUNA";"RRAS08";35163;"SOROCABA";"Quedas";511,919315403423
"351970";2022;75;1;148909,14;1985,4552;13,3333333333333;"Municipio";13491;"IBIUNA";"RRAS08";35163;"SOROCABA";"Quedas";555,926173004225
"351970";2023;77;3;150334,44;1952,39532467532;38,961038961039;"Municipio";13958;"IBIUNA";"RRAS08";35163;"SOROCABA";"Quedas";551,654964894684
"351970";2024;76;4;184116,08;2422,58;52,6315789473684;"Municipio";14459;"IBIUNA";"RRAS08";35163;"SOROCABA";"Quedas";525,624178712221
"351970";2025;70;5;196696,44;2809,94914285714;71,4285714285714;"Municipio";;"IBIUNA";"RRAS08";35163;"SOROCABA";"Quedas";
"351980";2015;13;0;24375,7;1875,05384615385;0;"Municipio";1128;"ICEM";"RRAS12";35155;"SAO JOSE DO RIO PRETO";"Quedas";1152,48226950355
"351980";2016;6;0;3195,14;532,523333333333;0;"Municipio";1168;"ICEM";"RRAS12";35155;"SAO JOSE DO RIO PRETO";"Quedas";513,698630136986
"351980";2017;10;1;16517,32;1651,732;100;"Municipio";1214;"ICEM";"RRAS12";35155;"SAO JOSE DO RIO PRETO";"Quedas";823,723228995058
"351980";2018;9;3;29781,69;3309,07666666667;333,333333333333;"Municipio";1251;"ICEM";"RRAS12";35155;"SAO JOSE DO RIO PRETO";"Quedas";719,424460431655
"351980";2019;8;1;18208,51;2276,06375;125;"Municipio";1295;"ICEM";"RRAS12";35155;"SAO JOSE DO RIO PRETO";"Quedas";617,760617760618
"351980";2020;12;1;31470,03;2622,5025;83,3333333333333;"Municipio";1334;"ICEM";"RRAS12";35155;"SAO JOSE DO RIO PRETO";"Quedas";899,550224887556
"351980";2021;13;2;30381,84;2337,06461538462;153,846153846154;"Municipio";1366;"ICEM";"RRAS12";35155;"SAO JOSE DO RIO PRETO";"Quedas";951,683748169839
"351980";2022;16;2;26118,35;1632,396875;125;"Municipio";1401;"ICEM";"RRAS12";35155;"SAO JOSE DO RIO PRETO";"Quedas";1142,04139900071
"351980";2023;16;1;37750,84;2359,4275;62,5;"Municipio";1445;"ICEM";"RRAS12";35155;"SAO JOSE DO RIO PRETO";"Quedas";1107,26643598616
"351980";2024;22;1;56801,44;2581,88363636364;45,4545454545455;"Municipio";1493;"ICEM";"RRAS12";35155;"SAO JOSE DO RIO PRETO";"Quedas";1473,5432016075
"351980";2025;27;0;114600,69;4244,47;0;"Municipio";;"ICEM";"RRAS12";35155;"SAO JOSE DO RIO PRETO";"Quedas";
"351990";2015;9;0;7045,39;782,821111111111;0;"Municipio";1410;"IEPE";"RRAS11";35113;"ALTO CAPIVARI";"Quedas";638,297872340425
"351990";2016;6;0;9077,55;1512,925;0;"Municipio";1444;"IEPE";"RRAS11";35113;"ALTO CAPIVARI";"Quedas";415,512465373961
"351990";2017;6;1;19246,39;3207,73166666667;166,666666666667;"Municipio";1485;"IEPE";"RRAS11";35113;"ALTO CAPIVARI";"Quedas";404,040404040404
"351990";2018;8;2;16457,94;2057,2425;250;"Municipio";1531;"IEPE";"RRAS11";35113;"ALTO CAPIVARI";"Quedas";522,534291312867
"351990";2019;3;0;4945,54;1648,51333333333;0;"Municipio";1574;"IEPE";"RRAS11";35113;"ALTO CAPIVARI";"Quedas";190,597204574333
"351990";2020;4;0;11891,57;2972,8925;0;"Municipio";1611;"IEPE";"RRAS11";35113;"ALTO CAPIVARI";"Quedas";248,292985723153
"351990";2021;5;0;2687,89;537,578;0;"Municipio";1650;"IEPE";"RRAS11";35113;"ALTO CAPIVARI";"Quedas";303,030303030303
"351990";2022;9;3;22326,53;2480,72555555556;333,333333333333;"Municipio";1685;"IEPE";"RRAS11";35113;"ALTO CAPIVARI";"Quedas";534,124629080119
"351990";2023;7;1;8858,07;1265,43857142857;142,857142857143;"Municipio";1730;"IEPE";"RRAS11";35113;"ALTO CAPIVARI";"Quedas";404,624277456647
"351990";2024;11;1;26302,91;2391,17363636364;90,9090909090909;"Municipio";1771;"IEPE";"RRAS11";35113;"ALTO CAPIVARI";"Quedas";621,11801242236
"351990";2025;13;0;32030,48;2463,88307692308;0;"Municipio";;"IEPE";"RRAS11";35113;"ALTO CAPIVARI";"Quedas";
"352000";2015;31;3;52374,21;1689,49064516129;96,7741935483871;"Municipio";3043;"IGARACU DO TIETE";"RRAS09";35064;"JAU";"Quedas";1018,73151495235
"352000";2016;30;3;46996,89;1566,563;100;"Municipio";3153;"IGARACU DO TIETE";"RRAS09";35064;"JAU";"Quedas";951,474785918173
"352000";2017;21;0;54945,88;2616,47047619048;0;"Municipio";3278;"IGARACU DO TIETE";"RRAS09";35064;"JAU";"Quedas";640,634533251983
"352000";2018;33;0;40030,06;1213,03212121212;0;"Municipio";3424;"IGARACU DO TIETE";"RRAS09";35064;"JAU";"Quedas";963,785046728972
"352000";2019;48;4;87081,22;1814,19208333333;83,3333333333333;"Municipio";3572;"IGARACU DO TIETE";"RRAS09";35064;"JAU";"Quedas";1343,7849944009
"352000";2020;26;1;28353,16;1090,50615384615;38,4615384615385;"Municipio";3724;"IGARACU DO TIETE";"RRAS09";35064;"JAU";"Quedas";698,174006444683
"352000";2021;19;3;37868,33;1993,07;157,894736842105;"Municipio";3861;"IGARACU DO TIETE";"RRAS09";35064;"JAU";"Quedas";492,100492100492
"352000";2022;18;0;52140,94;2896,71888888889;0;"Municipio";4009;"IGARACU DO TIETE";"RRAS09";35064;"JAU";"Quedas";448,989773010726
"352000";2023;34;2;69861,24;2054,74235294118;58,8235294117647;"Municipio";4172;"IGARACU DO TIETE";"RRAS09";35064;"JAU";"Quedas";814,956855225312
"352000";2024;36;0;52303,86;1452,885;0;"Municipio";4330;"IGARACU DO TIETE";"RRAS09";35064;"JAU";"Quedas";831,408775981524
"352000";2025;37;3;98427,29;2660,19702702703;81,0810810810811;"Municipio";;"IGARACU DO TIETE";"RRAS09";35064;"JAU";"Quedas";
"352010";2015;9;1;9308,77;1034,30777777778;111,111111111111;"Municipio";4557;"IGARAPAVA";"RRAS13";35083;"ALTA MOGIANA";"Quedas";197,498354180382
"352010";2016;22;1;32313,59;1468,79954545455;45,4545454545455;"Municipio";4689;"IGARAPAVA";"RRAS13";35083;"ALTA MOGIANA";"Quedas";469,183194711026
"352010";2017;22;1;27248,63;1238,57409090909;45,4545454545455;"Municipio";4818;"IGARAPAVA";"RRAS13";35083;"ALTA MOGIANA";"Quedas";456,62100456621
"352010";2018;29;1;45955,46;1584,67103448276;34,4827586206897;"Municipio";4959;"IGARAPAVA";"RRAS13";35083;"ALTA MOGIANA";"Quedas";584,795321637427
"352010";2019;31;1;54633,87;1762,38290322581;32,258064516129;"Municipio";5099;"IGARAPAVA";"RRAS13";35083;"ALTA MOGIANA";"Quedas";607,962345557953
"352010";2020;18;0;18629,12;1034,95111111111;0;"Municipio";5234;"IGARAPAVA";"RRAS13";35083;"ALTA MOGIANA";"Quedas";343,905235001911
"352010";2021;18;0;27048,13;1502,67388888889;0;"Municipio";5344;"IGARAPAVA";"RRAS13";35083;"ALTA MOGIANA";"Quedas";336,826347305389
"352010";2022;30;2;45188,89;1506,29633333333;66,6666666666667;"Municipio";5455;"IGARAPAVA";"RRAS13";35083;"ALTA MOGIANA";"Quedas";549,954170485793
"352010";2023;29;1;44072,05;1519,72586206897;34,4827586206897;"Municipio";5587;"IGARAPAVA";"RRAS13";35083;"ALTA MOGIANA";"Quedas";519,062108466082
"352010";2024;45;3;76332,31;1696,27355555556;66,6666666666667;"Municipio";5723;"IGARAPAVA";"RRAS13";35083;"ALTA MOGIANA";"Quedas";786,30089114101
"352010";2025;39;1;95118,62;2438,93897435897;25,6410256410256;"Municipio";;"IGARAPAVA";"RRAS13";35083;"ALTA MOGIANA";"Quedas";
"352020";2015;2;0;5402,7;2701,35;0;"Municipio";1469;"IGARATA";"RRAS17";35171;"ALTO VALE DO PARAIBA";"Quedas";136,147038801906
"352020";2016;4;0;7680,04;1920,01;0;"Municipio";1545;"IGARATA";"RRAS17";35171;"ALTO VALE DO PARAIBA";"Quedas";258,899676375405
"352020";2017;6;1;6245,3;1040,88333333333;166,666666666667;"Municipio";1615;"IGARATA";"RRAS17";35171;"ALTO VALE DO PARAIBA";"Quedas";371,517027863777
"352020";2018;8;1;5724,66;715,5825;125;"Municipio";1693;"IGARATA";"RRAS17";35171;"ALTO VALE DO PARAIBA";"Quedas";472,533963378618
"352020";2019;12;2;26145,9;2178,825;166,666666666667;"Municipio";1776;"IGARATA";"RRAS17";35171;"ALTO VALE DO PARAIBA";"Quedas";675,675675675676
"352020";2020;10;3;17821,62;1782,162;300;"Municipio";1857;"IGARATA";"RRAS17";35171;"ALTO VALE DO PARAIBA";"Quedas";538,50296176629
"352020";2021;6;1;17452,07;2908,67833333333;166,666666666667;"Municipio";1923;"IGARATA";"RRAS17";35171;"ALTO VALE DO PARAIBA";"Quedas";312,01248049922
"352020";2022;8;0;34826,25;4353,28125;0;"Municipio";1996;"IGARATA";"RRAS17";35171;"ALTO VALE DO PARAIBA";"Quedas";400,801603206413
"352020";2023;11;1;21321,19;1938,29;90,9090909090909;"Municipio";2066;"IGARATA";"RRAS17";35171;"ALTO VALE DO PARAIBA";"Quedas";532,4298160697
"352020";2024;10;1;17498,26;1749,826;100;"Municipio";2146;"IGARATA";"RRAS17";35171;"ALTO VALE DO PARAIBA";"Quedas";465,983224603914
"352020";2025;4;0;17380,31;4345,0775;0;"Municipio";;"IGARATA";"RRAS17";35171;"ALTO VALE DO PARAIBA";"Quedas";
"352030";2015;29;0;45391,95;1565,23965517241;0;"Municipio";5402;"IGUAPE";"RRAS07";35121;"VALE DO RIBEIRA";"Quedas";536,838208071085
"352030";2016;28;0;45815,36;1636,26285714286;0;"Municipio";5560;"IGUAPE";"RRAS07";35121;"VALE DO RIBEIRA";"Quedas";503,597122302158
"352030";2017;34;5;58871,45;1731,51323529412;147,058823529412;"Municipio";5723;"IGUAPE";"RRAS07";35121;"VALE DO RIBEIRA";"Quedas";594,094006639874
"352030";2018;39;3;56426,74;1446,83948717949;76,9230769230769;"Municipio";5895;"IGUAPE";"RRAS07";35121;"VALE DO RIBEIRA";"Quedas";661,577608142494
"352030";2019;31;1;38965,56;1256,9535483871;32,258064516129;"Municipio";6069;"IGUAPE";"RRAS07";35121;"VALE DO RIBEIRA";"Quedas";510,792552315044
"352030";2020;35;1;45291,26;1294,036;28,5714285714286;"Municipio";6232;"IGUAPE";"RRAS07";35121;"VALE DO RIBEIRA";"Quedas";561,617458279846
"352030";2021;42;2;72141,18;1717,64714285714;47,6190476190476;"Municipio";6367;"IGUAPE";"RRAS07";35121;"VALE DO RIBEIRA";"Quedas";659,651327155646
"352030";2022;43;2;68976,45;1604,10348837209;46,5116279069767;"Municipio";6500;"IGUAPE";"RRAS07";35121;"VALE DO RIBEIRA";"Quedas";661,538461538462
"352030";2023;41;3;69176,23;1687,22512195122;73,1707317073171;"Municipio";6676;"IGUAPE";"RRAS07";35121;"VALE DO RIBEIRA";"Quedas";614,140203714799
"352030";2024;39;4;73176,34;1876,31641025641;102,564102564103;"Municipio";6866;"IGUAPE";"RRAS07";35121;"VALE DO RIBEIRA";"Quedas";568,016312263327
"352030";2025;45;1;85605,59;1902,34644444444;22,2222222222222;"Municipio";;"IGUAPE";"RRAS07";35121;"VALE DO RIBEIRA";"Quedas";
"352040";2015;29;2;32379,91;1116,54862068966;68,9655172413793;"Municipio";3293;"ILHABELA";"RRAS17";35173;"LITORAL NORTE";"Quedas";880,655936835712
"352040";2016;26;0;27062,74;1040,87461538462;0;"Municipio";3478;"ILHABELA";"RRAS17";35173;"LITORAL NORTE";"Quedas";747,556066705003
"352040";2017;15;1;41832,99;2788,866;66,6666666666667;"Municipio";3678;"ILHABELA";"RRAS17";35173;"LITORAL NORTE";"Quedas";407,830342577488
"352040";2018;12;3;35218,39;2934,86583333333;250;"Municipio";3889;"ILHABELA";"RRAS17";35173;"LITORAL NORTE";"Quedas";308,562612496786
"352040";2019;17;1;45117,36;2653,96235294118;58,8235294117647;"Municipio";4105;"ILHABELA";"RRAS17";35173;"LITORAL NORTE";"Quedas";414,129110840438
"352040";2020;26;1;38988,3;1499,55;38,4615384615385;"Municipio";4327;"ILHABELA";"RRAS17";35173;"LITORAL NORTE";"Quedas";600,87820660966
"352040";2021;19;0;33560,89;1766,36263157895;0;"Municipio";4526;"ILHABELA";"RRAS17";35173;"LITORAL NORTE";"Quedas";419,796730004419
"352040";2022;33;1;64763,35;1962,52575757576;30,3030303030303;"Municipio";4739;"ILHABELA";"RRAS17";35173;"LITORAL NORTE";"Quedas";696,349440810298
"352040";2023;26;0;49472,83;1902,80115384615;0;"Municipio";4974;"ILHABELA";"RRAS17";35173;"LITORAL NORTE";"Quedas";522,718134298351
"352040";2024;13;1;26303,35;2023,33461538462;76,9230769230769;"Municipio";5222;"ILHABELA";"RRAS17";35173;"LITORAL NORTE";"Quedas";248,946763692072
"352040";2025;23;0;49521,35;2153,10217391304;0;"Municipio";;"ILHABELA";"RRAS17";35173;"LITORAL NORTE";"Quedas";
"352042";2015;10;1;23080,04;2308,004;100;"Municipio";2302;"ILHA COMPRIDA";"RRAS07";35121;"VALE DO RIBEIRA";"Quedas";434,404865334492
"352042";2016;18;2;28604,88;1589,16;111,111111111111;"Municipio";2488;"ILHA COMPRIDA";"RRAS07";35121;"VALE DO RIBEIRA";"Quedas";723,472668810289
"352042";2017;16;0;16829,47;1051,841875;0;"Municipio";2694;"ILHA COMPRIDA";"RRAS07";35121;"VALE DO RIBEIRA";"Quedas";593,912397921307
"352042";2018;18;0;17665,49;981,416111111111;0;"Municipio";2910;"ILHA COMPRIDA";"RRAS07";35121;"VALE DO RIBEIRA";"Quedas";618,556701030928
"352042";2019;20;3;43365,9;2168,295;150;"Municipio";3135;"ILHA COMPRIDA";"RRAS07";35121;"VALE DO RIBEIRA";"Quedas";637,958532695375
"352042";2020;23;2;36648,85;1593,42826086957;86,9565217391304;"Municipio";3365;"ILHA COMPRIDA";"RRAS07";35121;"VALE DO RIBEIRA";"Quedas";683,506686478455
"352042";2021;24;1;30349,24;1264,55166666667;41,6666666666667;"Municipio";3575;"ILHA COMPRIDA";"RRAS07";35121;"VALE DO RIBEIRA";"Quedas";671,328671328671
"352042";2022;24;0;24686,67;1028,61125;0;"Municipio";3770;"ILHA COMPRIDA";"RRAS07";35121;"VALE DO RIBEIRA";"Quedas";636,604774535809
"352042";2023;30;0;35176,22;1172,54066666667;0;"Municipio";3947;"ILHA COMPRIDA";"RRAS07";35121;"VALE DO RIBEIRA";"Quedas";760,070939954396
"352042";2024;27;0;26648,86;986,994814814815;0;"Municipio";4114;"ILHA COMPRIDA";"RRAS07";35121;"VALE DO RIBEIRA";"Quedas";656,295576081672
"352042";2025;36;3;61846,13;1717,94805555556;83,3333333333333;"Municipio";;"ILHA COMPRIDA";"RRAS07";35121;"VALE DO RIBEIRA";"Quedas";
"352044";2015;28;1;37530,23;1340,36535714286;35,7142857142857;"Municipio";4721;"ILHA SOLTEIRA";"RRAS19";35022;"LAGOS DO DRS II";"Quedas";593,094683329803
"352044";2016;34;0;50214,75;1476,90441176471;0;"Municipio";4894;"ILHA SOLTEIRA";"RRAS19";35022;"LAGOS DO DRS II";"Quedas";694,728238659583
"352044";2017;19;1;39927,98;2101,47263157895;52,6315789473684;"Municipio";5063;"ILHA SOLTEIRA";"RRAS19";35022;"LAGOS DO DRS II";"Quedas";375,271578115742
"352044";2018;27;2;35956,25;1331,71296296296;74,0740740740741;"Municipio";5233;"ILHA SOLTEIRA";"RRAS19";35022;"LAGOS DO DRS II";"Quedas";515,956430345882
"352044";2019;26;3;29915,93;1150,61269230769;115,384615384615;"Municipio";5399;"ILHA SOLTEIRA";"RRAS19";35022;"LAGOS DO DRS II";"Quedas";481,570661233562
"352044";2020;29;2;39162,36;1350,42620689655;68,9655172413793;"Municipio";5551;"ILHA SOLTEIRA";"RRAS19";35022;"LAGOS DO DRS II";"Quedas";522,42839128085
"352044";2021;33;2;76293,24;2311,91636363636;60,6060606060606;"Municipio";5691;"ILHA SOLTEIRA";"RRAS19";35022;"LAGOS DO DRS II";"Quedas";579,862941486558
"352044";2022;36;1;44392,83;1233,13416666667;27,7777777777778;"Municipio";5828;"ILHA SOLTEIRA";"RRAS19";35022;"LAGOS DO DRS II";"Quedas";617,70761839396
"352044";2023;38;6;89783,3;2362,71842105263;157,894736842105;"Municipio";5992;"ILHA SOLTEIRA";"RRAS19";35022;"LAGOS DO DRS II";"Quedas";634,178905206943
"352044";2024;40;2;104486,27;2612,15675;50;"Municipio";6168;"ILHA SOLTEIRA";"RRAS19";35022;"LAGOS DO DRS II";"Quedas";648,508430609598
"352044";2025;53;1;83386,08;1573,32226415094;18,8679245283019;"Municipio";;"ILHA SOLTEIRA";"RRAS19";35022;"LAGOS DO DRS II";"Quedas";
"352050";2015;250;17;390954,3;1563,8172;68;"Municipio";29641;"INDAIATUBA";"RRAS15";35072;"REG METRO CAMPINAS";"Quedas";843,426335143889
"352050";2016;232;19;351869,75;1516,67995689655;81,8965517241379;"Municipio";31346;"INDAIATUBA";"RRAS15";35072;"REG METRO CAMPINAS";"Quedas";740,126331908378
"352050";2017;244;14;366609,59;1502,49831967213;57,3770491803279;"Municipio";33133;"INDAIATUBA";"RRAS15";35072;"REG METRO CAMPINAS";"Quedas";736,425919777865
"352050";2018;276;18;424530,11;1538,15257246377;65,2173913043478;"Municipio";34988;"INDAIATUBA";"RRAS15";35072;"REG METRO CAMPINAS";"Quedas";788,841888647536
"352050";2019;284;26;488238,37;1719,14919014085;91,5492957746479;"Municipio";36898;"INDAIATUBA";"RRAS15";35072;"REG METRO CAMPINAS";"Quedas";769,689414060383
"352050";2020;225;20;385136,35;1711,71711111111;88,8888888888889;"Municipio";38809;"INDAIATUBA";"RRAS15";35072;"REG METRO CAMPINAS";"Quedas";579,762426241336
"352050";2021;325;23;522272,94;1606,99366153846;70,7692307692308;"Municipio";40582;"INDAIATUBA";"RRAS15";35072;"REG METRO CAMPINAS";"Quedas";800,847666453107
"352050";2022;419;25;533935,03;1274,30794749403;59,6658711217184;"Municipio";42382;"INDAIATUBA";"RRAS15";35072;"REG METRO CAMPINAS";"Quedas";988,627247416356
"352050";2023;468;22;753853,7;1610,7985042735;47,008547008547;"Municipio";44381;"INDAIATUBA";"RRAS15";35072;"REG METRO CAMPINAS";"Quedas";1054,50530632478
"352050";2024;555;30;881225,8;1587,79423423423;54,0540540540541;"Municipio";46492;"INDAIATUBA";"RRAS15";35072;"REG METRO CAMPINAS";"Quedas";1193,75376408845
"352050";2025;701;31;876220,97;1249,95858773181;44,2225392296719;"Municipio";;"INDAIATUBA";"RRAS15";35072;"REG METRO CAMPINAS";"Quedas";
"352060";2015;2;0;1874,08;937,04;0;"Municipio";868;"INDIANA";"RRAS11";35112;"ALTA SOROCABANA";"Quedas";230,414746543779
"352060";2016;8;1;6645,28;830,66;125;"Municipio";890;"INDIANA";"RRAS11";35112;"ALTA SOROCABANA";"Quedas";898,876404494382
"352060";2017;4;0;7804,88;1951,22;0;"Municipio";915;"INDIANA";"RRAS11";35112;"ALTA SOROCABANA";"Quedas";437,158469945355
"352060";2018;4;0;3681,72;920,43;0;"Municipio";943;"INDIANA";"RRAS11";35112;"ALTA SOROCABANA";"Quedas";424,178154825027
"352060";2019;5;0;5565,43;1113,086;0;"Municipio";975;"INDIANA";"RRAS11";35112;"ALTA SOROCABANA";"Quedas";512,820512820513
"352060";2020;6;0;7724,62;1287,43666666667;0;"Municipio";1005;"INDIANA";"RRAS11";35112;"ALTA SOROCABANA";"Quedas";597,014925373134
"352060";2021;8;1;8446,02;1055,7525;125;"Municipio";1027;"INDIANA";"RRAS11";35112;"ALTA SOROCABANA";"Quedas";778,967867575462
"352060";2022;9;0;8204,7;911,633333333333;0;"Municipio";1051;"INDIANA";"RRAS11";35112;"ALTA SOROCABANA";"Quedas";856,327307326356
"352060";2023;12;0;8979,06;748,255;0;"Municipio";1082;"INDIANA";"RRAS11";35112;"ALTA SOROCABANA";"Quedas";1109,0573012939
"352060";2024;15;1;11601,87;773,458;66,6666666666667;"Municipio";1114;"INDIANA";"RRAS11";35112;"ALTA SOROCABANA";"Quedas";1346,49910233393
"352060";2025;23;0;15640,35;680,015217391304;0;"Municipio";;"INDIANA";"RRAS11";35112;"ALTA SOROCABANA";"Quedas";
"352070";2015;7;0;10723,67;1531,95285714286;0;"Municipio";905;"INDIAPORA";"RRAS12";35154;"FERNANDOPOLIS";"Quedas";773,480662983425
"352070";2016;8;1;21326,93;2665,86625;125;"Municipio";938;"INDIAPORA";"RRAS12";35154;"FERNANDOPOLIS";"Quedas";852,878464818763
"352070";2017;10;0;6736,31;673,631;0;"Municipio";967;"INDIAPORA";"RRAS12";35154;"FERNANDOPOLIS";"Quedas";1034,12616339193
"352070";2018;5;0;10793,3;2158,66;0;"Municipio";996;"INDIAPORA";"RRAS12";35154;"FERNANDOPOLIS";"Quedas";502,008032128514
"352070";2019;8;0;24779,54;3097,4425;0;"Municipio";1029;"INDIAPORA";"RRAS12";35154;"FERNANDOPOLIS";"Quedas";777,453838678328
"352070";2020;8;2;18148,85;2268,60625;250;"Municipio";1058;"INDIAPORA";"RRAS12";35154;"FERNANDOPOLIS";"Quedas";756,143667296786
"352070";2021;9;3;44463,15;4940,35;333,333333333333;"Municipio";1083;"INDIAPORA";"RRAS12";35154;"FERNANDOPOLIS";"Quedas";831,024930747922
"352070";2022;16;0;31976,87;1998,554375;0;"Municipio";1103;"INDIAPORA";"RRAS12";35154;"FERNANDOPOLIS";"Quedas";1450,5893019039
"352070";2023;14;2;27286,91;1949,065;142,857142857143;"Municipio";1120;"INDIAPORA";"RRAS12";35154;"FERNANDOPOLIS";"Quedas";1250
"352070";2024;10;1;10959,08;1095,908;100;"Municipio";1140;"INDIAPORA";"RRAS12";35154;"FERNANDOPOLIS";"Quedas";877,19298245614
"352070";2025;13;1;39041,1;3003,16153846154;76,9230769230769;"Municipio";;"INDIAPORA";"RRAS12";35154;"FERNANDOPOLIS";"Quedas";
"352080";2015;5;0;1213,71;242,742;0;"Municipio";647;"INUBIA PAULISTA";"RRAS10";35091;"ADAMANTINA";"Quedas";772,797527047913
"352080";2016;9;1;18594,53;2066,05888888889;111,111111111111;"Municipio";664;"INUBIA PAULISTA";"RRAS10";35091;"ADAMANTINA";"Quedas";1355,42168674699
"352080";2017;9;0;10563,87;1173,76333333333;0;"Municipio";682;"INUBIA PAULISTA";"RRAS10";35091;"ADAMANTINA";"Quedas";1319,64809384164
"352080";2018;3;0;2170,16;723,386666666667;0;"Municipio";709;"INUBIA PAULISTA";"RRAS10";35091;"ADAMANTINA";"Quedas";423,131170662906
"352080";2019;1;0;265,32;265,32;0;"Municipio";734;"INUBIA PAULISTA";"RRAS10";35091;"ADAMANTINA";"Quedas";136,239782016349
"352080";2020;9;0;15617,67;1735,29666666667;0;"Municipio";759;"INUBIA PAULISTA";"RRAS10";35091;"ADAMANTINA";"Quedas";1185,77075098814
"352080";2021;6;0;6006,04;1001,00666666667;0;"Municipio";774;"INUBIA PAULISTA";"RRAS10";35091;"ADAMANTINA";"Quedas";775,193798449612
"352080";2022;6;0;11041,17;1840,195;0;"Municipio";803;"INUBIA PAULISTA";"RRAS10";35091;"ADAMANTINA";"Quedas";747,19800747198
"352080";2023;9;0;12367,7;1374,18888888889;0;"Municipio";824;"INUBIA PAULISTA";"RRAS10";35091;"ADAMANTINA";"Quedas";1092,23300970874
"352080";2024;1;0;347,53;347,53;0;"Municipio";849;"INUBIA PAULISTA";"RRAS10";35091;"ADAMANTINA";"Quedas";117,785630153121
"352080";2025;9;0;14828,5;1647,61111111111;0;"Municipio";;"INUBIA PAULISTA";"RRAS10";35091;"ADAMANTINA";"Quedas";
"352090";2015;14;1;17535,62;1252,54428571429;71,4285714285714;"Municipio";2126;"IPAUSSU";"RRAS10";35094;"OURINHOS";"Quedas";658,513640639699
"352090";2016;14;2;20953,49;1496,67785714286;142,857142857143;"Municipio";2181;"IPAUSSU";"RRAS10";35094;"OURINHOS";"Quedas";641,907381934892
"352090";2017;21;4;51164,73;2436,41571428571;190,47619047619;"Municipio";2240;"IPAUSSU";"RRAS10";35094;"OURINHOS";"Quedas";937,5
"352090";2018;37;4;83550,16;2258,11243243243;108,108108108108;"Municipio";2306;"IPAUSSU";"RRAS10";35094;"OURINHOS";"Quedas";1604,50997398092
"352090";2019;15;1;22888,91;1525,92733333333;66,6666666666667;"Municipio";2382;"IPAUSSU";"RRAS10";35094;"OURINHOS";"Quedas";629,722921914358
"352090";2020;13;1;33362,11;2566,31615384615;76,9230769230769;"Municipio";2446;"IPAUSSU";"RRAS10";35094;"OURINHOS";"Quedas";531,47996729354
"352090";2021;26;0;48801,04;1876,96307692308;0;"Municipio";2502;"IPAUSSU";"RRAS10";35094;"OURINHOS";"Quedas";1039,16866506795
"352090";2022;22;1;58832,19;2674,19045454545;45,4545454545455;"Municipio";2561;"IPAUSSU";"RRAS10";35094;"OURINHOS";"Quedas";859,039437719641
"352090";2023;17;1;36638,12;2155,18352941176;58,8235294117647;"Municipio";2632;"IPAUSSU";"RRAS10";35094;"OURINHOS";"Quedas";645,896656534954
"352090";2024;25;1;66402,06;2656,0824;40;"Municipio";2696;"IPAUSSU";"RRAS10";35094;"OURINHOS";"Quedas";927,299703264095
"352090";2025;22;2;66900,28;3040,92181818182;90,9090909090909;"Municipio";;"IPAUSSU";"RRAS10";35094;"OURINHOS";"Quedas";
"352100";2015;13;0;34817,66;2678,28153846154;0;"Municipio";3419;"IPERO";"RRAS08";35163;"SOROCABA";"Quedas";380,228136882129
"352100";2016;17;1;43630,83;2566,51941176471;58,8235294117647;"Municipio";3630;"IPERO";"RRAS08";35163;"SOROCABA";"Quedas";468,31955922865
"352100";2017;13;4;31957,18;2458,24461538462;307,692307692308;"Municipio";3856;"IPERO";"RRAS08";35163;"SOROCABA";"Quedas";337,136929460581
"352100";2018;15;1;27850,84;1856,72266666667;66,6666666666667;"Municipio";4088;"IPERO";"RRAS08";35163;"SOROCABA";"Quedas";366,92759295499
"352100";2019;21;2;36139,18;1720,91333333333;95,2380952380952;"Municipio";4336;"IPERO";"RRAS08";35163;"SOROCABA";"Quedas";484,317343173432
"352100";2020;15;1;19271,05;1284,73666666667;66,6666666666667;"Municipio";4586;"IPERO";"RRAS08";35163;"SOROCABA";"Quedas";327,082424771042
"352100";2021;19;0;41916,97;2206,15631578947;0;"Municipio";4820;"IPERO";"RRAS08";35163;"SOROCABA";"Quedas";394,190871369295
"352100";2022;27;2;52820,71;1956,32259259259;74,0740740740741;"Municipio";5052;"IPERO";"RRAS08";35163;"SOROCABA";"Quedas";534,441805225653
"352100";2023;18;0;32721,51;1817,86166666667;0;"Municipio";5314;"IPERO";"RRAS08";35163;"SOROCABA";"Quedas";338,727888596161
"352100";2024;23;4;29515,83;1283,29695652174;173,913043478261;"Municipio";5581;"IPERO";"RRAS08";35163;"SOROCABA";"Quedas";412,112524637162
"352100";2025;32;2;112864,35;3527,0109375;62,5;"Municipio";;"IPERO";"RRAS08";35163;"SOROCABA";"Quedas";
"352110";2018;1;0;1825,28;1825,28;0;"Municipio";976;"IPEUNA";"RRAS14";35104;"RIO CLARO";"Quedas";102,459016393443
"352110";2023;1;1;888,26;888,26;1000;"Municipio";1187;"IPEUNA";"RRAS14";35104;"RIO CLARO";"Quedas";84,24599831508
"352110";2024;1;1;1453,01;1453,01;1000;"Municipio";1230;"IPEUNA";"RRAS14";35104;"RIO CLARO";"Quedas";81,3008130081301
"352110";2025;2;0;4628,01;2314,005;0;"Municipio";;"IPEUNA";"RRAS14";35104;"RIO CLARO";"Quedas";
"352115";2015;7;1;10057,02;1436,71714285714;142,857142857143;"Municipio";879;"IPIGUA";"RRAS12";35155;"SAO JOSE DO RIO PRETO";"Quedas";796,359499431172
"352115";2016;7;0;15054,57;2150,65285714286;0;"Municipio";925;"IPIGUA";"RRAS12";35155;"SAO JOSE DO RIO PRETO";"Quedas";756,756756756757
"352115";2017;9;0;15153,92;1683,76888888889;0;"Municipio";972;"IPIGUA";"RRAS12";35155;"SAO JOSE DO RIO PRETO";"Quedas";925,925925925926
"352115";2018;10;0;12243,16;1224,316;0;"Municipio";1025;"IPIGUA";"RRAS12";35155;"SAO JOSE DO RIO PRETO";"Quedas";975,609756097561
"352115";2019;14;2;30793,41;2199,52928571429;142,857142857143;"Municipio";1078;"IPIGUA";"RRAS12";35155;"SAO JOSE DO RIO PRETO";"Quedas";1298,7012987013
"352115";2020;5;0;4878,91;975,782;0;"Municipio";1135;"IPIGUA";"RRAS12";35155;"SAO JOSE DO RIO PRETO";"Quedas";440,528634361234
"352115";2021;9;1;35879,82;3986,64666666667;111,111111111111;"Municipio";1189;"IPIGUA";"RRAS12";35155;"SAO JOSE DO RIO PRETO";"Quedas";756,938603868797
"352115";2022;16;2;56786,42;3549,15125;125;"Municipio";1240;"IPIGUA";"RRAS12";35155;"SAO JOSE DO RIO PRETO";"Quedas";1290,32258064516
"352115";2023;12;1;36791,05;3065,92083333333;83,3333333333333;"Municipio";1298;"IPIGUA";"RRAS12";35155;"SAO JOSE DO RIO PRETO";"Quedas";924,499229583975
"352115";2024;16;4;67654,85;4228,428125;250;"Municipio";1351;"IPIGUA";"RRAS12";35155;"SAO JOSE DO RIO PRETO";"Quedas";1184,30792005922
"352115";2025;10;0;23055,21;2305,521;0;"Municipio";;"IPIGUA";"RRAS12";35155;"SAO JOSE DO RIO PRETO";"Quedas";
"352120";2015;4;2;16779,25;4194,8125;500;"Municipio";595;"IPORANGA";"RRAS07";35121;"VALE DO RIBEIRA";"Quedas";672,268907563025
"352120";2016;5;0;9030,42;1806,084;0;"Municipio";609;"IPORANGA";"RRAS07";35121;"VALE DO RIBEIRA";"Quedas";821,018062397373
"352120";2017;2;0;5476,83;2738,415;0;"Municipio";625;"IPORANGA";"RRAS07";35121;"VALE DO RIBEIRA";"Quedas";320
"352120";2018;3;0;5543,23;1847,74333333333;0;"Municipio";643;"IPORANGA";"RRAS07";35121;"VALE DO RIBEIRA";"Quedas";466,56298600311
"352120";2019;6;1;9598,94;1599,82333333333;166,666666666667;"Municipio";657;"IPORANGA";"RRAS07";35121;"VALE DO RIBEIRA";"Quedas";913,24200913242
"352120";2020;3;0;1812,52;604,173333333333;0;"Municipio";677;"IPORANGA";"RRAS07";35121;"VALE DO RIBEIRA";"Quedas";443,131462333826
"352120";2021;3;0;4189,44;1396,48;0;"Municipio";691;"IPORANGA";"RRAS07";35121;"VALE DO RIBEIRA";"Quedas";434,153400868307
"352120";2022;4;0;4808,57;1202,1425;0;"Municipio";710;"IPORANGA";"RRAS07";35121;"VALE DO RIBEIRA";"Quedas";563,380281690141
"352120";2023;6;0;13098,39;2183,065;0;"Municipio";716;"IPORANGA";"RRAS07";35121;"VALE DO RIBEIRA";"Quedas";837,988826815642
"352120";2024;6;1;7412,76;1235,46;166,666666666667;"Municipio";742;"IPORANGA";"RRAS07";35121;"VALE DO RIBEIRA";"Quedas";808,625336927224
"352120";2025;4;1;4779,7;1194,925;250;"Municipio";;"IPORANGA";"RRAS07";35121;"VALE DO RIBEIRA";"Quedas";
"352130";2015;17;0;22876,55;1345,67941176471;0;"Municipio";1780;"IPUA";"RRAS13";35082;"ALTA ANHANGUERA";"Quedas";955,056179775281
"352130";2016;10;0;20036,58;2003,658;0;"Municipio";1840;"IPUA";"RRAS13";35082;"ALTA ANHANGUERA";"Quedas";543,478260869565
"352130";2017;12;0;14150,38;1179,19833333333;0;"Municipio";1910;"IPUA";"RRAS13";35082;"ALTA ANHANGUERA";"Quedas";628,272251308901
"352130";2018;8;0;13674,05;1709,25625;0;"Municipio";1980;"IPUA";"RRAS13";35082;"ALTA ANHANGUERA";"Quedas";404,040404040404
"352130";2019;12;2;9975,71;831,309166666667;166,666666666667;"Municipio";2052;"IPUA";"RRAS13";35082;"ALTA ANHANGUERA";"Quedas";584,795321637427
"352130";2020;24;2;22184,87;924,369583333333;83,3333333333333;"Municipio";2122;"IPUA";"RRAS13";35082;"ALTA ANHANGUERA";"Quedas";1131,00848256362
"352130";2021;35;1;29985,98;856,742285714286;28,5714285714286;"Municipio";2182;"IPUA";"RRAS13";35082;"ALTA ANHANGUERA";"Quedas";1604,03299725023
"352130";2022;17;0;15963,49;939,028823529412;0;"Municipio";2247;"IPUA";"RRAS13";35082;"ALTA ANHANGUERA";"Quedas";756,564307966177
"352130";2023;22;0;15780,59;717,299545454545;0;"Municipio";2328;"IPUA";"RRAS13";35082;"ALTA ANHANGUERA";"Quedas";945,017182130584
"352130";2024;34;0;29216,68;859,314117647059;0;"Municipio";2407;"IPUA";"RRAS13";35082;"ALTA ANHANGUERA";"Quedas";1412,54673867885
"352130";2025;20;0;22064,43;1103,2215;0;"Municipio";;"IPUA";"RRAS13";35082;"ALTA ANHANGUERA";"Quedas";
"352140";2015;14;1;41962,89;2997,34928571429;71,4285714285714;"Municipio";2703;"IRACEMAPOLIS";"RRAS14";35102;"LIMEIRA";"Quedas";517,943026267111
"352140";2016;7;0;18629,21;2661,31571428571;0;"Municipio";2821;"IRACEMAPOLIS";"RRAS14";35102;"LIMEIRA";"Quedas";248,138957816377
"352140";2017;8;0;21890,82;2736,3525;0;"Municipio";2944;"IRACEMAPOLIS";"RRAS14";35102;"LIMEIRA";"Quedas";271,739130434783
"352140";2018;15;1;20728,58;1381,90533333333;66,6666666666667;"Municipio";3072;"IRACEMAPOLIS";"RRAS14";35102;"LIMEIRA";"Quedas";488,28125
"352140";2019;19;3;44344,28;2333,90947368421;157,894736842105;"Municipio";3205;"IRACEMAPOLIS";"RRAS14";35102;"LIMEIRA";"Quedas";592,823712948518
"352140";2020;8;1;36984,47;4623,05875;125;"Municipio";3328;"IRACEMAPOLIS";"RRAS14";35102;"LIMEIRA";"Quedas";240,384615384615
"352140";2021;19;2;37932,19;1996,43105263158;105,263157894737;"Municipio";3449;"IRACEMAPOLIS";"RRAS14";35102;"LIMEIRA";"Quedas";550,884314293998
"352140";2022;20;2;69106,24;3455,312;100;"Municipio";3572;"IRACEMAPOLIS";"RRAS14";35102;"LIMEIRA";"Quedas";559,910414333707
"352140";2023;12;0;20652,56;1721,04666666667;0;"Municipio";3713;"IRACEMAPOLIS";"RRAS14";35102;"LIMEIRA";"Quedas";323,188796121734
"352140";2024;19;2;115053,11;6055,42684210526;105,263157894737;"Municipio";3860;"IRACEMAPOLIS";"RRAS14";35102;"LIMEIRA";"Quedas";492,227979274611
"352140";2025;25;1;73795,5;2951,82;40;"Municipio";;"IRACEMAPOLIS";"RRAS14";35102;"LIMEIRA";"Quedas";
"352150";2015;8;2;15659,77;1957,47125;250;"Municipio";1199;"IRAPUA";"RRAS12";35151;"CATANDUVA";"Quedas";667,222685571309
"352150";2016;6;2;11261,48;1876,91333333333;333,333333333333;"Municipio";1237;"IRAPUA";"RRAS12";35151;"CATANDUVA";"Quedas";485,044462409054
"352150";2017;8;1;16280,61;2035,07625;125;"Municipio";1270;"IRAPUA";"RRAS12";35151;"CATANDUVA";"Quedas";629,92125984252
"352150";2018;9;2;24997,22;2777,46888888889;222,222222222222;"Municipio";1306;"IRAPUA";"RRAS12";35151;"CATANDUVA";"Quedas";689,127105666156
"352150";2019;8;2;20151,64;2518,955;250;"Municipio";1339;"IRAPUA";"RRAS12";35151;"CATANDUVA";"Quedas";597,460791635549
"352150";2020;14;3;31746,58;2267,61285714286;214,285714285714;"Municipio";1373;"IRAPUA";"RRAS12";35151;"CATANDUVA";"Quedas";1019,66496722505
"352150";2021;11;1;24315,99;2210,54454545455;90,9090909090909;"Municipio";1389;"IRAPUA";"RRAS12";35151;"CATANDUVA";"Quedas";791,936645068395
"352150";2022;13;1;27306,42;2100,49384615385;76,9230769230769;"Municipio";1416;"IRAPUA";"RRAS12";35151;"CATANDUVA";"Quedas";918,079096045198
"352150";2023;8;1;17820,54;2227,5675;125;"Municipio";1441;"IRAPUA";"RRAS12";35151;"CATANDUVA";"Quedas";555,170020818876
"352150";2024;10;1;17697,31;1769,731;100;"Municipio";1472;"IRAPUA";"RRAS12";35151;"CATANDUVA";"Quedas";679,347826086957
"352150";2025;19;1;54449,2;2865,74736842105;52,6315789473684;"Municipio";;"IRAPUA";"RRAS12";35151;"CATANDUVA";"Quedas";
"352160";2015;3;0;4129,94;1376,64666666667;0;"Municipio";1475;"IRAPURU";"RRAS11";35111;"ALTA PAULISTA";"Quedas";203,389830508475
"352160";2016;7;0;8925,51;1275,07285714286;0;"Municipio";1494;"IRAPURU";"RRAS11";35111;"ALTA PAULISTA";"Quedas";468,540829986613
"352160";2017;6;0;11760,92;1960,15333333333;0;"Municipio";1520;"IRAPURU";"RRAS11";35111;"ALTA PAULISTA";"Quedas";394,736842105263
"352160";2018;8;0;14582,78;1822,8475;0;"Municipio";1538;"IRAPURU";"RRAS11";35111;"ALTA PAULISTA";"Quedas";520,156046814044
"352160";2019;11;1;24008,17;2182,56090909091;90,9090909090909;"Municipio";1556;"IRAPURU";"RRAS11";35111;"ALTA PAULISTA";"Quedas";706,94087403599
"352160";2020;1;0;1994,1;1994,1;0;"Municipio";1570;"IRAPURU";"RRAS11";35111;"ALTA PAULISTA";"Quedas";63,6942675159236
"352160";2021;5;1;19836,69;3967,338;200;"Municipio";1580;"IRAPURU";"RRAS11";35111;"ALTA PAULISTA";"Quedas";316,455696202532
"352160";2022;10;0;19478,16;1947,816;0;"Municipio";1590;"IRAPURU";"RRAS11";35111;"ALTA PAULISTA";"Quedas";628,930817610063
"352160";2023;10;0;30080,58;3008,058;0;"Municipio";1610;"IRAPURU";"RRAS11";35111;"ALTA PAULISTA";"Quedas";621,11801242236
"352160";2024;5;1;13910,77;2782,154;200;"Municipio";1641;"IRAPURU";"RRAS11";35111;"ALTA PAULISTA";"Quedas";304,692260816575
"352160";2025;7;0;23842,15;3406,02142857143;0;"Municipio";;"IRAPURU";"RRAS11";35111;"ALTA PAULISTA";"Quedas";
"352170";2015;17;3;15601,55;917,738235294118;176,470588235294;"Municipio";2733;"ITABERA";"RRAS08";35162;"ITAPEVA";"Quedas";622,027076472741
"352170";2016;21;2;30868,21;1469,91476190476;95,2380952380952;"Municipio";2809;"ITABERA";"RRAS08";35162;"ITAPEVA";"Quedas";747,597009611962
"352170";2017;19;0;23398,78;1231,51473684211;0;"Municipio";2893;"ITABERA";"RRAS08";35162;"ITAPEVA";"Quedas";656,757690978223
"352170";2018;19;1;23811,41;1253,23210526316;52,6315789473684;"Municipio";2968;"ITABERA";"RRAS08";35162;"ITAPEVA";"Quedas";640,161725067385
"352170";2019;15;0;22825,5;1521,7;0;"Municipio";3049;"ITABERA";"RRAS08";35162;"ITAPEVA";"Quedas";491,964578550344
"352170";2020;27;0;45963,12;1702,33777777778;0;"Municipio";3125;"ITABERA";"RRAS08";35162;"ITAPEVA";"Quedas";864
"352170";2021;21;1;24395,43;1161,68714285714;47,6190476190476;"Municipio";3185;"ITABERA";"RRAS08";35162;"ITAPEVA";"Quedas";659,340659340659
"352170";2022;12;0;9639,56;803,296666666667;0;"Municipio";3248;"ITABERA";"RRAS08";35162;"ITAPEVA";"Quedas";369,458128078818
"352170";2023;20;2;71394,96;3569,748;100;"Municipio";3328;"ITABERA";"RRAS08";35162;"ITAPEVA";"Quedas";600,961538461538
"352170";2024;23;2;55821,65;2427,02826086957;86,9565217391304;"Municipio";3415;"ITABERA";"RRAS08";35162;"ITAPEVA";"Quedas";673,499267935578
"352170";2025;19;2;39625,48;2085,55157894737;105,263157894737;"Municipio";;"ITABERA";"RRAS08";35162;"ITAPEVA";"Quedas";
"352180";2015;37;1;37133,1;1003,5972972973;27,027027027027;"Municipio";3260;"ITAI";"RRAS09";35061;"VALE DO JURUMIRIM";"Quedas";1134,96932515337
"352180";2016;42;3;49238,16;1172,33714285714;71,4285714285714;"Municipio";3396;"ITAI";"RRAS09";35061;"VALE DO JURUMIRIM";"Quedas";1236,74911660777
"352180";2017;34;1;32044,22;942,477058823529;29,4117647058824;"Municipio";3530;"ITAI";"RRAS09";35061;"VALE DO JURUMIRIM";"Quedas";963,172804532578
"352180";2018;24;3;42309,49;1762,89541666667;125;"Municipio";3675;"ITAI";"RRAS09";35061;"VALE DO JURUMIRIM";"Quedas";653,061224489796
"352180";2019;34;1;53059,2;1560,56470588235;29,4117647058824;"Municipio";3821;"ITAI";"RRAS09";35061;"VALE DO JURUMIRIM";"Quedas";889,819419000262
"352180";2020;28;0;43864,75;1566,59821428571;0;"Municipio";3963;"ITAI";"RRAS09";35061;"VALE DO JURUMIRIM";"Quedas";706,535452939692
"352180";2021;43;5;87045,42;2024,31209302326;116,279069767442;"Municipio";4093;"ITAI";"RRAS09";35061;"VALE DO JURUMIRIM";"Quedas";1050,57415098949
"352180";2022;37;1;66076,21;1785,84351351351;27,027027027027;"Municipio";4219;"ITAI";"RRAS09";35061;"VALE DO JURUMIRIM";"Quedas";876,985067551552
"352180";2023;43;2;61969,29;1441,14627906977;46,5116279069767;"Municipio";4370;"ITAI";"RRAS09";35061;"VALE DO JURUMIRIM";"Quedas";983,981693363844
"352180";2024;47;4;70128,2;1492,08936170213;85,1063829787234;"Municipio";4519;"ITAI";"RRAS09";35061;"VALE DO JURUMIRIM";"Quedas";1040,05310909493
"352180";2025;58;3;121141,83;2088,65224137931;51,7241379310345;"Municipio";;"ITAI";"RRAS09";35061;"VALE DO JURUMIRIM";"Quedas";
"352190";2015;10;1;19254,71;1925,471;100;"Municipio";3003;"ITAJOBI";"RRAS12";35151;"CATANDUVA";"Quedas";333,000333000333
"352190";2016;12;0;20953,21;1746,10083333333;0;"Municipio";3088;"ITAJOBI";"RRAS12";35151;"CATANDUVA";"Quedas";388,60103626943
"352190";2017;16;2;23197,23;1449,826875;125;"Municipio";3175;"ITAJOBI";"RRAS12";35151;"CATANDUVA";"Quedas";503,937007874016
"352190";2018;23;1;33907,65;1474,24565217391;43,4782608695652;"Municipio";3256;"ITAJOBI";"RRAS12";35151;"CATANDUVA";"Quedas";706,388206388206
"352190";2019;25;1;50822,43;2032,8972;40;"Municipio";3343;"ITAJOBI";"RRAS12";35151;"CATANDUVA";"Quedas";747,831289261143
"352190";2020;27;1;78772,66;2917,50592592593;37,037037037037;"Municipio";3420;"ITAJOBI";"RRAS12";35151;"CATANDUVA";"Quedas";789,473684210526
"352190";2021;27;3;69866,55;2587,65;111,111111111111;"Municipio";3475;"ITAJOBI";"RRAS12";35151;"CATANDUVA";"Quedas";776,978417266187
"352190";2022;28;3;90276,21;3224,15035714286;107,142857142857;"Municipio";3537;"ITAJOBI";"RRAS12";35151;"CATANDUVA";"Quedas";791,631325982471
"352190";2023;35;0;72584,6;2073,84571428571;0;"Municipio";3617;"ITAJOBI";"RRAS12";35151;"CATANDUVA";"Quedas";967,652750898535
"352190";2024;18;2;44371,62;2465,09;111,111111111111;"Municipio";3699;"ITAJOBI";"RRAS12";35151;"CATANDUVA";"Quedas";486,61800486618
"352190";2025;42;3;89947,11;2141,59785714286;71,4285714285714;"Municipio";;"ITAJOBI";"RRAS12";35151;"CATANDUVA";"Quedas";
"352200";2015;6;0;6249,31;1041,55166666667;0;"Municipio";583;"ITAJU";"RRAS09";35064;"JAU";"Quedas";1029,15951972556
"352200";2016;6;0;10034,85;1672,475;0;"Municipio";609;"ITAJU";"RRAS09";35064;"JAU";"Quedas";985,221674876847
"352200";2018;11;0;12735,43;1157,76636363636;0;"Municipio";654;"ITAJU";"RRAS09";35064;"JAU";"Quedas";1681,95718654434
"352200";2019;7;2;13106,09;1872,29857142857;285,714285714286;"Municipio";683;"ITAJU";"RRAS09";35064;"JAU";"Quedas";1024,89019033675
"352200";2020;6;0;11110,24;1851,70666666667;0;"Municipio";708;"ITAJU";"RRAS09";35064;"JAU";"Quedas";847,457627118644
"352200";2021;8;1;6985,86;873,2325;125;"Municipio";730;"ITAJU";"RRAS09";35064;"JAU";"Quedas";1095,8904109589
"352200";2022;12;0;11220,07;935,005833333333;0;"Municipio";753;"ITAJU";"RRAS09";35064;"JAU";"Quedas";1593,62549800797
"352200";2023;8;2;29656,89;3707,11125;250;"Municipio";762;"ITAJU";"RRAS09";35064;"JAU";"Quedas";1049,8687664042
"352200";2024;6;0;6299,52;1049,92;0;"Municipio";792;"ITAJU";"RRAS09";35064;"JAU";"Quedas";757,575757575758
"352200";2025;8;0;2251,34;281,4175;0;"Municipio";;"ITAJU";"RRAS09";35064;"JAU";"Quedas";
"352210";2015;37;2;21016,29;568,007837837838;54,0540540540541;"Municipio";17629;"ITANHAEM";"RRAS07";35041;"BAIXADA SANTISTA";"Quedas";209,881445345737
"352210";2016;33;0;15724,45;476,498484848485;0;"Municipio";18583;"ITANHAEM";"RRAS07";35041;"BAIXADA SANTISTA";"Quedas";177,58166065759
"352210";2017;36;1;36661,16;1018,36555555556;27,7777777777778;"Municipio";19586;"ITANHAEM";"RRAS07";35041;"BAIXADA SANTISTA";"Quedas";183,80475850097
"352210";2018;59;8;89974,95;1524,99915254237;135,593220338983;"Municipio";20629;"ITANHAEM";"RRAS07";35041;"BAIXADA SANTISTA";"Quedas";286,005138397402
"352210";2019;76;6;101082,57;1330,03381578947;78,9473684210526;"Municipio";21698;"ITANHAEM";"RRAS07";35041;"BAIXADA SANTISTA";"Quedas";350,262697022767
"352210";2020;103;5;142577,56;1384,24815533981;48,5436893203883;"Municipio";22756;"ITANHAEM";"RRAS07";35041;"BAIXADA SANTISTA";"Quedas";452,627878361751
"352210";2021;94;1;131089,76;1394,57191489362;10,6382978723404;"Municipio";23728;"ITANHAEM";"RRAS07";35041;"BAIXADA SANTISTA";"Quedas";396,156439649359
"352210";2022;103;6;212926,01;2067,24281553398;58,252427184466;"Municipio";24698;"ITANHAEM";"RRAS07";35041;"BAIXADA SANTISTA";"Quedas";417,037816827274
"352210";2023;138;4;274303,41;1987,70586956522;28,9855072463768;"Municipio";25756;"ITANHAEM";"RRAS07";35041;"BAIXADA SANTISTA";"Quedas";535,797484081379
"352210";2024;167;3;303575,65;1817,81826347305;17,9640718562874;"Municipio";26921;"ITANHAEM";"RRAS07";35041;"BAIXADA SANTISTA";"Quedas";620,333568589577
"352210";2025;160;8;342262,89;2139,1430625;50;"Municipio";;"ITANHAEM";"RRAS07";35041;"BAIXADA SANTISTA";"Quedas";
"352215";2015;4;0;7011,93;1752,9825;0;"Municipio";580;"ITAOCA";"RRAS08";35162;"ITAPEVA";"Quedas";689,655172413793
"352215";2016;7;0;3723,54;531,934285714286;0;"Municipio";595;"ITAOCA";"RRAS08";35162;"ITAPEVA";"Quedas";1176,47058823529
"352215";2017;4;0;5843,54;1460,885;0;"Municipio";609;"ITAOCA";"RRAS08";35162;"ITAPEVA";"Quedas";656,814449917898
"352215";2018;2;0;5527,58;2763,79;0;"Municipio";623;"ITAOCA";"RRAS08";35162;"ITAPEVA";"Quedas";321,027287319422
"352215";2019;3;0;5718,91;1906,30333333333;0;"Municipio";638;"ITAOCA";"RRAS08";35162;"ITAPEVA";"Quedas";470,219435736677
"352215";2020;1;0;203,33;203,33;0;"Municipio";654;"ITAOCA";"RRAS08";35162;"ITAPEVA";"Quedas";152,905198776758
"352215";2021;3;0;3075,55;1025,18333333333;0;"Municipio";667;"ITAOCA";"RRAS08";35162;"ITAPEVA";"Quedas";449,775112443778
"352215";2022;4;0;1112,89;278,2225;0;"Municipio";682;"ITAOCA";"RRAS08";35162;"ITAPEVA";"Quedas";586,510263929619
"352215";2023;8;0;6485,74;810,7175;0;"Municipio";689;"ITAOCA";"RRAS08";35162;"ITAPEVA";"Quedas";1161,1030478955
"352215";2024;3;0;1012,58;337,526666666667;0;"Municipio";703;"ITAOCA";"RRAS08";35162;"ITAPEVA";"Quedas";426,74253200569
"352215";2025;4;0;6256,43;1564,1075;0;"Municipio";;"ITAOCA";"RRAS08";35162;"ITAPEVA";"Quedas";
"352220";2015;70;3;99048,79;1414,98271428571;42,8571428571429;"Municipio";15774;"ITAPECERICA DA SERRA";"RRAS04";35013;"MANANCIAIS";"Quedas";443,768226195004
"352220";2016;130;10;174580,44;1342,92646153846;76,9230769230769;"Municipio";16635;"ITAPECERICA DA SERRA";"RRAS04";35013;"MANANCIAIS";"Quedas";781,484821160204
"352220";2017;100;9;110871,39;1108,7139;90;"Municipio";17528;"ITAPECERICA DA SERRA";"RRAS04";35013;"MANANCIAIS";"Quedas";570,515746234596
"352220";2018;104;9;100042,89;961,950865384615;86,5384615384615;"Municipio";18419;"ITAPECERICA DA SERRA";"RRAS04";35013;"MANANCIAIS";"Quedas";564,634344969868
"352220";2019;117;8;128086,66;1094,75777777778;68,3760683760684;"Municipio";19318;"ITAPECERICA DA SERRA";"RRAS04";35013;"MANANCIAIS";"Quedas";605,652759084791
"352220";2020;122;12;150961,68;1237,39081967213;98,3606557377049;"Municipio";20192;"ITAPECERICA DA SERRA";"RRAS04";35013;"MANANCIAIS";"Quedas";604,199683042789
"352220";2021;118;9;171153,5;1450,45338983051;76,271186440678;"Municipio";20987;"ITAPECERICA DA SERRA";"RRAS04";35013;"MANANCIAIS";"Quedas";562,252823176252
"352220";2022;142;15;257428,75;1812,87852112676;105,633802816901;"Municipio";21804;"ITAPECERICA DA SERRA";"RRAS04";35013;"MANANCIAIS";"Quedas";651,256650155935
"352220";2023;143;14;214388,93;1499,22328671329;97,9020979020979;"Municipio";22722;"ITAPECERICA DA SERRA";"RRAS04";35013;"MANANCIAIS";"Quedas";629,34600827392
"352220";2024;125;15;191412,12;1531,29696;120;"Municipio";23712;"ITAPECERICA DA SERRA";"RRAS04";35013;"MANANCIAIS";"Quedas";527,159244264507
"352220";2025;156;13;309808,2;1985,95;83,3333333333333;"Municipio";;"ITAPECERICA DA SERRA";"RRAS04";35013;"MANANCIAIS";"Quedas";
"352230";2015;173;15;236248,41;1365,59774566474;86,7052023121387;"Municipio";20953;"ITAPETININGA";"RRAS08";35161;"ITAPETININGA";"Quedas";825,657423757934
"352230";2016;153;11;248050,78;1621,24692810458;71,8954248366013;"Municipio";21759;"ITAPETININGA";"RRAS08";35161;"ITAPETININGA";"Quedas";703,157314214808
"352230";2017;174;13;295276,29;1696,99017241379;74,7126436781609;"Municipio";22599;"ITAPETININGA";"RRAS08";35161;"ITAPETININGA";"Quedas";769,945572812956
"352230";2018;166;11;256011,37;1542,2371686747;66,2650602409639;"Municipio";23473;"ITAPETININGA";"RRAS08";35161;"ITAPETININGA";"Quedas";707,195501214161
"352230";2019;243;13;369790,45;1521,77139917695;53,4979423868313;"Municipio";24359;"ITAPETININGA";"RRAS08";35161;"ITAPETININGA";"Quedas";997,577897286424
"352230";2020;203;16;291994,98;1438,39891625616;78,8177339901478;"Municipio";25211;"ITAPETININGA";"RRAS08";35161;"ITAPETININGA";"Quedas";805,204077585181
"352230";2021;212;15;340343;1605,39150943396;70,7547169811321;"Municipio";25934;"ITAPETININGA";"RRAS08";35161;"ITAPETININGA";"Quedas";817,459705406031
"352230";2022;269;19;435588,79;1619,28918215613;70,6319702602231;"Municipio";26655;"ITAPETININGA";"RRAS08";35161;"ITAPETININGA";"Quedas";1009,19152129056
"352230";2023;276;14;511970,82;1854,96673913043;50,7246376811594;"Municipio";27468;"ITAPETININGA";"RRAS08";35161;"ITAPETININGA";"Quedas";1004,80559196156
"352230";2024;358;17;624570,82;1744,61122905028;47,4860335195531;"Municipio";28319;"ITAPETININGA";"RRAS08";35161;"ITAPETININGA";"Quedas";1264,1689325188
"352230";2025;348;21;727186,73;2089,61704022988;60,3448275862069;"Municipio";;"ITAPETININGA";"RRAS08";35161;"ITAPETININGA";"Quedas";
"352240";2015;95;3;124988,6;1315,66947368421;31,5789473684211;"Municipio";11588;"ITAPEVA";"RRAS08";35162;"ITAPEVA";"Quedas";819,813600276148
"352240";2016;77;2;116268,33;1509,97831168831;25,974025974026;"Municipio";11975;"ITAPEVA";"RRAS08";35162;"ITAPEVA";"Quedas";643,006263048017
"352240";2017;77;4;154531,37;2006,90090909091;51,948051948052;"Municipio";12391;"ITAPEVA";"RRAS08";35162;"ITAPEVA";"Quedas";621,418771689129
"352240";2018;84;5;119976,24;1428,28857142857;59,5238095238095;"Municipio";12832;"ITAPEVA";"RRAS08";35162;"ITAPEVA";"Quedas";654,613466334165
"352240";2019;87;3;141876,39;1630,76310344828;34,4827586206897;"Municipio";13297;"ITAPEVA";"RRAS08";35162;"ITAPEVA";"Quedas";654,282920959615
"352240";2020;86;4;112479,39;1307,89988372093;46,5116279069767;"Municipio";13742;"ITAPEVA";"RRAS08";35162;"ITAPEVA";"Quedas";625,818658128366
"352240";2021;75;3;104164,8;1388,864;40;"Municipio";14126;"ITAPEVA";"RRAS08";35162;"ITAPEVA";"Quedas";530,935862947756
"352240";2022;95;5;131964,73;1389,10242105263;52,6315789473684;"Municipio";14538;"ITAPEVA";"RRAS08";35162;"ITAPEVA";"Quedas";653,459898197826
"352240";2023;94;5;141194,62;1502,07042553191;53,1914893617021;"Municipio";15028;"ITAPEVA";"RRAS08";35162;"ITAPEVA";"Quedas";625,499068405643
"352240";2024;113;4;183964,73;1628,00646017699;35,3982300884956;"Municipio";15525;"ITAPEVA";"RRAS08";35162;"ITAPEVA";"Quedas";727,858293075684
"352240";2025;108;6;335779,85;3109,07268518519;55,5555555555556;"Municipio";;"ITAPEVA";"RRAS08";35162;"ITAPEVA";"Quedas";
"352250";2015;106;4;128608,25;1213,28537735849;37,7358490566038;"Municipio";18666;"ITAPEVI";"RRAS05";35014;"ROTA DOS BANDEIRANTES";"Quedas";567,877424193721
"352250";2016;110;7;148934,48;1353,94981818182;63,6363636363636;"Municipio";19738;"ITAPEVI";"RRAS05";35014;"ROTA DOS BANDEIRANTES";"Quedas";557,300638362549
"352250";2017;108;10;145830,61;1350,28342592593;92,5925925925926;"Municipio";20851;"ITAPEVI";"RRAS05";35014;"ROTA DOS BANDEIRANTES";"Quedas";517,960769267661
"352250";2018;115;9;188608,3;1640,07217391304;78,2608695652174;"Municipio";21994;"ITAPEVI";"RRAS05";35014;"ROTA DOS BANDEIRANTES";"Quedas";522,869873601891
"352250";2019;122;7;230514,73;1889,465;57,3770491803279;"Municipio";23157;"ITAPEVI";"RRAS05";35014;"ROTA DOS BANDEIRANTES";"Quedas";526,838536943473
"352250";2020;105;9;220343,07;2098,50542857143;85,7142857142857;"Municipio";24310;"ITAPEVI";"RRAS05";35014;"ROTA DOS BANDEIRANTES";"Quedas";431,921020156314
"352250";2021;136;8;232506,17;1709,60419117647;58,8235294117647;"Municipio";25373;"ITAPEVI";"RRAS05";35014;"ROTA DOS BANDEIRANTES";"Quedas";536,002837662082
"352250";2022;139;17;264493,97;1902,83431654676;122,302158273381;"Municipio";26482;"ITAPEVI";"RRAS05";35014;"ROTA DOS BANDEIRANTES";"Quedas";524,884827429952
"352250";2023;194;8;401132,38;2067,69268041237;41,2371134020619;"Municipio";27738;"ITAPEVI";"RRAS05";35014;"ROTA DOS BANDEIRANTES";"Quedas";699,40154300959
"352250";2024;137;13;220609,51;1610,28839416058;94,8905109489051;"Municipio";29102;"ITAPEVI";"RRAS05";35014;"ROTA DOS BANDEIRANTES";"Quedas";470,758023503539
"352250";2025;178;14;523641,12;2941,80404494382;78,6516853932584;"Municipio";;"ITAPEVI";"RRAS05";35014;"ROTA DOS BANDEIRANTES";"Quedas";
"352260";2015;92;2;128060,21;1391,95880434783;21,7391304347826;"Municipio";12263;"ITAPIRA";"RRAS15";35141;"BAIXA MOGIANA";"Quedas";750,224251814401
"352260";2016;112;3;147080,44;1313,21821428571;26,7857142857143;"Municipio";12639;"ITAPIRA";"RRAS15";35141;"BAIXA MOGIANA";"Quedas";886,14605585885
"352260";2017;102;3;145940,72;1430,79137254902;29,4117647058824;"Municipio";13026;"ITAPIRA";"RRAS15";35141;"BAIXA MOGIANA";"Quedas";783,049286043298
"352260";2018;117;3;184893,83;1580,28914529915;25,6410256410256;"Municipio";13422;"ITAPIRA";"RRAS15";35141;"BAIXA MOGIANA";"Quedas";871,703173893608
"352260";2019;139;4;205680,67;1479,71705035971;28,7769784172662;"Municipio";13810;"ITAPIRA";"RRAS15";35141;"BAIXA MOGIANA";"Quedas";1006,5170166546
"352260";2020;141;6;237308,81;1683,04120567376;42,5531914893617;"Municipio";14179;"ITAPIRA";"RRAS15";35141;"BAIXA MOGIANA";"Quedas";994,42837999859
"352260";2021;114;13;180778,37;1585,7751754386;114,035087719298;"Municipio";14465;"ITAPIRA";"RRAS15";35141;"BAIXA MOGIANA";"Quedas";788,109229173868
"352260";2022;113;4;237244,8;2099,51150442478;35,3982300884956;"Municipio";14758;"ITAPIRA";"RRAS15";35141;"BAIXA MOGIANA";"Quedas";765,686407372273
"352260";2023;141;6;311785,16;2211,24226950355;42,5531914893617;"Municipio";15117;"ITAPIRA";"RRAS15";35141;"BAIXA MOGIANA";"Quedas";932,724746973606
"352260";2024;139;14;430668,49;3098,33446043165;100,719424460432;"Municipio";15512;"ITAPIRA";"RRAS15";35141;"BAIXA MOGIANA";"Quedas";896,080453842187
"352260";2025;156;14;427112,99;2737,90378205128;89,7435897435897;"Municipio";;"ITAPIRA";"RRAS15";35141;"BAIXA MOGIANA";"Quedas";
"352265";2015;3;1;2488,7;829,566666666667;333,333333333333;"Municipio";499;"ITAPIRAPUA PAULISTA";"RRAS08";35162;"ITAPEVA";"Quedas";601,202404809619
"352265";2016;4;0;5749,5;1437,375;0;"Municipio";505;"ITAPIRAPUA PAULISTA";"RRAS08";35162;"ITAPEVA";"Quedas";792,079207920792
"352265";2017;2;0;1966,99;983,495;0;"Municipio";517;"ITAPIRAPUA PAULISTA";"RRAS08";35162;"ITAPEVA";"Quedas";386,847195357834
"352265";2018;2;0;2045,58;1022,79;0;"Municipio";528;"ITAPIRAPUA PAULISTA";"RRAS08";35162;"ITAPEVA";"Quedas";378,787878787879
"352265";2019;4;0;1303,62;325,905;0;"Municipio";538;"ITAPIRAPUA PAULISTA";"RRAS08";35162;"ITAPEVA";"Quedas";743,494423791822
"352265";2020;6;0;8060,24;1343,37333333333;0;"Municipio";552;"ITAPIRAPUA PAULISTA";"RRAS08";35162;"ITAPEVA";"Quedas";1086,95652173913
"352265";2021;5;0;6485,55;1297,11;0;"Municipio";563;"ITAPIRAPUA PAULISTA";"RRAS08";35162;"ITAPEVA";"Quedas";888,09946714032
"352265";2022;6;0;6627,9;1104,65;0;"Municipio";580;"ITAPIRAPUA PAULISTA";"RRAS08";35162;"ITAPEVA";"Quedas";1034,48275862069
"352265";2023;3;0;1804,43;601,476666666667;0;"Municipio";589;"ITAPIRAPUA PAULISTA";"RRAS08";35162;"ITAPEVA";"Quedas";509,337860780985
"352265";2024;1;0;6145,86;6145,86;0;"Municipio";616;"ITAPIRAPUA PAULISTA";"RRAS08";35162;"ITAPEVA";"Quedas";162,337662337662
"352265";2025;3;0;13734,95;4578,31666666667;0;"Municipio";;"ITAPIRAPUA PAULISTA";"RRAS08";35162;"ITAPEVA";"Quedas";
"352270";2015;18;1;38178,72;2121,04;55,5555555555556;"Municipio";7130;"ITAPOLIS";"RRAS18";35033;"NOROESTE DRS III";"Quedas";252,454417952314
"352270";2016;6;1;11144,94;1857,49;166,666666666667;"Municipio";7293;"ITAPOLIS";"RRAS18";35033;"NOROESTE DRS III";"Quedas";82,2706705059646
"352270";2017;8;0;19033,47;2379,18375;0;"Municipio";7457;"ITAPOLIS";"RRAS18";35033;"NOROESTE DRS III";"Quedas";107,281748692504
"352270";2018;44;3;46072,87;1047,11068181818;68,1818181818182;"Municipio";7631;"ITAPOLIS";"RRAS18";35033;"NOROESTE DRS III";"Quedas";576,595465862928
"352270";2019;105;5;106959,26;1018,65961904762;47,6190476190476;"Municipio";7820;"ITAPOLIS";"RRAS18";35033;"NOROESTE DRS III";"Quedas";1342,71099744246
"352270";2020;98;4;141713,09;1446,05193877551;40,8163265306122;"Municipio";7997;"ITAPOLIS";"RRAS18";35033;"NOROESTE DRS III";"Quedas";1225,45954733025
"352270";2021;87;6;123533,02;1419,91977011494;68,9655172413793;"Municipio";8139;"ITAPOLIS";"RRAS18";35033;"NOROESTE DRS III";"Quedas";1068,92738665684
"352270";2022;87;6;136356,39;1567,31482758621;68,9655172413793;"Municipio";8288;"ITAPOLIS";"RRAS18";35033;"NOROESTE DRS III";"Quedas";1049,71042471042
"352270";2023;82;4;124588,38;1519,37048780488;48,780487804878;"Municipio";8491;"ITAPOLIS";"RRAS18";35033;"NOROESTE DRS III";"Quedas";965,728418325286
"352270";2024;89;1;126137,14;1417,27123595506;11,2359550561798;"Municipio";8711;"ITAPOLIS";"RRAS18";35033;"NOROESTE DRS III";"Quedas";1021,69670531512
"352270";2025;103;6;177737,31;1725,60495145631;58,252427184466;"Municipio";;"ITAPOLIS";"RRAS18";35033;"NOROESTE DRS III";"Quedas";
"352280";2015;41;2;40228,04;981,171707317073;48,780487804878;"Municipio";2522;"ITAPORANGA";"RRAS09";35061;"VALE DO JURUMIRIM";"Quedas";1625,69389373513
"352280";2016;32;2;42083,79;1315,1184375;62,5;"Municipio";2592;"ITAPORANGA";"RRAS09";35061;"VALE DO JURUMIRIM";"Quedas";1234,56790123457
"352280";2017;45;1;40623,14;902,736444444444;22,2222222222222;"Municipio";2656;"ITAPORANGA";"RRAS09";35061;"VALE DO JURUMIRIM";"Quedas";1694,27710843373
"352280";2018;42;0;40586,57;966,346904761905;0;"Municipio";2726;"ITAPORANGA";"RRAS09";35061;"VALE DO JURUMIRIM";"Quedas";1540,71900220103
"352280";2019;48;1;43781,55;912,115625;20,8333333333333;"Municipio";2797;"ITAPORANGA";"RRAS09";35061;"VALE DO JURUMIRIM";"Quedas";1716,12441902038
"352280";2020;41;3;45550,77;1110,9943902439;73,1707317073171;"Municipio";2856;"ITAPORANGA";"RRAS09";35061;"VALE DO JURUMIRIM";"Quedas";1435,57422969188
"352280";2021;38;0;48853,21;1285,61078947368;0;"Municipio";2903;"ITAPORANGA";"RRAS09";35061;"VALE DO JURUMIRIM";"Quedas";1308,99069927661
"352280";2022;67;3;74570,71;1112,99567164179;44,7761194029851;"Municipio";2947;"ITAPORANGA";"RRAS09";35061;"VALE DO JURUMIRIM";"Quedas";2273,49847302341
"352280";2023;41;1;65994,02;1609,61024390244;24,390243902439;"Municipio";3002;"ITAPORANGA";"RRAS09";35061;"VALE DO JURUMIRIM";"Quedas";1365,75616255829
"352280";2024;57;2;123283,22;2162,86350877193;35,0877192982456;"Municipio";3067;"ITAPORANGA";"RRAS09";35061;"VALE DO JURUMIRIM";"Quedas";1858,49364199544
"352280";2025;40;2;180100,87;4502,52175;50;"Municipio";;"ITAPORANGA";"RRAS09";35061;"VALE DO JURUMIRIM";"Quedas";
"352290";2015;10;1;13258,26;1325,826;100;"Municipio";1821;"ITAPUI";"RRAS09";35064;"JAU";"Quedas";549,148819330038
"352290";2016;27;2;55994,07;2073,85444444444;74,0740740740741;"Municipio";1883;"ITAPUI";"RRAS09";35064;"JAU";"Quedas";1433,88210302708
"352290";2017;27;2;66319,18;2456,26592592593;74,0740740740741;"Municipio";1942;"ITAPUI";"RRAS09";35064;"JAU";"Quedas";1390,3192584964
"352290";2018;17;4;59306,46;3488,61529411765;235,294117647059;"Municipio";2017;"ITAPUI";"RRAS09";35064;"JAU";"Quedas";842,835894893406
"352290";2019;17;2;25244,18;1484,95176470588;117,647058823529;"Municipio";2081;"ITAPUI";"RRAS09";35064;"JAU";"Quedas";816,914944738107
"352290";2020;12;0;11916,09;993,0075;0;"Municipio";2145;"ITAPUI";"RRAS09";35064;"JAU";"Quedas";559,440559440559
"352290";2021;10;1;17913,22;1791,322;100;"Municipio";2200;"ITAPUI";"RRAS09";35064;"JAU";"Quedas";454,545454545455
"352290";2022;27;0;41129,72;1523,32296296296;0;"Municipio";2254;"ITAPUI";"RRAS09";35064;"JAU";"Quedas";1197,87045252884
"352290";2023;29;1;39051,3;1346,59655172414;34,4827586206897;"Municipio";2317;"ITAPUI";"RRAS09";35064;"JAU";"Quedas";1251,61847216228
"352290";2024;18;2;50509,52;2806,08444444444;111,111111111111;"Municipio";2379;"ITAPUI";"RRAS09";35064;"JAU";"Quedas";756,620428751576
"352290";2025;22;0;30308,47;1377,65772727273;0;"Municipio";;"ITAPUI";"RRAS09";35064;"JAU";"Quedas";
"352300";2015;8;1;23625,83;2953,22875;125;"Municipio";696;"ITAPURA";"RRAS19";35022;"LAGOS DO DRS II";"Quedas";1149,42528735632
"352300";2016;4;0;4537,08;1134,27;0;"Municipio";716;"ITAPURA";"RRAS19";35022;"LAGOS DO DRS II";"Quedas";558,659217877095
"352300";2017;2;1;12251,39;6125,695;500;"Municipio";743;"ITAPURA";"RRAS19";35022;"LAGOS DO DRS II";"Quedas";269,179004037685
"352300";2018;5;0;1421,5;284,3;0;"Municipio";769;"ITAPURA";"RRAS19";35022;"LAGOS DO DRS II";"Quedas";650,195058517555
"352300";2019;3;0;3784,83;1261,61;0;"Municipio";794;"ITAPURA";"RRAS19";35022;"LAGOS DO DRS II";"Quedas";377,833753148615
"352300";2020;5;1;7875,33;1575,066;200;"Municipio";818;"ITAPURA";"RRAS19";35022;"LAGOS DO DRS II";"Quedas";611,246943765281
"352300";2021;6;0;10507,12;1751,18666666667;0;"Municipio";837;"ITAPURA";"RRAS19";35022;"LAGOS DO DRS II";"Quedas";716,845878136201
"352300";2022;3;0;1890,97;630,323333333333;0;"Municipio";861;"ITAPURA";"RRAS19";35022;"LAGOS DO DRS II";"Quedas";348,432055749129
"352300";2023;7;1;10436,55;1490,93571428571;142,857142857143;"Municipio";876;"ITAPURA";"RRAS19";35022;"LAGOS DO DRS II";"Quedas";799,086757990868
"352300";2024;11;1;33622,08;3056,55272727273;90,9090909090909;"Municipio";900;"ITAPURA";"RRAS19";35022;"LAGOS DO DRS II";"Quedas";1222,22222222222
"352300";2025;9;0;10509,78;1167,75333333333;0;"Municipio";;"ITAPURA";"RRAS19";35022;"LAGOS DO DRS II";"Quedas";
"352310";2015;153;6;179231,32;1171,44653594771;39,2156862745098;"Municipio";29950;"ITAQUAQUECETUBA";"RRAS02";35011;"ALTO DO TIETE";"Quedas";510,85141903172
"352310";2016;159;18;199616,26;1255,44817610063;113,207547169811;"Municipio";31898;"ITAQUAQUECETUBA";"RRAS02";35011;"ALTO DO TIETE";"Quedas";498,463853533137
"352310";2017;212;22;290432,76;1369,9658490566;103,77358490566;"Municipio";33921;"ITAQUAQUECETUBA";"RRAS02";35011;"ALTO DO TIETE";"Quedas";624,981574835648
"352310";2018;231;16;344277,15;1490,37727272727;69,2640692640693;"Municipio";36004;"ITAQUAQUECETUBA";"RRAS02";35011;"ALTO DO TIETE";"Quedas";641,595378291301
"352310";2019;233;29;410500,35;1761,80407725322;124,463519313305;"Municipio";38146;"ITAQUAQUECETUBA";"RRAS02";35011;"ALTO DO TIETE";"Quedas";610,811094216956
"352310";2020;180;16;239865,42;1332,58566666667;88,8888888888889;"Municipio";40283;"ITAQUAQUECETUBA";"RRAS02";35011;"ALTO DO TIETE";"Quedas";446,838616786237
"352310";2021;177;17;295031,96;1666,84723163842;96,045197740113;"Municipio";42302;"ITAQUAQUECETUBA";"RRAS02";35011;"ALTO DO TIETE";"Quedas";418,419932863694
"352310";2022;194;16;337990,07;1742,2168556701;82,4742268041237;"Municipio";44369;"ITAQUAQUECETUBA";"RRAS02";35011;"ALTO DO TIETE";"Quedas";437,242218666186
"352310";2023;213;15;374857,92;1759,89633802817;70,4225352112676;"Municipio";46643;"ITAQUAQUECETUBA";"RRAS02";35011;"ALTO DO TIETE";"Quedas";456,660163368566
"352310";2024;206;23;508675,44;2469,29825242718;111,650485436893;"Municipio";49017;"ITAQUAQUECETUBA";"RRAS02";35011;"ALTO DO TIETE";"Quedas";420,262357957443
"352310";2025;239;29;716941,97;2999,75719665272;121,338912133891;"Municipio";;"ITAQUAQUECETUBA";"RRAS02";35011;"ALTO DO TIETE";"Quedas";
"352320";2015;79;2;70056,88;886,795949367089;25,3164556962025;"Municipio";6963;"ITARARE";"RRAS08";35162;"ITAPEVA";"Quedas";1134,56843314663
"352320";2016;66;3;61134,71;926,283484848485;45,4545454545455;"Municipio";7144;"ITARARE";"RRAS08";35162;"ITAPEVA";"Quedas";923,852183650616
"352320";2017;75;5;73021,33;973,617733333333;66,6666666666667;"Municipio";7327;"ITARARE";"RRAS08";35162;"ITAPEVA";"Quedas";1023,61130066876
"352320";2018;111;5;100707,19;907,271981981982;45,045045045045;"Municipio";7509;"ITARARE";"RRAS08";35162;"ITAPEVA";"Quedas";1478,22612864563
"352320";2019;124;2;122337,73;986,594596774194;16,1290322580645;"Municipio";7705;"ITARARE";"RRAS08";35162;"ITAPEVA";"Quedas";1609,34458144062
"352320";2020;125;6;123885,93;991,08744;48;"Municipio";7875;"ITARARE";"RRAS08";35162;"ITAPEVA";"Quedas";1587,30158730159
"352320";2021;125;8;119965,02;959,72016;64;"Municipio";8006;"ITARARE";"RRAS08";35162;"ITAPEVA";"Quedas";1561,32900324756
"352320";2022;155;5;133287,24;859,917677419355;32,258064516129;"Municipio";8146;"ITARARE";"RRAS08";35162;"ITAPEVA";"Quedas";1902,77436778787
"352320";2023;210;3;159002,05;757,152619047619;14,2857142857143;"Municipio";8331;"ITARARE";"RRAS08";35162;"ITAPEVA";"Quedas";2520,70579762333
"352320";2024;127;2;123617,35;973,364960629921;15,748031496063;"Municipio";8541;"ITARARE";"RRAS08";35162;"ITAPEVA";"Quedas";1486,94532256176
"352320";2025;110;2;172699,53;1569,99572727273;18,1818181818182;"Municipio";;"ITARARE";"RRAS08";35162;"ITAPEVA";"Quedas";
"352330";2015;9;0;7101,72;789,08;0;"Municipio";2206;"ITARIRI";"RRAS07";35121;"VALE DO RIBEIRA";"Quedas";407,978241160471
"352330";2016;9;1;22794,71;2532,74555555556;111,111111111111;"Municipio";2283;"ITARIRI";"RRAS07";35121;"VALE DO RIBEIRA";"Quedas";394,218134034166
"352330";2017;14;1;19937,65;1424,11785714286;71,4285714285714;"Municipio";2369;"ITARIRI";"RRAS07";35121;"VALE DO RIBEIRA";"Quedas";590,966652596032
"352330";2018;8;2;18029,19;2253,64875;250;"Municipio";2455;"ITARIRI";"RRAS07";35121;"VALE DO RIBEIRA";"Quedas";325,865580448065
"352330";2019;18;0;28745,45;1596,96944444444;0;"Municipio";2551;"ITARIRI";"RRAS07";35121;"VALE DO RIBEIRA";"Quedas";705,605644845159
"352330";2020;7;0;15802,35;2257,47857142857;0;"Municipio";2640;"ITARIRI";"RRAS07";35121;"VALE DO RIBEIRA";"Quedas";265,151515151515
"352330";2021;11;0;28100,42;2554,58363636364;0;"Municipio";2717;"ITARIRI";"RRAS07";35121;"VALE DO RIBEIRA";"Quedas";404,858299595142
"352330";2022;20;1;30085,41;1504,2705;50;"Municipio";2797;"ITARIRI";"RRAS07";35121;"VALE DO RIBEIRA";"Quedas";715,051841258491
"352330";2023;9;2;36080,59;4008,95444444444;222,222222222222;"Municipio";2890;"ITARIRI";"RRAS07";35121;"VALE DO RIBEIRA";"Quedas";311,418685121107
"352330";2024;11;1;21579,82;1961,80181818182;90,9090909090909;"Municipio";2985;"ITARIRI";"RRAS07";35121;"VALE DO RIBEIRA";"Quedas";368,509212730318
"352330";2025;21;3;40524,09;1929,71857142857;142,857142857143;"Municipio";;"ITARIRI";"RRAS07";35121;"VALE DO RIBEIRA";"Quedas";
"352340";2015;96;4;148141,23;1543,1378125;41,6666666666667;"Municipio";15455;"ITATIBA";"RRAS15";35072;"REG METRO CAMPINAS";"Quedas";621,158201229376
"352340";2016;76;5;109935,64;1446,52157894737;65,7894736842105;"Municipio";16216;"ITATIBA";"RRAS15";35072;"REG METRO CAMPINAS";"Quedas";468,672915638875
"352340";2017;90;4;135784,56;1508,71733333333;44,4444444444444;"Municipio";17020;"ITATIBA";"RRAS15";35072;"REG METRO CAMPINAS";"Quedas";528,789659224442
"352340";2018;106;5;187159,34;1765,6541509434;47,1698113207547;"Municipio";17865;"ITATIBA";"RRAS15";35072;"REG METRO CAMPINAS";"Quedas";593,338930870417
"352340";2019;99;9;175766,18;1775,41595959596;90,9090909090909;"Municipio";18730;"ITATIBA";"RRAS15";35072;"REG METRO CAMPINAS";"Quedas";528,563801388147
"352340";2020;92;4;183166,71;1990,9425;43,4782608695652;"Municipio";19591;"ITATIBA";"RRAS15";35072;"REG METRO CAMPINAS";"Quedas";469,603389311418
"352340";2021;108;3;205074,25;1898,83564814815;27,7777777777778;"Municipio";20358;"ITATIBA";"RRAS15";35072;"REG METRO CAMPINAS";"Quedas";530,503978779841
"352340";2022;120;3;202121,74;1684,34783333333;25;"Municipio";21150;"ITATIBA";"RRAS15";35072;"REG METRO CAMPINAS";"Quedas";567,375886524823
"352340";2023;108;3;186444,97;1726,34231481481;27,7777777777778;"Municipio";22028;"ITATIBA";"RRAS15";35072;"REG METRO CAMPINAS";"Quedas";490,285091701471
"352340";2024;111;4;197241,31;1776,94873873874;36,036036036036;"Municipio";22938;"ITATIBA";"RRAS15";35072;"REG METRO CAMPINAS";"Quedas";483,913157206382
"352340";2025;107;5;300867,59;2811,84663551402;46,7289719626168;"Municipio";;"ITATIBA";"RRAS15";35072;"REG METRO CAMPINAS";"Quedas";
"352350";2015;17;1;31647,79;1861,63470588235;58,8235294117647;"Municipio";2144;"ITATINGA";"RRAS09";35063;"POLO CUESTA";"Quedas";792,910447761194
"352350";2016;20;2;39020,51;1951,0255;100;"Municipio";2222;"ITATINGA";"RRAS09";35063;"POLO CUESTA";"Quedas";900,0900090009
"352350";2017;7;0;8422,54;1203,22;0;"Municipio";2297;"ITATINGA";"RRAS09";35063;"POLO CUESTA";"Quedas";304,745319982586
"352350";2018;20;1;42089,91;2104,4955;50;"Municipio";2377;"ITATINGA";"RRAS09";35063;"POLO CUESTA";"Quedas";841,396718552798
"352350";2019;27;1;51108,38;1892,90296296296;37,037037037037;"Municipio";2469;"ITATINGA";"RRAS09";35063;"POLO CUESTA";"Quedas";1093,56014580802
"352350";2020;10;1;21312,03;2131,203;100;"Municipio";2551;"ITATINGA";"RRAS09";35063;"POLO CUESTA";"Quedas";392,003136025088
"352350";2021;17;0;41130,59;2419,44647058824;0;"Municipio";2619;"ITATINGA";"RRAS09";35063;"POLO CUESTA";"Quedas";649,102710958381
"352350";2022;12;0;19049,23;1587,43583333333;0;"Municipio";2696;"ITATINGA";"RRAS09";35063;"POLO CUESTA";"Quedas";445,103857566766
"352350";2023;23;2;53629,8;2331,73043478261;86,9565217391304;"Municipio";2788;"ITATINGA";"RRAS09";35063;"POLO CUESTA";"Quedas";824,964131994261
"352350";2024;23;0;71172,73;3094,46652173913;0;"Municipio";2891;"ITATINGA";"RRAS09";35063;"POLO CUESTA";"Quedas";795,572466274645
"352350";2025;22;0;58260,68;2648,21272727273;0;"Municipio";;"ITATINGA";"RRAS09";35063;"POLO CUESTA";"Quedas";
"352360";2015;2;0;2374,2;1187,1;0;"Municipio";1957;"ITIRAPINA";"RRAS14";35104;"RIO CLARO";"Quedas";102,197240674502
"352360";2017;1;0;421,3;421,3;0;"Municipio";2084;"ITIRAPINA";"RRAS14";35104;"RIO CLARO";"Quedas";47,9846449136276
"352360";2018;1;0;637,35;637,35;0;"Municipio";2153;"ITIRAPINA";"RRAS14";35104;"RIO CLARO";"Quedas";46,4468183929401
"352360";2019;2;0;2723,55;1361,775;0;"Municipio";2218;"ITIRAPINA";"RRAS14";35104;"RIO CLARO";"Quedas";90,1713255184851
"352360";2020;2;0;8387,21;4193,605;0;"Municipio";2281;"ITIRAPINA";"RRAS14";35104;"RIO CLARO";"Quedas";87,6808417360807
"352360";2021;4;0;5741,33;1435,3325;0;"Municipio";2340;"ITIRAPINA";"RRAS14";35104;"RIO CLARO";"Quedas";170,940170940171
"352360";2023;4;0;2508,47;627,1175;0;"Municipio";2478;"ITIRAPINA";"RRAS14";35104;"RIO CLARO";"Quedas";161,420500403551
"352360";2024;2;0;6358,89;3179,445;0;"Municipio";2559;"ITIRAPINA";"RRAS14";35104;"RIO CLARO";"Quedas";78,1555295037124
"352360";2025;1;0;274,1;274,1;0;"Municipio";;"ITIRAPINA";"RRAS14";35104;"RIO CLARO";"Quedas";
"352370";2015;5;1;6486,16;1297,232;200;"Municipio";937;"ITIRAPUA";"RRAS13";35081;"TRES COLINAS";"Quedas";533,617929562433
"352370";2016;1;0;181,73;181,73;0;"Municipio";969;"ITIRAPUA";"RRAS13";35081;"TRES COLINAS";"Quedas";103,199174406605
"352370";2017;5;0;11923,63;2384,726;0;"Municipio";997;"ITIRAPUA";"RRAS13";35081;"TRES COLINAS";"Quedas";501,504513540622
"352370";2018;4;0;3478,22;869,555;0;"Municipio";1020;"ITIRAPUA";"RRAS13";35081;"TRES COLINAS";"Quedas";392,156862745098
"352370";2019;3;0;4082,05;1360,68333333333;0;"Municipio";1044;"ITIRAPUA";"RRAS13";35081;"TRES COLINAS";"Quedas";287,35632183908
"352370";2020;8;0;10188,21;1273,52625;0;"Municipio";1068;"ITIRAPUA";"RRAS13";35081;"TRES COLINAS";"Quedas";749,063670411985
"352370";2021;12;0;10776,14;898,011666666667;0;"Municipio";1078;"ITIRAPUA";"RRAS13";35081;"TRES COLINAS";"Quedas";1113,17254174397
"352370";2022;3;0;5736,68;1912,22666666667;0;"Municipio";1094;"ITIRAPUA";"RRAS13";35081;"TRES COLINAS";"Quedas";274,223034734918
"352370";2023;15;1;22820;1521,33333333333;66,6666666666667;"Municipio";1115;"ITIRAPUA";"RRAS13";35081;"TRES COLINAS";"Quedas";1345,29147982063
"352370";2024;5;1;19921,3;3984,26;200;"Municipio";1138;"ITIRAPUA";"RRAS13";35081;"TRES COLINAS";"Quedas";439,367311072056
"352370";2025;10;0;31367,1;3136,71;0;"Municipio";;"ITIRAPUA";"RRAS13";35081;"TRES COLINAS";"Quedas";
"352380";2015;3;1;8331,47;2777,15666666667;333,333333333333;"Municipio";1222;"ITOBI";"RRAS15";35143;"RIO PARDO";"Quedas";245,499181669394
"352380";2016;6;0;6754,02;1125,67;0;"Municipio";1267;"ITOBI";"RRAS15";35143;"RIO PARDO";"Quedas";473,559589581689
"352380";2017;2;0;4016,16;2008,08;0;"Municipio";1313;"ITOBI";"RRAS15";35143;"RIO PARDO";"Quedas";152,322924600152
"352380";2018;3;0;761,06;253,686666666667;0;"Municipio";1364;"ITOBI";"RRAS15";35143;"RIO PARDO";"Quedas";219,941348973607
"352380";2019;6;0;3378,35;563,058333333333;0;"Municipio";1420;"ITOBI";"RRAS15";35143;"RIO PARDO";"Quedas";422,535211267606
"352380";2020;5;0;7617,29;1523,458;0;"Municipio";1473;"ITOBI";"RRAS15";35143;"RIO PARDO";"Quedas";339,443312966735
"352380";2021;5;0;6772,01;1354,402;0;"Municipio";1512;"ITOBI";"RRAS15";35143;"RIO PARDO";"Quedas";330,687830687831
"352380";2022;4;0;7379,98;1844,995;0;"Municipio";1551;"ITOBI";"RRAS15";35143;"RIO PARDO";"Quedas";257,898130238556
"352380";2023;11;0;20833;1893,90909090909;0;"Municipio";1597;"ITOBI";"RRAS15";35143;"RIO PARDO";"Quedas";688,791484032561
"352380";2024;7;0;7307,7;1043,95714285714;0;"Municipio";1634;"ITOBI";"RRAS15";35143;"RIO PARDO";"Quedas";428,396572827417
"352380";2025;9;1;5866,21;651,801111111111;111,111111111111;"Municipio";;"ITOBI";"RRAS15";35143;"RIO PARDO";"Quedas";
"352390";2015;51;5;117083,17;2295,74843137255;98,0392156862745;"Municipio";21767;"ITU";"RRAS08";35163;"SOROCABA";"Quedas";234,299627877062
"352390";2016;67;6;194775,14;2907,09164179104;89,5522388059701;"Municipio";22657;"ITU";"RRAS08";35163;"SOROCABA";"Quedas";295,714348766386
"352390";2017;85;4;324013,54;3811,924;47,0588235294118;"Municipio";23596;"ITU";"RRAS08";35163;"SOROCABA";"Quedas";360,230547550432
"352390";2018;97;11;361155,54;3723,25298969072;113,40206185567;"Municipio";24568;"ITU";"RRAS08";35163;"SOROCABA";"Quedas";394,82253337675
"352390";2019;94;8;265583,56;2825,3570212766;85,1063829787234;"Municipio";25568;"ITU";"RRAS08";35163;"SOROCABA";"Quedas";367,647058823529
"352390";2020;85;8;253764,64;2985,46635294118;94,1176470588235;"Municipio";26534;"ITU";"RRAS08";35163;"SOROCABA";"Quedas";320,343709957036
"352390";2021;104;14;239242,99;2300,41336538462;134,615384615385;"Municipio";27381;"ITU";"RRAS08";35163;"SOROCABA";"Quedas";379,825426390563
"352390";2022;121;13;317476,91;2623,77611570248;107,438016528926;"Municipio";28241;"ITU";"RRAS08";35163;"SOROCABA";"Quedas";428,455083035303
"352390";2023;109;7;314508,77;2885,40155963303;64,2201834862385;"Municipio";29228;"ITU";"RRAS08";35163;"SOROCABA";"Quedas";372,930067058985
"352390";2024;123;10;404323,22;3287,1806504065;81,3008130081301;"Municipio";30265;"ITU";"RRAS08";35163;"SOROCABA";"Quedas";406,41004460598
"352390";2025;143;31;609299,6;4260,83636363636;216,783216783217;"Municipio";;"ITU";"RRAS08";35163;"SOROCABA";"Quedas";
"352400";2015;2;0;467,74;233,87;0;"Municipio";5262;"ITUPEVA";"RRAS16";35073;"JUNDIAI";"Quedas";38,0083618396047
"352400";2016;1;0;242,1;242,1;0;"Municipio";5660;"ITUPEVA";"RRAS16";35073;"JUNDIAI";"Quedas";17,6678445229682
"352400";2017;1;0;485,81;485,81;0;"Municipio";6084;"ITUPEVA";"RRAS16";35073;"JUNDIAI";"Quedas";16,4365548980934
"352400";2019;3;2;2377,17;792,39;666,666666666667;"Municipio";7004;"ITUPEVA";"RRAS16";35073;"JUNDIAI";"Quedas";42,8326670474015
"352400";2020;8;0;11540,27;1442,53375;0;"Municipio";7485;"ITUPEVA";"RRAS16";35073;"JUNDIAI";"Quedas";106,88042752171
"352400";2021;7;1;3116,98;445,282857142857;142,857142857143;"Municipio";7954;"ITUPEVA";"RRAS16";35073;"JUNDIAI";"Quedas";88,0060346995222
"352400";2022;17;0;9711,66;571,274117647059;0;"Municipio";8446;"ITUPEVA";"RRAS16";35073;"JUNDIAI";"Quedas";201,278711816244
"352400";2023;17;1;22265,89;1309,75823529412;58,8235294117647;"Municipio";8991;"ITUPEVA";"RRAS16";35073;"JUNDIAI";"Quedas";189,077966855745
"352400";2024;41;1;10953,9;267,168292682927;24,390243902439;"Municipio";9556;"ITUPEVA";"RRAS16";35073;"JUNDIAI";"Quedas";429,049811636668
"352400";2025;57;2;12876,65;225,906140350877;35,0877192982456;"Municipio";;"ITUPEVA";"RRAS16";35073;"JUNDIAI";"Quedas";
"352410";2015;40;2;42342,79;1058,56975;50;"Municipio";6852;"ITUVERAVA";"RRAS13";35083;"ALTA MOGIANA";"Quedas";583,771161704612
"352410";2016;49;5;77182,47;1575,15244897959;102,040816326531;"Municipio";7041;"ITUVERAVA";"RRAS13";35083;"ALTA MOGIANA";"Quedas";695,923874449652
"352410";2017;50;2;88928,75;1778,575;40;"Municipio";7229;"ITUVERAVA";"RRAS13";35083;"ALTA MOGIANA";"Quedas";691,658597316365
"352410";2018;38;4;74948,6;1972,33157894737;105,263157894737;"Municipio";7416;"ITUVERAVA";"RRAS13";35083;"ALTA MOGIANA";"Quedas";512,405609492988
"352410";2019;53;7;93987,49;1773,34886792453;132,075471698113;"Municipio";7599;"ITUVERAVA";"RRAS13";35083;"ALTA MOGIANA";"Quedas";697,460192130544
"352410";2020;44;4;66447,1;1510,16136363636;90,9090909090909;"Municipio";7764;"ITUVERAVA";"RRAS13";35083;"ALTA MOGIANA";"Quedas";566,718186501803
"352410";2021;46;5;121025,91;2630,99804347826;108,695652173913;"Municipio";7891;"ITUVERAVA";"RRAS13";35083;"ALTA MOGIANA";"Quedas";582,942592827272
"352410";2022;61;4;166251,37;2725,43229508197;65,5737704918033;"Municipio";8008;"ITUVERAVA";"RRAS13";35083;"ALTA MOGIANA";"Quedas";761,738261738262
"352410";2023;61;3;123447,25;2023,72540983607;49,1803278688525;"Municipio";8161;"ITUVERAVA";"RRAS13";35083;"ALTA MOGIANA";"Quedas";747,457419433893
"352410";2024;66;9;149057,93;2258,45348484849;136,363636363636;"Municipio";8323;"ITUVERAVA";"RRAS13";35083;"ALTA MOGIANA";"Quedas";792,983299291121
"352410";2025;61;2;134639,32;2207,20196721311;32,7868852459016;"Municipio";;"ITUVERAVA";"RRAS13";35083;"ALTA MOGIANA";"Quedas";
"352420";2015;12;2;16939,92;1411,66;166,666666666667;"Municipio";1031;"JABORANDI";"RRAS13";35051;"NORTE BARRETOS";"Quedas";1163,9185257032
"352420";2016;14;3;14051,32;1003,66571428571;214,285714285714;"Municipio";1057;"JABORANDI";"RRAS13";35051;"NORTE BARRETOS";"Quedas";1324,50331125828
"352420";2017;10;0;19950,96;1995,096;0;"Municipio";1082;"JABORANDI";"RRAS13";35051;"NORTE BARRETOS";"Quedas";924,214417744917
"352420";2018;6;0;15687,34;2614,55666666667;0;"Municipio";1112;"JABORANDI";"RRAS13";35051;"NORTE BARRETOS";"Quedas";539,568345323741
"352420";2019;12;2;23207,49;1933,9575;166,666666666667;"Municipio";1144;"JABORANDI";"RRAS13";35051;"NORTE BARRETOS";"Quedas";1048,95104895105
"352420";2020;10;1;28378,24;2837,824;100;"Municipio";1176;"JABORANDI";"RRAS13";35051;"NORTE BARRETOS";"Quedas";850,340136054422
"352420";2021;8;0;19894,35;2486,79375;0;"Municipio";1199;"JABORANDI";"RRAS13";35051;"NORTE BARRETOS";"Quedas";667,222685571309
"352420";2022;9;1;37508,2;4167,57777777778;111,111111111111;"Municipio";1221;"JABORANDI";"RRAS13";35051;"NORTE BARRETOS";"Quedas";737,100737100737
"352420";2023;16;1;41708,37;2606,773125;62,5;"Municipio";1257;"JABORANDI";"RRAS13";35051;"NORTE BARRETOS";"Quedas";1272,87191726333
"352420";2024;8;0;16821,87;2102,73375;0;"Municipio";1297;"JABORANDI";"RRAS13";35051;"NORTE BARRETOS";"Quedas";616,808018504241
"352420";2025;7;1;15623,67;2231,95285714286;142,857142857143;"Municipio";;"JABORANDI";"RRAS13";35051;"NORTE BARRETOS";"Quedas";
"352430";2015;55;3;97623,95;1774,98090909091;54,5454545454545;"Municipio";12374;"JABOTICABAL";"RRAS13";35131;"HORIZONTE VERDE";"Quedas";444,480362049459
"352430";2016;63;3;90657,51;1439,0080952381;47,6190476190476;"Municipio";12754;"JABOTICABAL";"RRAS13";35131;"HORIZONTE VERDE";"Quedas";493,962678375412
"352430";2017;53;1;68191,2;1286,62641509434;18,8679245283019;"Municipio";13146;"JABOTICABAL";"RRAS13";35131;"HORIZONTE VERDE";"Quedas";403,164460672448
"352430";2018;64;1;107613,86;1681,4665625;15,625;"Municipio";13535;"JABOTICABAL";"RRAS13";35131;"HORIZONTE VERDE";"Quedas";472,848171407462
"352430";2019;68;2;114695,88;1686,70411764706;29,4117647058824;"Municipio";13932;"JABOTICABAL";"RRAS13";35131;"HORIZONTE VERDE";"Quedas";488,084984209015
"352430";2020;98;1;130220,06;1328,77612244898;10,2040816326531;"Municipio";14298;"JABOTICABAL";"RRAS13";35131;"HORIZONTE VERDE";"Quedas";685,410546929641
"352430";2021;100;1;150661,13;1506,6113;10;"Municipio";14588;"JABOTICABAL";"RRAS13";35131;"HORIZONTE VERDE";"Quedas";685,494927337538
"352430";2022;107;1;206319,8;1928,22242990654;9,34579439252336;"Municipio";14880;"JABOTICABAL";"RRAS13";35131;"HORIZONTE VERDE";"Quedas";719,086021505376
"352430";2023;75;0;144155,01;1922,0668;0;"Municipio";15233;"JABOTICABAL";"RRAS13";35131;"HORIZONTE VERDE";"Quedas";492,35213024355
"352430";2024;88;2;142021,87;1613,88488636364;22,7272727272727;"Municipio";15620;"JABOTICABAL";"RRAS13";35131;"HORIZONTE VERDE";"Quedas";563,380281690141
"352430";2025;78;3;176044,48;2256,98051282051;38,4615384615385;"Municipio";;"JABOTICABAL";"RRAS13";35131;"HORIZONTE VERDE";"Quedas";
"352440";2015;84;6;169027,11;2012,2275;71,4285714285714;"Municipio";31979;"JACAREI";"RRAS17";35171;"ALTO VALE DO PARAIBA";"Quedas";262,672378748554
"352440";2016;111;5;144459,47;1301,43666666667;45,045045045045;"Municipio";33462;"JACAREI";"RRAS17";35171;"ALTO VALE DO PARAIBA";"Quedas";331,719562488793
"352440";2017;148;11;213014,12;1439,28459459459;74,3243243243243;"Municipio";34974;"JACAREI";"RRAS17";35171;"ALTO VALE DO PARAIBA";"Quedas";423,171498827701
"352440";2018;148;10;197069,87;1331,55317567568;67,5675675675676;"Municipio";36508;"JACAREI";"RRAS17";35171;"ALTO VALE DO PARAIBA";"Quedas";405,390599320697
"352440";2019;141;7;202517,72;1436,29588652482;49,645390070922;"Municipio";38054;"JACAREI";"RRAS17";35171;"ALTO VALE DO PARAIBA";"Quedas";370,526094497293
"352440";2020;101;4;192255,59;1903,52069306931;39,6039603960396;"Municipio";39553;"JACAREI";"RRAS17";35171;"ALTO VALE DO PARAIBA";"Quedas";255,353576214194
"352440";2021;122;6;214817,46;1760,79885245902;49,1803278688525;"Municipio";40885;"JACAREI";"RRAS17";35171;"ALTO VALE DO PARAIBA";"Quedas";298,397945456769
"352440";2022;104;6;344750,91;3314,91259615385;57,6923076923077;"Municipio";42240;"JACAREI";"RRAS17";35171;"ALTO VALE DO PARAIBA";"Quedas";246,212121212121
"352440";2023;113;8;352804,1;3122,16017699115;70,7964601769911;"Municipio";43804;"JACAREI";"RRAS17";35171;"ALTO VALE DO PARAIBA";"Quedas";257,96730892156
"352440";2024;83;9;268609,52;3236,25927710843;108,433734939759;"Municipio";45437;"JACAREI";"RRAS17";35171;"ALTO VALE DO PARAIBA";"Quedas";182,670510817175
"352440";2025;104;9;557135,76;5357,07461538462;86,5384615384615;"Municipio";;"JACAREI";"RRAS17";35171;"ALTO VALE DO PARAIBA";"Quedas";
"352450";2015;13;0;23274,64;1790,35692307692;0;"Municipio";788;"JACI";"RRAS12";35156;"JOSE BONIFACIO";"Quedas";1649,7461928934
"352450";2016;12;0;13977,54;1164,795;0;"Municipio";830;"JACI";"RRAS12";35156;"JOSE BONIFACIO";"Quedas";1445,78313253012
"352450";2017;9;3;20531,28;2281,25333333333;333,333333333333;"Municipio";876;"JACI";"RRAS12";35156;"JOSE BONIFACIO";"Quedas";1027,39726027397
"352450";2018;11;0;14167,07;1287,91545454545;0;"Municipio";924;"JACI";"RRAS12";35156;"JOSE BONIFACIO";"Quedas";1190,47619047619
"352450";2019;11;0;26674,04;2424,91272727273;0;"Municipio";973;"JACI";"RRAS12";35156;"JOSE BONIFACIO";"Quedas";1130,52415210689
"352450";2020;9;1;18847,33;2094,14777777778;111,111111111111;"Municipio";1028;"JACI";"RRAS12";35156;"JOSE BONIFACIO";"Quedas";875,486381322957
"352450";2021;9;0;19823,55;2202,61666666667;0;"Municipio";1075;"JACI";"RRAS12";35156;"JOSE BONIFACIO";"Quedas";837,209302325581
"352450";2022;13;1;18669,21;1436,09307692308;76,9230769230769;"Municipio";1126;"JACI";"RRAS12";35156;"JOSE BONIFACIO";"Quedas";1154,52930728242
"352450";2023;8;1;22930,82;2866,3525;125;"Municipio";1177;"JACI";"RRAS12";35156;"JOSE BONIFACIO";"Quedas";679,694137638063
"352450";2024;19;1;40442,83;2128,57;52,6315789473684;"Municipio";1230;"JACI";"RRAS12";35156;"JOSE BONIFACIO";"Quedas";1544,71544715447
"352450";2025;22;4;102974,47;4680,65772727273;181,818181818182;"Municipio";;"JACI";"RRAS12";35156;"JOSE BONIFACIO";"Quedas";
"352460";2015;5;0;7920,31;1584,062;0;"Municipio";2523;"JACUPIRANGA";"RRAS07";35121;"VALE DO RIBEIRA";"Quedas";198,176773682124
"352460";2016;11;1;18337,12;1667,01090909091;90,9090909090909;"Municipio";2589;"JACUPIRANGA";"RRAS07";35121;"VALE DO RIBEIRA";"Quedas";424,874468906914
"352460";2017;7;0;14963,18;2137,59714285714;0;"Municipio";2660;"JACUPIRANGA";"RRAS07";35121;"VALE DO RIBEIRA";"Quedas";263,157894736842
"352460";2018;8;1;9745,64;1218,205;125;"Municipio";2734;"JACUPIRANGA";"RRAS07";35121;"VALE DO RIBEIRA";"Quedas";292,611558156547
"352460";2019;14;1;18286,12;1306,15142857143;71,4285714285714;"Municipio";2810;"JACUPIRANGA";"RRAS07";35121;"VALE DO RIBEIRA";"Quedas";498,220640569395
"352460";2020;18;1;31191,38;1732,85444444444;55,5555555555556;"Municipio";2874;"JACUPIRANGA";"RRAS07";35121;"VALE DO RIBEIRA";"Quedas";626,304801670146
"352460";2021;12;2;10216,73;851,394166666667;166,666666666667;"Municipio";2930;"JACUPIRANGA";"RRAS07";35121;"VALE DO RIBEIRA";"Quedas";409,556313993174
"352460";2022;21;3;35260,3;1679,0619047619;142,857142857143;"Municipio";2985;"JACUPIRANGA";"RRAS07";35121;"VALE DO RIBEIRA";"Quedas";703,517587939699
"352460";2023;29;3;44095,6;1520,53793103448;103,448275862069;"Municipio";3063;"JACUPIRANGA";"RRAS07";35121;"VALE DO RIBEIRA";"Quedas";946,784198498204
"352460";2024;15;2;20545,27;1369,68466666667;133,333333333333;"Municipio";3140;"JACUPIRANGA";"RRAS07";35121;"VALE DO RIBEIRA";"Quedas";477,707006369427
"352460";2025;24;1;48260,25;2010,84375;41,6666666666667;"Municipio";;"JACUPIRANGA";"RRAS07";35121;"VALE DO RIBEIRA";"Quedas";
"352470";2015;62;2;93916,58;1514,7835483871;32,258064516129;"Municipio";6413;"JAGUARIUNA";"RRAS15";35072;"REG METRO CAMPINAS";"Quedas";966,786215499766
"352470";2016;66;4;64677,57;979,963181818182;60,6060606060606;"Municipio";6760;"JAGUARIUNA";"RRAS15";35072;"REG METRO CAMPINAS";"Quedas";976,331360946745
"352470";2017;71;5;51725,59;728,529436619718;70,4225352112676;"Municipio";7126;"JAGUARIUNA";"RRAS15";35072;"REG METRO CAMPINAS";"Quedas";996,351389278698
"352470";2018;70;6;61259,6;875,137142857143;85,7142857142857;"Municipio";7515;"JAGUARIUNA";"RRAS15";35072;"REG METRO CAMPINAS";"Quedas";931,470392548237
"352470";2019;71;3;69270,71;975,643802816901;42,2535211267606;"Municipio";7922;"JAGUARIUNA";"RRAS15";35072;"REG METRO CAMPINAS";"Quedas";896,238323655642
"352470";2020;70;4;95560,55;1365,15071428571;57,1428571428571;"Municipio";8321;"JAGUARIUNA";"RRAS15";35072;"REG METRO CAMPINAS";"Quedas";841,245042663141
"352470";2021;66;5;97234,44;1473,24909090909;75,7575757575758;"Municipio";8697;"JAGUARIUNA";"RRAS15";35072;"REG METRO CAMPINAS";"Quedas";758,882373232149
"352470";2022;70;1;89589,06;1279,84371428571;14,2857142857143;"Municipio";9074;"JAGUARIUNA";"RRAS15";35072;"REG METRO CAMPINAS";"Quedas";771,434868856072
"352470";2023;90;4;197707,04;2196,74488888889;44,4444444444444;"Municipio";9489;"JAGUARIUNA";"RRAS15";35072;"REG METRO CAMPINAS";"Quedas";948,46664558963
"352470";2024;92;3;141765,01;1540,92402173913;32,6086956521739;"Municipio";9934;"JAGUARIUNA";"RRAS15";35072;"REG METRO CAMPINAS";"Quedas";926,112341453594
"352470";2025;87;4;253233,02;2910,72436781609;45,9770114942529;"Municipio";;"JAGUARIUNA";"RRAS15";35072;"REG METRO CAMPINAS";"Quedas";
"352480";2015;109;4;151654,03;1391,32137614679;36,697247706422;"Municipio";9300;"JALES";"RRAS12";35153;"JALES";"Quedas";1172,04301075269
"352480";2016;72;7;99824,44;1386,45055555556;97,2222222222222;"Municipio";9574;"JALES";"RRAS12";35153;"JALES";"Quedas";752,036766241905
"352480";2017;108;5;182233,91;1687,35101851852;46,2962962962963;"Municipio";9852;"JALES";"RRAS12";35153;"JALES";"Quedas";1096,22411693057
"352480";2018;96;9;230749,1;2403,63645833333;93,75;"Municipio";10134;"JALES";"RRAS12";35153;"JALES";"Quedas";947,306098283008
"352480";2019;101;6;200480,26;1984,95306930693;59,4059405940594;"Municipio";10428;"JALES";"RRAS12";35153;"JALES";"Quedas";968,546221710779
"352480";2020;75;3;142226,71;1896,35613333333;40;"Municipio";10702;"JALES";"RRAS12";35153;"JALES";"Quedas";700,803588114371
"352480";2021;97;8;205640,71;2120,00731958763;82,4742268041237;"Municipio";10930;"JALES";"RRAS12";35153;"JALES";"Quedas";887,465690759378
"352480";2022;114;9;247920,15;2174,73815789474;78,9473684210526;"Municipio";11155;"JALES";"RRAS12";35153;"JALES";"Quedas";1021,96324518153
"352480";2023;109;6;218704,14;2006,46;55,045871559633;"Municipio";11438;"JALES";"RRAS12";35153;"JALES";"Quedas";952,96380486099
"352480";2024;125;9;297539,6;2380,3168;72;"Municipio";11729;"JALES";"RRAS12";35153;"JALES";"Quedas";1065,73450422031
"352480";2025;143;6;447864,62;3131,92041958042;41,958041958042;"Municipio";;"JALES";"RRAS12";35153;"JALES";"Quedas";
"352490";2015;1;0;215,33;215,33;0;"Municipio";860;"JAMBEIRO";"RRAS17";35171;"ALTO VALE DO PARAIBA";"Quedas";116,279069767442
"352490";2016;2;0;3902,45;1951,225;0;"Municipio";910;"JAMBEIRO";"RRAS17";35171;"ALTO VALE DO PARAIBA";"Quedas";219,78021978022
"352490";2017;2;0;1968,89;984,445;0;"Municipio";957;"JAMBEIRO";"RRAS17";35171;"ALTO VALE DO PARAIBA";"Quedas";208,986415882968
"352490";2019;3;0;3447,72;1149,24;0;"Municipio";1075;"JAMBEIRO";"RRAS17";35171;"ALTO VALE DO PARAIBA";"Quedas";279,06976744186
"352490";2020;3;0;2726,47;908,823333333333;0;"Municipio";1136;"JAMBEIRO";"RRAS17";35171;"ALTO VALE DO PARAIBA";"Quedas";264,084507042254
"352490";2021;5;0;14853,26;2970,652;0;"Municipio";1186;"JAMBEIRO";"RRAS17";35171;"ALTO VALE DO PARAIBA";"Quedas";421,585160202361
"352490";2022;12;0;39336,62;3278,05166666667;0;"Municipio";1241;"JAMBEIRO";"RRAS17";35171;"ALTO VALE DO PARAIBA";"Quedas";966,96212731668
"352490";2023;9;0;19111,72;2123,52444444444;0;"Municipio";1295;"JAMBEIRO";"RRAS17";35171;"ALTO VALE DO PARAIBA";"Quedas";694,980694980695
"352490";2024;11;0;21695,58;1972,32545454545;0;"Municipio";1349;"JAMBEIRO";"RRAS17";35171;"ALTO VALE DO PARAIBA";"Quedas";815,418828762046
"352490";2025;9;0;21177,79;2353,08777777778;0;"Municipio";;"JAMBEIRO";"RRAS17";35171;"ALTO VALE DO PARAIBA";"Quedas";
"352500";2015;47;2;38603,98;821,361276595745;42,5531914893617;"Municipio";10538;"JANDIRA";"RRAS05";35014;"ROTA DOS BANDEIRANTES";"Quedas";446,00493452268
"352500";2016;73;4;99626,72;1364,7495890411;54,7945205479452;"Municipio";11221;"JANDIRA";"RRAS05";35014;"ROTA DOS BANDEIRANTES";"Quedas";650,565903217182
"352500";2017;49;11;101894,35;2079,47653061224;224,489795918367;"Municipio";11918;"JANDIRA";"RRAS05";35014;"ROTA DOS BANDEIRANTES";"Quedas";411,142809196174
"352500";2018;45;5;76430,3;1698,45111111111;111,111111111111;"Municipio";12622;"JANDIRA";"RRAS05";35014;"ROTA DOS BANDEIRANTES";"Quedas";356,520361273966
"352500";2019;58;5;107778,59;1858,25155172414;86,2068965517241;"Municipio";13345;"JANDIRA";"RRAS05";35014;"ROTA DOS BANDEIRANTES";"Quedas";434,619707755714
"352500";2020;59;5;138171,49;2341,88966101695;84,7457627118644;"Municipio";14055;"JANDIRA";"RRAS05";35014;"ROTA DOS BANDEIRANTES";"Quedas";419,779437922448
"352500";2021;66;7;115660,16;1752,42666666667;106,060606060606;"Municipio";14727;"JANDIRA";"RRAS05";35014;"ROTA DOS BANDEIRANTES";"Quedas";448,156447341617
"352500";2022;76;4;191405,97;2518,49960526316;52,6315789473684;"Municipio";15420;"JANDIRA";"RRAS05";35014;"ROTA DOS BANDEIRANTES";"Quedas";492,866407263294
"352500";2023;59;11;182712,51;3096,82220338983;186,440677966102;"Municipio";16193;"JANDIRA";"RRAS05";35014;"ROTA DOS BANDEIRANTES";"Quedas";364,354968196134
"352500";2024;64;2;130111,11;2032,98609375;31,25;"Municipio";17001;"JANDIRA";"RRAS05";35014;"ROTA DOS BANDEIRANTES";"Quedas";376,448444209164
"352500";2025;78;9;265813,35;3407,86346153846;115,384615384615;"Municipio";;"JANDIRA";"RRAS05";35014;"ROTA DOS BANDEIRANTES";"Quedas";
"352510";2015;36;3;127846,51;3551,29194444444;83,3333333333333;"Municipio";5628;"JARDINOPOLIS";"RRAS13";35132;"AQUIFERO GUARANI";"Quedas";639,658848614072
"352510";2016;45;3;86483,98;1921,86622222222;66,6666666666667;"Municipio";5847;"JARDINOPOLIS";"RRAS13";35132;"AQUIFERO GUARANI";"Quedas";769,625448948179
"352510";2017;21;0;37979,53;1808,54904761905;0;"Municipio";6079;"JARDINOPOLIS";"RRAS13";35132;"AQUIFERO GUARANI";"Quedas";345,451554531995
"352510";2018;40;0;70004,63;1750,11575;0;"Municipio";6317;"JARDINOPOLIS";"RRAS13";35132;"AQUIFERO GUARANI";"Quedas";633,21196770619
"352510";2019;40;1;74735,43;1868,38575;25;"Municipio";6555;"JARDINOPOLIS";"RRAS13";35132;"AQUIFERO GUARANI";"Quedas";610,22120518688
"352510";2020;39;1;65176,76;1671,19897435897;25,6410256410256;"Municipio";6796;"JARDINOPOLIS";"RRAS13";35132;"AQUIFERO GUARANI";"Quedas";573,86698057681
"352510";2021;41;2;83893,51;2046,18317073171;48,780487804878;"Municipio";6995;"JARDINOPOLIS";"RRAS13";35132;"AQUIFERO GUARANI";"Quedas";586,132952108649
"352510";2022;76;2;150059,83;1974,47144736842;26,3157894736842;"Municipio";7204;"JARDINOPOLIS";"RRAS13";35132;"AQUIFERO GUARANI";"Quedas";1054,96946141033
"352510";2023;49;6;91650,79;1870,42428571429;122,448979591837;"Municipio";7446;"JARDINOPOLIS";"RRAS13";35132;"AQUIFERO GUARANI";"Quedas";658,071447757185
"352510";2024;34;1;71945,77;2116,05205882353;29,4117647058824;"Municipio";7694;"JARDINOPOLIS";"RRAS13";35132;"AQUIFERO GUARANI";"Quedas";441,902781388095
"352510";2025;39;0;109104,37;2797,54794871795;0;"Municipio";;"JARDINOPOLIS";"RRAS13";35132;"AQUIFERO GUARANI";"Quedas";
"352520";2015;3;0;397,06;132,353333333333;0;"Municipio";3637;"JARINU";"RRAS16";35073;"JUNDIAI";"Quedas";82,4855650261204
"352520";2016;6;0;8643,98;1440,66333333333;0;"Municipio";3859;"JARINU";"RRAS16";35073;"JUNDIAI";"Quedas";155,480694480435
"352520";2017;3;0;2158,29;719,43;0;"Municipio";4111;"JARINU";"RRAS16";35073;"JUNDIAI";"Quedas";72,974945268791
"352520";2018;1;0;551,62;551,62;0;"Municipio";4383;"JARINU";"RRAS16";35073;"JUNDIAI";"Quedas";22,8154232261008
"352520";2019;4;0;5922,01;1480,5025;0;"Municipio";4677;"JARINU";"RRAS16";35073;"JUNDIAI";"Quedas";85,524909129784
"352520";2020;3;0;5963,75;1987,91666666667;0;"Municipio";4972;"JARINU";"RRAS16";35073;"JUNDIAI";"Quedas";60,3378921962993
"352520";2022;1;0;199,33;199,33;0;"Municipio";5532;"JARINU";"RRAS16";35073;"JUNDIAI";"Quedas";18,0766449746927
"352520";2024;3;1;7690,46;2563,48666666667;333,333333333333;"Municipio";6148;"JARINU";"RRAS16";35073;"JUNDIAI";"Quedas";48,7963565387118
"352530";2015;183;20;328749,34;1796,44448087432;109,289617486339;"Municipio";21603;"JAU";"RRAS09";35064;"JAU";"Quedas";847,104568809887
"352530";2016;224;20;424854,32;1896,67107142857;89,2857142857143;"Municipio";22344;"JAU";"RRAS09";35064;"JAU";"Quedas";1002,50626566416
"352530";2017;227;17;423418,42;1865,27938325991;74,8898678414097;"Municipio";23116;"JAU";"RRAS09";35064;"JAU";"Quedas";982,003806887005
"352530";2018;253;15;428264,36;1692,74450592885;59,2885375494071;"Municipio";23900;"JAU";"RRAS09";35064;"JAU";"Quedas";1058,57740585774
"352530";2019;238;17;384112,94;1613,91991596639;71,4285714285714;"Municipio";24699;"JAU";"RRAS09";35064;"JAU";"Quedas";963,601765253654
"352530";2020;193;12;324966,89;1683,76626943005;62,1761658031088;"Municipio";25453;"JAU";"RRAS09";35064;"JAU";"Quedas";758,260322948179
"352530";2021;199;19;388836,35;1953,95150753769;95,4773869346734;"Municipio";26080;"JAU";"RRAS09";35064;"JAU";"Quedas";763,036809815951
"352530";2022;272;18;548046,82;2014,87801470588;66,1764705882353;"Municipio";26702;"JAU";"RRAS09";35064;"JAU";"Quedas";1018,65028836791
"352530";2023;349;14;586161,35;1679,54541547278;40,1146131805158;"Municipio";27433;"JAU";"RRAS09";35064;"JAU";"Quedas";1272,19042758721
"352530";2024;341;19;574673,4;1685,25923753666;55,7184750733138;"Municipio";28199;"JAU";"RRAS09";35064;"JAU";"Quedas";1209,26273981347
"352530";2025;415;33;877577,38;2114,64428915663;79,5180722891566;"Municipio";;"JAU";"RRAS09";35064;"JAU";"Quedas";
"352540";2015;3;0;5064,42;1688,14;0;"Municipio";424;"JERIQUARA";"RRAS13";35081;"TRES COLINAS";"Quedas";707,547169811321
"352540";2017;1;0;682,77;682,77;0;"Municipio";453;"JERIQUARA";"RRAS13";35081;"TRES COLINAS";"Quedas";220,75055187638
"352540";2018;1;0;1658,66;1658,66;0;"Municipio";468;"JERIQUARA";"RRAS13";35081;"TRES COLINAS";"Quedas";213,675213675214
"352540";2019;4;0;6058,92;1514,73;0;"Municipio";483;"JERIQUARA";"RRAS13";35081;"TRES COLINAS";"Quedas";828,15734989648
"352540";2020;2;0;2453,94;1226,97;0;"Municipio";500;"JERIQUARA";"RRAS13";35081;"TRES COLINAS";"Quedas";400
"352540";2021;1;0;1570,66;1570,66;0;"Municipio";516;"JERIQUARA";"RRAS13";35081;"TRES COLINAS";"Quedas";193,798449612403
"352540";2023;2;0;2132,62;1066,31;0;"Municipio";540;"JERIQUARA";"RRAS13";35081;"TRES COLINAS";"Quedas";370,37037037037
"352540";2024;1;0;759,42;759,42;0;"Municipio";569;"JERIQUARA";"RRAS13";35081;"TRES COLINAS";"Quedas";175,746924428822
"352540";2025;5;0;1190,31;238,062;0;"Municipio";;"JERIQUARA";"RRAS13";35081;"TRES COLINAS";"Quedas";
"352550";2015;19;4;22380,22;1177,90631578947;210,526315789474;"Municipio";2137;"JOANOPOLIS";"RRAS16";35071;"BRAGANCA";"Quedas";889,096864763687
"352550";2016;10;2;35788,08;3578,808;200;"Municipio";2202;"JOANOPOLIS";"RRAS16";35071;"BRAGANCA";"Quedas";454,132606721163
"352550";2017;6;0;11660,45;1943,40833333333;0;"Municipio";2275;"JOANOPOLIS";"RRAS16";35071;"BRAGANCA";"Quedas";263,736263736264
"352550";2018;11;0;23582,75;2143,88636363636;0;"Municipio";2353;"JOANOPOLIS";"RRAS16";35071;"BRAGANCA";"Quedas";467,48831279218
"352550";2019;18;0;43211,27;2400,62611111111;0;"Municipio";2430;"JOANOPOLIS";"RRAS16";35071;"BRAGANCA";"Quedas";740,740740740741
"352550";2020;14;0;43027,46;3073,39;0;"Municipio";2503;"JOANOPOLIS";"RRAS16";35071;"BRAGANCA";"Quedas";559,32880543348
"352550";2021;8;0;29796,5;3724,5625;0;"Municipio";2563;"JOANOPOLIS";"RRAS16";35071;"BRAGANCA";"Quedas";312,134217713617
"352550";2022;3;1;15415,47;5138,49;333,333333333333;"Municipio";2622;"JOANOPOLIS";"RRAS16";35071;"BRAGANCA";"Quedas";114,41647597254
"352550";2023;6;1;27570,34;4595,05666666667;166,666666666667;"Municipio";2695;"JOANOPOLIS";"RRAS16";35071;"BRAGANCA";"Quedas";222,634508348794
"352550";2024;3;0;7906,34;2635,44666666667;0;"Municipio";2776;"JOANOPOLIS";"RRAS16";35071;"BRAGANCA";"Quedas";108,06916426513
"352550";2025;4;1;17087,32;4271,83;250;"Municipio";;"JOANOPOLIS";"RRAS16";35071;"BRAGANCA";"Quedas";
"352560";2015;1;1;3405,46;3405,46;1000;"Municipio";561;"JOAO RAMALHO";"RRAS11";35113;"ALTO CAPIVARI";"Quedas";178,25311942959
"352560";2018;1;0;2684,77;2684,77;0;"Municipio";632;"JOAO RAMALHO";"RRAS11";35113;"ALTO CAPIVARI";"Quedas";158,227848101266
"352560";2019;1;1;1114,87;1114,87;1000;"Municipio";658;"JOAO RAMALHO";"RRAS11";35113;"ALTO CAPIVARI";"Quedas";151,975683890577
"352560";2021;1;0;433,92;433,92;0;"Municipio";712;"JOAO RAMALHO";"RRAS11";35113;"ALTO CAPIVARI";"Quedas";140,449438202247
"352560";2022;7;0;4639,31;662,758571428571;0;"Municipio";739;"JOAO RAMALHO";"RRAS11";35113;"ALTO CAPIVARI";"Quedas";947,22598105548
"352560";2023;3;0;1246,19;415,396666666667;0;"Municipio";762;"JOAO RAMALHO";"RRAS11";35113;"ALTO CAPIVARI";"Quedas";393,700787401575
"352560";2024;3;0;2376,23;792,076666666667;0;"Municipio";796;"JOAO RAMALHO";"RRAS11";35113;"ALTO CAPIVARI";"Quedas";376,884422110553
"352560";2025;5;0;19727,78;3945,556;0;"Municipio";;"JOAO RAMALHO";"RRAS11";35113;"ALTO CAPIVARI";"Quedas";
"352570";2015;54;0;80288,84;1486,83037037037;0;"Municipio";5303;"JOSE BONIFACIO";"RRAS12";35156;"JOSE BONIFACIO";"Quedas";1018,29153309447
"352570";2016;68;8;197488,58;2904,24382352941;117,647058823529;"Municipio";5480;"JOSE BONIFACIO";"RRAS12";35156;"JOSE BONIFACIO";"Quedas";1240,87591240876
"352570";2017;53;7;163795,53;3090,48169811321;132,075471698113;"Municipio";5669;"JOSE BONIFACIO";"RRAS12";35156;"JOSE BONIFACIO";"Quedas";934,909155053801
"352570";2018;57;11;111774,86;1960,96245614035;192,982456140351;"Municipio";5874;"JOSE BONIFACIO";"RRAS12";35156;"JOSE BONIFACIO";"Quedas";970,377936670072
"352570";2019;51;9;193737,02;3798,76509803922;176,470588235294;"Municipio";6082;"JOSE BONIFACIO";"RRAS12";35156;"JOSE BONIFACIO";"Quedas";838,539953962512
"352570";2020;48;6;155017,77;3229,536875;125;"Municipio";6291;"JOSE BONIFACIO";"RRAS12";35156;"JOSE BONIFACIO";"Quedas";762,994754411063
"352570";2021;73;10;287111,41;3933,03301369863;136,986301369863;"Municipio";6471;"JOSE BONIFACIO";"RRAS12";35156;"JOSE BONIFACIO";"Quedas";1128,11002936177
"352570";2022;66;8;268908,28;4074,36787878788;121,212121212121;"Municipio";6649;"JOSE BONIFACIO";"RRAS12";35156;"JOSE BONIFACIO";"Quedas";992,630470747481
"352570";2023;80;4;267504,9;3343,81125;50;"Municipio";6864;"JOSE BONIFACIO";"RRAS12";35156;"JOSE BONIFACIO";"Quedas";1165,50116550117
"352570";2024;82;6;278251,79;3393,31451219512;73,1707317073171;"Municipio";7093;"JOSE BONIFACIO";"RRAS12";35156;"JOSE BONIFACIO";"Quedas";1156,06936416185
"352570";2025;78;6;304290,43;3901,15935897436;76,9230769230769;"Municipio";;"JOSE BONIFACIO";"RRAS12";35156;"JOSE BONIFACIO";"Quedas";
"352580";2015;1;0;40,38;40,38;0;"Municipio";719;"JULIO MESQUITA";"RRAS10";35093;"MARILIA";"Quedas";139,082058414465
"352580";2016;5;1;48959,51;9791,902;200;"Municipio";731;"JULIO MESQUITA";"RRAS10";35093;"MARILIA";"Quedas";683,994528043776
"352580";2017;8;1;13019,98;1627,4975;125;"Municipio";742;"JULIO MESQUITA";"RRAS10";35093;"MARILIA";"Quedas";1078,16711590296
"352580";2018;7;1;25908,48;3701,21142857143;142,857142857143;"Municipio";766;"JULIO MESQUITA";"RRAS10";35093;"MARILIA";"Quedas";913,838120104439
"352580";2019;2;0;4825,94;2412,97;0;"Municipio";782;"JULIO MESQUITA";"RRAS10";35093;"MARILIA";"Quedas";255,754475703325
"352580";2020;4;1;5424,29;1356,0725;250;"Municipio";802;"JULIO MESQUITA";"RRAS10";35093;"MARILIA";"Quedas";498,753117206983
"352580";2021;11;1;29100,18;2645,47090909091;90,9090909090909;"Municipio";814;"JULIO MESQUITA";"RRAS10";35093;"MARILIA";"Quedas";1351,35135135135
"352580";2022;8;1;15414,82;1926,8525;125;"Municipio";836;"JULIO MESQUITA";"RRAS10";35093;"MARILIA";"Quedas";956,937799043062
"352580";2023;6;1;17951,22;2991,87;166,666666666667;"Municipio";852;"JULIO MESQUITA";"RRAS10";35093;"MARILIA";"Quedas";704,225352112676
"352580";2024;7;0;9852,98;1407,56857142857;0;"Municipio";880;"JULIO MESQUITA";"RRAS10";35093;"MARILIA";"Quedas";795,454545454545
"352580";2025;6;1;15438,48;2573,08;166,666666666667;"Municipio";;"JULIO MESQUITA";"RRAS10";35093;"MARILIA";"Quedas";
"352585";2016;3;1;817,22;272,406666666667;333,333333333333;"Municipio";421;"JUMIRIM";"RRAS08";35163;"SOROCABA";"Quedas";712,589073634204
"352585";2017;1;0;819,87;819,87;0;"Municipio";434;"JUMIRIM";"RRAS08";35163;"SOROCABA";"Quedas";230,414746543779
"352585";2018;1;0;200,6;200,6;0;"Municipio";452;"JUMIRIM";"RRAS08";35163;"SOROCABA";"Quedas";221,238938053097
"352585";2019;3;0;5601,57;1867,19;0;"Municipio";470;"JUMIRIM";"RRAS08";35163;"SOROCABA";"Quedas";638,297872340425
"352585";2020;1;0;5341,22;5341,22;0;"Municipio";490;"JUMIRIM";"RRAS08";35163;"SOROCABA";"Quedas";204,081632653061
"352585";2021;5;0;7595,95;1519,19;0;"Municipio";506;"JUMIRIM";"RRAS08";35163;"SOROCABA";"Quedas";988,142292490119
"352585";2022;4;0;8616,88;2154,22;0;"Municipio";515;"JUMIRIM";"RRAS08";35163;"SOROCABA";"Quedas";776,699029126214
"352585";2023;2;1;2251,51;1125,755;500;"Municipio";528;"JUMIRIM";"RRAS08";35163;"SOROCABA";"Quedas";378,787878787879
"352585";2024;5;0;10973,82;2194,764;0;"Municipio";555;"JUMIRIM";"RRAS08";35163;"SOROCABA";"Quedas";900,900900900901
"352585";2025;5;0;1150,88;230,176;0;"Municipio";;"JUMIRIM";"RRAS08";35163;"SOROCABA";"Quedas";
"352590";2015;3;0;5351,75;1783,91666666667;0;"Municipio";63953;"JUNDIAI";"RRAS16";35073;"JUNDIAI";"Quedas";4,69094491267024
"352590";2016;2;0;896,82;448,41;0;"Municipio";66555;"JUNDIAI";"RRAS16";35073;"JUNDIAI";"Quedas";3,00503343099692
"352590";2017;4;0;2772,28;693,07;0;"Municipio";69228;"JUNDIAI";"RRAS16";35073;"JUNDIAI";"Quedas";5,7780088981337
"352590";2018;3;0;1402,27;467,423333333333;0;"Municipio";71968;"JUNDIAI";"RRAS16";35073;"JUNDIAI";"Quedas";4,16851934192975
"352590";2019;3;0;1384,83;461,61;0;"Municipio";74742;"JUNDIAI";"RRAS16";35073;"JUNDIAI";"Quedas";4,01380749779241
"352590";2020;4;1;6777,62;1694,405;250;"Municipio";77396;"JUNDIAI";"RRAS16";35073;"JUNDIAI";"Quedas";5,16822574810068
"352590";2021;7;1;20473,13;2924,73285714286;142,857142857143;"Municipio";79719;"JUNDIAI";"RRAS16";35073;"JUNDIAI";"Quedas";8,78084271001894
"352590";2022;1;1;3025,88;3025,88;1000;"Municipio";82051;"JUNDIAI";"RRAS16";35073;"JUNDIAI";"Quedas";1,21875418946753
"352590";2023;8;1;20351,94;2543,9925;125;"Municipio";84777;"JUNDIAI";"RRAS16";35073;"JUNDIAI";"Quedas";9,43652169810208
"352590";2024;5;0;13603,56;2720,712;0;"Municipio";87660;"JUNDIAI";"RRAS16";35073;"JUNDIAI";"Quedas";5,70385580652521
"352590";2025;11;0;74291,2;6753,74545454545;0;"Municipio";;"JUNDIAI";"RRAS16";35073;"JUNDIAI";"Quedas";
"352600";2015;25;1;52236,82;2089,4728;40;"Municipio";3553;"JUNQUEIROPOLIS";"RRAS11";35111;"ALTA PAULISTA";"Quedas";703,630734590487
"352600";2016;16;1;26437,17;1652,323125;62,5;"Municipio";3638;"JUNQUEIROPOLIS";"RRAS11";35111;"ALTA PAULISTA";"Quedas";439,802089059923
"352600";2017;23;1;37318,9;1622,56086956522;43,4782608695652;"Municipio";3724;"JUNQUEIROPOLIS";"RRAS11";35111;"ALTA PAULISTA";"Quedas";617,615467239527
"352600";2018;24;1;45330,97;1888,79041666667;41,6666666666667;"Municipio";3813;"JUNQUEIROPOLIS";"RRAS11";35111;"ALTA PAULISTA";"Quedas";629,425649095201
"352600";2019;29;2;63762,47;2198,70586206897;68,9655172413793;"Municipio";3905;"JUNQUEIROPOLIS";"RRAS11";35111;"ALTA PAULISTA";"Quedas";742,637644046095
"352600";2020;24;3;78840,37;3285,01541666667;125;"Municipio";3992;"JUNQUEIROPOLIS";"RRAS11";35111;"ALTA PAULISTA";"Quedas";601,202404809619
"352600";2021;31;3;33032,55;1065,56612903226;96,7741935483871;"Municipio";4051;"JUNQUEIROPOLIS";"RRAS11";35111;"ALTA PAULISTA";"Quedas";765,243149839546
"352600";2022;53;5;74692,83;1409,29867924528;94,3396226415094;"Municipio";4126;"JUNQUEIROPOLIS";"RRAS11";35111;"ALTA PAULISTA";"Quedas";1284,53708191953
"352600";2023;27;2;62019,19;2297,00703703704;74,0740740740741;"Municipio";4226;"JUNQUEIROPOLIS";"RRAS11";35111;"ALTA PAULISTA";"Quedas";638,902035021297
"352600";2024;33;1;46781,24;1417,61333333333;30,3030303030303;"Municipio";4338;"JUNQUEIROPOLIS";"RRAS11";35111;"ALTA PAULISTA";"Quedas";760,719225449516
"352600";2025;29;2;77080,15;2657,93620689655;68,9655172413793;"Municipio";;"JUNQUEIROPOLIS";"RRAS11";35111;"ALTA PAULISTA";"Quedas";
"352610";2015;15;1;22530,77;1502,05133333333;66,6666666666667;"Municipio";3105;"JUQUIA";"RRAS07";35121;"VALE DO RIBEIRA";"Quedas";483,091787439613
"352610";2016;16;0;16779,46;1048,71625;0;"Municipio";3185;"JUQUIA";"RRAS07";35121;"VALE DO RIBEIRA";"Quedas";502,354788069074
"352610";2017;12;0;15606,44;1300,53666666667;0;"Municipio";3264;"JUQUIA";"RRAS07";35121;"VALE DO RIBEIRA";"Quedas";367,647058823529
"352610";2018;18;1;26977,59;1498,755;55,5555555555556;"Municipio";3348;"JUQUIA";"RRAS07";35121;"VALE DO RIBEIRA";"Quedas";537,634408602151
"352610";2019;17;3;32591,27;1917,13352941176;176,470588235294;"Municipio";3435;"JUQUIA";"RRAS07";35121;"VALE DO RIBEIRA";"Quedas";494,90538573508
"352610";2020;8;0;12119,85;1514,98125;0;"Municipio";3512;"JUQUIA";"RRAS07";35121;"VALE DO RIBEIRA";"Quedas";227,790432801822
"352610";2021;15;0;26020,91;1734,72733333333;0;"Municipio";3571;"JUQUIA";"RRAS07";35121;"VALE DO RIBEIRA";"Quedas";420,050406048726
"352610";2022;19;1;34957,58;1839,87263157895;52,6315789473684;"Municipio";3632;"JUQUIA";"RRAS07";35121;"VALE DO RIBEIRA";"Quedas";523,127753303965
"352610";2023;26;3;77779,23;2991,50884615385;115,384615384615;"Municipio";3711;"JUQUIA";"RRAS07";35121;"VALE DO RIBEIRA";"Quedas";700,6197790353
"352610";2024;28;1;44356,18;1584,14928571429;35,7142857142857;"Municipio";3792;"JUQUIA";"RRAS07";35121;"VALE DO RIBEIRA";"Quedas";738,396624472574
"352610";2025;36;1;89934,06;2498,16833333333;27,7777777777778;"Municipio";;"JUQUIA";"RRAS07";35121;"VALE DO RIBEIRA";"Quedas";
"352620";2015;8;1;7419,85;927,48125;125;"Municipio";3816;"JUQUITIBA";"RRAS04";35013;"MANANCIAIS";"Quedas";209,643605870021
"352620";2016;22;1;32589,48;1481,34;45,4545454545455;"Municipio";3967;"JUQUITIBA";"RRAS04";35013;"MANANCIAIS";"Quedas";554,575245777666
"352620";2017;15;0;16859,75;1123,98333333333;0;"Municipio";4119;"JUQUITIBA";"RRAS04";35013;"MANANCIAIS";"Quedas";364,166059723234
"352620";2018;17;1;19958,07;1174,00411764706;58,8235294117647;"Municipio";4275;"JUQUITIBA";"RRAS04";35013;"MANANCIAIS";"Quedas";397,66081871345
"352620";2019;18;3;33012,76;1834,04222222222;166,666666666667;"Municipio";4435;"JUQUITIBA";"RRAS04";35013;"MANANCIAIS";"Quedas";405,862457722661
"352620";2020;18;1;38239,74;2124,43;55,5555555555556;"Municipio";4586;"JUQUITIBA";"RRAS04";35013;"MANANCIAIS";"Quedas";392,498909725251
"352620";2021;30;2;37349,27;1244,97566666667;66,6666666666667;"Municipio";4716;"JUQUITIBA";"RRAS04";35013;"MANANCIAIS";"Quedas";636,132315521628
"352620";2022;46;5;68674,3;1492,91956521739;108,695652173913;"Municipio";4853;"JUQUITIBA";"RRAS04";35013;"MANANCIAIS";"Quedas";947,867298578199
"352620";2023;44;0;45694,38;1038,50863636364;0;"Municipio";5010;"JUQUITIBA";"RRAS04";35013;"MANANCIAIS";"Quedas";878,243512974052
"352620";2024;42;6;47199,5;1123,79761904762;142,857142857143;"Municipio";5178;"JUQUITIBA";"RRAS04";35013;"MANANCIAIS";"Quedas";811,123986095017
"352620";2025;42;5;59985,25;1428,22023809524;119,047619047619;"Municipio";;"JUQUITIBA";"RRAS04";35013;"MANANCIAIS";"Quedas";
"352630";2015;6;0;13351,77;2225,295;0;"Municipio";1028;"LAGOINHA";"RRAS17";35174;"VALE PARAIBA REGIAO SERRANA";"Quedas";583,657587548638
"352630";2016;3;0;7884,57;2628,19;0;"Municipio";1060;"LAGOINHA";"RRAS17";35174;"VALE PARAIBA REGIAO SERRANA";"Quedas";283,018867924528
"352630";2017;7;0;21556,78;3079,54;0;"Municipio";1089;"LAGOINHA";"RRAS17";35174;"VALE PARAIBA REGIAO SERRANA";"Quedas";642,791551882461
"352630";2018;9;0;18966,14;2107,34888888889;0;"Municipio";1121;"LAGOINHA";"RRAS17";35174;"VALE PARAIBA REGIAO SERRANA";"Quedas";802,8545941124
"352630";2019;12;1;14897,2;1241,43333333333;83,3333333333333;"Municipio";1159;"LAGOINHA";"RRAS17";35174;"VALE PARAIBA REGIAO SERRANA";"Quedas";1035,37532355479
"352630";2020;6;0;6020,78;1003,46333333333;0;"Municipio";1200;"LAGOINHA";"RRAS17";35174;"VALE PARAIBA REGIAO SERRANA";"Quedas";500
"352630";2021;7;1;17817,59;2545,37;142,857142857143;"Municipio";1230;"LAGOINHA";"RRAS17";35174;"VALE PARAIBA REGIAO SERRANA";"Quedas";569,105691056911
"352630";2022;7;2;12970,75;1852,96428571429;285,714285714286;"Municipio";1254;"LAGOINHA";"RRAS17";35174;"VALE PARAIBA REGIAO SERRANA";"Quedas";558,213716108453
"352630";2023;10;0;16892,22;1689,222;0;"Municipio";1292;"LAGOINHA";"RRAS17";35174;"VALE PARAIBA REGIAO SERRANA";"Quedas";773,993808049536
"352630";2024;13;2;30541,97;2349,38230769231;153,846153846154;"Municipio";1335;"LAGOINHA";"RRAS17";35174;"VALE PARAIBA REGIAO SERRANA";"Quedas";973,782771535581
"352630";2025;11;0;48520,68;4410,97090909091;0;"Municipio";;"LAGOINHA";"RRAS17";35174;"VALE PARAIBA REGIAO SERRANA";"Quedas";
"352640";2015;30;3;54616,9;1820,56333333333;100;"Municipio";4402;"LARANJAL PAULISTA";"RRAS09";35063;"POLO CUESTA";"Quedas";681,508405270332
"352640";2016;37;2;90705,3;2451,49459459459;54,0540540540541;"Municipio";4513;"LARANJAL PAULISTA";"RRAS09";35063;"POLO CUESTA";"Quedas";819,85375581653
"352640";2017;21;0;33185,16;1580,24571428571;0;"Municipio";4634;"LARANJAL PAULISTA";"RRAS09";35063;"POLO CUESTA";"Quedas";453,172205438066
"352640";2018;24;1;51131,49;2130,47875;41,6666666666667;"Municipio";4753;"LARANJAL PAULISTA";"RRAS09";35063;"POLO CUESTA";"Quedas";504,944245739533
"352640";2019;29;1;51255,63;1767,43551724138;34,4827586206897;"Municipio";4874;"LARANJAL PAULISTA";"RRAS09";35063;"POLO CUESTA";"Quedas";594,99384489126
"352640";2020;20;0;30179,59;1508,9795;0;"Municipio";4986;"LARANJAL PAULISTA";"RRAS09";35063;"POLO CUESTA";"Quedas";401,123144805455
"352640";2021;33;1;64760,59;1962,44212121212;30,3030303030303;"Municipio";5073;"LARANJAL PAULISTA";"RRAS09";35063;"POLO CUESTA";"Quedas";650,50266114725
"352640";2022;38;3;50114,47;1318,80184210526;78,9473684210526;"Municipio";5156;"LARANJAL PAULISTA";"RRAS09";35063;"POLO CUESTA";"Quedas";737,00543056633
"352640";2023;32;2;53927,44;1685,2325;62,5;"Municipio";5270;"LARANJAL PAULISTA";"RRAS09";35063;"POLO CUESTA";"Quedas";607,210626185958
"352640";2024;40;4;111748,26;2793,7065;100;"Municipio";5381;"LARANJAL PAULISTA";"RRAS09";35063;"POLO CUESTA";"Quedas";743,356253484482
"352640";2025;28;2;131328,25;4690,29464285714;71,4285714285714;"Municipio";;"LARANJAL PAULISTA";"RRAS09";35063;"POLO CUESTA";"Quedas";
"352650";2015;14;2;17427,32;1244,80857142857;142,857142857143;"Municipio";1017;"LAVINIA";"RRAS19";35022;"LAGOS DO DRS II";"Quedas";1376,59783677483
"352650";2016;10;0;11261,48;1126,148;0;"Municipio";1039;"LAVINIA";"RRAS19";35022;"LAGOS DO DRS II";"Quedas";962,463907603465
"352650";2017;10;0;4038,12;403,812;0;"Municipio";1065;"LAVINIA";"RRAS19";35022;"LAGOS DO DRS II";"Quedas";938,967136150235
"352650";2018;12;0;17710,94;1475,91166666667;0;"Municipio";1088;"LAVINIA";"RRAS19";35022;"LAGOS DO DRS II";"Quedas";1102,94117647059
"352650";2019;10;1;5410,93;541,093;100;"Municipio";1109;"LAVINIA";"RRAS19";35022;"LAGOS DO DRS II";"Quedas";901,713255184851
"352650";2020;8;0;5580,89;697,61125;0;"Municipio";1130;"LAVINIA";"RRAS19";35022;"LAGOS DO DRS II";"Quedas";707,964601769911
"352650";2021;16;0;13117,91;819,869375;0;"Municipio";1147;"LAVINIA";"RRAS19";35022;"LAGOS DO DRS II";"Quedas";1394,9433304272
"352650";2022;10;0;16976,15;1697,615;0;"Municipio";1170;"LAVINIA";"RRAS19";35022;"LAGOS DO DRS II";"Quedas";854,700854700855
"352650";2023;16;4;43177,19;2698,574375;250;"Municipio";1200;"LAVINIA";"RRAS19";35022;"LAGOS DO DRS II";"Quedas";1333,33333333333
"352650";2024;12;2;18945,31;1578,77583333333;166,666666666667;"Municipio";1226;"LAVINIA";"RRAS19";35022;"LAGOS DO DRS II";"Quedas";978,792822185971
"352650";2025;14;0;52133,16;3723,79714285714;0;"Municipio";;"LAVINIA";"RRAS19";35022;"LAGOS DO DRS II";"Quedas";
"352660";2015;2;0;1359,81;679,905;0;"Municipio";778;"LAVRINHAS";"RRAS17";35172;"CIRCUITO DA FE VALE HISTORICO";"Quedas";257,06940874036
"352660";2016;9;1;5187,1;576,344444444444;111,111111111111;"Municipio";814;"LAVRINHAS";"RRAS17";35172;"CIRCUITO DA FE VALE HISTORICO";"Quedas";1105,65110565111
"352660";2017;3;1;18576,14;6192,04666666667;333,333333333333;"Municipio";856;"LAVRINHAS";"RRAS17";35172;"CIRCUITO DA FE VALE HISTORICO";"Quedas";350,467289719626
"352660";2018;4;0;5474,73;1368,6825;0;"Municipio";888;"LAVRINHAS";"RRAS17";35172;"CIRCUITO DA FE VALE HISTORICO";"Quedas";450,45045045045
"352660";2019;9;0;20577,9;2286,43333333333;0;"Municipio";928;"LAVRINHAS";"RRAS17";35172;"CIRCUITO DA FE VALE HISTORICO";"Quedas";969,827586206897
"352660";2020;4;0;9025,56;2256,39;0;"Municipio";969;"LAVRINHAS";"RRAS17";35172;"CIRCUITO DA FE VALE HISTORICO";"Quedas";412,796697626419
"352660";2021;16;2;32196,36;2012,2725;125;"Municipio";1001;"LAVRINHAS";"RRAS17";35172;"CIRCUITO DA FE VALE HISTORICO";"Quedas";1598,4015984016
"352660";2022;8;0;16248,9;2031,1125;0;"Municipio";1037;"LAVRINHAS";"RRAS17";35172;"CIRCUITO DA FE VALE HISTORICO";"Quedas";771,45612343298
"352660";2023;15;0;48970,95;3264,73;0;"Municipio";1076;"LAVRINHAS";"RRAS17";35172;"CIRCUITO DA FE VALE HISTORICO";"Quedas";1394,05204460967
"352660";2024;8;0;12219,64;1527,455;0;"Municipio";1122;"LAVRINHAS";"RRAS17";35172;"CIRCUITO DA FE VALE HISTORICO";"Quedas";713,01247771836
"352660";2025;14;1;64120,72;4580,05142857143;71,4285714285714;"Municipio";;"LAVRINHAS";"RRAS17";35172;"CIRCUITO DA FE VALE HISTORICO";"Quedas";
"352670";2015;13;1;26744,2;2057,24615384615;76,9230769230769;"Municipio";13058;"LEME";"RRAS14";35101;"ARARAS";"Quedas";99,5558278449992
"352670";2016;7;1;18876,82;2696,68857142857;142,857142857143;"Municipio";13535;"LEME";"RRAS14";35101;"ARARAS";"Quedas";51,7177687476912
"352670";2017;20;2;40247,52;2012,376;100;"Municipio";14035;"LEME";"RRAS14";35101;"ARARAS";"Quedas";142,500890630566
"352670";2018;10;1;24935,54;2493,554;100;"Municipio";14548;"LEME";"RRAS14";35101;"ARARAS";"Quedas";68,7379708551004
"352670";2019;12;0;11414,42;951,201666666667;0;"Municipio";15073;"LEME";"RRAS14";35101;"ARARAS";"Quedas";79,6125522457374
"352670";2020;1;0;748,22;748,22;0;"Municipio";15572;"LEME";"RRAS14";35101;"ARARAS";"Quedas";6,42178268687388
"352670";2021;2;0;2007,28;1003,64;0;"Municipio";16011;"LEME";"RRAS14";35101;"ARARAS";"Quedas";12,491412154144
"352670";2022;7;1;22539,02;3219,86;142,857142857143;"Municipio";16460;"LEME";"RRAS14";35101;"ARARAS";"Quedas";42,5273390036452
"352670";2023;9;0;35174,42;3908,26888888889;0;"Municipio";17008;"LEME";"RRAS14";35101;"ARARAS";"Quedas";52,9162746942615
"352670";2024;14;0;25242,27;1803,01928571429;0;"Municipio";17580;"LEME";"RRAS14";35101;"ARARAS";"Quedas";79,6359499431172
"352670";2025;8;0;31568,37;3946,04625;0;"Municipio";;"LEME";"RRAS14";35101;"ARARAS";"Quedas";
"352680";2015;61;3;104204,1;1708,26393442623;49,1803278688525;"Municipio";8723;"LENCOIS PAULISTA";"RRAS09";35062;"BAURU";"Quedas";699,300699300699
"352680";2016;68;4;108631,15;1597,51691176471;58,8235294117647;"Municipio";9072;"LENCOIS PAULISTA";"RRAS09";35062;"BAURU";"Quedas";749,559082892416
"352680";2017;59;4;90249,93;1529,65983050847;67,7966101694915;"Municipio";9441;"LENCOIS PAULISTA";"RRAS09";35062;"BAURU";"Quedas";624,933799385658
"352680";2018;57;5;119991,54;2105,11473684211;87,719298245614;"Municipio";9829;"LENCOIS PAULISTA";"RRAS09";35062;"BAURU";"Quedas";579,916573405229
"352680";2019;74;7;116581,93;1575,43148648649;94,5945945945946;"Municipio";10235;"LENCOIS PAULISTA";"RRAS09";35062;"BAURU";"Quedas";723,009281875916
"352680";2020;66;3;121927,11;1847,38045454545;45,4545454545455;"Municipio";10620;"LENCOIS PAULISTA";"RRAS09";35062;"BAURU";"Quedas";621,468926553672
"352680";2021;71;3;162021,3;2281,99014084507;42,2535211267606;"Municipio";10969;"LENCOIS PAULISTA";"RRAS09";35062;"BAURU";"Quedas";647,278694502689
"352680";2022;59;3;127698,02;2164,37322033898;50,8474576271187;"Municipio";11309;"LENCOIS PAULISTA";"RRAS09";35062;"BAURU";"Quedas";521,708373861526
"352680";2023;87;4;234452,26;2694,85356321839;45,9770114942529;"Municipio";11711;"LENCOIS PAULISTA";"RRAS09";35062;"BAURU";"Quedas";742,891298778926
"352680";2024;86;2;184406,84;2144,26558139535;23,2558139534884;"Municipio";12118;"LENCOIS PAULISTA";"RRAS09";35062;"BAURU";"Quedas";709,688067337844
"352680";2025;85;1;248803,57;2927,10082352941;11,7647058823529;"Municipio";;"LENCOIS PAULISTA";"RRAS09";35062;"BAURU";"Quedas";
"352690";2015;256;10;453117,08;1769,98859375;39,0625;"Municipio";42588;"LIMEIRA";"RRAS14";35102;"LIMEIRA";"Quedas";601,108293415986
"352690";2016;243;13;519819,84;2139,1762962963;53,4979423868313;"Municipio";44319;"LIMEIRA";"RRAS14";35102;"LIMEIRA";"Quedas";548,297569891017
"352690";2017;247;20;590306,56;2389,90510121458;80,9716599190283;"Municipio";46102;"LIMEIRA";"RRAS14";35102;"LIMEIRA";"Quedas";535,768513296603
"352690";2018;248;25;578148,06;2331,24217741935;100,806451612903;"Municipio";47917;"LIMEIRA";"RRAS14";35102;"LIMEIRA";"Quedas";517,561616962665
"352690";2019;283;27;658790,44;2327,88141342756;95,4063604240283;"Municipio";49748;"LIMEIRA";"RRAS14";35102;"LIMEIRA";"Quedas";568,867090134277
"352690";2020;239;19;612076,58;2560,98987447699;79,4979079497908;"Municipio";51491;"LIMEIRA";"RRAS14";35102;"LIMEIRA";"Quedas";464,158785030394
"352690";2021;265;17;666954,68;2516,81011320755;64,1509433962264;"Municipio";52994;"LIMEIRA";"RRAS14";35102;"LIMEIRA";"Quedas";500,056610182285
"352690";2022;340;18;951674,61;2799,04297058824;52,9411764705882;"Municipio";54484;"LIMEIRA";"RRAS14";35102;"LIMEIRA";"Quedas";624,036414360179
"352690";2023;318;18;997318,05;3136,22028301887;56,6037735849057;"Municipio";56178;"LIMEIRA";"RRAS14";35102;"LIMEIRA";"Quedas";566,057887429243
"352690";2024;360;19;1141094,01;3169,70558333333;52,7777777777778;"Municipio";57950;"LIMEIRA";"RRAS14";35102;"LIMEIRA";"Quedas";621,225194132873
"352690";2025;311;19;1363649,35;4384,72459807074;61,0932475884244;"Municipio";;"LIMEIRA";"RRAS14";35102;"LIMEIRA";"Quedas";
"352700";2015;17;0;12850,87;755,933529411765;0;"Municipio";1147;"LINDOIA";"RRAS15";35074;"CIRCUITO DAS AGUAS";"Quedas";1482,1272885789
"352700";2016;10;0;5198,94;519,894;0;"Municipio";1187;"LINDOIA";"RRAS15";35074;"CIRCUITO DAS AGUAS";"Quedas";842,4599831508
"352700";2017;7;0;1711,05;244,435714285714;0;"Municipio";1232;"LINDOIA";"RRAS15";35074;"CIRCUITO DAS AGUAS";"Quedas";568,181818181818
"352700";2018;7;0;8951,11;1278,73;0;"Municipio";1278;"LINDOIA";"RRAS15";35074;"CIRCUITO DAS AGUAS";"Quedas";547,73082942097
"352700";2019;5;0;7177,16;1435,432;0;"Municipio";1331;"LINDOIA";"RRAS15";35074;"CIRCUITO DAS AGUAS";"Quedas";375,657400450789
"352700";2020;7;1;9189,94;1312,84857142857;142,857142857143;"Municipio";1380;"LINDOIA";"RRAS15";35074;"CIRCUITO DAS AGUAS";"Quedas";507,246376811594
"352700";2021;10;0;7627,96;762,796;0;"Municipio";1417;"LINDOIA";"RRAS15";35074;"CIRCUITO DAS AGUAS";"Quedas";705,716302046577
"352700";2022;8;2;14095,37;1761,92125;250;"Municipio";1458;"LINDOIA";"RRAS15";35074;"CIRCUITO DAS AGUAS";"Quedas";548,696844993141
"352700";2023;16;1;25144,29;1571,518125;62,5;"Municipio";1505;"LINDOIA";"RRAS15";35074;"CIRCUITO DAS AGUAS";"Quedas";1063,12292358804
"352700";2024;11;0;6433,65;584,877272727273;0;"Municipio";1553;"LINDOIA";"RRAS15";35074;"CIRCUITO DAS AGUAS";"Quedas";708,306503541533
"352700";2025;14;0;29869,06;2133,50428571429;0;"Municipio";;"LINDOIA";"RRAS15";35074;"CIRCUITO DAS AGUAS";"Quedas";
"352710";2015;157;17;184014,34;1172,06585987261;108,28025477707;"Municipio";12646;"LINS";"RRAS09";35065;"LINS";"Quedas";1241,49928831251
"352710";2016;85;5;118694,07;1396,40082352941;58,8235294117647;"Municipio";13027;"LINS";"RRAS09";35065;"LINS";"Quedas";652,490980271743
"352710";2017;82;4;91428,59;1114,98280487805;48,780487804878;"Municipio";13417;"LINS";"RRAS09";35065;"LINS";"Quedas";611,164940001491
"352710";2018;99;6;133397,68;1347,45131313131;60,6060606060606;"Municipio";13821;"LINS";"RRAS09";35065;"LINS";"Quedas";716,301280659865
"352710";2019;136;5;181516,48;1334,68;36,7647058823529;"Municipio";14217;"LINS";"RRAS09";35065;"LINS";"Quedas";956,601252022227
"352710";2020;113;7;176587,75;1562,72345132743;61,9469026548673;"Municipio";14587;"LINS";"RRAS09";35065;"LINS";"Quedas";774,662370603962
"352710";2021;107;6;182782,29;1708,24570093458;56,0747663551402;"Municipio";14882;"LINS";"RRAS09";35065;"LINS";"Quedas";718,989383147426
"352710";2022;139;11;244814,46;1761,25510791367;79,136690647482;"Municipio";15189;"LINS";"RRAS09";35065;"LINS";"Quedas";915,135953650668
"352710";2023;139;8;274187,25;1972,57014388489;57,5539568345324;"Municipio";15575;"LINS";"RRAS09";35065;"LINS";"Quedas";892,455858747993
"352710";2024;156;10;269769,71;1729,29301282051;64,1025641025641;"Municipio";15979;"LINS";"RRAS09";35065;"LINS";"Quedas";976,281369297203
"352710";2025;184;7;329454,32;1790,51260869565;38,0434782608696;"Municipio";;"LINS";"RRAS09";35065;"LINS";"Quedas";
"352720";2015;60;0;98132,5;1635,54166666667;0;"Municipio";13311;"LORENA";"RRAS17";35172;"CIRCUITO DA FE VALE HISTORICO";"Quedas";450,755014649538
"352720";2016;92;7;129488,52;1407,48391304348;76,0869565217391;"Municipio";13782;"LORENA";"RRAS17";35172;"CIRCUITO DA FE VALE HISTORICO";"Quedas";667,537367580903
"352720";2017;85;8;211112,53;2483,67682352941;94,1176470588235;"Municipio";14253;"LORENA";"RRAS17";35172;"CIRCUITO DA FE VALE HISTORICO";"Quedas";596,365677401249
"352720";2018;88;5;181295,07;2060,17125;56,8181818181818;"Municipio";14730;"LORENA";"RRAS17";35172;"CIRCUITO DA FE VALE HISTORICO";"Quedas";597,420230821453
"352720";2019;107;12;182448,86;1705,12953271028;112,14953271028;"Municipio";15220;"LORENA";"RRAS17";35172;"CIRCUITO DA FE VALE HISTORICO";"Quedas";703,022339027595
"352720";2020;83;4;118700,18;1430,12265060241;48,1927710843374;"Municipio";15680;"LORENA";"RRAS17";35172;"CIRCUITO DA FE VALE HISTORICO";"Quedas";529,336734693878
"352720";2021;107;6;137828,65;1288,11822429907;56,0747663551402;"Municipio";16064;"LORENA";"RRAS17";35172;"CIRCUITO DA FE VALE HISTORICO";"Quedas";666,085657370518
"352720";2022;132;8;250433,66;1897,2246969697;60,6060606060606;"Municipio";16454;"LORENA";"RRAS17";35172;"CIRCUITO DA FE VALE HISTORICO";"Quedas";802,236538227787
"352720";2023;131;4;267449,81;2041,60160305344;30,5343511450382;"Municipio";16915;"LORENA";"RRAS17";35172;"CIRCUITO DA FE VALE HISTORICO";"Quedas";774,460537984038
"352720";2024;132;6;329710,52;2497,80696969697;45,4545454545455;"Municipio";17375;"LORENA";"RRAS17";35172;"CIRCUITO DA FE VALE HISTORICO";"Quedas";759,712230215827
"352720";2025;118;6;348452,45;2952,98686440678;50,8474576271187;"Municipio";;"LORENA";"RRAS17";35172;"CIRCUITO DA FE VALE HISTORICO";"Quedas";
"352725";2015;3;0;2381,94;793,98;0;"Municipio";437;"LOURDES";"RRAS19";35023;"CONSORCIOS DO DRS II";"Quedas";686,49885583524
"352725";2016;3;1;2556,81;852,27;333,333333333333;"Municipio";448;"LOURDES";"RRAS19";35023;"CONSORCIOS DO DRS II";"Quedas";669,642857142857
"352725";2017;1;0;432,02;432,02;0;"Municipio";462;"LOURDES";"RRAS19";35023;"CONSORCIOS DO DRS II";"Quedas";216,450216450216
"352725";2019;5;1;3295,99;659,198;200;"Municipio";478;"LOURDES";"RRAS19";35023;"CONSORCIOS DO DRS II";"Quedas";1046,02510460251
"352725";2020;5;0;3375,66;675,132;0;"Municipio";491;"LOURDES";"RRAS19";35023;"CONSORCIOS DO DRS II";"Quedas";1018,3299389002
"352725";2021;4;0;8703,91;2175,9775;0;"Municipio";499;"LOURDES";"RRAS19";35023;"CONSORCIOS DO DRS II";"Quedas";801,603206412826
"352725";2022;2;1;7048,65;3524,325;500;"Municipio";507;"LOURDES";"RRAS19";35023;"CONSORCIOS DO DRS II";"Quedas";394,477317554241
"352725";2023;7;0;7039,7;1005,67142857143;0;"Municipio";507;"LOURDES";"RRAS19";35023;"CONSORCIOS DO DRS II";"Quedas";1380,67061143984
"352725";2024;7;0;16480,62;2354,37428571429;0;"Municipio";518;"LOURDES";"RRAS19";35023;"CONSORCIOS DO DRS II";"Quedas";1351,35135135135
"352725";2025;6;0;18006,11;3001,01833333333;0;"Municipio";;"LOURDES";"RRAS19";35023;"CONSORCIOS DO DRS II";"Quedas";
"352730";2016;2;0;2108,11;1054,055;0;"Municipio";4413;"LOUVEIRA";"RRAS16";35073;"JUNDIAI";"Quedas";45,3206435531385
"352730";2017;4;0;797,72;199,43;0;"Municipio";4707;"LOUVEIRA";"RRAS16";35073;"JUNDIAI";"Quedas";84,9798172933928
"352730";2018;4;0;5245,05;1311,2625;0;"Municipio";5015;"LOUVEIRA";"RRAS16";35073;"JUNDIAI";"Quedas";79,7607178464606
"352730";2019;3;0;789,01;263,003333333333;0;"Municipio";5341;"LOUVEIRA";"RRAS16";35073;"JUNDIAI";"Quedas";56,1692566935031
"352730";2020;1;0;173,99;173,99;0;"Municipio";5666;"LOUVEIRA";"RRAS16";35073;"JUNDIAI";"Quedas";17,6491351923756
"352730";2021;1;0;721,77;721,77;0;"Municipio";5972;"LOUVEIRA";"RRAS16";35073;"JUNDIAI";"Quedas";16,7448091091762
"352730";2022;9;0;4606,35;511,816666666667;0;"Municipio";6288;"LOUVEIRA";"RRAS16";35073;"JUNDIAI";"Quedas";143,129770992366
"352730";2023;9;0;3781,53;420,17;0;"Municipio";6636;"LOUVEIRA";"RRAS16";35073;"JUNDIAI";"Quedas";135,623869801085
"352730";2024;30;1;13181,43;439,381;33,3333333333333;"Municipio";6995;"LOUVEIRA";"RRAS16";35073;"JUNDIAI";"Quedas";428,877769835597
"352730";2025;17;0;4512,44;265,437647058824;0;"Municipio";;"LOUVEIRA";"RRAS16";35073;"JUNDIAI";"Quedas";
"352740";2015;24;1;39890,98;1662,12416666667;41,6666666666667;"Municipio";3508;"LUCELIA";"RRAS10";35091;"ADAMANTINA";"Quedas";684,150513112885
"352740";2016;23;1;43423;1887,95652173913;43,4782608695652;"Municipio";3601;"LUCELIA";"RRAS10";35091;"ADAMANTINA";"Quedas";638,711469036379
"352740";2017;23;3;32024,27;1392,35956521739;130,434782608696;"Municipio";3703;"LUCELIA";"RRAS10";35091;"ADAMANTINA";"Quedas";621,11801242236
"352740";2018;28;1;28424,4;1015,15714285714;35,7142857142857;"Municipio";3811;"LUCELIA";"RRAS10";35091;"ADAMANTINA";"Quedas";734,715297822094
"352740";2019;18;4;22839,08;1268,83777777778;222,222222222222;"Municipio";3923;"LUCELIA";"RRAS10";35091;"ADAMANTINA";"Quedas";458,832526127963
"352740";2020;36;3;58621,26;1628,36833333333;83,3333333333333;"Municipio";4042;"LUCELIA";"RRAS10";35091;"ADAMANTINA";"Quedas";890,648193963384
"352740";2021;31;2;46827,53;1510,56548387097;64,5161290322581;"Municipio";4137;"LUCELIA";"RRAS10";35091;"ADAMANTINA";"Quedas";749,335267101765
"352740";2022;27;0;53485,27;1980,93592592593;0;"Municipio";4233;"LUCELIA";"RRAS10";35091;"ADAMANTINA";"Quedas";637,845499645641
"352740";2023;32;2;56416,67;1763,0209375;62,5;"Municipio";4364;"LUCELIA";"RRAS10";35091;"ADAMANTINA";"Quedas";733,272227314391
"352740";2024;40;1;80932,35;2023,30875;25;"Municipio";4492;"LUCELIA";"RRAS10";35091;"ADAMANTINA";"Quedas";890,471950133571
"352740";2025;46;3;153436,13;3335,56804347826;65,2173913043478;"Municipio";;"LUCELIA";"RRAS10";35091;"ADAMANTINA";"Quedas";
"352750";2015;4;0;6443,71;1610,9275;0;"Municipio";455;"LUCIANOPOLIS";"RRAS09";35062;"BAURU";"Quedas";879,120879120879
"352750";2016;6;0;6544,91;1090,81833333333;0;"Municipio";473;"LUCIANOPOLIS";"RRAS09";35062;"BAURU";"Quedas";1268,49894291755
"352750";2017;7;0;9395,02;1342,14571428571;0;"Municipio";488;"LUCIANOPOLIS";"RRAS09";35062;"BAURU";"Quedas";1434,4262295082
"352750";2018;6;0;7351,27;1225,21166666667;0;"Municipio";501;"LUCIANOPOLIS";"RRAS09";35062;"BAURU";"Quedas";1197,60479041916
"352750";2019;8;0;7929,85;991,23125;0;"Municipio";510;"LUCIANOPOLIS";"RRAS09";35062;"BAURU";"Quedas";1568,62745098039
"352750";2020;6;0;12111,72;2018,62;0;"Municipio";520;"LUCIANOPOLIS";"RRAS09";35062;"BAURU";"Quedas";1153,84615384615
"352750";2021;6;0;9417,35;1569,55833333333;0;"Municipio";526;"LUCIANOPOLIS";"RRAS09";35062;"BAURU";"Quedas";1140,68441064639
"352750";2022;8;0;9353,68;1169,21;0;"Municipio";530;"LUCIANOPOLIS";"RRAS09";35062;"BAURU";"Quedas";1509,43396226415
"352750";2023;5;0;10438,26;2087,652;0;"Municipio";529;"LUCIANOPOLIS";"RRAS09";35062;"BAURU";"Quedas";945,179584120983
"352750";2024;8;0;16301,99;2037,74875;0;"Municipio";538;"LUCIANOPOLIS";"RRAS09";35062;"BAURU";"Quedas";1486,98884758364
"352750";2025;6;0;3197,2;532,866666666667;0;"Municipio";;"LUCIANOPOLIS";"RRAS09";35062;"BAURU";"Quedas";
"352760";2015;7;0;8135,74;1162,24857142857;0;"Municipio";1210;"LUIS ANTONIO";"RRAS13";35132;"AQUIFERO GUARANI";"Quedas";578,512396694215
"352760";2016;4;1;13131,59;3282,8975;250;"Municipio";1288;"LUIS ANTONIO";"RRAS13";35132;"AQUIFERO GUARANI";"Quedas";310,55900621118
"352760";2017;8;1;9294,09;1161,76125;125;"Municipio";1368;"LUIS ANTONIO";"RRAS13";35132;"AQUIFERO GUARANI";"Quedas";584,795321637427
"352760";2018;13;0;13966,83;1074,37153846154;0;"Municipio";1455;"LUIS ANTONIO";"RRAS13";35132;"AQUIFERO GUARANI";"Quedas";893,470790378007
"352760";2019;8;1;20949,53;2618,69125;125;"Municipio";1539;"LUIS ANTONIO";"RRAS13";35132;"AQUIFERO GUARANI";"Quedas";519,818063677713
"352760";2020;10;2;38147,76;3814,776;200;"Municipio";1627;"LUIS ANTONIO";"RRAS13";35132;"AQUIFERO GUARANI";"Quedas";614,628149969269
"352760";2021;12;0;20245,78;1687,14833333333;0;"Municipio";1705;"LUIS ANTONIO";"RRAS13";35132;"AQUIFERO GUARANI";"Quedas";703,812316715542
"352760";2022;15;0;28839,29;1922,61933333333;0;"Municipio";1780;"LUIS ANTONIO";"RRAS13";35132;"AQUIFERO GUARANI";"Quedas";842,696629213483
"352760";2023;15;0;22753,33;1516,88866666667;0;"Municipio";1864;"LUIS ANTONIO";"RRAS13";35132;"AQUIFERO GUARANI";"Quedas";804,721030042918
"352760";2024;5;1;16289,29;3257,858;200;"Municipio";1937;"LUIS ANTONIO";"RRAS13";35132;"AQUIFERO GUARANI";"Quedas";258,131130614352
"352760";2025;11;2;45128,73;4102,61181818182;181,818181818182;"Municipio";;"LUIS ANTONIO";"RRAS13";35132;"AQUIFERO GUARANI";"Quedas";
"352770";2015;3;0;3515,46;1171,82;0;"Municipio";780;"LUIZIANIA";"RRAS19";35023;"CONSORCIOS DO DRS II";"Quedas";384,615384615385
"352770";2016;3;1;928,02;309,34;333,333333333333;"Municipio";803;"LUIZIANIA";"RRAS19";35023;"CONSORCIOS DO DRS II";"Quedas";373,59900373599
"352770";2017;3;0;6020,29;2006,76333333333;0;"Municipio";815;"LUIZIANIA";"RRAS19";35023;"CONSORCIOS DO DRS II";"Quedas";368,098159509202
"352770";2018;5;0;3124,03;624,806;0;"Municipio";843;"LUIZIANIA";"RRAS19";35023;"CONSORCIOS DO DRS II";"Quedas";593,119810201661
"352770";2019;12;1;23259,6;1938,3;83,3333333333333;"Municipio";864;"LUIZIANIA";"RRAS19";35023;"CONSORCIOS DO DRS II";"Quedas";1388,88888888889
"352770";2020;8;1;13950,76;1743,845;125;"Municipio";884;"LUIZIANIA";"RRAS19";35023;"CONSORCIOS DO DRS II";"Quedas";904,977375565611
"352770";2021;8;2;6534,28;816,785;250;"Municipio";898;"LUIZIANIA";"RRAS19";35023;"CONSORCIOS DO DRS II";"Quedas";890,86859688196
"352770";2022;9;1;9181,12;1020,12444444444;111,111111111111;"Municipio";919;"LUIZIANIA";"RRAS19";35023;"CONSORCIOS DO DRS II";"Quedas";979,325353645267
"352770";2023;8;1;7370,73;921,34125;125;"Municipio";940;"LUIZIANIA";"RRAS19";35023;"CONSORCIOS DO DRS II";"Quedas";851,063829787234
"352770";2024;13;1;17599,2;1353,78461538462;76,9230769230769;"Municipio";962;"LUIZIANIA";"RRAS19";35023;"CONSORCIOS DO DRS II";"Quedas";1351,35135135135
"352770";2025;6;0;7933,1;1322,18333333333;0;"Municipio";;"LUIZIANIA";"RRAS19";35023;"CONSORCIOS DO DRS II";"Quedas";
"352780";2015;7;0;4641;663;0;"Municipio";718;"LUPERCIO";"RRAS10";35093;"MARILIA";"Quedas";974,930362116992
"352780";2016;2;0;5382,06;2691,03;0;"Municipio";737;"LUPERCIO";"RRAS10";35093;"MARILIA";"Quedas";271,370420624152
"352780";2017;3;1;2338,64;779,546666666667;333,333333333333;"Municipio";752;"LUPERCIO";"RRAS10";35093;"MARILIA";"Quedas";398,936170212766
"352780";2018;10;1;44378,72;4437,872;100;"Municipio";768;"LUPERCIO";"RRAS10";35093;"MARILIA";"Quedas";1302,08333333333
"352780";2019;5;0;906,29;181,258;0;"Municipio";786;"LUPERCIO";"RRAS10";35093;"MARILIA";"Quedas";636,132315521628
"352780";2020;3;1;19154,83;6384,94333333333;333,333333333333;"Municipio";801;"LUPERCIO";"RRAS10";35093;"MARILIA";"Quedas";374,531835205993
"352780";2021;2;0;6183,8;3091,9;0;"Municipio";814;"LUPERCIO";"RRAS10";35093;"MARILIA";"Quedas";245,700245700246
"352780";2022;10;2;25231,69;2523,169;200;"Municipio";833;"LUPERCIO";"RRAS10";35093;"MARILIA";"Quedas";1200,48019207683
"352780";2023;6;0;8693,99;1448,99833333333;0;"Municipio";852;"LUPERCIO";"RRAS10";35093;"MARILIA";"Quedas";704,225352112676
"352780";2024;5;1;33358,95;6671,79;200;"Municipio";876;"LUPERCIO";"RRAS10";35093;"MARILIA";"Quedas";570,776255707763
"352780";2025;9;0;28690,57;3187,84111111111;0;"Municipio";;"LUPERCIO";"RRAS10";35093;"MARILIA";"Quedas";
"352790";2015;2;1;11622,69;5811,345;500;"Municipio";483;"LUTECIA";"RRAS10";35092;"ASSIS";"Quedas";414,07867494824
"352790";2016;6;2;4457,28;742,88;333,333333333333;"Municipio";492;"LUTECIA";"RRAS10";35092;"ASSIS";"Quedas";1219,51219512195
"352790";2017;3;0;8418,95;2806,31666666667;0;"Municipio";504;"LUTECIA";"RRAS10";35092;"ASSIS";"Quedas";595,238095238095
"352790";2018;2;0;9659,87;4829,935;0;"Municipio";518;"LUTECIA";"RRAS10";35092;"ASSIS";"Quedas";386,100386100386
"352790";2019;5;0;11042,71;2208,542;0;"Municipio";536;"LUTECIA";"RRAS10";35092;"ASSIS";"Quedas";932,835820895522
"352790";2020;4;1;9205,66;2301,415;250;"Municipio";553;"LUTECIA";"RRAS10";35092;"ASSIS";"Quedas";723,327305605787
"352790";2021;2;0;2684,29;1342,145;0;"Municipio";564;"LUTECIA";"RRAS10";35092;"ASSIS";"Quedas";354,609929078014
"352790";2022;6;0;11088,5;1848,08333333333;0;"Municipio";580;"LUTECIA";"RRAS10";35092;"ASSIS";"Quedas";1034,48275862069
"352790";2023;6;0;6450,68;1075,11333333333;0;"Municipio";589;"LUTECIA";"RRAS10";35092;"ASSIS";"Quedas";1018,67572156197
"352790";2024;8;0;5239,16;654,895;0;"Municipio";612;"LUTECIA";"RRAS10";35092;"ASSIS";"Quedas";1307,18954248366
"352790";2025;10;0;17171,8;1717,18;0;"Municipio";;"LUTECIA";"RRAS10";35092;"ASSIS";"Quedas";
"352800";2015;34;0;23604,25;694,242647058824;0;"Municipio";2310;"MACATUBA";"RRAS09";35062;"BAURU";"Quedas";1471,86147186147
"352800";2016;43;4;40856,49;950,150930232558;93,0232558139535;"Municipio";2384;"MACATUBA";"RRAS09";35062;"BAURU";"Quedas";1803,69127516779
"352800";2017;44;0;30681,02;697,295909090909;0;"Municipio";2476;"MACATUBA";"RRAS09";35062;"BAURU";"Quedas";1777,05977382876
"352800";2018;54;2;49953,05;925,056481481481;37,037037037037;"Municipio";2564;"MACATUBA";"RRAS09";35062;"BAURU";"Quedas";2106,08424336973
"352800";2019;63;2;60124,43;954,356031746032;31,7460317460317;"Municipio";2659;"MACATUBA";"RRAS09";35062;"BAURU";"Quedas";2369,31177134261
"352800";2020;74;1;57204,45;773,033108108108;13,5135135135135;"Municipio";2752;"MACATUBA";"RRAS09";35062;"BAURU";"Quedas";2688,95348837209
"352800";2021;64;1;54072,17;844,87765625;15,625;"Municipio";2832;"MACATUBA";"RRAS09";35062;"BAURU";"Quedas";2259,88700564972
"352800";2022;47;0;32201,25;685,132978723404;0;"Municipio";2920;"MACATUBA";"RRAS09";35062;"BAURU";"Quedas";1609,58904109589
"352800";2023;97;2;104355,62;1075,83113402062;20,6185567010309;"Municipio";3022;"MACATUBA";"RRAS09";35062;"BAURU";"Quedas";3209,79483785572
"352800";2024;68;0;71753,06;1055,19205882353;0;"Municipio";3128;"MACATUBA";"RRAS09";35062;"BAURU";"Quedas";2173,91304347826
"352800";2025;68;1;102145,48;1502,13941176471;14,7058823529412;"Municipio";;"MACATUBA";"RRAS09";35062;"BAURU";"Quedas";
"352810";2015;8;1;18380,7;2297,5875;125;"Municipio";1661;"MACAUBAL";"RRAS12";35157;"VOTUPORANGA";"Quedas";481,637567730283
"352810";2016;8;1;18808,44;2351,055;125;"Municipio";1707;"MACAUBAL";"RRAS12";35157;"VOTUPORANGA";"Quedas";468,658465143527
"352810";2017;17;1;25420,66;1495,33294117647;58,8235294117647;"Municipio";1757;"MACAUBAL";"RRAS12";35157;"VOTUPORANGA";"Quedas";967,558338076266
"352810";2018;14;0;34539,19;2467,085;0;"Municipio";1798;"MACAUBAL";"RRAS12";35157;"VOTUPORANGA";"Quedas";778,642936596218
"352810";2019;13;1;25462,76;1958,67384615385;76,9230769230769;"Municipio";1846;"MACAUBAL";"RRAS12";35157;"VOTUPORANGA";"Quedas";704,225352112676
"352810";2020;13;2;18736,38;1441,26;153,846153846154;"Municipio";1889;"MACAUBAL";"RRAS12";35157;"VOTUPORANGA";"Quedas";688,194812069878
"352810";2021;14;2;26101,31;1864,37928571429;142,857142857143;"Municipio";1915;"MACAUBAL";"RRAS12";35157;"VOTUPORANGA";"Quedas";731,070496083551
"352810";2022;17;2;43145,66;2537,98;117,647058823529;"Municipio";1942;"MACAUBAL";"RRAS12";35157;"VOTUPORANGA";"Quedas";875,386199794027
"352810";2023;19;0;42393,44;2231,23368421053;0;"Municipio";1984;"MACAUBAL";"RRAS12";35157;"VOTUPORANGA";"Quedas";957,661290322581
"352810";2024;22;0;70338,74;3197,21545454545;0;"Municipio";2022;"MACAUBAL";"RRAS12";35157;"VOTUPORANGA";"Quedas";1088,03165182987
"352810";2025;31;4;80377,51;2592,82290322581;129,032258064516;"Municipio";;"MACAUBAL";"RRAS12";35157;"VOTUPORANGA";"Quedas";
"352820";2015;12;2;32485,22;2707,10166666667;166,666666666667;"Municipio";795;"MACEDONIA";"RRAS12";35154;"FERNANDOPOLIS";"Quedas";1509,43396226415
"352820";2016;8;0;8324,97;1040,62125;0;"Municipio";820;"MACEDONIA";"RRAS12";35154;"FERNANDOPOLIS";"Quedas";975,609756097561
"352820";2017;8;0;12172,8;1521,6;0;"Municipio";847;"MACEDONIA";"RRAS12";35154;"FERNANDOPOLIS";"Quedas";944,510035419126
"352820";2018;6;0;11098,38;1849,73;0;"Municipio";873;"MACEDONIA";"RRAS12";35154;"FERNANDOPOLIS";"Quedas";687,285223367698
"352820";2019;11;0;26506,86;2409,71454545455;0;"Municipio";901;"MACEDONIA";"RRAS12";35154;"FERNANDOPOLIS";"Quedas";1220,86570477248
"352820";2020;7;2;6235,47;890,781428571429;285,714285714286;"Municipio";930;"MACEDONIA";"RRAS12";35154;"FERNANDOPOLIS";"Quedas";752,688172043011
"352820";2021;6;0;3537,44;589,573333333333;0;"Municipio";949;"MACEDONIA";"RRAS12";35154;"FERNANDOPOLIS";"Quedas";632,244467860906
"352820";2022;15;1;59285,18;3952,34533333333;66,6666666666667;"Municipio";974;"MACEDONIA";"RRAS12";35154;"FERNANDOPOLIS";"Quedas";1540,04106776181
"352820";2023;15;1;20640,56;1376,03733333333;66,6666666666667;"Municipio";1000;"MACEDONIA";"RRAS12";35154;"FERNANDOPOLIS";"Quedas";1500
"352820";2024;19;3;41414,9;2179,73157894737;157,894736842105;"Municipio";1028;"MACEDONIA";"RRAS12";35154;"FERNANDOPOLIS";"Quedas";1848,24902723735
"352820";2025;16;1;42951,23;2684,451875;62,5;"Municipio";;"MACEDONIA";"RRAS12";35154;"FERNANDOPOLIS";"Quedas";
"352830";2015;6;0;13298,79;2216,465;0;"Municipio";714;"MAGDA";"RRAS12";35157;"VOTUPORANGA";"Quedas";840,336134453781
"352830";2016;3;0;8519,79;2839,93;0;"Municipio";733;"MAGDA";"RRAS12";35157;"VOTUPORANGA";"Quedas";409,276944065484
"352830";2017;4;0;7683,7;1920,925;0;"Municipio";755;"MAGDA";"RRAS12";35157;"VOTUPORANGA";"Quedas";529,801324503311
"352830";2018;10;0;23413,59;2341,359;0;"Municipio";771;"MAGDA";"RRAS12";35157;"VOTUPORANGA";"Quedas";1297,0168612192
"352830";2019;4;0;6417,13;1604,2825;0;"Municipio";796;"MAGDA";"RRAS12";35157;"VOTUPORANGA";"Quedas";502,51256281407
"352830";2020;4;0;4953,18;1238,295;0;"Municipio";814;"MAGDA";"RRAS12";35157;"VOTUPORANGA";"Quedas";491,400491400491
"352830";2021;6;0;9712,53;1618,755;0;"Municipio";829;"MAGDA";"RRAS12";35157;"VOTUPORANGA";"Quedas";723,763570566948
"352830";2022;10;0;27379,95;2737,995;0;"Municipio";841;"MAGDA";"RRAS12";35157;"VOTUPORANGA";"Quedas";1189,06064209275
"352830";2023;7;0;8206,12;1172,30285714286;0;"Municipio";854;"MAGDA";"RRAS12";35157;"VOTUPORANGA";"Quedas";819,672131147541
"352830";2024;13;0;27940,62;2149,27846153846;0;"Municipio";868;"MAGDA";"RRAS12";35157;"VOTUPORANGA";"Quedas";1497,69585253456
"352830";2025;15;0;15456,56;1030,43733333333;0;"Municipio";;"MAGDA";"RRAS12";35157;"VOTUPORANGA";"Quedas";
"352840";2015;24;2;47388,97;1974,54041666667;83,3333333333333;"Municipio";6055;"MAIRINQUE";"RRAS08";35163;"SOROCABA";"Quedas";396,366639141206
"352840";2016;14;2;31784,17;2270,29785714286;142,857142857143;"Municipio";6355;"MAIRINQUE";"RRAS08";35163;"SOROCABA";"Quedas";220,29897718332
"352840";2017;24;1;62862,5;2619,27083333333;41,6666666666667;"Municipio";6671;"MAIRINQUE";"RRAS08";35163;"SOROCABA";"Quedas";359,766152001199
"352840";2018;23;2;31770,18;1381,31217391304;86,9565217391304;"Municipio";6999;"MAIRINQUE";"RRAS08";35163;"SOROCABA";"Quedas";328,618374053436
"352840";2019;34;2;43144,3;1268,95;58,8235294117647;"Municipio";7342;"MAIRINQUE";"RRAS08";35163;"SOROCABA";"Quedas";463,0890765459
"352840";2020;35;0;47736,86;1363,91028571429;0;"Municipio";7679;"MAIRINQUE";"RRAS08";35163;"SOROCABA";"Quedas";455,788514129444
"352840";2021;43;5;77542,99;1803,32534883721;116,279069767442;"Municipio";7985;"MAIRINQUE";"RRAS08";35163;"SOROCABA";"Quedas";538,509705698184
"352840";2022;49;0;106636,28;2176,2506122449;0;"Municipio";8297;"MAIRINQUE";"RRAS08";35163;"SOROCABA";"Quedas";590,574906592744
"352840";2023;49;5;93899;1916,30612244898;102,040816326531;"Municipio";8649;"MAIRINQUE";"RRAS08";35163;"SOROCABA";"Quedas";566,539484333449
"352840";2024;40;0;79128,04;1978,201;0;"Municipio";9014;"MAIRINQUE";"RRAS08";35163;"SOROCABA";"Quedas";443,754160195252
"352840";2025;46;3;104490,34;2271,52913043478;65,2173913043478;"Municipio";;"MAIRINQUE";"RRAS08";35163;"SOROCABA";"Quedas";
"352850";2015;93;4;53341,58;573,565376344086;43,010752688172;"Municipio";11284;"MAIRIPORA";"RRAS03";35012;"FRANCO DA ROCHA";"Quedas";824,175824175824
"352850";2016;92;2;89911,65;977,300543478261;21,7391304347826;"Municipio";11936;"MAIRIPORA";"RRAS03";35012;"FRANCO DA ROCHA";"Quedas";770,777479892761
"352850";2017;64;6;100055,74;1563,3709375;93,75;"Municipio";12608;"MAIRIPORA";"RRAS03";35012;"FRANCO DA ROCHA";"Quedas";507,614213197969
"352850";2018;59;3;112908,89;1913,71;50,8474576271187;"Municipio";13292;"MAIRIPORA";"RRAS03";35012;"FRANCO DA ROCHA";"Quedas";443,87601564851
"352850";2019;75;6;103655,88;1382,0784;80;"Municipio";14008;"MAIRIPORA";"RRAS03";35012;"FRANCO DA ROCHA";"Quedas";535,408338092519
"352850";2020;64;4;92591,61;1446,74390625;62,5;"Municipio";14713;"MAIRIPORA";"RRAS03";35012;"FRANCO DA ROCHA";"Quedas";434,989465098892
"352850";2021;112;4;129683,78;1157,89089285714;35,7142857142857;"Municipio";15368;"MAIRIPORA";"RRAS03";35012;"FRANCO DA ROCHA";"Quedas";728,787090057262
"352850";2022;77;5;134085,17;1741,36584415584;64,9350649350649;"Municipio";16025;"MAIRIPORA";"RRAS03";35012;"FRANCO DA ROCHA";"Quedas";480,499219968799
"352850";2023;187;10;138038,99;738,176417112299;53,475935828877;"Municipio";16744;"MAIRIPORA";"RRAS03";35012;"FRANCO DA ROCHA";"Quedas";1116,81796464405
"352850";2024;189;6;131212,55;694,246296296296;31,7460317460317;"Municipio";17501;"MAIRIPORA";"RRAS03";35012;"FRANCO DA ROCHA";"Quedas";1079,93828924061
"352850";2025;174;8;129791,35;745,927298850575;45,9770114942529;"Municipio";;"MAIRIPORA";"RRAS03";35012;"FRANCO DA ROCHA";"Quedas";
"352860";2015;10;0;6238,15;623,815;0;"Municipio";1600;"MANDURI";"RRAS09";35061;"VALE DO JURUMIRIM";"Quedas";625
"352860";2016;20;1;24052,88;1202,644;50;"Municipio";1654;"MANDURI";"RRAS09";35061;"VALE DO JURUMIRIM";"Quedas";1209,18984280532
"352860";2017;14;0;20782,83;1484,48785714286;0;"Municipio";1714;"MANDURI";"RRAS09";35061;"VALE DO JURUMIRIM";"Quedas";816,802800466744
"352860";2018;15;0;24201,73;1613,44866666667;0;"Municipio";1774;"MANDURI";"RRAS09";35061;"VALE DO JURUMIRIM";"Quedas";845,54678692221
"352860";2019;19;1;31362,92;1650,68;52,6315789473684;"Municipio";1831;"MANDURI";"RRAS09";35061;"VALE DO JURUMIRIM";"Quedas";1037,68432550519
"352860";2020;16;1;25044,54;1565,28375;62,5;"Municipio";1891;"MANDURI";"RRAS09";35061;"VALE DO JURUMIRIM";"Quedas";846,113167636171
"352860";2021;9;1;24291,91;2699,10111111111;111,111111111111;"Municipio";1935;"MANDURI";"RRAS09";35061;"VALE DO JURUMIRIM";"Quedas";465,116279069767
"352860";2022;26;1;56945,54;2190,21307692308;38,4615384615385;"Municipio";1987;"MANDURI";"RRAS09";35061;"VALE DO JURUMIRIM";"Quedas";1308,50528434826
"352860";2023;11;1;13903,07;1263,91545454545;90,9090909090909;"Municipio";2041;"MANDURI";"RRAS09";35061;"VALE DO JURUMIRIM";"Quedas";538,951494365507
"352860";2024;20;0;36495,8;1824,79;0;"Municipio";2107;"MANDURI";"RRAS09";35061;"VALE DO JURUMIRIM";"Quedas";949,21689606075
"352860";2025;27;2;73513,58;2722,72518518519;74,0740740740741;"Municipio";;"MANDURI";"RRAS09";35061;"VALE DO JURUMIRIM";"Quedas";
"352870";2015;8;1;4179,62;522,4525;125;"Municipio";609;"MARABA PAULISTA";"RRAS11";35114;"EXTREMO OESTE PAULISTA";"Quedas";1313,6288998358
"352870";2016;9;0;5194,51;577,167777777778;0;"Municipio";626;"MARABA PAULISTA";"RRAS11";35114;"EXTREMO OESTE PAULISTA";"Quedas";1437,69968051118
"352870";2017;10;1;19708,21;1970,821;100;"Municipio";647;"MARABA PAULISTA";"RRAS11";35114;"EXTREMO OESTE PAULISTA";"Quedas";1545,59505409583
"352870";2018;4;0;3420,87;855,2175;0;"Municipio";670;"MARABA PAULISTA";"RRAS11";35114;"EXTREMO OESTE PAULISTA";"Quedas";597,014925373134
"352870";2019;3;0;6537,05;2179,01666666667;0;"Municipio";694;"MARABA PAULISTA";"RRAS11";35114;"EXTREMO OESTE PAULISTA";"Quedas";432,276657060519
"352870";2020;2;0;322,02;161,01;0;"Municipio";719;"MARABA PAULISTA";"RRAS11";35114;"EXTREMO OESTE PAULISTA";"Quedas";278,164116828929
"352870";2021;5;1;21788,22;4357,644;200;"Municipio";739;"MARABA PAULISTA";"RRAS11";35114;"EXTREMO OESTE PAULISTA";"Quedas";676,5899864682
"352870";2022;4;1;11954,94;2988,735;250;"Municipio";765;"MARABA PAULISTA";"RRAS11";35114;"EXTREMO OESTE PAULISTA";"Quedas";522,875816993464
"352870";2023;7;0;9397,35;1342,47857142857;0;"Municipio";793;"MARABA PAULISTA";"RRAS11";35114;"EXTREMO OESTE PAULISTA";"Quedas";882,723833543506
"352870";2024;12;0;14919,27;1243,2725;0;"Municipio";831;"MARABA PAULISTA";"RRAS11";35114;"EXTREMO OESTE PAULISTA";"Quedas";1444,04332129964
"352870";2025;2;0;341,51;170,755;0;"Municipio";;"MARABA PAULISTA";"RRAS11";35114;"EXTREMO OESTE PAULISTA";"Quedas";
"352880";2015;7;0;5834,26;833,465714285714;0;"Municipio";2095;"MARACAI";"RRAS10";35092;"ASSIS";"Quedas";334,128878281623
"352880";2016;21;0;29194,52;1390,21523809524;0;"Municipio";2157;"MARACAI";"RRAS10";35092;"ASSIS";"Quedas";973,574408901252
"352880";2017;6;1;13318,33;2219,72166666667;166,666666666667;"Municipio";2214;"MARACAI";"RRAS10";35092;"ASSIS";"Quedas";271,0027100271
"352880";2018;12;1;32297,44;2691,45333333333;83,3333333333333;"Municipio";2270;"MARACAI";"RRAS10";35092;"ASSIS";"Quedas";528,63436123348
"352880";2019;12;0;38535,9;3211,325;0;"Municipio";2330;"MARACAI";"RRAS10";35092;"ASSIS";"Quedas";515,021459227468
"352880";2020;22;1;42077,79;1912,62681818182;45,4545454545455;"Municipio";2379;"MARACAI";"RRAS10";35092;"ASSIS";"Quedas";924,758301807482
"352880";2021;13;0;15648,71;1203,74692307692;0;"Municipio";2424;"MARACAI";"RRAS10";35092;"ASSIS";"Quedas";536,303630363036
"352880";2022;20;1;45828,44;2291,422;50;"Municipio";2468;"MARACAI";"RRAS10";35092;"ASSIS";"Quedas";810,372771474878
"352880";2023;27;1;39359,54;1457,76074074074;37,037037037037;"Municipio";2530;"MARACAI";"RRAS10";35092;"ASSIS";"Quedas";1067,19367588933
"352880";2024;25;1;51025,65;2041,026;40;"Municipio";2612;"MARACAI";"RRAS10";35092;"ASSIS";"Quedas";957,120980091884
"352880";2025;15;0;35295,5;2353,03333333333;0;"Municipio";;"MARACAI";"RRAS10";35092;"ASSIS";"Quedas";
"352885";2015;4;0;13492,47;3373,1175;0;"Municipio";494;"MARAPOAMA";"RRAS12";35151;"CATANDUVA";"Quedas";809,716599190283
"352885";2016;3;0;2960,66;986,886666666667;0;"Municipio";509;"MARAPOAMA";"RRAS12";35151;"CATANDUVA";"Quedas";589,390962671906
"352885";2017;5;0;6805,13;1361,026;0;"Municipio";529;"MARAPOAMA";"RRAS12";35151;"CATANDUVA";"Quedas";945,179584120983
"352885";2018;3;1;6143,91;2047,97;333,333333333333;"Municipio";554;"MARAPOAMA";"RRAS12";35151;"CATANDUVA";"Quedas";541,516245487365
"352885";2019;6;0;15408,66;2568,11;0;"Municipio";575;"MARAPOAMA";"RRAS12";35151;"CATANDUVA";"Quedas";1043,47826086957
"352885";2020;4;0;10613,64;2653,41;0;"Municipio";593;"MARAPOAMA";"RRAS12";35151;"CATANDUVA";"Quedas";674,536256323777
"352885";2021;5;0;14612,02;2922,404;0;"Municipio";610;"MARAPOAMA";"RRAS12";35151;"CATANDUVA";"Quedas";819,672131147541
"352885";2022;6;1;14744,47;2457,41166666667;166,666666666667;"Municipio";625;"MARAPOAMA";"RRAS12";35151;"CATANDUVA";"Quedas";960
"352885";2023;1;0;2389,01;2389,01;0;"Municipio";637;"MARAPOAMA";"RRAS12";35151;"CATANDUVA";"Quedas";156,985871271586
"352885";2024;2;0;3939,04;1969,52;0;"Municipio";673;"MARAPOAMA";"RRAS12";35151;"CATANDUVA";"Quedas";297,176820208024
"352885";2025;5;0;8252,52;1650,504;0;"Municipio";;"MARAPOAMA";"RRAS12";35151;"CATANDUVA";"Quedas";
"352890";2015;7;0;4438,62;634,088571428571;0;"Municipio";705;"MARIAPOLIS";"RRAS10";35091;"ADAMANTINA";"Quedas";992,90780141844
"352890";2016;5;1;14931,95;2986,39;200;"Municipio";717;"MARIAPOLIS";"RRAS10";35091;"ADAMANTINA";"Quedas";697,350069735007
"352890";2017;6;1;20132,45;3355,40833333333;166,666666666667;"Municipio";734;"MARIAPOLIS";"RRAS10";35091;"ADAMANTINA";"Quedas";817,438692098093
"352890";2018;3;1;2860,22;953,406666666667;333,333333333333;"Municipio";749;"MARIAPOLIS";"RRAS10";35091;"ADAMANTINA";"Quedas";400,534045393858
"352890";2019;6;2;11206,88;1867,81333333333;333,333333333333;"Municipio";774;"MARIAPOLIS";"RRAS10";35091;"ADAMANTINA";"Quedas";775,193798449612
"352890";2020;2;0;1951,99;975,995;0;"Municipio";791;"MARIAPOLIS";"RRAS10";35091;"ADAMANTINA";"Quedas";252,844500632111
"352890";2021;10;1;29013,37;2901,337;100;"Municipio";810;"MARIAPOLIS";"RRAS10";35091;"ADAMANTINA";"Quedas";1234,56790123457
"352890";2022;3;1;2857,37;952,456666666667;333,333333333333;"Municipio";829;"MARIAPOLIS";"RRAS10";35091;"ADAMANTINA";"Quedas";361,881785283474
"352890";2023;9;0;14031,99;1559,11;0;"Municipio";854;"MARIAPOLIS";"RRAS10";35091;"ADAMANTINA";"Quedas";1053,86416861827
"352890";2024;4;0;1823,64;455,91;0;"Municipio";874;"MARIAPOLIS";"RRAS10";35091;"ADAMANTINA";"Quedas";457,66590389016
"352890";2025;7;0;36742,47;5248,92428571429;0;"Municipio";;"MARIAPOLIS";"RRAS10";35091;"ADAMANTINA";"Quedas";
"352900";2015;227;18;511685,06;2254,11920704846;79,295154185022;"Municipio";37555;"MARILIA";"RRAS10";35093;"MARILIA";"Quedas";604,446811343363
"352900";2016;218;24;540862,57;2481,02096330275;110,091743119266;"Municipio";38831;"MARILIA";"RRAS10";35093;"MARILIA";"Quedas";561,407123174783
"352900";2017;232;28;607243,38;2617,42836206897;120,689655172414;"Municipio";40145;"MARILIA";"RRAS10";35093;"MARILIA";"Quedas";577,905094034126
"352900";2018;219;20;497164,08;2270,15561643836;91,324200913242;"Municipio";41489;"MARILIA";"RRAS10";35093;"MARILIA";"Quedas";527,850755621972
"352900";2019;271;25;687722,07;2537,71981549816;92,2509225092251;"Municipio";42847;"MARILIA";"RRAS10";35093;"MARILIA";"Quedas";632,483020981632
"352900";2020;324;21;557631,23;1721,08404320988;64,8148148148148;"Municipio";44131;"MARILIA";"RRAS10";35093;"MARILIA";"Quedas";734,177788855906
"352900";2021;269;21;514212,93;1911,57223048327;78,0669144981413;"Municipio";45202;"MARILIA";"RRAS10";35093;"MARILIA";"Quedas";595,106411220742
"352900";2022;369;24;761427,55;2063,48929539295;65,0406504065041;"Municipio";46288;"MARILIA";"RRAS10";35093;"MARILIA";"Quedas";797,182855167646
"352900";2023;445;30;1000053,62;2247,31150561798;67,4157303370787;"Municipio";47577;"MARILIA";"RRAS10";35093;"MARILIA";"Quedas";935,32589276331
"352900";2024;369;25;790701,86;2142,82346883469;67,7506775067751;"Municipio";48934;"MARILIA";"RRAS10";35093;"MARILIA";"Quedas";754,076919932971
"352900";2025;397;23;1179241,58;2970,38181360201;57,9345088161209;"Municipio";;"MARILIA";"RRAS10";35093;"MARILIA";"Quedas";
"352910";2015;3;0;2704,14;901,38;0;"Municipio";359;"MARINOPOLIS";"RRAS12";35153;"JALES";"Quedas";835,654596100279
"352910";2016;2;0;1821,92;910,96;0;"Municipio";368;"MARINOPOLIS";"RRAS12";35153;"JALES";"Quedas";543,478260869565
"352910";2017;1;1;3563,49;3563,49;1000;"Municipio";381;"MARINOPOLIS";"RRAS12";35153;"JALES";"Quedas";262,46719160105
"352910";2018;3;0;4508,88;1502,96;0;"Municipio";396;"MARINOPOLIS";"RRAS12";35153;"JALES";"Quedas";757,575757575758
"352910";2019;7;0;11364,91;1623,55857142857;0;"Municipio";412;"MARINOPOLIS";"RRAS12";35153;"JALES";"Quedas";1699,02912621359
"352910";2020;3;0;4166,34;1388,78;0;"Municipio";424;"MARINOPOLIS";"RRAS12";35153;"JALES";"Quedas";707,547169811321
"352910";2021;8;0;40756,27;5094,53375;0;"Municipio";441;"MARINOPOLIS";"RRAS12";35153;"JALES";"Quedas";1814,0589569161
"352910";2022;6;0;12182,97;2030,495;0;"Municipio";455;"MARINOPOLIS";"RRAS12";35153;"JALES";"Quedas";1318,68131868132
"352910";2023;5;0;8505,78;1701,156;0;"Municipio";462;"MARINOPOLIS";"RRAS12";35153;"JALES";"Quedas";1082,25108225108
"352910";2024;4;1;17964,22;4491,055;250;"Municipio";488;"MARINOPOLIS";"RRAS12";35153;"JALES";"Quedas";819,672131147541
"352910";2025;7;1;12255,79;1750,82714285714;142,857142857143;"Municipio";;"MARINOPOLIS";"RRAS12";35153;"JALES";"Quedas";
"352920";2015;23;4;41321,63;1796,59260869565;173,913043478261;"Municipio";4048;"MARTINOPOLIS";"RRAS11";35112;"ALTA SOROCABANA";"Quedas";568,181818181818
"352920";2016;26;1;39819,68;1531,52615384615;38,4615384615385;"Municipio";4162;"MARTINOPOLIS";"RRAS11";35112;"ALTA SOROCABANA";"Quedas";624,699663623258
"352920";2017;31;3;49023,66;1581,40838709677;96,7741935483871;"Municipio";4278;"MARTINOPOLIS";"RRAS11";35112;"ALTA SOROCABANA";"Quedas";724,63768115942
"352920";2018;34;4;54170,21;1593,24147058824;117,647058823529;"Municipio";4415;"MARTINOPOLIS";"RRAS11";35112;"ALTA SOROCABANA";"Quedas";770,101925254813
"352920";2019;21;2;29764,28;1417,34666666667;95,2380952380952;"Municipio";4548;"MARTINOPOLIS";"RRAS11";35112;"ALTA SOROCABANA";"Quedas";461,741424802111
"352920";2020;53;4;71357,1;1346,36037735849;75,4716981132075;"Municipio";4677;"MARTINOPOLIS";"RRAS11";35112;"ALTA SOROCABANA";"Quedas";1133,20504596964
"352920";2021;35;0;26169,84;747,709714285714;0;"Municipio";4794;"MARTINOPOLIS";"RRAS11";35112;"ALTA SOROCABANA";"Quedas";730,079265748853
"352920";2022;64;1;54062,07;844,71984375;15,625;"Municipio";4908;"MARTINOPOLIS";"RRAS11";35112;"ALTA SOROCABANA";"Quedas";1303,9934800326
"352920";2023;67;2;45680,88;681,804179104478;29,8507462686567;"Municipio";5065;"MARTINOPOLIS";"RRAS11";35112;"ALTA SOROCABANA";"Quedas";1322,80355380059
"352920";2024;75;2;67457,54;899,433866666667;26,6666666666667;"Municipio";5225;"MARTINOPOLIS";"RRAS11";35112;"ALTA SOROCABANA";"Quedas";1435,40669856459
"352920";2025;93;1;56433,95;606,816666666667;10,752688172043;"Municipio";;"MARTINOPOLIS";"RRAS11";35112;"ALTA SOROCABANA";"Quedas";
"352930";2015;126;3;201390,06;1598,33380952381;23,8095238095238;"Municipio";11903;"MATAO";"RRAS18";35033;"NOROESTE DRS III";"Quedas";1058,55666638663
"352930";2016;114;6;266127,46;2334,45140350877;52,6315789473684;"Municipio";12393;"MATAO";"RRAS18";35033;"NOROESTE DRS III";"Quedas";919,874122488501
"352930";2017;143;7;302896,07;2118,15433566434;48,951048951049;"Municipio";12896;"MATAO";"RRAS18";35033;"NOROESTE DRS III";"Quedas";1108,87096774194
"352930";2018;126;6;230650,47;1830,55928571429;47,6190476190476;"Municipio";13407;"MATAO";"RRAS18";35033;"NOROESTE DRS III";"Quedas";939,807563213247
"352930";2019;127;8;227263,31;1789,47488188976;62,992125984252;"Municipio";13922;"MATAO";"RRAS18";35033;"NOROESTE DRS III";"Quedas";912,225254992099
"352930";2020;116;3;240801,81;2075,87767241379;25,8620689655172;"Municipio";14412;"MATAO";"RRAS18";35033;"NOROESTE DRS III";"Quedas";804,88481820705
"352930";2021;105;6;172886,17;1646,53495238095;57,1428571428571;"Municipio";14834;"MATAO";"RRAS18";35033;"NOROESTE DRS III";"Quedas";707,833355804234
"352930";2022;153;6;254026,82;1660,3060130719;39,2156862745098;"Municipio";15260;"MATAO";"RRAS18";35033;"NOROESTE DRS III";"Quedas";1002,62123197903
"352930";2023;125;1;232322,9;1858,5832;8;"Municipio";15750;"MATAO";"RRAS18";35033;"NOROESTE DRS III";"Quedas";793,650793650794
"352930";2024;147;6;300993,96;2047,57795918367;40,8163265306122;"Municipio";16259;"MATAO";"RRAS18";35033;"NOROESTE DRS III";"Quedas";904,11464419706
"352930";2025;186;6;397110,29;2135,00155913979;32,258064516129;"Municipio";;"MATAO";"RRAS18";35033;"NOROESTE DRS III";"Quedas";
"352940";2015;260;16;371215,1;1427,75038461538;61,5384615384615;"Municipio";47920;"MAUA";"RRAS01";35015;"GRANDE ABC";"Quedas";542,570951585977
"352940";2016;315;27;402948,01;1279,20003174603;85,7142857142857;"Municipio";50144;"MAUA";"RRAS01";35015;"GRANDE ABC";"Quedas";628,190810465858
"352940";2017;346;23;437955,65;1265,76777456647;66,4739884393064;"Municipio";52422;"MAUA";"RRAS01";35015;"GRANDE ABC";"Quedas";660,028232421502
"352940";2018;319;20;358197,76;1122,87699059561;62,6959247648903;"Municipio";54708;"MAUA";"RRAS01";35015;"GRANDE ABC";"Quedas";583,095708123126
"352940";2019;358;26;531667,88;1485,10581005587;72,6256983240224;"Municipio";56998;"MAUA";"RRAS01";35015;"GRANDE ABC";"Quedas";628,092213761886
"352940";2020;340;32;450152,38;1323,97758823529;94,1176470588235;"Municipio";59205;"MAUA";"RRAS01";35015;"GRANDE ABC";"Quedas";574,275821298877
"352940";2021;400;17;418084,67;1045,211675;42,5;"Municipio";61167;"MAUA";"RRAS01";35015;"GRANDE ABC";"Quedas";653,94738993248
"352940";2022;397;17;524419,04;1320,95476070529;42,8211586901763;"Municipio";63168;"MAUA";"RRAS01";35015;"GRANDE ABC";"Quedas";628,482776089159
"352940";2023;464;18;518393,98;1117,22840517241;38,7931034482759;"Municipio";65454;"MAUA";"RRAS01";35015;"GRANDE ABC";"Quedas";708,894796345525
"352940";2024;534;23;694565,98;1300,68535580524;43,0711610486891;"Municipio";67813;"MAUA";"RRAS01";35015;"GRANDE ABC";"Quedas";787,459631634052
"352940";2025;470;33;998159,58;2123,74378723404;70,2127659574468;"Municipio";;"MAUA";"RRAS01";35015;"GRANDE ABC";"Quedas";
"352950";2015;9;1;31278,93;3475,43666666667;111,111111111111;"Municipio";920;"MENDONCA";"RRAS12";35156;"JOSE BONIFACIO";"Quedas";978,260869565217
"352950";2016;9;0;15699,19;1744,35444444444;0;"Municipio";961;"MENDONCA";"RRAS12";35156;"JOSE BONIFACIO";"Quedas";936,524453694069
"352950";2017;7;1;12217,73;1745,39;142,857142857143;"Municipio";997;"MENDONCA";"RRAS12";35156;"JOSE BONIFACIO";"Quedas";702,106318956871
"352950";2018;21;3;49897,36;2376,06476190476;142,857142857143;"Municipio";1037;"MENDONCA";"RRAS12";35156;"JOSE BONIFACIO";"Quedas";2025,07232401157
"352950";2019;13;3;29896,1;2299,7;230,769230769231;"Municipio";1079;"MENDONCA";"RRAS12";35156;"JOSE BONIFACIO";"Quedas";1204,81927710843
"352950";2020;12;0;28902,54;2408,545;0;"Municipio";1126;"MENDONCA";"RRAS12";35156;"JOSE BONIFACIO";"Quedas";1065,71936056838
"352950";2021;11;1;27764,86;2524,07818181818;90,9090909090909;"Municipio";1159;"MENDONCA";"RRAS12";35156;"JOSE BONIFACIO";"Quedas";949,09404659189
"352950";2022;14;0;31622,65;2258,76071428571;0;"Municipio";1198;"MENDONCA";"RRAS12";35156;"JOSE BONIFACIO";"Quedas";1168,6143572621
"352950";2023;20;0;63254,75;3162,7375;0;"Municipio";1244;"MENDONCA";"RRAS12";35156;"JOSE BONIFACIO";"Quedas";1607,71704180064
"352950";2024;10;0;24393,67;2439,367;0;"Municipio";1287;"MENDONCA";"RRAS12";35156;"JOSE BONIFACIO";"Quedas";777,000777000777
"352950";2025;11;0;36170,32;3288,21090909091;0;"Municipio";;"MENDONCA";"RRAS12";35156;"JOSE BONIFACIO";"Quedas";
"352960";2015;1;0;311,32;311,32;0;"Municipio";748;"MERIDIANO";"RRAS12";35154;"FERNANDOPOLIS";"Quedas";133,689839572193
"352960";2016;8;0;6509,25;813,65625;0;"Municipio";773;"MERIDIANO";"RRAS12";35154;"FERNANDOPOLIS";"Quedas";1034,92884864166
"352960";2017;4;1;8586,25;2146,5625;250;"Municipio";804;"MERIDIANO";"RRAS12";35154;"FERNANDOPOLIS";"Quedas";497,512437810945
"352960";2018;6;0;6745,68;1124,28;0;"Municipio";837;"MERIDIANO";"RRAS12";35154;"FERNANDOPOLIS";"Quedas";716,845878136201
"352960";2019;9;1;16594,41;1843,82333333333;111,111111111111;"Municipio";871;"MERIDIANO";"RRAS12";35154;"FERNANDOPOLIS";"Quedas";1033,29506314581
"352960";2020;8;1;23842,23;2980,27875;125;"Municipio";903;"MERIDIANO";"RRAS12";35154;"FERNANDOPOLIS";"Quedas";885,9357696567
"352960";2021;6;0;7600,64;1266,77333333333;0;"Municipio";933;"MERIDIANO";"RRAS12";35154;"FERNANDOPOLIS";"Quedas";643,086816720257
"352960";2022;4;0;7526,92;1881,73;0;"Municipio";958;"MERIDIANO";"RRAS12";35154;"FERNANDOPOLIS";"Quedas";417,536534446764
"352960";2023;6;0;1226,63;204,438333333333;0;"Municipio";994;"MERIDIANO";"RRAS12";35154;"FERNANDOPOLIS";"Quedas";603,621730382294
"352960";2024;6;1;14115,9;2352,65;166,666666666667;"Municipio";1017;"MERIDIANO";"RRAS12";35154;"FERNANDOPOLIS";"Quedas";589,970501474926
"352960";2025;7;0;10544;1506,28571428571;0;"Municipio";;"MERIDIANO";"RRAS12";35154;"FERNANDOPOLIS";"Quedas";
"352965";2015;8;0;13253,63;1656,70375;0;"Municipio";351;"MESOPOLIS";"RRAS12";35153;"JALES";"Quedas";2279,20227920228
"352965";2016;3;1;4260,1;1420,03333333333;333,333333333333;"Municipio";357;"MESOPOLIS";"RRAS12";35153;"JALES";"Quedas";840,336134453781
"352965";2017;1;0;2896,34;2896,34;0;"Municipio";363;"MESOPOLIS";"RRAS12";35153;"JALES";"Quedas";275,482093663912
"352965";2018;2;0;2066,17;1033,085;0;"Municipio";371;"MESOPOLIS";"RRAS12";35153;"JALES";"Quedas";539,083557951482
"352965";2019;3;0;6082,98;2027,66;0;"Municipio";383;"MESOPOLIS";"RRAS12";35153;"JALES";"Quedas";783,289817232376
"352965";2020;5;0;7806,26;1561,252;0;"Municipio";389;"MESOPOLIS";"RRAS12";35153;"JALES";"Quedas";1285,3470437018
"352965";2021;3;0;5045,56;1681,85333333333;0;"Municipio";394;"MESOPOLIS";"RRAS12";35153;"JALES";"Quedas";761,421319796954
"352965";2022;2;0;939,03;469,515;0;"Municipio";408;"MESOPOLIS";"RRAS12";35153;"JALES";"Quedas";490,196078431373
"352965";2023;9;0;21093,14;2343,68222222222;0;"Municipio";410;"MESOPOLIS";"RRAS12";35153;"JALES";"Quedas";2195,12195121951
"352965";2024;6;0;13367,18;2227,86333333333;0;"Municipio";427;"MESOPOLIS";"RRAS12";35153;"JALES";"Quedas";1405,15222482436
"352965";2025;8;0;13965,21;1745,65125;0;"Municipio";;"MESOPOLIS";"RRAS12";35153;"JALES";"Quedas";
"352970";2015;24;1;19450,61;810,442083333333;41,6666666666667;"Municipio";2847;"MIGUELOPOLIS";"RRAS13";35083;"ALTA MOGIANA";"Quedas";842,992623814542
"352970";2016;16;0;19357,72;1209,8575;0;"Municipio";2929;"MIGUELOPOLIS";"RRAS13";35083;"ALTA MOGIANA";"Quedas";546,261522703995
"352970";2017;20;1;10418,58;520,929;50;"Municipio";3012;"MIGUELOPOLIS";"RRAS13";35083;"ALTA MOGIANA";"Quedas";664,010624169987
"352970";2018;12;0;10363,29;863,6075;0;"Municipio";3096;"MIGUELOPOLIS";"RRAS13";35083;"ALTA MOGIANA";"Quedas";387,596899224806
"352970";2019;30;3;29808,71;993,623666666667;100;"Municipio";3176;"MIGUELOPOLIS";"RRAS13";35083;"ALTA MOGIANA";"Quedas";944,584382871537
"352970";2020;29;1;21250,89;732,789310344828;34,4827586206897;"Municipio";3255;"MIGUELOPOLIS";"RRAS13";35083;"ALTA MOGIANA";"Quedas";890,937019969278
"352970";2021;32;3;31478,36;983,69875;93,75;"Municipio";3320;"MIGUELOPOLIS";"RRAS13";35083;"ALTA MOGIANA";"Quedas";963,855421686747
"352970";2022;18;0;17807,13;989,285;0;"Municipio";3397;"MIGUELOPOLIS";"RRAS13";35083;"ALTA MOGIANA";"Quedas";529,879305269355
"352970";2023;22;0;32939,82;1497,26454545455;0;"Municipio";3492;"MIGUELOPOLIS";"RRAS13";35083;"ALTA MOGIANA";"Quedas";630,011454753723
"352970";2024;16;0;11701,66;731,35375;0;"Municipio";3597;"MIGUELOPOLIS";"RRAS13";35083;"ALTA MOGIANA";"Quedas";444,815123714206
"352970";2025;8;2;16310,44;2038,805;250;"Municipio";;"MIGUELOPOLIS";"RRAS13";35083;"ALTA MOGIANA";"Quedas";
"352980";2015;10;1;35976,76;3597,676;100;"Municipio";1851;"MINEIROS DO TIETE";"RRAS09";35064;"JAU";"Quedas";540,248514316586
"352980";2016;23;2;30802,56;1339,24173913043;86,9565217391304;"Municipio";1907;"MINEIROS DO TIETE";"RRAS09";35064;"JAU";"Quedas";1206,08285264814
"352980";2017;20;1;41585,87;2079,2935;50;"Municipio";1973;"MINEIROS DO TIETE";"RRAS09";35064;"JAU";"Quedas";1013,6847440446
"352980";2018;24;3;50177,16;2090,715;125;"Municipio";2026;"MINEIROS DO TIETE";"RRAS09";35064;"JAU";"Quedas";1184,60019743337
"352980";2019;29;1;42811,75;1476,26724137931;34,4827586206897;"Municipio";2084;"MINEIROS DO TIETE";"RRAS09";35064;"JAU";"Quedas";1391,5547024952
"352980";2020;22;4;43492,93;1976,95136363636;181,818181818182;"Municipio";2134;"MINEIROS DO TIETE";"RRAS09";35064;"JAU";"Quedas";1030,92783505155
"352980";2021;16;1;25020;1563,75;62,5;"Municipio";2177;"MINEIROS DO TIETE";"RRAS09";35064;"JAU";"Quedas";734,956361966008
"352980";2022;15;1;16465,2;1097,68;66,6666666666667;"Municipio";2222;"MINEIROS DO TIETE";"RRAS09";35064;"JAU";"Quedas";675,067506750675
"352980";2023;18;1;35646,16;1980,34222222222;55,5555555555556;"Municipio";2278;"MINEIROS DO TIETE";"RRAS09";35064;"JAU";"Quedas";790,166812993854
"352980";2024;15;1;23605,8;1573,72;66,6666666666667;"Municipio";2330;"MINEIROS DO TIETE";"RRAS09";35064;"JAU";"Quedas";643,776824034335
"352980";2025;25;0;62494,75;2499,79;0;"Municipio";;"MINEIROS DO TIETE";"RRAS09";35064;"JAU";"Quedas";
"352990";2015;24;4;24831,02;1034,62583333333;166,666666666667;"Municipio";2966;"MIRACATU";"RRAS07";35121;"VALE DO RIBEIRA";"Quedas";809,170600134862
"352990";2016;27;1;41283,5;1529,01851851852;37,037037037037;"Municipio";3059;"MIRACATU";"RRAS07";35121;"VALE DO RIBEIRA";"Quedas";882,64138607388
"352990";2017;10;1;21089,42;2108,942;100;"Municipio";3152;"MIRACATU";"RRAS07";35121;"VALE DO RIBEIRA";"Quedas";317,258883248731
"352990";2018;9;1;10756,52;1195,16888888889;111,111111111111;"Municipio";3241;"MIRACATU";"RRAS07";35121;"VALE DO RIBEIRA";"Quedas";277,692070348658
"352990";2019;11;0;12235,86;1112,35090909091;0;"Municipio";3336;"MIRACATU";"RRAS07";35121;"VALE DO RIBEIRA";"Quedas";329,736211031175
"352990";2020;15;2;30438,8;2029,25333333333;133,333333333333;"Municipio";3426;"MIRACATU";"RRAS07";35121;"VALE DO RIBEIRA";"Quedas";437,828371278459
"352990";2021;18;0;36726,92;2040,38444444444;0;"Municipio";3499;"MIRACATU";"RRAS07";35121;"VALE DO RIBEIRA";"Quedas";514,43269505573
"352990";2022;20;2;33484,98;1674,249;100;"Municipio";3578;"MIRACATU";"RRAS07";35121;"VALE DO RIBEIRA";"Quedas";558,971492453885
"352990";2023;18;2;39010,9;2167,27222222222;111,111111111111;"Municipio";3678;"MIRACATU";"RRAS07";35121;"VALE DO RIBEIRA";"Quedas";489,396411092985
"352990";2024;24;2;45899,32;1912,47166666667;83,3333333333333;"Municipio";3783;"MIRACATU";"RRAS07";35121;"VALE DO RIBEIRA";"Quedas";634,41712926249
"352990";2025;28;1;48570,19;1734,64964285714;35,7142857142857;"Municipio";;"MIRACATU";"RRAS07";35121;"VALE DO RIBEIRA";"Quedas";
"353000";2015;3;0;1867,89;622,63;0;"Municipio";630;"MIRA ESTRELA";"RRAS12";35154;"FERNANDOPOLIS";"Quedas";476,190476190476
"353000";2016;4;0;1743,85;435,9625;0;"Municipio";659;"MIRA ESTRELA";"RRAS12";35154;"FERNANDOPOLIS";"Quedas";606,980273141123
"353000";2017;9;0;11351,31;1261,25666666667;0;"Municipio";689;"MIRA ESTRELA";"RRAS12";35154;"FERNANDOPOLIS";"Quedas";1306,24092888244
"353000";2018;7;0;13299,17;1899,88142857143;0;"Municipio";721;"MIRA ESTRELA";"RRAS12";35154;"FERNANDOPOLIS";"Quedas";970,873786407767
"353000";2019;11;0;15720,9;1429,17272727273;0;"Municipio";753;"MIRA ESTRELA";"RRAS12";35154;"FERNANDOPOLIS";"Quedas";1460,82337317397
"353000";2020;8;1;14883,25;1860,40625;125;"Municipio";789;"MIRA ESTRELA";"RRAS12";35154;"FERNANDOPOLIS";"Quedas";1013,94169835234
"353000";2021;8;0;22214,57;2776,82125;0;"Municipio";813;"MIRA ESTRELA";"RRAS12";35154;"FERNANDOPOLIS";"Quedas";984,009840098401
"353000";2022;10;2;24724,48;2472,448;200;"Municipio";837;"MIRA ESTRELA";"RRAS12";35154;"FERNANDOPOLIS";"Quedas";1194,743130227
"353000";2023;19;1;19626,11;1032,95315789474;52,6315789473684;"Municipio";858;"MIRA ESTRELA";"RRAS12";35154;"FERNANDOPOLIS";"Quedas";2214,45221445221
"353000";2024;14;1;29823,56;2130,25428571429;71,4285714285714;"Municipio";885;"MIRA ESTRELA";"RRAS12";35154;"FERNANDOPOLIS";"Quedas";1581,9209039548
"353000";2025;15;0;24495,75;1633,05;0;"Municipio";;"MIRA ESTRELA";"RRAS12";35154;"FERNANDOPOLIS";"Quedas";
"353010";2015;47;2;62530,48;1330,43574468085;42,5531914893617;"Municipio";4988;"MIRANDOPOLIS";"RRAS19";35022;"LAGOS DO DRS II";"Quedas";942,261427425822
"353010";2016;48;4;37383,02;778,812916666667;83,3333333333333;"Municipio";5123;"MIRANDOPOLIS";"RRAS19";35022;"LAGOS DO DRS II";"Quedas";936,951005270349
"353010";2017;45;1;34114,81;758,106888888889;22,2222222222222;"Municipio";5262;"MIRANDOPOLIS";"RRAS19";35022;"LAGOS DO DRS II";"Quedas";855,188141391106
"353010";2018;41;1;39175,61;955,502682926829;24,390243902439;"Municipio";5405;"MIRANDOPOLIS";"RRAS19";35022;"LAGOS DO DRS II";"Quedas";758,556891766883
"353010";2019;37;3;27316,19;738,275405405405;81,0810810810811;"Municipio";5552;"MIRANDOPOLIS";"RRAS19";35022;"LAGOS DO DRS II";"Quedas";666,4265129683
"353010";2020;45;3;54566,02;1212,57822222222;66,6666666666667;"Municipio";5688;"MIRANDOPOLIS";"RRAS19";35022;"LAGOS DO DRS II";"Quedas";791,139240506329
"353010";2021;58;5;75584,11;1303,17431034483;86,2068965517241;"Municipio";5802;"MIRANDOPOLIS";"RRAS19";35022;"LAGOS DO DRS II";"Quedas";999,655291278869
"353010";2022;72;3;144674,23;2009,36430555556;41,6666666666667;"Municipio";5926;"MIRANDOPOLIS";"RRAS19";35022;"LAGOS DO DRS II";"Quedas";1214,98481268984
"353010";2023;74;6;136896,47;1849,9522972973;81,0810810810811;"Municipio";6086;"MIRANDOPOLIS";"RRAS19";35022;"LAGOS DO DRS II";"Quedas";1215,90535655603
"353010";2024;65;7;90918,27;1398,74261538462;107,692307692308;"Municipio";6248;"MIRANDOPOLIS";"RRAS19";35022;"LAGOS DO DRS II";"Quedas";1040,33290653009
"353010";2025;49;2;70646,11;1441,75734693878;40,8163265306122;"Municipio";;"MIRANDOPOLIS";"RRAS19";35022;"LAGOS DO DRS II";"Quedas";
"353020";2015;17;2;30161,66;1774,21529411765;117,647058823529;"Municipio";3062;"MIRANTE DO PARANAPANEMA";"RRAS11";35115;"PONTAL DO PARANAPANEMA";"Quedas";555,192684519922
"353020";2016;11;1;10041,06;912,823636363636;90,9090909090909;"Municipio";3138;"MIRANTE DO PARANAPANEMA";"RRAS11";35115;"PONTAL DO PARANAPANEMA";"Quedas";350,541746335245
"353020";2017;21;2;41194,64;1961,64952380952;95,2380952380952;"Municipio";3217;"MIRANTE DO PARANAPANEMA";"RRAS11";35115;"PONTAL DO PARANAPANEMA";"Quedas";652,782095119677
"353020";2018;21;1;39873,86;1898,75523809524;47,6190476190476;"Municipio";3305;"MIRANTE DO PARANAPANEMA";"RRAS11";35115;"PONTAL DO PARANAPANEMA";"Quedas";635,400907715582
"353020";2019;21;0;28437,19;1354,1519047619;0;"Municipio";3402;"MIRANTE DO PARANAPANEMA";"RRAS11";35115;"PONTAL DO PARANAPANEMA";"Quedas";617,283950617284
"353020";2020;15;2;21525,31;1435,02066666667;133,333333333333;"Municipio";3489;"MIRANTE DO PARANAPANEMA";"RRAS11";35115;"PONTAL DO PARANAPANEMA";"Quedas";429,922613929493
"353020";2021;19;1;37190,22;1957,38;52,6315789473684;"Municipio";3565;"MIRANTE DO PARANAPANEMA";"RRAS11";35115;"PONTAL DO PARANAPANEMA";"Quedas";532,959326788219
"353020";2022;16;0;31223,98;1951,49875;0;"Municipio";3647;"MIRANTE DO PARANAPANEMA";"RRAS11";35115;"PONTAL DO PARANAPANEMA";"Quedas";438,716753496024
"353020";2023;13;1;18817,26;1447,48153846154;76,9230769230769;"Municipio";3755;"MIRANTE DO PARANAPANEMA";"RRAS11";35115;"PONTAL DO PARANAPANEMA";"Quedas";346,205059920107
"353020";2024;15;1;24819,17;1654,61133333333;66,6666666666667;"Municipio";3866;"MIRANTE DO PARANAPANEMA";"RRAS11";35115;"PONTAL DO PARANAPANEMA";"Quedas";387,997930677703
"353020";2025;19;0;53118,14;2795,69157894737;0;"Municipio";;"MIRANTE DO PARANAPANEMA";"RRAS11";35115;"PONTAL DO PARANAPANEMA";"Quedas";
"353030";2015;113;7;166460,86;1473,10495575221;61,9469026548673;"Municipio";9260;"MIRASSOL";"RRAS12";35155;"SAO JOSE DO RIO PRETO";"Quedas";1220,30237580994
"353030";2016;155;16;361514,06;2332,34877419355;103,225806451613;"Municipio";9596;"MIRASSOL";"RRAS12";35155;"SAO JOSE DO RIO PRETO";"Quedas";1615,25635681534
"353030";2017;95;8;242843,45;2556,24684210526;84,2105263157895;"Municipio";9958;"MIRASSOL";"RRAS12";35155;"SAO JOSE DO RIO PRETO";"Quedas";954,006828680458
"353030";2018;105;16;232163,98;2211,08552380952;152,380952380952;"Municipio";10336;"MIRASSOL";"RRAS12";35155;"SAO JOSE DO RIO PRETO";"Quedas";1015,86687306502
"353030";2019;120;12;233765,38;1948,04483333333;100;"Municipio";10729;"MIRASSOL";"RRAS12";35155;"SAO JOSE DO RIO PRETO";"Quedas";1118,46397613944
"353030";2020;108;18;327363,97;3031,14787037037;166,666666666667;"Municipio";11108;"MIRASSOL";"RRAS12";35155;"SAO JOSE DO RIO PRETO";"Quedas";972,272236226143
"353030";2021;130;14;334723,05;2574,79269230769;107,692307692308;"Municipio";11438;"MIRASSOL";"RRAS12";35155;"SAO JOSE DO RIO PRETO";"Quedas";1136,56233607274
"353030";2022;102;9;292405,56;2866,72117647059;88,2352941176471;"Municipio";11783;"MIRASSOL";"RRAS12";35155;"SAO JOSE DO RIO PRETO";"Quedas";865,653908172791
"353030";2023;124;12;452294,48;3647,53612903226;96,7741935483871;"Municipio";12203;"MIRASSOL";"RRAS12";35155;"SAO JOSE DO RIO PRETO";"Quedas";1016,14357125297
"353030";2024;108;11;338670,75;3135,84027777778;101,851851851852;"Municipio";12643;"MIRASSOL";"RRAS12";35155;"SAO JOSE DO RIO PRETO";"Quedas";854,227635845923
"353030";2025;129;17;474976,07;3681,98503875969;131,782945736434;"Municipio";;"MIRASSOL";"RRAS12";35155;"SAO JOSE DO RIO PRETO";"Quedas";
"353040";2015;8;1;10757,55;1344,69375;125;"Municipio";811;"MIRASSOLANDIA";"RRAS12";35155;"SAO JOSE DO RIO PRETO";"Quedas";986,436498150432
"353040";2016;6;1;7358,62;1226,43666666667;166,666666666667;"Municipio";830;"MIRASSOLANDIA";"RRAS12";35155;"SAO JOSE DO RIO PRETO";"Quedas";722,89156626506
"353040";2017;10;0;15412,51;1541,251;0;"Municipio";851;"MIRASSOLANDIA";"RRAS12";35155;"SAO JOSE DO RIO PRETO";"Quedas";1175,08813160987
"353040";2018;6;1;19290,01;3215,00166666667;166,666666666667;"Municipio";872;"MIRASSOLANDIA";"RRAS12";35155;"SAO JOSE DO RIO PRETO";"Quedas";688,073394495413
"353040";2019;10;3;15786,62;1578,662;300;"Municipio";890;"MIRASSOLANDIA";"RRAS12";35155;"SAO JOSE DO RIO PRETO";"Quedas";1123,59550561798
"353040";2020;15;2;42996,88;2866,45866666667;133,333333333333;"Municipio";911;"MIRASSOLANDIA";"RRAS12";35155;"SAO JOSE DO RIO PRETO";"Quedas";1646,54226125137
"353040";2021;11;1;28775,2;2615,92727272727;90,9090909090909;"Municipio";923;"MIRASSOLANDIA";"RRAS12";35155;"SAO JOSE DO RIO PRETO";"Quedas";1191,76598049837
"353040";2022;10;2;62308,91;6230,891;200;"Municipio";942;"MIRASSOLANDIA";"RRAS12";35155;"SAO JOSE DO RIO PRETO";"Quedas";1061,57112526539
"353040";2023;5;1;12301,13;2460,226;200;"Municipio";968;"MIRASSOLANDIA";"RRAS12";35155;"SAO JOSE DO RIO PRETO";"Quedas";516,528925619835
"353040";2024;13;1;31527,5;2425,19230769231;76,9230769230769;"Municipio";992;"MIRASSOLANDIA";"RRAS12";35155;"SAO JOSE DO RIO PRETO";"Quedas";1310,48387096774
"353040";2025;13;1;37792,09;2907,08384615385;76,9230769230769;"Municipio";;"MIRASSOLANDIA";"RRAS12";35155;"SAO JOSE DO RIO PRETO";"Quedas";
"353050";2015;136;5;134104,97;986,065955882353;36,7647058823529;"Municipio";11763;"MOCOCA";"RRAS15";35143;"RIO PARDO";"Quedas";1156,16764430842
"353050";2016;118;3;172094,58;1458,4286440678;25,4237288135593;"Municipio";12174;"MOCOCA";"RRAS15";35143;"RIO PARDO";"Quedas";969,27879086578
"353050";2017;138;8;198135,94;1435,76768115942;57,9710144927536;"Municipio";12591;"MOCOCA";"RRAS15";35143;"RIO PARDO";"Quedas";1096,02096735764
"353050";2018;152;3;161393,44;1061,79894736842;19,7368421052632;"Municipio";13007;"MOCOCA";"RRAS15";35143;"RIO PARDO";"Quedas";1168,60152225725
"353050";2019;134;4;163880,61;1222,98962686567;29,8507462686567;"Municipio";13431;"MOCOCA";"RRAS15";35143;"RIO PARDO";"Quedas";997,691906782816
"353050";2020;105;6;126765,86;1207,2939047619;57,1428571428571;"Municipio";13822;"MOCOCA";"RRAS15";35143;"RIO PARDO";"Quedas";759,658515410216
"353050";2021;124;4;197896,78;1595,94177419355;32,258064516129;"Municipio";14147;"MOCOCA";"RRAS15";35143;"RIO PARDO";"Quedas";876,510921043331
"353050";2022;166;9;286391,51;1725,25006024096;54,2168674698795;"Municipio";14477;"MOCOCA";"RRAS15";35143;"RIO PARDO";"Quedas";1146,64640464185
"353050";2023;127;11;221513,44;1744,20031496063;86,6141732283465;"Municipio";14868;"MOCOCA";"RRAS15";35143;"RIO PARDO";"Quedas";854,183481302125
"353050";2024;25;1;66286,78;2651,4712;40;"Municipio";15275;"MOCOCA";"RRAS15";35143;"RIO PARDO";"Quedas";163,66612111293
"353050";2025;58;5;122779,79;2116,89293103448;86,2068965517241;"Municipio";;"MOCOCA";"RRAS15";35143;"RIO PARDO";"Quedas";
"353060";2015;327;26;572269,52;1750,0596941896;79,5107033639144;"Municipio";53908;"MOGI DAS CRUZES";"RRAS02";35011;"ALTO DO TIETE";"Quedas";606,589003487423
"353060";2016;355;20;541134,86;1524,32354929577;56,3380281690141;"Municipio";56491;"MOGI DAS CRUZES";"RRAS02";35011;"ALTO DO TIETE";"Quedas";628,418686162398
"353060";2017;385;28;623533,43;1619,56735064935;72,7272727272727;"Municipio";59158;"MOGI DAS CRUZES";"RRAS02";35011;"ALTO DO TIETE";"Quedas";650,799553737449
"353060";2018;373;17;532819,98;1428,47179624665;45,5764075067024;"Municipio";61905;"MOGI DAS CRUZES";"RRAS02";35011;"ALTO DO TIETE";"Quedas";602,536144091753
"353060";2019;386;26;570523,07;1478,03904145078;67,3575129533679;"Municipio";64711;"MOGI DAS CRUZES";"RRAS02";35011;"ALTO DO TIETE";"Quedas";596,498276954459
"353060";2020;402;38;638629,38;1588,63029850746;94,5273631840796;"Municipio";67452;"MOGI DAS CRUZES";"RRAS02";35011;"ALTO DO TIETE";"Quedas";595,979363102651
"353060";2021;453;41;671155,54;1481,5795584989;90,5077262693157;"Municipio";69931;"MOGI DAS CRUZES";"RRAS02";35011;"ALTO DO TIETE";"Quedas";647,781384507586
"353060";2022;499;37;896912,21;1797,41925851703;74,1482965931864;"Municipio";72468;"MOGI DAS CRUZES";"RRAS02";35011;"ALTO DO TIETE";"Quedas";688,579786940443
"353060";2023;521;32;761022,64;1460,69604606526;61,4203454894434;"Municipio";75375;"MOGI DAS CRUZES";"RRAS02";35011;"ALTO DO TIETE";"Quedas";691,210613598673
"353060";2024;537;35;668683,37;1245,2204283054;65,1769087523277;"Municipio";78414;"MOGI DAS CRUZES";"RRAS02";35011;"ALTO DO TIETE";"Quedas";684,826689111638
"353060";2025;677;43;1190101,57;1757,90483013294;63,5155096011817;"Municipio";;"MOGI DAS CRUZES";"RRAS02";35011;"ALTO DO TIETE";"Quedas";
"353070";2015;148;6;193162,66;1305,15310810811;40,5405405405405;"Municipio";21542;"MOGI GUACU";"RRAS15";35141;"BAIXA MOGIANA";"Quedas";687,029987930554
"353070";2016;156;5;213445,82;1368,24243589744;32,0512820512821;"Municipio";22468;"MOGI GUACU";"RRAS15";35141;"BAIXA MOGIANA";"Quedas";694,320811821257
"353070";2017;193;11;257882,83;1336,18046632124;56,9948186528497;"Municipio";23405;"MOGI GUACU";"RRAS15";35141;"BAIXA MOGIANA";"Quedas";824,610126041444
"353070";2018;181;5;258128,48;1426,12419889503;27,6243093922652;"Municipio";24359;"MOGI GUACU";"RRAS15";35141;"BAIXA MOGIANA";"Quedas";743,051849419106
"353070";2019;224;8;336014,67;1500,06549107143;35,7142857142857;"Municipio";25328;"MOGI GUACU";"RRAS15";35141;"BAIXA MOGIANA";"Quedas";884,396715097915
"353070";2020;219;12;355038,61;1621,18086757991;54,7945205479452;"Municipio";26259;"MOGI GUACU";"RRAS15";35141;"BAIXA MOGIANA";"Quedas";833,999771506912
"353070";2021;219;13;371687,69;1697,20406392694;59,3607305936073;"Municipio";27086;"MOGI GUACU";"RRAS15";35141;"BAIXA MOGIANA";"Quedas";808,535774939083
"353070";2022;232;10;404952,73;1745,48590517241;43,1034482758621;"Municipio";27910;"MOGI GUACU";"RRAS15";35141;"BAIXA MOGIANA";"Quedas";831,243281977786
"353070";2023;249;13;544212,02;2185,59044176707;52,2088353413655;"Municipio";28857;"MOGI GUACU";"RRAS15";35141;"BAIXA MOGIANA";"Quedas";862,875558789895
"353070";2024;230;8;457305,26;1988,28373913043;34,7826086956522;"Municipio";29861;"MOGI GUACU";"RRAS15";35141;"BAIXA MOGIANA";"Quedas";770,235424131811
"353070";2025;249;17;659561,75;2648,84236947791;68,2730923694779;"Municipio";;"MOGI GUACU";"RRAS15";35141;"BAIXA MOGIANA";"Quedas";
"353080";2015;79;7;152358,27;1928,58569620253;88,6075949367089;"Municipio";14780;"MOGI MIRIM";"RRAS15";35141;"BAIXA MOGIANA";"Quedas";534,506089309878
"353080";2016;89;6;144422,65;1622,72640449438;67,4157303370787;"Municipio";15341;"MOGI MIRIM";"RRAS15";35141;"BAIXA MOGIANA";"Quedas";580,144710253569
"353080";2017;75;5;165496,75;2206,62333333333;66,6666666666667;"Municipio";15932;"MOGI MIRIM";"RRAS15";35141;"BAIXA MOGIANA";"Quedas";470,750690434346
"353080";2018;33;3;75518,84;2288,4496969697;90,9090909090909;"Municipio";16526;"MOGI MIRIM";"RRAS15";35141;"BAIXA MOGIANA";"Quedas";199,685344305942
"353080";2019;20;3;53217,99;2660,8995;150;"Municipio";17132;"MOGI MIRIM";"RRAS15";35141;"BAIXA MOGIANA";"Quedas";116,740602381508
"353080";2020;36;5;89832,39;2495,34416666667;138,888888888889;"Municipio";17709;"MOGI MIRIM";"RRAS15";35141;"BAIXA MOGIANA";"Quedas";203,286464509571
"353080";2021;102;6;332044,3;3255,3362745098;58,8235294117647;"Municipio";18204;"MOGI MIRIM";"RRAS15";35141;"BAIXA MOGIANA";"Quedas";560,31641397495
"353080";2022;94;12;354678,33;3773,17372340426;127,659574468085;"Municipio";18702;"MOGI MIRIM";"RRAS15";35141;"BAIXA MOGIANA";"Quedas";502,620040637365
"353080";2023;85;11;277594,21;3265,81423529412;129,411764705882;"Municipio";19280;"MOGI MIRIM";"RRAS15";35141;"BAIXA MOGIANA";"Quedas";440,871369294606
"353080";2024;50;4;145278,99;2905,5798;80;"Municipio";19885;"MOGI MIRIM";"RRAS15";35141;"BAIXA MOGIANA";"Quedas";251,445813427206
"353080";2025;68;9;278456,66;4094,95088235294;132,352941176471;"Municipio";;"MOGI MIRIM";"RRAS15";35141;"BAIXA MOGIANA";"Quedas";
"353090";2015;3;0;1577,49;525,83;0;"Municipio";445;"MOMBUCA";"RRAS14";35103;"PIRACICABA";"Quedas";674,157303370787
"353090";2016;1;0;1737,31;1737,31;0;"Municipio";459;"MOMBUCA";"RRAS14";35103;"PIRACICABA";"Quedas";217,864923747277
"353090";2019;2;1;402,66;201,33;500;"Municipio";518;"MOMBUCA";"RRAS14";35103;"PIRACICABA";"Quedas";386,100386100386
"353090";2020;3;0;1477,16;492,386666666667;0;"Municipio";538;"MOMBUCA";"RRAS14";35103;"PIRACICABA";"Quedas";557,620817843866
"353090";2021;7;1;11059,96;1579,99428571429;142,857142857143;"Municipio";556;"MOMBUCA";"RRAS14";35103;"PIRACICABA";"Quedas";1258,9928057554
"353090";2022;4;0;5240,52;1310,13;0;"Municipio";579;"MOMBUCA";"RRAS14";35103;"PIRACICABA";"Quedas";690,846286701209
"353090";2023;2;0;813,33;406,665;0;"Municipio";594;"MOMBUCA";"RRAS14";35103;"PIRACICABA";"Quedas";336,700336700337
"353090";2024;3;0;5232,2;1744,06666666667;0;"Municipio";634;"MOMBUCA";"RRAS14";35103;"PIRACICABA";"Quedas";473,186119873817
"353090";2025;4;0;18178,02;4544,505;0;"Municipio";;"MOMBUCA";"RRAS14";35103;"PIRACICABA";"Quedas";
"353100";2016;2;1;951,69;475,845;500;"Municipio";479;"MONCOES";"RRAS12";35157;"VOTUPORANGA";"Quedas";417,536534446764
"353100";2017;6;1;15222,63;2537,105;166,666666666667;"Municipio";499;"MONCOES";"RRAS12";35157;"VOTUPORANGA";"Quedas";1202,40480961924
"353100";2018;2;0;3724,69;1862,345;0;"Municipio";510;"MONCOES";"RRAS12";35157;"VOTUPORANGA";"Quedas";392,156862745098
"353100";2019;3;1;1326,92;442,306666666667;333,333333333333;"Municipio";523;"MONCOES";"RRAS12";35157;"VOTUPORANGA";"Quedas";573,613766730402
"353100";2020;2;1;10995,21;5497,605;500;"Municipio";535;"MONCOES";"RRAS12";35157;"VOTUPORANGA";"Quedas";373,831775700935
"353100";2021;6;0;13203,15;2200,525;0;"Municipio";541;"MONCOES";"RRAS12";35157;"VOTUPORANGA";"Quedas";1109,0573012939
"353100";2022;9;0;13319,07;1479,89666666667;0;"Municipio";549;"MONCOES";"RRAS12";35157;"VOTUPORANGA";"Quedas";1639,34426229508
"353100";2023;4;0;4296,09;1074,0225;0;"Municipio";559;"MONCOES";"RRAS12";35157;"VOTUPORANGA";"Quedas";715,563506261181
"353100";2024;7;0;21057,84;3008,26285714286;0;"Municipio";569;"MONCOES";"RRAS12";35157;"VOTUPORANGA";"Quedas";1230,22847100176
"353100";2025;7;0;16544,07;2363,43857142857;0;"Municipio";;"MONCOES";"RRAS12";35157;"VOTUPORANGA";"Quedas";
"353110";2015;29;2;33518,4;1155,80689655172;68,9655172413793;"Municipio";9581;"MONGAGUA";"RRAS07";35041;"BAIXADA SANTISTA";"Quedas";302,682392234631
"353110";2016;13;0;4468,91;343,762307692308;0;"Municipio";10162;"MONGAGUA";"RRAS07";35041;"BAIXADA SANTISTA";"Quedas";127,92757331234
"353110";2017;16;2;28540,26;1783,76625;125;"Municipio";10809;"MONGAGUA";"RRAS07";35041;"BAIXADA SANTISTA";"Quedas";148,024794153021
"353110";2018;28;1;25250,15;901,791071428571;35,7142857142857;"Municipio";11488;"MONGAGUA";"RRAS07";35041;"BAIXADA SANTISTA";"Quedas";243,732590529248
"353110";2019;43;0;49479,67;1150,69;0;"Municipio";12207;"MONGAGUA";"RRAS07";35041;"BAIXADA SANTISTA";"Quedas";352,256901777669
"353110";2020;60;2;90372,83;1506,21383333333;33,3333333333333;"Municipio";12926;"MONGAGUA";"RRAS07";35041;"BAIXADA SANTISTA";"Quedas";464,180721027387
"353110";2021;56;1;77730,67;1388,04767857143;17,8571428571429;"Municipio";13572;"MONGAGUA";"RRAS07";35041;"BAIXADA SANTISTA";"Quedas";412,614205717654
"353110";2022;55;3;166123,75;3020,43181818182;54,5454545454545;"Municipio";14204;"MONGAGUA";"RRAS07";35041;"BAIXADA SANTISTA";"Quedas";387,214869050972
"353110";2023;74;6;158200,01;2137,83797297297;81,0810810810811;"Municipio";14834;"MONGAGUA";"RRAS07";35041;"BAIXADA SANTISTA";"Quedas";498,853984090603
"353110";2024;64;3;142192,95;2221,76484375;46,875;"Municipio";15473;"MONGAGUA";"RRAS07";35041;"BAIXADA SANTISTA";"Quedas";413,623731661604
"353110";2025;99;5;278064,06;2808,72787878788;50,5050505050505;"Municipio";;"MONGAGUA";"RRAS07";35041;"BAIXADA SANTISTA";"Quedas";
"353120";2015;5;0;10339,94;2067,988;0;"Municipio";1453;"MONTE ALEGRE DO SUL";"RRAS15";35074;"CIRCUITO DAS AGUAS";"Quedas";344,115622849277
"353120";2016;15;1;30768,7;2051,24666666667;66,6666666666667;"Municipio";1527;"MONTE ALEGRE DO SUL";"RRAS15";35074;"CIRCUITO DAS AGUAS";"Quedas";982,318271119843
"353120";2017;12;1;22402,56;1866,88;83,3333333333333;"Municipio";1606;"MONTE ALEGRE DO SUL";"RRAS15";35074;"CIRCUITO DAS AGUAS";"Quedas";747,19800747198
"353120";2018;17;0;35374,59;2080,85823529412;0;"Municipio";1695;"MONTE ALEGRE DO SUL";"RRAS15";35074;"CIRCUITO DAS AGUAS";"Quedas";1002,94985250737
"353120";2019;11;0;27232,38;2475,67090909091;0;"Municipio";1789;"MONTE ALEGRE DO SUL";"RRAS15";35074;"CIRCUITO DAS AGUAS";"Quedas";614,868641699273
"353120";2020;16;0;17570,19;1098,136875;0;"Municipio";1885;"MONTE ALEGRE DO SUL";"RRAS15";35074;"CIRCUITO DAS AGUAS";"Quedas";848,806366047745
"353120";2021;14;0;26490,11;1892,15071428571;0;"Municipio";1974;"MONTE ALEGRE DO SUL";"RRAS15";35074;"CIRCUITO DAS AGUAS";"Quedas";709,219858156028
"353120";2022;8;1;10772,55;1346,56875;125;"Municipio";2057;"MONTE ALEGRE DO SUL";"RRAS15";35074;"CIRCUITO DAS AGUAS";"Quedas";388,915896937287
"353120";2023;17;0;38172,43;2245,43705882353;0;"Municipio";2134;"MONTE ALEGRE DO SUL";"RRAS15";35074;"CIRCUITO DAS AGUAS";"Quedas";796,626054358013
"353120";2024;8;0;12423,21;1552,90125;0;"Municipio";2204;"MONTE ALEGRE DO SUL";"RRAS15";35074;"CIRCUITO DAS AGUAS";"Quedas";362,976406533575
"353120";2025;13;0;51462,83;3958,67923076923;0;"Municipio";;"MONTE ALEGRE DO SUL";"RRAS15";35074;"CIRCUITO DAS AGUAS";"Quedas";
"353130";2015;85;2;98329,24;1156,81458823529;23,5294117647059;"Municipio";8539;"MONTE ALTO";"RRAS13";35131;"HORIZONTE VERDE";"Quedas";995,43272045907
"353130";2016;66;4;69189,98;1048,33303030303;60,6060606060606;"Municipio";8806;"MONTE ALTO";"RRAS13";35131;"HORIZONTE VERDE";"Quedas";749,488984783102
"353130";2017;93;3;117669,85;1265,26720430108;32,258064516129;"Municipio";9078;"MONTE ALTO";"RRAS13";35131;"HORIZONTE VERDE";"Quedas";1024,45472571051
"353130";2018;79;7;140022,11;1772,4317721519;88,6075949367089;"Municipio";9360;"MONTE ALTO";"RRAS13";35131;"HORIZONTE VERDE";"Quedas";844,017094017094
"353130";2019;74;1;78970,94;1067,17486486486;13,5135135135135;"Municipio";9633;"MONTE ALTO";"RRAS13";35131;"HORIZONTE VERDE";"Quedas";768,192671026679
"353130";2020;84;5;125100,26;1489,28880952381;59,5238095238095;"Municipio";9894;"MONTE ALTO";"RRAS13";35131;"HORIZONTE VERDE";"Quedas";848,999393571862
"353130";2021;84;4;131601,11;1566,67988095238;47,6190476190476;"Municipio";10106;"MONTE ALTO";"RRAS13";35131;"HORIZONTE VERDE";"Quedas";831,189392440135
"353130";2022;107;4;172276,59;1610,06158878505;37,3831775700935;"Municipio";10321;"MONTE ALTO";"RRAS13";35131;"HORIZONTE VERDE";"Quedas";1036,72124794109
"353130";2023;76;4;132058,86;1737,61657894737;52,6315789473684;"Municipio";10582;"MONTE ALTO";"RRAS13";35131;"HORIZONTE VERDE";"Quedas";718,200718200718
"353130";2024;100;1;156147,28;1561,4728;10;"Municipio";10868;"MONTE ALTO";"RRAS13";35131;"HORIZONTE VERDE";"Quedas";920,132499079867
"353130";2025;91;1;205053,62;2253,33648351648;10,989010989011;"Municipio";;"MONTE ALTO";"RRAS13";35131;"HORIZONTE VERDE";"Quedas";
"353140";2015;51;6;121929,83;2390,78098039216;117,647058823529;"Municipio";4092;"MONTE APRAZIVEL";"RRAS12";35156;"JOSE BONIFACIO";"Quedas";1246,33431085044
"353140";2016;29;4;53487,73;1844,40448275862;137,931034482759;"Municipio";4205;"MONTE APRAZIVEL";"RRAS12";35156;"JOSE BONIFACIO";"Quedas";689,655172413793
"353140";2017;30;3;51694,31;1723,14366666667;100;"Municipio";4323;"MONTE APRAZIVEL";"RRAS12";35156;"JOSE BONIFACIO";"Quedas";693,962526023595
"353140";2018;41;5;100764,22;2457,66390243902;121,951219512195;"Municipio";4440;"MONTE APRAZIVEL";"RRAS12";35156;"JOSE BONIFACIO";"Quedas";923,423423423423
"353140";2019;35;4;73331,96;2095,19885714286;114,285714285714;"Municipio";4558;"MONTE APRAZIVEL";"RRAS12";35156;"JOSE BONIFACIO";"Quedas";767,880649407635
"353140";2020;27;5;77372,56;2865,65037037037;185,185185185185;"Municipio";4664;"MONTE APRAZIVEL";"RRAS12";35156;"JOSE BONIFACIO";"Quedas";578,902229845626
"353140";2021;29;2;63665,44;2195,36;68,9655172413793;"Municipio";4747;"MONTE APRAZIVEL";"RRAS12";35156;"JOSE BONIFACIO";"Quedas";610,912155045292
"353140";2022;53;4;158213,53;2985,16094339623;75,4716981132075;"Municipio";4837;"MONTE APRAZIVEL";"RRAS12";35156;"JOSE BONIFACIO";"Quedas";1095,72048790573
"353140";2023;37;6;115608,19;3124,54567567568;162,162162162162;"Municipio";4947;"MONTE APRAZIVEL";"RRAS12";35156;"JOSE BONIFACIO";"Quedas";747,928037194259
"353140";2024;46;6;211685,38;4601,85608695652;130,434782608696;"Municipio";5075;"MONTE APRAZIVEL";"RRAS12";35156;"JOSE BONIFACIO";"Quedas";906,4039408867
"353140";2025;57;6;261714,05;4591,47456140351;105,263157894737;"Municipio";;"MONTE APRAZIVEL";"RRAS12";35156;"JOSE BONIFACIO";"Quedas";
"353150";2015;13;1;16007,12;1231,31692307692;76,9230769230769;"Municipio";3255;"MONTE AZUL PAULISTA";"RRAS13";35052;"SUL BARRETOS";"Quedas";399,385560675883
"353150";2016;16;2;23705,29;1481,580625;125;"Municipio";3349;"MONTE AZUL PAULISTA";"RRAS13";35052;"SUL BARRETOS";"Quedas";477,754553598089
"353150";2017;24;0;31383,59;1307,64958333333;0;"Municipio";3443;"MONTE AZUL PAULISTA";"RRAS13";35052;"SUL BARRETOS";"Quedas";697,066511762997
"353150";2018;19;3;26446,81;1391,93736842105;157,894736842105;"Municipio";3538;"MONTE AZUL PAULISTA";"RRAS13";35052;"SUL BARRETOS";"Quedas";537,026568682872
"353150";2019;23;1;43807,88;1904,69043478261;43,4782608695652;"Municipio";3643;"MONTE AZUL PAULISTA";"RRAS13";35052;"SUL BARRETOS";"Quedas";631,347790282734
"353150";2020;27;2;30414,03;1126,44555555556;74,0740740740741;"Municipio";3735;"MONTE AZUL PAULISTA";"RRAS13";35052;"SUL BARRETOS";"Quedas";722,89156626506
"353150";2021;26;2;33388,04;1284,15538461538;76,9230769230769;"Municipio";3808;"MONTE AZUL PAULISTA";"RRAS13";35052;"SUL BARRETOS";"Quedas";682,773109243697
"353150";2022;15;1;55638,55;3709,23666666667;66,6666666666667;"Municipio";3886;"MONTE AZUL PAULISTA";"RRAS13";35052;"SUL BARRETOS";"Quedas";386,001029336078
"353150";2023;35;2;49025,15;1400,71857142857;57,1428571428571;"Municipio";3983;"MONTE AZUL PAULISTA";"RRAS13";35052;"SUL BARRETOS";"Quedas";878,734622144113
"353150";2024;29;1;53229,93;1835,51482758621;34,4827586206897;"Municipio";4090;"MONTE AZUL PAULISTA";"RRAS13";35052;"SUL BARRETOS";"Quedas";709,046454767726
"353150";2025;22;4;47657,84;2166,26545454545;181,818181818182;"Municipio";;"MONTE AZUL PAULISTA";"RRAS13";35052;"SUL BARRETOS";"Quedas";
"353160";2015;4;0;7635,45;1908,8625;0;"Municipio";859;"MONTE CASTELO";"RRAS11";35111;"ALTA PAULISTA";"Quedas";465,657741559953
"353160";2016;7;0;36067,74;5152,53428571429;0;"Municipio";875;"MONTE CASTELO";"RRAS11";35111;"ALTA PAULISTA";"Quedas";800
"353160";2017;6;0;13708,44;2284,74;0;"Municipio";891;"MONTE CASTELO";"RRAS11";35111;"ALTA PAULISTA";"Quedas";673,400673400673
"353160";2018;3;0;6698,02;2232,67333333333;0;"Municipio";912;"MONTE CASTELO";"RRAS11";35111;"ALTA PAULISTA";"Quedas";328,947368421053
"353160";2019;6;1;14728,42;2454,73666666667;166,666666666667;"Municipio";933;"MONTE CASTELO";"RRAS11";35111;"ALTA PAULISTA";"Quedas";643,086816720257
"353160";2020;4;0;8221,95;2055,4875;0;"Municipio";949;"MONTE CASTELO";"RRAS11";35111;"ALTA PAULISTA";"Quedas";421,496311907271
"353160";2021;3;0;10923,86;3641,28666666667;0;"Municipio";963;"MONTE CASTELO";"RRAS11";35111;"ALTA PAULISTA";"Quedas";311,526479750779
"353160";2022;2;1;2879,12;1439,56;500;"Municipio";976;"MONTE CASTELO";"RRAS11";35111;"ALTA PAULISTA";"Quedas";204,918032786885
"353160";2023;3;0;14631,59;4877,19666666667;0;"Municipio";993;"MONTE CASTELO";"RRAS11";35111;"ALTA PAULISTA";"Quedas";302,114803625378
"353160";2024;5;0;11114,25;2222,85;0;"Municipio";1008;"MONTE CASTELO";"RRAS11";35111;"ALTA PAULISTA";"Quedas";496,031746031746
"353160";2025;4;0;13413,08;3353,27;0;"Municipio";;"MONTE CASTELO";"RRAS11";35111;"ALTA PAULISTA";"Quedas";
"353170";2015;5;2;7861,48;1572,296;400;"Municipio";743;"MONTEIRO LOBATO";"RRAS17";35171;"ALTO VALE DO PARAIBA";"Quedas";672,947510094213
"353170";2016;3;0;10592,37;3530,79;0;"Municipio";764;"MONTEIRO LOBATO";"RRAS17";35171;"ALTO VALE DO PARAIBA";"Quedas";392,670157068063
"353170";2017;5;1;9219,66;1843,932;200;"Municipio";781;"MONTEIRO LOBATO";"RRAS17";35171;"ALTO VALE DO PARAIBA";"Quedas";640,204865556978
"353170";2018;2;0;1233,33;616,665;0;"Municipio";812;"MONTEIRO LOBATO";"RRAS17";35171;"ALTO VALE DO PARAIBA";"Quedas";246,305418719212
"353170";2019;2;1;5567,68;2783,84;500;"Municipio";841;"MONTEIRO LOBATO";"RRAS17";35171;"ALTO VALE DO PARAIBA";"Quedas";237,812128418549
"353170";2020;4;0;5854,42;1463,605;0;"Municipio";873;"MONTEIRO LOBATO";"RRAS17";35171;"ALTO VALE DO PARAIBA";"Quedas";458,190148911798
"353170";2021;9;0;11905,43;1322,82555555556;0;"Municipio";897;"MONTEIRO LOBATO";"RRAS17";35171;"ALTO VALE DO PARAIBA";"Quedas";1003,34448160535
"353170";2022;6;0;6225,19;1037,53166666667;0;"Municipio";927;"MONTEIRO LOBATO";"RRAS17";35171;"ALTO VALE DO PARAIBA";"Quedas";647,249190938511
"353170";2023;1;0;2033,94;2033,94;0;"Municipio";954;"MONTEIRO LOBATO";"RRAS17";35171;"ALTO VALE DO PARAIBA";"Quedas";104,82180293501
"353170";2024;5;0;4103,99;820,798;0;"Municipio";980;"MONTEIRO LOBATO";"RRAS17";35171;"ALTO VALE DO PARAIBA";"Quedas";510,204081632653
"353170";2025;2;0;2318,36;1159,18;0;"Municipio";;"MONTEIRO LOBATO";"RRAS17";35171;"ALTO VALE DO PARAIBA";"Quedas";
"353180";2015;36;1;75044,62;2084,57277777778;27,7777777777778;"Municipio";6169;"MONTE MOR";"RRAS15";35072;"REG METRO CAMPINAS";"Quedas";583,562976171179
"353180";2016;29;1;64879,83;2237,23551724138;34,4827586206897;"Municipio";6491;"MONTE MOR";"RRAS15";35072;"REG METRO CAMPINAS";"Quedas";446,772454167309
"353180";2017;40;0;69431,91;1735,79775;0;"Municipio";6833;"MONTE MOR";"RRAS15";35072;"REG METRO CAMPINAS";"Quedas";585,394409483389
"353180";2018;31;1;55031,02;1775,19419354839;32,258064516129;"Municipio";7193;"MONTE MOR";"RRAS15";35072;"REG METRO CAMPINAS";"Quedas";430,974558598638
"353180";2019;36;1;55529,09;1542,47472222222;27,7777777777778;"Municipio";7565;"MONTE MOR";"RRAS15";35072;"REG METRO CAMPINAS";"Quedas";475,875743555849
"353180";2020;45;3;93145,49;2069,89977777778;66,6666666666667;"Municipio";7928;"MONTE MOR";"RRAS15";35072;"REG METRO CAMPINAS";"Quedas";567,608476286579
"353180";2021;40;1;91692,25;2292,30625;25;"Municipio";8263;"MONTE MOR";"RRAS15";35072;"REG METRO CAMPINAS";"Quedas";484,08568316592
"353180";2022;50;0;110232,53;2204,6506;0;"Municipio";8613;"MONTE MOR";"RRAS15";35072;"REG METRO CAMPINAS";"Quedas";580,517821897132
"353180";2023;63;1;133278,6;2115,53333333333;15,8730158730159;"Municipio";9003;"MONTE MOR";"RRAS15";35072;"REG METRO CAMPINAS";"Quedas";699,766744418527
"353180";2024;81;2;148038,28;1827,63308641975;24,6913580246914;"Municipio";9424;"MONTE MOR";"RRAS15";35072;"REG METRO CAMPINAS";"Quedas";859,507640067912
"353180";2025;74;5;162521,96;2196,2427027027;67,5675675675676;"Municipio";;"MONTE MOR";"RRAS15";35072;"REG METRO CAMPINAS";"Quedas";
"353190";2015;36;0;52132,89;1448,13583333333;0;"Municipio";3552;"MORRO AGUDO";"RRAS13";35082;"ALTA ANHANGUERA";"Quedas";1013,51351351351
"353190";2016;32;1;57082,55;1783,8296875;31,25;"Municipio";3684;"MORRO AGUDO";"RRAS13";35082;"ALTA ANHANGUERA";"Quedas";868,621064060804
"353190";2017;46;1;42112,11;915,480652173913;21,7391304347826;"Municipio";3825;"MORRO AGUDO";"RRAS13";35082;"ALTA ANHANGUERA";"Quedas";1202,61437908497
"353190";2018;40;2;58632,23;1465,80575;50;"Municipio";3966;"MORRO AGUDO";"RRAS13";35082;"ALTA ANHANGUERA";"Quedas";1008,57286938981
"353190";2019;36;1;51783,81;1438,43916666667;27,7777777777778;"Municipio";4115;"MORRO AGUDO";"RRAS13";35082;"ALTA ANHANGUERA";"Quedas";874,848116646416
"353190";2020;34;0;29665,49;872,514411764706;0;"Municipio";4259;"MORRO AGUDO";"RRAS13";35082;"ALTA ANHANGUERA";"Quedas";798,309462315097
"353190";2021;42;1;44315,83;1055,13880952381;23,8095238095238;"Municipio";4378;"MORRO AGUDO";"RRAS13";35082;"ALTA ANHANGUERA";"Quedas";959,342165372316
"353190";2022;35;2;73288,6;2093,96;57,1428571428571;"Municipio";4514;"MORRO AGUDO";"RRAS13";35082;"ALTA ANHANGUERA";"Quedas";775,36552946389
"353190";2023;32;1;40388,22;1262,131875;31,25;"Municipio";4672;"MORRO AGUDO";"RRAS13";35082;"ALTA ANHANGUERA";"Quedas";684,931506849315
"353190";2024;34;3;65833,36;1936,27529411765;88,2352941176471;"Municipio";4840;"MORRO AGUDO";"RRAS13";35082;"ALTA ANHANGUERA";"Quedas";702,479338842975
"353190";2025;37;2;85800,92;2318,94378378378;54,0540540540541;"Municipio";;"MORRO AGUDO";"RRAS13";35082;"ALTA ANHANGUERA";"Quedas";
"353200";2015;9;0;16143,25;1793,69444444444;0;"Municipio";1770;"MORUNGABA";"RRAS15";35072;"REG METRO CAMPINAS";"Quedas";508,474576271186
"353200";2016;10;1;18474,49;1847,449;100;"Municipio";1841;"MORUNGABA";"RRAS15";35072;"REG METRO CAMPINAS";"Quedas";543,183052688756
"353200";2017;5;0;8948,57;1789,714;0;"Municipio";1913;"MORUNGABA";"RRAS15";35072;"REG METRO CAMPINAS";"Quedas";261,369576581286
"353200";2018;9;1;13160,36;1462,26222222222;111,111111111111;"Municipio";1986;"MORUNGABA";"RRAS15";35072;"REG METRO CAMPINAS";"Quedas";453,172205438066
"353200";2019;10;0;13583,99;1358,399;0;"Municipio";2063;"MORUNGABA";"RRAS15";35072;"REG METRO CAMPINAS";"Quedas";484,730974309258
"353200";2020;14;0;11623,72;830,265714285714;0;"Municipio";2140;"MORUNGABA";"RRAS15";35072;"REG METRO CAMPINAS";"Quedas";654,205607476636
"353200";2021;12;0;9119,97;759,9975;0;"Municipio";2199;"MORUNGABA";"RRAS15";35072;"REG METRO CAMPINAS";"Quedas";545,702592087312
"353200";2022;12;0;13497,63;1124,8025;0;"Municipio";2270;"MORUNGABA";"RRAS15";35072;"REG METRO CAMPINAS";"Quedas";528,63436123348
"353200";2023;13;1;16128,2;1240,63076923077;76,9230769230769;"Municipio";2353;"MORUNGABA";"RRAS15";35072;"REG METRO CAMPINAS";"Quedas";552,486187845304
"353200";2024;18;1;39688,97;2204,94277777778;55,5555555555556;"Municipio";2443;"MORUNGABA";"RRAS15";35072;"REG METRO CAMPINAS";"Quedas";736,79901760131
"353200";2025;13;0;33112,95;2547,15;0;"Municipio";;"MORUNGABA";"RRAS15";35072;"REG METRO CAMPINAS";"Quedas";
"353205";2015;2;0;1066,7;533,35;0;"Municipio";610;"MOTUCA";"RRAS18";35031;"CENTRAL DO DRS III";"Quedas";327,868852459016
"353205";2016;4;0;8421,45;2105,3625;0;"Municipio";638;"MOTUCA";"RRAS18";35031;"CENTRAL DO DRS III";"Quedas";626,959247648903
"353205";2017;3;0;3836,53;1278,84333333333;0;"Municipio";663;"MOTUCA";"RRAS18";35031;"CENTRAL DO DRS III";"Quedas";452,488687782805
"353205";2018;4;0;6265,01;1566,2525;0;"Municipio";685;"MOTUCA";"RRAS18";35031;"CENTRAL DO DRS III";"Quedas";583,941605839416
"353205";2019;7;0;8752,99;1250,42714285714;0;"Municipio";712;"MOTUCA";"RRAS18";35031;"CENTRAL DO DRS III";"Quedas";983,14606741573
"353205";2020;3;0;4926,79;1642,26333333333;0;"Municipio";737;"MOTUCA";"RRAS18";35031;"CENTRAL DO DRS III";"Quedas";407,055630936228
"353205";2021;4;0;5695,09;1423,7725;0;"Municipio";757;"MOTUCA";"RRAS18";35031;"CENTRAL DO DRS III";"Quedas";528,401585204756
"353205";2022;3;2;4210,95;1403,65;666,666666666667;"Municipio";780;"MOTUCA";"RRAS18";35031;"CENTRAL DO DRS III";"Quedas";384,615384615385
"353205";2023;3;0;4085,64;1361,88;0;"Municipio";798;"MOTUCA";"RRAS18";35031;"CENTRAL DO DRS III";"Quedas";375,93984962406
"353205";2024;2;0;10073,4;5036,7;0;"Municipio";825;"MOTUCA";"RRAS18";35031;"CENTRAL DO DRS III";"Quedas";242,424242424242
"353205";2025;5;0;11168,29;2233,658;0;"Municipio";;"MOTUCA";"RRAS18";35031;"CENTRAL DO DRS III";"Quedas";
"353210";2015;8;0;5304,38;663,0475;0;"Municipio";931;"MURUTINGA DO SUL";"RRAS19";35022;"LAGOS DO DRS II";"Quedas";859,291084854995
"353210";2016;6;1;2960,28;493,38;166,666666666667;"Municipio";942;"MURUTINGA DO SUL";"RRAS19";35022;"LAGOS DO DRS II";"Quedas";636,942675159236
"353210";2017;13;0;11540,17;887,705384615385;0;"Municipio";959;"MURUTINGA DO SUL";"RRAS19";35022;"LAGOS DO DRS II";"Quedas";1355,5787278415
"353210";2018;6;1;3867,34;644,556666666667;166,666666666667;"Municipio";974;"MURUTINGA DO SUL";"RRAS19";35022;"LAGOS DO DRS II";"Quedas";616,016427104723
"353210";2019;5;1;5567,43;1113,486;200;"Municipio";988;"MURUTINGA DO SUL";"RRAS19";35022;"LAGOS DO DRS II";"Quedas";506,072874493927
"353210";2020;5;1;5964,29;1192,858;200;"Municipio";1000;"MURUTINGA DO SUL";"RRAS19";35022;"LAGOS DO DRS II";"Quedas";500
"353210";2021;10;0;14348,93;1434,893;0;"Municipio";1012;"MURUTINGA DO SUL";"RRAS19";35022;"LAGOS DO DRS II";"Quedas";988,142292490119
"353210";2022;6;2;4154,8;692,466666666667;333,333333333333;"Municipio";1026;"MURUTINGA DO SUL";"RRAS19";35022;"LAGOS DO DRS II";"Quedas";584,795321637427
"353210";2023;14;1;15686,45;1120,46071428571;71,4285714285714;"Municipio";1044;"MURUTINGA DO SUL";"RRAS19";35022;"LAGOS DO DRS II";"Quedas";1340,99616858238
"353210";2024;9;2;17857,89;1984,21;222,222222222222;"Municipio";1066;"MURUTINGA DO SUL";"RRAS19";35022;"LAGOS DO DRS II";"Quedas";844,277673545966
"353210";2025;11;0;18982,41;1725,67363636364;0;"Municipio";;"MURUTINGA DO SUL";"RRAS19";35022;"LAGOS DO DRS II";"Quedas";
"353215";2015;1;0;2292,58;2292,58;0;"Municipio";339;"NANTES";"RRAS11";35113;"ALTO CAPIVARI";"Quedas";294,985250737463
"353215";2016;2;1;1521,59;760,795;500;"Municipio";349;"NANTES";"RRAS11";35113;"ALTO CAPIVARI";"Quedas";573,065902578797
"353215";2020;1;0;2011,16;2011,16;0;"Municipio";393;"NANTES";"RRAS11";35113;"ALTO CAPIVARI";"Quedas";254,452926208651
"353215";2021;5;0;9503,14;1900,628;0;"Municipio";404;"NANTES";"RRAS11";35113;"ALTO CAPIVARI";"Quedas";1237,62376237624
"353215";2022;7;0;13167,05;1881,00714285714;0;"Municipio";418;"NANTES";"RRAS11";35113;"ALTO CAPIVARI";"Quedas";1674,64114832536
"353215";2023;3;0;18928,63;6309,54333333333;0;"Municipio";428;"NANTES";"RRAS11";35113;"ALTO CAPIVARI";"Quedas";700,934579439252
"353215";2025;5;0;3737,57;747,514;0;"Municipio";;"NANTES";"RRAS11";35113;"ALTO CAPIVARI";"Quedas";
"353220";2015;6;0;12491,1;2081,85;0;"Municipio";594;"NARANDIBA";"RRAS11";35112;"ALTA SOROCABANA";"Quedas";1010,10101010101
"353220";2016;7;2;10968,4;1566,91428571429;285,714285714286;"Municipio";614;"NARANDIBA";"RRAS11";35112;"ALTA SOROCABANA";"Quedas";1140,0651465798
"353220";2017;2;0;4172,58;2086,29;0;"Municipio";645;"NARANDIBA";"RRAS11";35112;"ALTA SOROCABANA";"Quedas";310,077519379845
"353220";2018;6;0;7072,19;1178,69833333333;0;"Municipio";679;"NARANDIBA";"RRAS11";35112;"ALTA SOROCABANA";"Quedas";883,652430044183
"353220";2019;4;0;3482,41;870,6025;0;"Municipio";712;"NARANDIBA";"RRAS11";35112;"ALTA SOROCABANA";"Quedas";561,797752808989
"353220";2020;3;0;7208,71;2402,90333333333;0;"Municipio";753;"NARANDIBA";"RRAS11";35112;"ALTA SOROCABANA";"Quedas";398,406374501992
"353220";2021;1;0;1764,33;1764,33;0;"Municipio";784;"NARANDIBA";"RRAS11";35112;"ALTA SOROCABANA";"Quedas";127,551020408163
"353220";2022;5;0;8858,42;1771,684;0;"Municipio";819;"NARANDIBA";"RRAS11";35112;"ALTA SOROCABANA";"Quedas";610,50061050061
"353220";2023;5;0;7865,26;1573,052;0;"Municipio";856;"NARANDIBA";"RRAS11";35112;"ALTA SOROCABANA";"Quedas";584,11214953271
"353220";2024;12;0;37250,42;3104,20166666667;0;"Municipio";888;"NARANDIBA";"RRAS11";35112;"ALTA SOROCABANA";"Quedas";1351,35135135135
"353220";2025;8;2;10017,47;1252,18375;250;"Municipio";;"NARANDIBA";"RRAS11";35112;"ALTA SOROCABANA";"Quedas";
"353230";2015;5;2;7493,92;1498,784;400;"Municipio";1415;"NATIVIDADE DA SERRA";"RRAS17";35174;"VALE PARAIBA REGIAO SERRANA";"Quedas";353,356890459364
"353230";2016;3;0;3346,19;1115,39666666667;0;"Municipio";1459;"NATIVIDADE DA SERRA";"RRAS17";35174;"VALE PARAIBA REGIAO SERRANA";"Quedas";205,620287868403
"353230";2017;6;0;4014,76;669,126666666667;0;"Municipio";1501;"NATIVIDADE DA SERRA";"RRAS17";35174;"VALE PARAIBA REGIAO SERRANA";"Quedas";399,733510992672
"353230";2018;11;1;34212,53;3110,23;90,9090909090909;"Municipio";1549;"NATIVIDADE DA SERRA";"RRAS17";35174;"VALE PARAIBA REGIAO SERRANA";"Quedas";710,135571336346
"353230";2019;11;1;31780,4;2889,12727272727;90,9090909090909;"Municipio";1597;"NATIVIDADE DA SERRA";"RRAS17";35174;"VALE PARAIBA REGIAO SERRANA";"Quedas";688,791484032561
"353230";2020;8;0;24411,74;3051,4675;0;"Municipio";1642;"NATIVIDADE DA SERRA";"RRAS17";35174;"VALE PARAIBA REGIAO SERRANA";"Quedas";487,21071863581
"353230";2021;8;1;9675,24;1209,405;125;"Municipio";1677;"NATIVIDADE DA SERRA";"RRAS17";35174;"VALE PARAIBA REGIAO SERRANA";"Quedas";477,042337507454
"353230";2022;9;2;28729,07;3192,11888888889;222,222222222222;"Municipio";1720;"NATIVIDADE DA SERRA";"RRAS17";35174;"VALE PARAIBA REGIAO SERRANA";"Quedas";523,255813953488
"353230";2023;8;0;16234,75;2029,34375;0;"Municipio";1767;"NATIVIDADE DA SERRA";"RRAS17";35174;"VALE PARAIBA REGIAO SERRANA";"Quedas";452,744765138653
"353230";2024;10;1;26257,67;2625,767;100;"Municipio";1818;"NATIVIDADE DA SERRA";"RRAS17";35174;"VALE PARAIBA REGIAO SERRANA";"Quedas";550,05500550055
"353230";2025;8;0;78487,62;9810,9525;0;"Municipio";;"NATIVIDADE DA SERRA";"RRAS17";35174;"VALE PARAIBA REGIAO SERRANA";"Quedas";
"353240";2015;15;0;33235,91;2215,72733333333;0;"Municipio";2817;"NAZARE PAULISTA";"RRAS16";35071;"BRAGANCA";"Quedas";532,48136315229
"353240";2016;15;0;22661,53;1510,76866666667;0;"Municipio";2906;"NAZARE PAULISTA";"RRAS16";35071;"BRAGANCA";"Quedas";516,173434273916
"353240";2017;20;1;41234,85;2061,7425;50;"Municipio";2997;"NAZARE PAULISTA";"RRAS16";35071;"BRAGANCA";"Quedas";667,334000667334
"353240";2018;21;0;53788,08;2561,33714285714;0;"Municipio";3097;"NAZARE PAULISTA";"RRAS16";35071;"BRAGANCA";"Quedas";678,075556990636
"353240";2019;15;2;28779,3;1918,62;133,333333333333;"Municipio";3197;"NAZARE PAULISTA";"RRAS16";35071;"BRAGANCA";"Quedas";469,189865498905
"353240";2020;17;0;49237,66;2896,33294117647;0;"Municipio";3291;"NAZARE PAULISTA";"RRAS16";35071;"BRAGANCA";"Quedas";516,56031601337
"353240";2021;28;1;80449,88;2873,21;35,7142857142857;"Municipio";3378;"NAZARE PAULISTA";"RRAS16";35071;"BRAGANCA";"Quedas";828,892835997632
"353240";2022;31;3;83509,61;2693,85838709677;96,7741935483871;"Municipio";3470;"NAZARE PAULISTA";"RRAS16";35071;"BRAGANCA";"Quedas";893,371757925072
"353240";2023;29;2;61942;2135,93103448276;68,9655172413793;"Municipio";3592;"NAZARE PAULISTA";"RRAS16";35071;"BRAGANCA";"Quedas";807,349665924276
"353240";2024;19;0;50171,93;2640,62789473684;0;"Municipio";3712;"NAZARE PAULISTA";"RRAS16";35071;"BRAGANCA";"Quedas";511,853448275862
"353240";2025;37;3;142082,03;3840,05486486487;81,0810810810811;"Municipio";;"NAZARE PAULISTA";"RRAS16";35071;"BRAGANCA";"Quedas";
"353250";2015;26;0;32952,79;1267,415;0;"Municipio";1959;"NEVES PAULISTA";"RRAS12";35155;"SAO JOSE DO RIO PRETO";"Quedas";1327,20775906075
"353250";2016;27;3;42021,03;1556,33444444444;111,111111111111;"Municipio";2019;"NEVES PAULISTA";"RRAS12";35155;"SAO JOSE DO RIO PRETO";"Quedas";1337,29569093611
"353250";2017;28;1;72753,22;2598,32928571429;35,7142857142857;"Municipio";2078;"NEVES PAULISTA";"RRAS12";35155;"SAO JOSE DO RIO PRETO";"Quedas";1347,44947064485
"353250";2018;21;4;41216,52;1962,69142857143;190,47619047619;"Municipio";2143;"NEVES PAULISTA";"RRAS12";35155;"SAO JOSE DO RIO PRETO";"Quedas";979,934671021932
"353250";2019;19;2;77498,87;4078,88789473684;105,263157894737;"Municipio";2203;"NEVES PAULISTA";"RRAS12";35155;"SAO JOSE DO RIO PRETO";"Quedas";862,460281434408
"353250";2020;16;2;53416,27;3338,516875;125;"Municipio";2268;"NEVES PAULISTA";"RRAS12";35155;"SAO JOSE DO RIO PRETO";"Quedas";705,467372134039
"353250";2021;26;1;43330;1666,53846153846;38,4615384615385;"Municipio";2307;"NEVES PAULISTA";"RRAS12";35155;"SAO JOSE DO RIO PRETO";"Quedas";1127,0047680971
"353250";2022;19;0;84529,03;4448,89631578947;0;"Municipio";2358;"NEVES PAULISTA";"RRAS12";35155;"SAO JOSE DO RIO PRETO";"Quedas";805,767599660729
"353250";2023;27;1;96769,5;3584,05555555556;37,037037037037;"Municipio";2419;"NEVES PAULISTA";"RRAS12";35155;"SAO JOSE DO RIO PRETO";"Quedas";1116,16370400992
"353250";2024;25;1;51074,93;2042,9972;40;"Municipio";2475;"NEVES PAULISTA";"RRAS12";35155;"SAO JOSE DO RIO PRETO";"Quedas";1010,10101010101
"353250";2025;21;0;36046,25;1716,4880952381;0;"Municipio";;"NEVES PAULISTA";"RRAS12";35155;"SAO JOSE DO RIO PRETO";"Quedas";
"353260";2015;12;0;22089,06;1840,755;0;"Municipio";2399;"NHANDEARA";"RRAS12";35157;"VOTUPORANGA";"Quedas";500,208420175073
"353260";2016;18;3;95765,68;5320,31555555556;166,666666666667;"Municipio";2452;"NHANDEARA";"RRAS12";35157;"VOTUPORANGA";"Quedas";734,094616639478
"353260";2017;18;1;22689,61;1260,53388888889;55,5555555555556;"Municipio";2510;"NHANDEARA";"RRAS12";35157;"VOTUPORANGA";"Quedas";717,131474103586
"353260";2018;27;1;43140,85;1597,80925925926;37,037037037037;"Municipio";2561;"NHANDEARA";"RRAS12";35157;"VOTUPORANGA";"Quedas";1054,27567356501
"353260";2019;24;1;41484,22;1728,50916666667;41,6666666666667;"Municipio";2609;"NHANDEARA";"RRAS12";35157;"VOTUPORANGA";"Quedas";919,892679187428
"353260";2020;33;3;101329,39;3070,58757575758;90,9090909090909;"Municipio";2657;"NHANDEARA";"RRAS12";35157;"VOTUPORANGA";"Quedas";1242,00225818592
"353260";2021;19;1;31238,82;1644,14842105263;52,6315789473684;"Municipio";2691;"NHANDEARA";"RRAS12";35157;"VOTUPORANGA";"Quedas";706,057227796358
"353260";2022;25;2;31116,51;1244,6604;80;"Municipio";2728;"NHANDEARA";"RRAS12";35157;"VOTUPORANGA";"Quedas";916,422287390029
"353260";2023;30;1;52539,04;1751,30133333333;33,3333333333333;"Municipio";2775;"NHANDEARA";"RRAS12";35157;"VOTUPORANGA";"Quedas";1081,08108108108
"353260";2024;29;2;43430,4;1497,6;68,9655172413793;"Municipio";2821;"NHANDEARA";"RRAS12";35157;"VOTUPORANGA";"Quedas";1028,00425381071
"353260";2025;42;2;66819,53;1590,94119047619;47,6190476190476;"Municipio";;"NHANDEARA";"RRAS12";35157;"VOTUPORANGA";"Quedas";
"353270";2015;6;1;20165,6;3360,93333333333;166,666666666667;"Municipio";623;"NIPOA";"RRAS12";35156;"JOSE BONIFACIO";"Quedas";963,081861958266
"353270";2016;3;0;3989,84;1329,94666666667;0;"Municipio";637;"NIPOA";"RRAS12";35156;"JOSE BONIFACIO";"Quedas";470,957613814757
"353270";2017;4;0;897,55;224,3875;0;"Municipio";654;"NIPOA";"RRAS12";35156;"JOSE BONIFACIO";"Quedas";611,620795107034
"353270";2018;5;1;25369,1;5073,82;200;"Municipio";672;"NIPOA";"RRAS12";35156;"JOSE BONIFACIO";"Quedas";744,047619047619
"353270";2019;7;1;14168,94;2024,13428571429;142,857142857143;"Municipio";689;"NIPOA";"RRAS12";35156;"JOSE BONIFACIO";"Quedas";1015,96516690856
"353270";2020;2;0;1024,72;512,36;0;"Municipio";711;"NIPOA";"RRAS12";35156;"JOSE BONIFACIO";"Quedas";281,293952180028
"353270";2021;7;3;40347,24;5763,89142857143;428,571428571429;"Municipio";728;"NIPOA";"RRAS12";35156;"JOSE BONIFACIO";"Quedas";961,538461538462
"353270";2022;15;0;25086,97;1672,46466666667;0;"Municipio";744;"NIPOA";"RRAS12";35156;"JOSE BONIFACIO";"Quedas";2016,12903225806
"353270";2023;8;0;19320,52;2415,065;0;"Municipio";761;"NIPOA";"RRAS12";35156;"JOSE BONIFACIO";"Quedas";1051,24835742444
"353270";2024;9;2;64434,95;7159,43888888889;222,222222222222;"Municipio";797;"NIPOA";"RRAS12";35156;"JOSE BONIFACIO";"Quedas";1129,23462986198
"353270";2025;14;1;46662,66;3333,04714285714;71,4285714285714;"Municipio";;"NIPOA";"RRAS12";35156;"JOSE BONIFACIO";"Quedas";
"353280";2015;24;3;29125,77;1213,57375;125;"Municipio";1119;"NOVA ALIANCA";"RRAS12";35155;"SAO JOSE DO RIO PRETO";"Quedas";2144,77211796247
"353280";2016;34;2;48543,48;1427,74941176471;58,8235294117647;"Municipio";1145;"NOVA ALIANCA";"RRAS12";35155;"SAO JOSE DO RIO PRETO";"Quedas";2969,43231441048
"353280";2017;23;5;81718,9;3552,99565217391;217,391304347826;"Municipio";1176;"NOVA ALIANCA";"RRAS12";35155;"SAO JOSE DO RIO PRETO";"Quedas";1955,78231292517
"353280";2018;12;0;11025,18;918,765;0;"Municipio";1205;"NOVA ALIANCA";"RRAS12";35155;"SAO JOSE DO RIO PRETO";"Quedas";995,850622406639
"353280";2019;11;2;16937,03;1539,73;181,818181818182;"Municipio";1240;"NOVA ALIANCA";"RRAS12";35155;"SAO JOSE DO RIO PRETO";"Quedas";887,096774193548
"353280";2020;20;1;40403,06;2020,153;50;"Municipio";1268;"NOVA ALIANCA";"RRAS12";35155;"SAO JOSE DO RIO PRETO";"Quedas";1577,28706624606
"353280";2021;17;3;53827,9;3166,34705882353;176,470588235294;"Municipio";1300;"NOVA ALIANCA";"RRAS12";35155;"SAO JOSE DO RIO PRETO";"Quedas";1307,69230769231
"353280";2022;17;2;41836,53;2460,97235294118;117,647058823529;"Municipio";1325;"NOVA ALIANCA";"RRAS12";35155;"SAO JOSE DO RIO PRETO";"Quedas";1283,01886792453
"353280";2023;19;3;72450,75;3813,19736842105;157,894736842105;"Municipio";1356;"NOVA ALIANCA";"RRAS12";35155;"SAO JOSE DO RIO PRETO";"Quedas";1401,17994100295
"353280";2024;14;0;24956,72;1782,62285714286;0;"Municipio";1397;"NOVA ALIANCA";"RRAS12";35155;"SAO JOSE DO RIO PRETO";"Quedas";1002,14745884037
"353280";2025;19;2;62825,7;3306,61578947368;105,263157894737;"Municipio";;"NOVA ALIANCA";"RRAS12";35155;"SAO JOSE DO RIO PRETO";"Quedas";
"353282";2015;9;1;11772,8;1308,08888888889;111,111111111111;"Municipio";850;"NOVA CAMPINA";"RRAS08";35162;"ITAPEVA";"Quedas";1058,82352941176
"353282";2016;4;1;13184,77;3296,1925;250;"Municipio";884;"NOVA CAMPINA";"RRAS08";35162;"ITAPEVA";"Quedas";452,488687782805
"353282";2017;8;0;8823,2;1102,9;0;"Municipio";919;"NOVA CAMPINA";"RRAS08";35162;"ITAPEVA";"Quedas";870,511425462459
"353282";2018;2;0;2262,95;1131,475;0;"Municipio";958;"NOVA CAMPINA";"RRAS08";35162;"ITAPEVA";"Quedas";208,768267223382
"353282";2019;3;0;614,25;204,75;0;"Municipio";996;"NOVA CAMPINA";"RRAS08";35162;"ITAPEVA";"Quedas";301,204819277108
"353282";2020;6;0;8448,87;1408,145;0;"Municipio";1034;"NOVA CAMPINA";"RRAS08";35162;"ITAPEVA";"Quedas";580,270793036751
"353282";2021;1;0;279,8;279,8;0;"Municipio";1067;"NOVA CAMPINA";"RRAS08";35162;"ITAPEVA";"Quedas";93,7207122774133
"353282";2022;10;0;20488,72;2048,872;0;"Municipio";1105;"NOVA CAMPINA";"RRAS08";35162;"ITAPEVA";"Quedas";904,977375565611
"353282";2023;6;0;6504,03;1084,005;0;"Municipio";1155;"NOVA CAMPINA";"RRAS08";35162;"ITAPEVA";"Quedas";519,480519480519
"353282";2024;6;1;8400,04;1400,00666666667;166,666666666667;"Municipio";1201;"NOVA CAMPINA";"RRAS08";35162;"ITAPEVA";"Quedas";499,583680266445
"353282";2025;11;2;51522,31;4683,84636363636;181,818181818182;"Municipio";;"NOVA CAMPINA";"RRAS08";35162;"ITAPEVA";"Quedas";
"353284";2015;3;0;5355,95;1785,31666666667;0;"Municipio";554;"NOVA CANAA PAULISTA";"RRAS12";35152;"SANTA FE DO SUL";"Quedas";541,516245487365
"353284";2016;6;0;6539,04;1089,84;0;"Municipio";572;"NOVA CANAA PAULISTA";"RRAS12";35152;"SANTA FE DO SUL";"Quedas";1048,95104895105
"353284";2017;2;1;15553,72;7776,86;500;"Municipio";589;"NOVA CANAA PAULISTA";"RRAS12";35152;"SANTA FE DO SUL";"Quedas";339,55857385399
"353284";2018;4;0;8019,96;2004,99;0;"Municipio";602;"NOVA CANAA PAULISTA";"RRAS12";35152;"SANTA FE DO SUL";"Quedas";664,451827242525
"353284";2019;2;0;5955,99;2977,995;0;"Municipio";619;"NOVA CANAA PAULISTA";"RRAS12";35152;"SANTA FE DO SUL";"Quedas";323,101777059774
"353284";2020;6;0;8445,21;1407,535;0;"Municipio";637;"NOVA CANAA PAULISTA";"RRAS12";35152;"SANTA FE DO SUL";"Quedas";941,915227629513
"353284";2021;5;2;15729,91;3145,982;400;"Municipio";644;"NOVA CANAA PAULISTA";"RRAS12";35152;"SANTA FE DO SUL";"Quedas";776,39751552795
"353284";2022;4;0;8746,69;2186,6725;0;"Municipio";658;"NOVA CANAA PAULISTA";"RRAS12";35152;"SANTA FE DO SUL";"Quedas";607,90273556231
"353284";2023;5;1;17780,46;3556,092;200;"Municipio";653;"NOVA CANAA PAULISTA";"RRAS12";35152;"SANTA FE DO SUL";"Quedas";765,696784073507
"353284";2024;10;1;24300,35;2430,035;100;"Municipio";668;"NOVA CANAA PAULISTA";"RRAS12";35152;"SANTA FE DO SUL";"Quedas";1497,00598802395
"353284";2025;9;0;37282,76;4142,52888888889;0;"Municipio";;"NOVA CANAA PAULISTA";"RRAS12";35152;"SANTA FE DO SUL";"Quedas";
"353286";2017;2;0;3157,34;1578,67;0;"Municipio";197;"NOVA CASTILHO";"RRAS19";35021;"CENTRAL DO DRS II";"Quedas";1015,22842639594
"353286";2018;3;1;7484,96;2494,98666666667;333,333333333333;"Municipio";199;"NOVA CASTILHO";"RRAS19";35021;"CENTRAL DO DRS II";"Quedas";1507,53768844221
"353286";2019;2;0;3113,22;1556,61;0;"Municipio";205;"NOVA CASTILHO";"RRAS19";35021;"CENTRAL DO DRS II";"Quedas";975,609756097561
"353286";2021;1;0;2467,31;2467,31;0;"Municipio";207;"NOVA CASTILHO";"RRAS19";35021;"CENTRAL DO DRS II";"Quedas";483,091787439613
"353286";2025;2;0;4366;2183;0;"Municipio";;"NOVA CASTILHO";"RRAS19";35021;"CENTRAL DO DRS II";"Quedas";
"353290";2015;14;1;13752,51;982,322142857143;71,4285714285714;"Municipio";1284;"NOVA EUROPA";"RRAS18";35033;"NOROESTE DRS III";"Quedas";1090,34267912773
"353290";2016;20;0;13875,61;693,7805;0;"Municipio";1332;"NOVA EUROPA";"RRAS18";35033;"NOROESTE DRS III";"Quedas";1501,5015015015
"353290";2017;9;0;2092;232,444444444444;0;"Municipio";1378;"NOVA EUROPA";"RRAS18";35033;"NOROESTE DRS III";"Quedas";653,120464441219
"353290";2018;11;0;4827,82;438,892727272727;0;"Municipio";1424;"NOVA EUROPA";"RRAS18";35033;"NOROESTE DRS III";"Quedas";772,47191011236
"353290";2019;2;0;406,78;203,39;0;"Municipio";1473;"NOVA EUROPA";"RRAS18";35033;"NOROESTE DRS III";"Quedas";135,777325186694
"353290";2020;1;0;253,28;253,28;0;"Municipio";1524;"NOVA EUROPA";"RRAS18";35033;"NOROESTE DRS III";"Quedas";65,6167979002625
"353290";2021;3;0;954,01;318,003333333333;0;"Municipio";1567;"NOVA EUROPA";"RRAS18";35033;"NOROESTE DRS III";"Quedas";191,4486279515
"353290";2022;2;0;10994,94;5497,47;0;"Municipio";1609;"NOVA EUROPA";"RRAS18";35033;"NOROESTE DRS III";"Quedas";124,300807955252
"353290";2024;1;0;571,24;571,24;0;"Municipio";1712;"NOVA EUROPA";"RRAS18";35033;"NOROESTE DRS III";"Quedas";58,411214953271
"353290";2025;3;1;13694,86;4564,95333333333;333,333333333333;"Municipio";;"NOVA EUROPA";"RRAS18";35033;"NOROESTE DRS III";"Quedas";
"353300";2015;20;1;20774,94;1038,747;50;"Municipio";3196;"NOVA GRANADA";"RRAS12";35155;"SAO JOSE DO RIO PRETO";"Quedas";625,782227784731
"353300";2016;27;3;55501,36;2055,60592592593;111,111111111111;"Municipio";3286;"NOVA GRANADA";"RRAS12";35155;"SAO JOSE DO RIO PRETO";"Quedas";821,667681071211
"353300";2017;40;7;79172,62;1979,3155;175;"Municipio";3382;"NOVA GRANADA";"RRAS12";35155;"SAO JOSE DO RIO PRETO";"Quedas";1182,73211117682
"353300";2018;49;6;133313,52;2720,68408163265;122,448979591837;"Municipio";3478;"NOVA GRANADA";"RRAS12";35155;"SAO JOSE DO RIO PRETO";"Quedas";1408,85566417481
"353300";2019;38;2;72726,6;1913,85789473684;52,6315789473684;"Municipio";3582;"NOVA GRANADA";"RRAS12";35155;"SAO JOSE DO RIO PRETO";"Quedas";1060,8598548297
"353300";2020;41;6;127327,33;3105,54463414634;146,341463414634;"Municipio";3674;"NOVA GRANADA";"RRAS12";35155;"SAO JOSE DO RIO PRETO";"Quedas";1115,94991834513
"353300";2021;37;3;77174,37;2085,79378378378;81,0810810810811;"Municipio";3751;"NOVA GRANADA";"RRAS12";35155;"SAO JOSE DO RIO PRETO";"Quedas";986,403625699813
"353300";2022;38;3;183231,09;4821,87078947368;78,9473684210526;"Municipio";3826;"NOVA GRANADA";"RRAS12";35155;"SAO JOSE DO RIO PRETO";"Quedas";993,204391008887
"353300";2023;34;2;57305,71;1685,46205882353;58,8235294117647;"Municipio";3925;"NOVA GRANADA";"RRAS12";35155;"SAO JOSE DO RIO PRETO";"Quedas";866,242038216561
"353300";2024;55;4;136359,9;2479,27090909091;72,7272727272727;"Municipio";4027;"NOVA GRANADA";"RRAS12";35155;"SAO JOSE DO RIO PRETO";"Quedas";1365,78097839583
"353300";2025;63;5;199031,79;3159,23476190476;79,3650793650794;"Municipio";;"NOVA GRANADA";"RRAS12";35155;"SAO JOSE DO RIO PRETO";"Quedas";
"353310";2015;2;0;1403,42;701,71;0;"Municipio";468;"NOVA GUATAPORANGA";"RRAS11";35111;"ALTA PAULISTA";"Quedas";427,350427350427
"353310";2016;8;0;9350,53;1168,81625;0;"Municipio";481;"NOVA GUATAPORANGA";"RRAS11";35111;"ALTA PAULISTA";"Quedas";1663,20166320166
"353310";2017;2;1;1594,89;797,445;500;"Municipio";494;"NOVA GUATAPORANGA";"RRAS11";35111;"ALTA PAULISTA";"Quedas";404,858299595142
"353310";2018;5;0;20907,83;4181,566;0;"Municipio";510;"NOVA GUATAPORANGA";"RRAS11";35111;"ALTA PAULISTA";"Quedas";980,392156862745
"353310";2020;1;0;2065,74;2065,74;0;"Municipio";537;"NOVA GUATAPORANGA";"RRAS11";35111;"ALTA PAULISTA";"Quedas";186,219739292365
"353310";2021;3;0;9653,36;3217,78666666667;0;"Municipio";545;"NOVA GUATAPORANGA";"RRAS11";35111;"ALTA PAULISTA";"Quedas";550,45871559633
"353310";2022;3;1;10164,62;3388,20666666667;333,333333333333;"Municipio";549;"NOVA GUATAPORANGA";"RRAS11";35111;"ALTA PAULISTA";"Quedas";546,448087431694
"353310";2023;4;0;6257,55;1564,3875;0;"Municipio";551;"NOVA GUATAPORANGA";"RRAS11";35111;"ALTA PAULISTA";"Quedas";725,952813067151
"353310";2024;5;0;6156,42;1231,284;0;"Municipio";558;"NOVA GUATAPORANGA";"RRAS11";35111;"ALTA PAULISTA";"Quedas";896,057347670251
"353310";2025;5;0;5822,62;1164,524;0;"Municipio";;"NOVA GUATAPORANGA";"RRAS11";35111;"ALTA PAULISTA";"Quedas";
"353320";2015;8;1;2378,04;297,255;125;"Municipio";428;"NOVA INDEPENDENCIA";"RRAS19";35022;"LAGOS DO DRS II";"Quedas";1869,15887850467
"353320";2016;5;0;7569,21;1513,842;0;"Municipio";448;"NOVA INDEPENDENCIA";"RRAS19";35022;"LAGOS DO DRS II";"Quedas";1116,07142857143
"353320";2017;4;0;3293,75;823,4375;0;"Municipio";476;"NOVA INDEPENDENCIA";"RRAS19";35022;"LAGOS DO DRS II";"Quedas";840,336134453781
"353320";2018;4;0;7020,79;1755,1975;0;"Municipio";501;"NOVA INDEPENDENCIA";"RRAS19";35022;"LAGOS DO DRS II";"Quedas";798,403193612774
"353320";2019;7;0;5721,79;817,398571428571;0;"Municipio";537;"NOVA INDEPENDENCIA";"RRAS19";35022;"LAGOS DO DRS II";"Quedas";1303,53817504655
"353320";2020;3;0;798,17;266,056666666667;0;"Municipio";568;"NOVA INDEPENDENCIA";"RRAS19";35022;"LAGOS DO DRS II";"Quedas";528,169014084507
"353320";2021;5;1;55362,64;11072,528;200;"Municipio";592;"NOVA INDEPENDENCIA";"RRAS19";35022;"LAGOS DO DRS II";"Quedas";844,594594594595
"353320";2022;3;0;9109,47;3036,49;0;"Municipio";624;"NOVA INDEPENDENCIA";"RRAS19";35022;"LAGOS DO DRS II";"Quedas";480,769230769231
"353320";2023;5;0;4622,31;924,462;0;"Municipio";647;"NOVA INDEPENDENCIA";"RRAS19";35022;"LAGOS DO DRS II";"Quedas";772,797527047913
"353320";2025;5;0;4540,13;908,026;0;"Municipio";;"NOVA INDEPENDENCIA";"RRAS19";35022;"LAGOS DO DRS II";"Quedas";
"353325";2015;6;0;14781,66;2463,61;0;"Municipio";544;"NOVAIS";"RRAS12";35151;"CATANDUVA";"Quedas";1102,94117647059
"353325";2016;1;0;604,05;604,05;0;"Municipio";555;"NOVAIS";"RRAS12";35151;"CATANDUVA";"Quedas";180,18018018018
"353325";2017;2;0;8984,12;4492,06;0;"Municipio";566;"NOVAIS";"RRAS12";35151;"CATANDUVA";"Quedas";353,356890459364
"353325";2018;2;0;5694,24;2847,12;0;"Municipio";572;"NOVAIS";"RRAS12";35151;"CATANDUVA";"Quedas";349,65034965035
"353325";2019;3;0;7797,83;2599,27666666667;0;"Municipio";588;"NOVAIS";"RRAS12";35151;"CATANDUVA";"Quedas";510,204081632653
"353325";2020;2;1;8857,04;4428,52;500;"Municipio";598;"NOVAIS";"RRAS12";35151;"CATANDUVA";"Quedas";334,448160535117
"353325";2021;6;1;24341,38;4056,89666666667;166,666666666667;"Municipio";608;"NOVAIS";"RRAS12";35151;"CATANDUVA";"Quedas";986,842105263158
"353325";2022;7;1;26494,85;3784,97857142857;142,857142857143;"Municipio";622;"NOVAIS";"RRAS12";35151;"CATANDUVA";"Quedas";1125,40192926045
"353325";2023;3;0;6441,99;2147,33;0;"Municipio";635;"NOVAIS";"RRAS12";35151;"CATANDUVA";"Quedas";472,44094488189
"353325";2024;5;1;12963,56;2592,712;200;"Municipio";668;"NOVAIS";"RRAS12";35151;"CATANDUVA";"Quedas";748,502994011976
"353325";2025;5;1;12974,05;2594,81;200;"Municipio";;"NOVAIS";"RRAS12";35151;"CATANDUVA";"Quedas";
"353330";2016;6;1;12918,52;2153,08666666667;166,666666666667;"Municipio";540;"NOVA LUZITANIA";"RRAS19";35021;"CENTRAL DO DRS II";"Quedas";1111,11111111111
"353330";2017;5;1;5428,38;1085,676;200;"Municipio";557;"NOVA LUZITANIA";"RRAS19";35021;"CENTRAL DO DRS II";"Quedas";897,666068222621
"353330";2018;4;1;27101,66;6775,415;250;"Municipio";570;"NOVA LUZITANIA";"RRAS19";35021;"CENTRAL DO DRS II";"Quedas";701,754385964912
"353330";2019;4;1;14152,78;3538,195;250;"Municipio";588;"NOVA LUZITANIA";"RRAS19";35021;"CENTRAL DO DRS II";"Quedas";680,272108843537
"353330";2020;3;1;17626,4;5875,46666666667;333,333333333333;"Municipio";595;"NOVA LUZITANIA";"RRAS19";35021;"CENTRAL DO DRS II";"Quedas";504,201680672269
"353330";2021;1;1;2656,41;2656,41;1000;"Municipio";605;"NOVA LUZITANIA";"RRAS19";35021;"CENTRAL DO DRS II";"Quedas";165,289256198347
"353330";2022;4;0;4327,85;1081,9625;0;"Municipio";617;"NOVA LUZITANIA";"RRAS19";35021;"CENTRAL DO DRS II";"Quedas";648,298217179903
"353330";2023;5;0;13001,22;2600,244;0;"Municipio";619;"NOVA LUZITANIA";"RRAS19";35021;"CENTRAL DO DRS II";"Quedas";807,754442649435
"353330";2024;4;0;3388,18;847,045;0;"Municipio";641;"NOVA LUZITANIA";"RRAS19";35021;"CENTRAL DO DRS II";"Quedas";624,02496099844
"353330";2025;7;0;32838,61;4691,23;0;"Municipio";;"NOVA LUZITANIA";"RRAS19";35021;"CENTRAL DO DRS II";"Quedas";
"353340";2015;14;2;53817,81;3844,12928571429;142,857142857143;"Municipio";7645;"NOVA ODESSA";"RRAS15";35072;"REG METRO CAMPINAS";"Quedas";183,126226291694
"353340";2016;24;1;58918,41;2454,93375;41,6666666666667;"Municipio";8037;"NOVA ODESSA";"RRAS15";35072;"REG METRO CAMPINAS";"Quedas";298,618887644644
"353340";2017;34;2;75444,01;2218,94147058824;58,8235294117647;"Municipio";8455;"NOVA ODESSA";"RRAS15";35072;"REG METRO CAMPINAS";"Quedas";402,128917800118
"353340";2018;26;2;79169,15;3044,96730769231;76,9230769230769;"Municipio";8890;"NOVA ODESSA";"RRAS15";35072;"REG METRO CAMPINAS";"Quedas";292,463442069741
"353340";2019;31;1;89065,2;2873,07096774194;32,258064516129;"Municipio";9338;"NOVA ODESSA";"RRAS15";35072;"REG METRO CAMPINAS";"Quedas";331,976868708503
"353340";2020;39;2;98751,27;2532,08384615385;51,2820512820513;"Municipio";9774;"NOVA ODESSA";"RRAS15";35072;"REG METRO CAMPINAS";"Quedas";399,017802332719
"353340";2021;25;0;64550,68;2582,0272;0;"Municipio";10172;"NOVA ODESSA";"RRAS15";35072;"REG METRO CAMPINAS";"Quedas";245,772709398348
"353340";2022;27;1;93835,16;3475,3762962963;37,037037037037;"Municipio";10584;"NOVA ODESSA";"RRAS15";35072;"REG METRO CAMPINAS";"Quedas";255,102040816327
"353340";2023;22;0;65161,92;2961,90545454545;0;"Municipio";11044;"NOVA ODESSA";"RRAS15";35072;"REG METRO CAMPINAS";"Quedas";199,203187250996
"353340";2024;39;3;113163,04;2901,61641025641;76,9230769230769;"Municipio";11518;"NOVA ODESSA";"RRAS15";35072;"REG METRO CAMPINAS";"Quedas";338,600451467269
"353340";2025;6;1;20545,41;3424,235;166,666666666667;"Municipio";;"NOVA ODESSA";"RRAS15";35072;"REG METRO CAMPINAS";"Quedas";
"353350";2015;42;4;77875,49;1854,17833333333;95,2380952380952;"Municipio";6508;"NOVO HORIZONTE";"RRAS12";35151;"CATANDUVA";"Quedas";645,359557467732
"353350";2016;56;3;99564,41;1777,93589285714;53,5714285714286;"Municipio";6701;"NOVO HORIZONTE";"RRAS12";35151;"CATANDUVA";"Quedas";835,69616475153
"353350";2017;61;2;65772,82;1078,24295081967;32,7868852459016;"Municipio";6904;"NOVO HORIZONTE";"RRAS12";35151;"CATANDUVA";"Quedas";883,545770567787
"353350";2018;74;5;121067,29;1636,04445945946;67,5675675675676;"Municipio";7101;"NOVO HORIZONTE";"RRAS12";35151;"CATANDUVA";"Quedas";1042,1067455288
"353350";2019;76;4;120649,29;1587,49065789474;52,6315789473684;"Municipio";7314;"NOVO HORIZONTE";"RRAS12";35151;"CATANDUVA";"Quedas";1039,10308996445
"353350";2020;53;4;87618,37;1653,17679245283;75,4716981132075;"Municipio";7504;"NOVO HORIZONTE";"RRAS12";35151;"CATANDUVA";"Quedas";706,289978678038
"353350";2021;81;7;161926,66;1999,09456790123;86,4197530864197;"Municipio";7665;"NOVO HORIZONTE";"RRAS12";35151;"CATANDUVA";"Quedas";1056,75146771037
"353350";2022;65;3;148643,17;2286,818;46,1538461538462;"Municipio";7827;"NOVO HORIZONTE";"RRAS12";35151;"CATANDUVA";"Quedas";830,458668710873
"353350";2023;88;1;150703,17;1712,53602272727;11,3636363636364;"Municipio";8032;"NOVO HORIZONTE";"RRAS12";35151;"CATANDUVA";"Quedas";1095,61752988048
"353350";2024;66;3;97571,21;1478,35166666667;45,4545454545455;"Municipio";8247;"NOVO HORIZONTE";"RRAS12";35151;"CATANDUVA";"Quedas";800,291014914514
"353350";2025;86;3;218762,35;2543,74825581395;34,8837209302326;"Municipio";;"NOVO HORIZONTE";"RRAS12";35151;"CATANDUVA";"Quedas";
"353360";2015;3;0;2131,35;710,45;0;"Municipio";1120;"NUPORANGA";"RRAS13";35082;"ALTA ANHANGUERA";"Quedas";267,857142857143
"353360";2016;10;0;13231,53;1323,153;0;"Municipio";1164;"NUPORANGA";"RRAS13";35082;"ALTA ANHANGUERA";"Quedas";859,106529209622
"353360";2017;5;0;3687,59;737,518;0;"Municipio";1203;"NUPORANGA";"RRAS13";35082;"ALTA ANHANGUERA";"Quedas";415,627597672485
"353360";2018;9;0;4693,52;521,502222222222;0;"Municipio";1246;"NUPORANGA";"RRAS13";35082;"ALTA ANHANGUERA";"Quedas";722,3113964687
"353360";2019;7;0;7350,16;1050,02285714286;0;"Municipio";1293;"NUPORANGA";"RRAS13";35082;"ALTA ANHANGUERA";"Quedas";541,376643464811
"353360";2020;11;1;22390,59;2035,50818181818;90,9090909090909;"Municipio";1330;"NUPORANGA";"RRAS13";35082;"ALTA ANHANGUERA";"Quedas";827,067669172932
"353360";2021;11;0;13969,5;1269,95454545455;0;"Municipio";1366;"NUPORANGA";"RRAS13";35082;"ALTA ANHANGUERA";"Quedas";805,270863836018
"353360";2022;9;0;15683,74;1742,63777777778;0;"Municipio";1408;"NUPORANGA";"RRAS13";35082;"ALTA ANHANGUERA";"Quedas";639,204545454545
"353360";2023;10;3;26176,57;2617,657;300;"Municipio";1452;"NUPORANGA";"RRAS13";35082;"ALTA ANHANGUERA";"Quedas";688,70523415978
"353360";2024;11;1;22749,45;2068,13181818182;90,9090909090909;"Municipio";1504;"NUPORANGA";"RRAS13";35082;"ALTA ANHANGUERA";"Quedas";731,382978723404
"353360";2025;10;1;18947,57;1894,757;100;"Municipio";;"NUPORANGA";"RRAS13";35082;"ALTA ANHANGUERA";"Quedas";
"353370";2015;2;0;3802,48;1901,24;0;"Municipio";752;"OCAUCU";"RRAS10";35093;"MARILIA";"Quedas";265,957446808511
"353370";2016;1;0;2347,08;2347,08;0;"Municipio";780;"OCAUCU";"RRAS10";35093;"MARILIA";"Quedas";128,205128205128
"353370";2017;3;1;6181,52;2060,50666666667;333,333333333333;"Municipio";810;"OCAUCU";"RRAS10";35093;"MARILIA";"Quedas";370,37037037037
"353370";2018;3;0;7663,39;2554,46333333333;0;"Municipio";835;"OCAUCU";"RRAS10";35093;"MARILIA";"Quedas";359,281437125748
"353370";2019;9;1;11570,98;1285,66444444444;111,111111111111;"Municipio";869;"OCAUCU";"RRAS10";35093;"MARILIA";"Quedas";1035,67318757192
"353370";2020;8;0;4879,99;609,99875;0;"Municipio";892;"OCAUCU";"RRAS10";35093;"MARILIA";"Quedas";896,860986547085
"353370";2021;7;0;10953,69;1564,81285714286;0;"Municipio";916;"OCAUCU";"RRAS10";35093;"MARILIA";"Quedas";764,192139737991
"353370";2022;5;0;18608,72;3721,744;0;"Municipio";935;"OCAUCU";"RRAS10";35093;"MARILIA";"Quedas";534,75935828877
"353370";2023;9;0;20110,81;2234,53444444444;0;"Municipio";958;"OCAUCU";"RRAS10";35093;"MARILIA";"Quedas";939,457202505219
"353370";2024;4;1;8137,13;2034,2825;250;"Municipio";983;"OCAUCU";"RRAS10";35093;"MARILIA";"Quedas";406,917599186165
"353370";2025;6;0;14703,18;2450,53;0;"Municipio";;"OCAUCU";"RRAS10";35093;"MARILIA";"Quedas";
"353380";2015;2;0;990,61;495,305;0;"Municipio";561;"OLEO";"RRAS10";35094;"OURINHOS";"Quedas";356,50623885918
"353380";2016;7;0;8884,04;1269,14857142857;0;"Municipio";574;"OLEO";"RRAS10";35094;"OURINHOS";"Quedas";1219,51219512195
"353380";2017;11;0;12938,53;1176,23;0;"Municipio";584;"OLEO";"RRAS10";35094;"OURINHOS";"Quedas";1883,56164383562
"353380";2018;9;0;11731,9;1303,54444444444;0;"Municipio";592;"OLEO";"RRAS10";35094;"OURINHOS";"Quedas";1520,27027027027
"353380";2019;3;1;5912,52;1970,84;333,333333333333;"Municipio";602;"OLEO";"RRAS10";35094;"OURINHOS";"Quedas";498,338870431894
"353380";2020;3;0;6415,02;2138,34;0;"Municipio";610;"OLEO";"RRAS10";35094;"OURINHOS";"Quedas";491,803278688525
"353380";2021;4;0;888,71;222,1775;0;"Municipio";612;"OLEO";"RRAS10";35094;"OURINHOS";"Quedas";653,59477124183
"353380";2022;2;0;1168,63;584,315;0;"Municipio";619;"OLEO";"RRAS10";35094;"OURINHOS";"Quedas";323,101777059774
"353380";2023;5;1;11970;2394;200;"Municipio";624;"OLEO";"RRAS10";35094;"OURINHOS";"Quedas";801,282051282051
"353380";2024;1;0;2605,73;2605,73;0;"Municipio";640;"OLEO";"RRAS10";35094;"OURINHOS";"Quedas";156,25
"353380";2025;3;0;4150,03;1383,34333333333;0;"Municipio";;"OLEO";"RRAS10";35094;"OURINHOS";"Quedas";
"353390";2015;77;5;100488,51;1305,04558441558;64,9350649350649;"Municipio";8944;"OLIMPIA";"RRAS13";35051;"NORTE BARRETOS";"Quedas";860,912343470483
"353390";2016;85;6;126485,94;1488,06988235294;70,5882352941177;"Municipio";9182;"OLIMPIA";"RRAS13";35051;"NORTE BARRETOS";"Quedas";925,724243084295
"353390";2017;84;8;104778,4;1247,3619047619;95,2380952380952;"Municipio";9436;"OLIMPIA";"RRAS13";35051;"NORTE BARRETOS";"Quedas";890,207715133531
"353390";2018;112;8;155596,28;1389,2525;71,4285714285714;"Municipio";9683;"OLIMPIA";"RRAS13";35051;"NORTE BARRETOS";"Quedas";1156,66632242074
"353390";2019;91;8;154725,33;1700,27835164835;87,9120879120879;"Municipio";9944;"OLIMPIA";"RRAS13";35051;"NORTE BARRETOS";"Quedas";915,124698310539
"353390";2020;79;5;136470,07;1727,46924050633;63,2911392405063;"Municipio";10174;"OLIMPIA";"RRAS13";35051;"NORTE BARRETOS";"Quedas";776,489089836839
"353390";2021;91;6;106793,55;1173,55549450549;65,9340659340659;"Municipio";10360;"OLIMPIA";"RRAS13";35051;"NORTE BARRETOS";"Quedas";878,378378378378
"353390";2022;82;3;171035,32;2085,79658536585;36,5853658536585;"Municipio";10542;"OLIMPIA";"RRAS13";35051;"NORTE BARRETOS";"Quedas";777,841016884842
"353390";2023;104;5;220462,23;2119,82913461538;48,0769230769231;"Municipio";10780;"OLIMPIA";"RRAS13";35051;"NORTE BARRETOS";"Quedas";964,749536178108
"353390";2024;140;6;285231,71;2037,36935714286;42,8571428571429;"Municipio";11032;"OLIMPIA";"RRAS13";35051;"NORTE BARRETOS";"Quedas";1269,03553299492
"353390";2025;121;7;380246,07;3142,52950413223;57,8512396694215;"Municipio";;"OLIMPIA";"RRAS13";35051;"NORTE BARRETOS";"Quedas";
"353400";2015;10;0;10827,6;1082,76;0;"Municipio";585;"ONDA VERDE";"RRAS12";35155;"SAO JOSE DO RIO PRETO";"Quedas";1709,40170940171
"353400";2016;3;0;4088,96;1362,98666666667;0;"Municipio";612;"ONDA VERDE";"RRAS12";35155;"SAO JOSE DO RIO PRETO";"Quedas";490,196078431373
"353400";2017;9;2;17626,14;1958,46;222,222222222222;"Municipio";634;"ONDA VERDE";"RRAS12";35155;"SAO JOSE DO RIO PRETO";"Quedas";1419,55835962145
"353400";2018;6;0;9714,71;1619,11833333333;0;"Municipio";665;"ONDA VERDE";"RRAS12";35155;"SAO JOSE DO RIO PRETO";"Quedas";902,255639097744
"353400";2019;9;1;25117,16;2790,79555555556;111,111111111111;"Municipio";694;"ONDA VERDE";"RRAS12";35155;"SAO JOSE DO RIO PRETO";"Quedas";1296,82997118156
"353400";2020;6;0;18118,06;3019,67666666667;0;"Municipio";722;"ONDA VERDE";"RRAS12";35155;"SAO JOSE DO RIO PRETO";"Quedas";831,024930747922
"353400";2021;12;1;25876,23;2156,3525;83,3333333333333;"Municipio";752;"ONDA VERDE";"RRAS12";35155;"SAO JOSE DO RIO PRETO";"Quedas";1595,74468085106
"353400";2022;8;2;15353,29;1919,16125;250;"Municipio";783;"ONDA VERDE";"RRAS12";35155;"SAO JOSE DO RIO PRETO";"Quedas";1021,71136653895
"353400";2023;10;0;13180,52;1318,052;0;"Municipio";815;"ONDA VERDE";"RRAS12";35155;"SAO JOSE DO RIO PRETO";"Quedas";1226,99386503067
"353400";2024;11;1;55933,23;5084,83909090909;90,9090909090909;"Municipio";851;"ONDA VERDE";"RRAS12";35155;"SAO JOSE DO RIO PRETO";"Quedas";1292,59694477086
"353400";2025;12;1;36969,18;3080,765;83,3333333333333;"Municipio";;"ONDA VERDE";"RRAS12";35155;"SAO JOSE DO RIO PRETO";"Quedas";
"353410";2015;7;0;8983,37;1283,33857142857;0;"Municipio";1149;"ORIENTE";"RRAS10";35093;"MARILIA";"Quedas";609,225413402959
"353410";2016;4;1;13376,96;3344,24;250;"Municipio";1180;"ORIENTE";"RRAS10";35093;"MARILIA";"Quedas";338,983050847458
"353410";2017;2;0;2890,93;1445,465;0;"Municipio";1222;"ORIENTE";"RRAS10";35093;"MARILIA";"Quedas";163,66612111293
"353410";2018;6;0;12816,66;2136,11;0;"Municipio";1266;"ORIENTE";"RRAS10";35093;"MARILIA";"Quedas";473,9336492891
"353410";2019;8;0;16815,31;2101,91375;0;"Municipio";1315;"ORIENTE";"RRAS10";35093;"MARILIA";"Quedas";608,365019011407
"353410";2020;8;0;11970,02;1496,2525;0;"Municipio";1365;"ORIENTE";"RRAS10";35093;"MARILIA";"Quedas";586,080586080586
"353410";2021;5;0;11434,42;2286,884;0;"Municipio";1403;"ORIENTE";"RRAS10";35093;"MARILIA";"Quedas";356,379187455453
"353410";2022;5;0;3851,71;770,342;0;"Municipio";1438;"ORIENTE";"RRAS10";35093;"MARILIA";"Quedas";347,705146036161
"353410";2023;13;1;29990,55;2306,96538461538;76,9230769230769;"Municipio";1481;"ORIENTE";"RRAS10";35093;"MARILIA";"Quedas";877,78528021607
"353410";2024;8;1;24876,21;3109,52625;125;"Municipio";1513;"ORIENTE";"RRAS10";35093;"MARILIA";"Quedas";528,750826173166
"353410";2025;8;1;31972,7;3996,5875;125;"Municipio";;"ORIENTE";"RRAS10";35093;"MARILIA";"Quedas";
"353420";2015;4;0;6953,67;1738,4175;0;"Municipio";650;"ORINDIUVA";"RRAS12";35155;"SAO JOSE DO RIO PRETO";"Quedas";615,384615384615
"353420";2016;12;2;13958;1163,16666666667;166,666666666667;"Municipio";688;"ORINDIUVA";"RRAS12";35155;"SAO JOSE DO RIO PRETO";"Quedas";1744,18604651163
"353420";2017;6;2;8678,41;1446,40166666667;333,333333333333;"Municipio";720;"ORINDIUVA";"RRAS12";35155;"SAO JOSE DO RIO PRETO";"Quedas";833,333333333333
"353420";2018;12;1;51594,51;4299,5425;83,3333333333333;"Municipio";752;"ORINDIUVA";"RRAS12";35155;"SAO JOSE DO RIO PRETO";"Quedas";1595,74468085106
"353420";2019;9;4;29185,87;3242,87444444444;444,444444444444;"Municipio";790;"ORINDIUVA";"RRAS12";35155;"SAO JOSE DO RIO PRETO";"Quedas";1139,24050632911
"353420";2020;8;2;27339,75;3417,46875;250;"Municipio";825;"ORINDIUVA";"RRAS12";35155;"SAO JOSE DO RIO PRETO";"Quedas";969,69696969697
"353420";2021;2;0;11322,57;5661,285;0;"Municipio";858;"ORINDIUVA";"RRAS12";35155;"SAO JOSE DO RIO PRETO";"Quedas";233,100233100233
"353420";2022;4;1;19722,16;4930,54;250;"Municipio";896;"ORINDIUVA";"RRAS12";35155;"SAO JOSE DO RIO PRETO";"Quedas";446,428571428571
"353420";2023;8;2;21687,59;2710,94875;250;"Municipio";932;"ORINDIUVA";"RRAS12";35155;"SAO JOSE DO RIO PRETO";"Quedas";858,369098712446
"353420";2024;9;0;27132,96;3014,77333333333;0;"Municipio";974;"ORINDIUVA";"RRAS12";35155;"SAO JOSE DO RIO PRETO";"Quedas";924,024640657084
"353420";2025;3;0;7961,73;2653,91;0;"Municipio";;"ORINDIUVA";"RRAS12";35155;"SAO JOSE DO RIO PRETO";"Quedas";
"353430";2015;52;1;49710,95;955,979807692308;19,2307692307692;"Municipio";6090;"ORLANDIA";"RRAS13";35082;"ALTA ANHANGUERA";"Quedas";853,858784893268
"353430";2016;51;1;48028,54;941,736078431373;19,6078431372549;"Municipio";6313;"ORLANDIA";"RRAS13";35082;"ALTA ANHANGUERA";"Quedas";807,856803421511
"353430";2017;65;1;46285,11;712,078615384615;15,3846153846154;"Municipio";6542;"ORLANDIA";"RRAS13";35082;"ALTA ANHANGUERA";"Quedas";993,579944970957
"353430";2018;79;1;65828,3;833,269620253165;12,6582278481013;"Municipio";6779;"ORLANDIA";"RRAS13";35082;"ALTA ANHANGUERA";"Quedas";1165,36362295324
"353430";2019;67;1;52882,87;789,296567164179;14,9253731343284;"Municipio";7023;"ORLANDIA";"RRAS13";35082;"ALTA ANHANGUERA";"Quedas";954,008258578955
"353430";2020;67;1;68554,08;1023,1952238806;14,9253731343284;"Municipio";7247;"ORLANDIA";"RRAS13";35082;"ALTA ANHANGUERA";"Quedas";924,520491237754
"353430";2021;60;0;56114,27;935,237833333333;0;"Municipio";7446;"ORLANDIA";"RRAS13";35082;"ALTA ANHANGUERA";"Quedas";805,8017727639
"353430";2022;84;1;73301,94;872,642142857143;11,9047619047619;"Municipio";7648;"ORLANDIA";"RRAS13";35082;"ALTA ANHANGUERA";"Quedas";1098,32635983264
"353430";2023;81;2;67413,35;832,263580246914;24,6913580246914;"Municipio";7883;"ORLANDIA";"RRAS13";35082;"ALTA ANHANGUERA";"Quedas";1027,52759101865
"353430";2024;110;2;94014,78;854,679818181818;18,1818181818182;"Municipio";8119;"ORLANDIA";"RRAS13";35082;"ALTA ANHANGUERA";"Quedas";1354,84665599212
"353430";2025;104;1;122068,29;1173,73355769231;9,61538461538462;"Municipio";;"ORLANDIA";"RRAS13";35082;"ALTA ANHANGUERA";"Quedas";
"353440";2015;388;35;609916,02;1571,94850515464;90,2061855670103;"Municipio";88282;"OSASCO";"RRAS05";35014;"ROTA DOS BANDEIRANTES";"Quedas";439,500690967581
"353440";2016;514;54;854666,82;1662,77591439689;105,058365758755;"Municipio";92183;"OSASCO";"RRAS05";35014;"ROTA DOS BANDEIRANTES";"Quedas";557,586539817537
"353440";2017;522;48;749712,45;1436,23074712644;91,9540229885057;"Municipio";96204;"OSASCO";"RRAS05";35014;"ROTA DOS BANDEIRANTES";"Quedas";542,596981414494
"353440";2018;644;57;892627,92;1386,06819875776;88,5093167701863;"Municipio";100333;"OSASCO";"RRAS05";35014;"ROTA DOS BANDEIRANTES";"Quedas";641,862597550158
"353440";2019;539;51;832929,39;1545,32354359926;94,6196660482375;"Municipio";104514;"OSASCO";"RRAS05";35014;"ROTA DOS BANDEIRANTES";"Quedas";515,720381958398
"353440";2020;455;38;777509,65;1708,81241758242;83,5164835164835;"Municipio";108571;"OSASCO";"RRAS05";35014;"ROTA DOS BANDEIRANTES";"Quedas";419,080601633954
"353440";2021;356;65;632954,23;1777,96132022472;182,584269662921;"Municipio";112185;"OSASCO";"RRAS05";35014;"ROTA DOS BANDEIRANTES";"Quedas";317,332976779427
"353440";2022;293;40;640927,06;2187,46436860068;136,518771331058;"Municipio";115880;"OSASCO";"RRAS05";35014;"ROTA DOS BANDEIRANTES";"Quedas";252,847773558854
"353440";2023;364;40;652769,34;1793,32236263736;109,89010989011;"Municipio";120122;"OSASCO";"RRAS05";35014;"ROTA DOS BANDEIRANTES";"Quedas";303,025257654718
"353440";2024;405;63;963272,36;2378,45027160494;155,555555555556;"Municipio";124546;"OSASCO";"RRAS05";35014;"ROTA DOS BANDEIRANTES";"Quedas";325,181057601208
"353440";2025;499;62;1441535,12;2888,84793587174;124,248496993988;"Municipio";;"OSASCO";"RRAS05";35014;"ROTA DOS BANDEIRANTES";"Quedas";
"353450";2016;6;0;7278,67;1213,11166666667;0;"Municipio";625;"OSCAR BRESSANE";"RRAS10";35093;"MARILIA";"Quedas";960
"353450";2017;6;0;11082,52;1847,08666666667;0;"Municipio";637;"OSCAR BRESSANE";"RRAS10";35093;"MARILIA";"Quedas";941,915227629513
"353450";2018;2;1;2682,17;1341,085;500;"Municipio";651;"OSCAR BRESSANE";"RRAS10";35093;"MARILIA";"Quedas";307,219662058372
"353450";2019;3;0;2769,48;923,16;0;"Municipio";664;"OSCAR BRESSANE";"RRAS10";35093;"MARILIA";"Quedas";451,807228915663
"353450";2020;3;0;5345,81;1781,93666666667;0;"Municipio";679;"OSCAR BRESSANE";"RRAS10";35093;"MARILIA";"Quedas";441,826215022091
"353450";2021;5;0;4331,65;866,33;0;"Municipio";689;"OSCAR BRESSANE";"RRAS10";35093;"MARILIA";"Quedas";725,689404934688
"353450";2022;8;0;17728,4;2216,05;0;"Municipio";695;"OSCAR BRESSANE";"RRAS10";35093;"MARILIA";"Quedas";1151,07913669065
"353450";2023;7;1;14754,84;2107,83428571429;142,857142857143;"Municipio";703;"OSCAR BRESSANE";"RRAS10";35093;"MARILIA";"Quedas";995,732574679943
"353450";2024;3;0;12141,41;4047,13666666667;0;"Municipio";722;"OSCAR BRESSANE";"RRAS10";35093;"MARILIA";"Quedas";415,512465373961
"353450";2025;3;0;16062,63;5354,21;0;"Municipio";;"OSCAR BRESSANE";"RRAS10";35093;"MARILIA";"Quedas";
"353460";2015;88;5;69444,8;789,145454545455;56,8181818181818;"Municipio";6435;"OSVALDO CRUZ";"RRAS10";35091;"ADAMANTINA";"Quedas";1367,52136752137
"353460";2016;82;3;48281,04;588,793170731707;36,5853658536585;"Municipio";6597;"OSVALDO CRUZ";"RRAS10";35091;"ADAMANTINA";"Quedas";1242,98923753221
"353460";2017;95;2;109243,44;1149,93094736842;21,0526315789474;"Municipio";6759;"OSVALDO CRUZ";"RRAS10";35091;"ADAMANTINA";"Quedas";1405,53336292351
"353460";2018;88;4;95254,22;1082,43431818182;45,4545454545455;"Municipio";6925;"OSVALDO CRUZ";"RRAS10";35091;"ADAMANTINA";"Quedas";1270,75812274368
"353460";2019;97;3;76130,82;784,85381443299;30,9278350515464;"Municipio";7086;"OSVALDO CRUZ";"RRAS10";35091;"ADAMANTINA";"Quedas";1368,89641546712
"353460";2020;76;2;73235,57;963,625921052632;26,3157894736842;"Municipio";7246;"OSVALDO CRUZ";"RRAS10";35091;"ADAMANTINA";"Quedas";1048,8545404361
"353460";2021;103;7;129422,61;1256,53019417476;67,9611650485437;"Municipio";7362;"OSVALDO CRUZ";"RRAS10";35091;"ADAMANTINA";"Quedas";1399,07633795164
"353460";2022;97;4;85936,37;885,941958762887;41,2371134020619;"Municipio";7479;"OSVALDO CRUZ";"RRAS10";35091;"ADAMANTINA";"Quedas";1296,96483487097
"353460";2023;97;4;122956,61;1267,59391752577;41,2371134020619;"Municipio";7632;"OSVALDO CRUZ";"RRAS10";35091;"ADAMANTINA";"Quedas";1270,964360587
"353460";2024;180;10;243203,38;1351,12988888889;55,5555555555556;"Municipio";7800;"OSVALDO CRUZ";"RRAS10";35091;"ADAMANTINA";"Quedas";2307,69230769231
"353460";2025;197;5;159127,6;807,754314720812;25,3807106598985;"Municipio";;"OSVALDO CRUZ";"RRAS10";35091;"ADAMANTINA";"Quedas";
"353470";2015;141;8;226811,82;1608,59446808511;56,7375886524823;"Municipio";17237;"OURINHOS";"RRAS10";35094;"OURINHOS";"Quedas";818,00777397459
"353470";2016;150;13;232564,61;1550,43073333333;86,6666666666667;"Municipio";17760;"OURINHOS";"RRAS10";35094;"OURINHOS";"Quedas";844,594594594595
"353470";2017;171;14;258393,51;1511,07315789474;81,8713450292398;"Municipio";18291;"OURINHOS";"RRAS10";35094;"OURINHOS";"Quedas";934,886009512875
"353470";2018;134;7;218987,75;1634,23694029851;52,2388059701493;"Municipio";18835;"OURINHOS";"RRAS10";35094;"OURINHOS";"Quedas";711,441465357048
"353470";2019;160;14;301690,06;1885,562875;87,5;"Municipio";19384;"OURINHOS";"RRAS10";35094;"OURINHOS";"Quedas";825,423029302518
"353470";2020;203;8;362302,86;1784,74315270936;39,4088669950739;"Municipio";19901;"OURINHOS";"RRAS10";35094;"OURINHOS";"Quedas";1020,0492437566
"353470";2021;181;14;433503,73;2395,0482320442;77,3480662983425;"Municipio";20324;"OURINHOS";"RRAS10";35094;"OURINHOS";"Quedas";890,572721905137
"353470";2022;164;20;423901,72;2584,76658536585;121,951219512195;"Municipio";20764;"OURINHOS";"RRAS10";35094;"OURINHOS";"Quedas";789,828549412445
"353470";2023;176;16;464672,52;2640,18477272727;90,9090909090909;"Municipio";21312;"OURINHOS";"RRAS10";35094;"OURINHOS";"Quedas";825,825825825826
"353470";2024;134;12;329223,24;2456,88985074627;89,5522388059701;"Municipio";21895;"OURINHOS";"RRAS10";35094;"OURINHOS";"Quedas";612,011874857273
"353470";2025;160;8;481826,07;3011,4129375;50;"Municipio";;"OURINHOS";"RRAS10";35094;"OURINHOS";"Quedas";
"353475";2015;16;1;35009,17;2188,073125;62,5;"Municipio";1467;"OUROESTE";"RRAS12";35154;"FERNANDOPOLIS";"Quedas";1090,6612133606
"353475";2016;9;0;16120,67;1791,18555555556;0;"Municipio";1533;"OUROESTE";"RRAS12";35154;"FERNANDOPOLIS";"Quedas";587,084148727984
"353475";2017;16;1;51159,56;3197,4725;62,5;"Municipio";1603;"OUROESTE";"RRAS12";35154;"FERNANDOPOLIS";"Quedas";998,12850904554
"353475";2018;17;0;23504,56;1382,62117647059;0;"Municipio";1681;"OUROESTE";"RRAS12";35154;"FERNANDOPOLIS";"Quedas";1011,30279595479
"353475";2019;18;1;33169,85;1842,76944444444;55,5555555555556;"Municipio";1765;"OUROESTE";"RRAS12";35154;"FERNANDOPOLIS";"Quedas";1019,83002832861
"353475";2020;17;0;37524,58;2207,32823529412;0;"Municipio";1852;"OUROESTE";"RRAS12";35154;"FERNANDOPOLIS";"Quedas";917,92656587473
"353475";2021;19;1;39187,38;2062,49368421053;52,6315789473684;"Municipio";1922;"OUROESTE";"RRAS12";35154;"FERNANDOPOLIS";"Quedas";988,553590010406
"353475";2022;21;0;43566,4;2074,59047619048;0;"Municipio";1994;"OUROESTE";"RRAS12";35154;"FERNANDOPOLIS";"Quedas";1053,15947843531
"353475";2023;27;2;69739,87;2582,95814814815;74,0740740740741;"Municipio";2077;"OUROESTE";"RRAS12";35154;"FERNANDOPOLIS";"Quedas";1299,95185363505
"353475";2024;23;1;51459,38;2237,36434782609;43,4782608695652;"Municipio";2153;"OUROESTE";"RRAS12";35154;"FERNANDOPOLIS";"Quedas";1068,27682303762
"353475";2025;29;1;70716,58;2438,50275862069;34,4827586206897;"Municipio";;"OUROESTE";"RRAS12";35154;"FERNANDOPOLIS";"Quedas";
"353480";2015;5;1;11216,34;2243,268;200;"Municipio";1252;"OURO VERDE";"RRAS11";35111;"ALTA PAULISTA";"Quedas";399,361022364217
"353480";2016;9;0;38409,97;4267,77444444444;0;"Municipio";1280;"OURO VERDE";"RRAS11";35111;"ALTA PAULISTA";"Quedas";703,125
"353480";2017;12;1;20580,38;1715,03166666667;83,3333333333333;"Municipio";1302;"OURO VERDE";"RRAS11";35111;"ALTA PAULISTA";"Quedas";921,658986175115
"353480";2018;11;1;19689,15;1789,92272727273;90,9090909090909;"Municipio";1332;"OURO VERDE";"RRAS11";35111;"ALTA PAULISTA";"Quedas";825,825825825826
"353480";2019;8;0;20711,44;2588,93;0;"Municipio";1359;"OURO VERDE";"RRAS11";35111;"ALTA PAULISTA";"Quedas";588,668138337012
"353480";2020;3;0;2839,19;946,396666666667;0;"Municipio";1389;"OURO VERDE";"RRAS11";35111;"ALTA PAULISTA";"Quedas";215,982721382289
"353480";2021;3;0;5908,02;1969,34;0;"Municipio";1408;"OURO VERDE";"RRAS11";35111;"ALTA PAULISTA";"Quedas";213,068181818182
"353480";2022;5;0;7250,82;1450,164;0;"Municipio";1432;"OURO VERDE";"RRAS11";35111;"ALTA PAULISTA";"Quedas";349,162011173184
"353480";2023;11;0;17571,94;1597,44909090909;0;"Municipio";1470;"OURO VERDE";"RRAS11";35111;"ALTA PAULISTA";"Quedas";748,299319727891
"353480";2024;8;0;19311,72;2413,965;0;"Municipio";1510;"OURO VERDE";"RRAS11";35111;"ALTA PAULISTA";"Quedas";529,801324503311
"353480";2025;6;0;14190,16;2365,02666666667;0;"Municipio";;"OURO VERDE";"RRAS11";35111;"ALTA PAULISTA";"Quedas";
"353490";2015;11;1;14208,45;1291,67727272727;90,9090909090909;"Municipio";2322;"PACAEMBU";"RRAS10";35091;"ADAMANTINA";"Quedas";473,729543496985
"353490";2016;19;2;19378,29;1019,91;105,263157894737;"Municipio";2352;"PACAEMBU";"RRAS10";35091;"ADAMANTINA";"Quedas";807,823129251701
"353490";2017;15;1;16902,39;1126,826;66,6666666666667;"Municipio";2397;"PACAEMBU";"RRAS10";35091;"ADAMANTINA";"Quedas";625,782227784731
"353490";2018;19;1;14968,74;787,828421052632;52,6315789473684;"Municipio";2441;"PACAEMBU";"RRAS10";35091;"ADAMANTINA";"Quedas";778,369520688243
"353490";2019;24;5;35557,84;1481,57666666667;208,333333333333;"Municipio";2487;"PACAEMBU";"RRAS10";35091;"ADAMANTINA";"Quedas";965,018094089264
"353490";2020;14;0;16865,53;1204,68071428571;0;"Municipio";2535;"PACAEMBU";"RRAS10";35091;"ADAMANTINA";"Quedas";552,268244575937
"353490";2021;21;3;21119,16;1005,67428571429;142,857142857143;"Municipio";2568;"PACAEMBU";"RRAS10";35091;"ADAMANTINA";"Quedas";817,757009345794
"353490";2022;24;2;50842,61;2118,44208333333;83,3333333333333;"Municipio";2603;"PACAEMBU";"RRAS10";35091;"ADAMANTINA";"Quedas";922,013061851709
"353490";2023;10;2;13252,16;1325,216;200;"Municipio";2654;"PACAEMBU";"RRAS10";35091;"ADAMANTINA";"Quedas";376,789751318764
"353490";2024;14;2;56750,52;4053,60857142857;142,857142857143;"Municipio";2709;"PACAEMBU";"RRAS10";35091;"ADAMANTINA";"Quedas";516,795865633075
"353490";2025;13;1;32215,16;2478,08923076923;76,9230769230769;"Municipio";;"PACAEMBU";"RRAS10";35091;"ADAMANTINA";"Quedas";
"353500";2015;32;4;59153,04;1848,5325;125;"Municipio";2117;"PALESTINA";"RRAS12";35155;"SAO JOSE DO RIO PRETO";"Quedas";1511,57298063297
"353500";2016;27;3;41236,73;1527,2862962963;111,111111111111;"Municipio";2164;"PALESTINA";"RRAS12";35155;"SAO JOSE DO RIO PRETO";"Quedas";1247,68946395564
"353500";2017;25;3;93873,66;3754,9464;120;"Municipio";2211;"PALESTINA";"RRAS12";35155;"SAO JOSE DO RIO PRETO";"Quedas";1130,71008593397
"353500";2018;21;1;53251,16;2535,76952380952;47,6190476190476;"Municipio";2264;"PALESTINA";"RRAS12";35155;"SAO JOSE DO RIO PRETO";"Quedas";927,56183745583
"353500";2019;17;1;34902,92;2053,11294117647;58,8235294117647;"Municipio";2314;"PALESTINA";"RRAS12";35155;"SAO JOSE DO RIO PRETO";"Quedas";734,658599827139
"353500";2020;39;5;163258,4;4186,11282051282;128,205128205128;"Municipio";2357;"PALESTINA";"RRAS12";35155;"SAO JOSE DO RIO PRETO";"Quedas";1654,64573610522
"353500";2021;13;2;23779,14;1829,16461538462;153,846153846154;"Municipio";2394;"PALESTINA";"RRAS12";35155;"SAO JOSE DO RIO PRETO";"Quedas";543,024227234754
"353500";2022;21;1;75312,32;3586,30095238095;47,6190476190476;"Municipio";2427;"PALESTINA";"RRAS12";35155;"SAO JOSE DO RIO PRETO";"Quedas";865,265760197775
"353500";2023;29;2;79537,37;2742,66793103448;68,9655172413793;"Municipio";2481;"PALESTINA";"RRAS12";35155;"SAO JOSE DO RIO PRETO";"Quedas";1168,88351471181
"353500";2024;36;3;134564,49;3737,9025;83,3333333333333;"Municipio";2534;"PALESTINA";"RRAS12";35155;"SAO JOSE DO RIO PRETO";"Quedas";1420,67876874507
"353500";2025;27;1;78744,39;2916,45888888889;37,037037037037;"Municipio";;"PALESTINA";"RRAS12";35155;"SAO JOSE DO RIO PRETO";"Quedas";
"353510";2015;7;0;13377,05;1911,00714285714;0;"Municipio";1052;"PALMARES PAULISTA";"RRAS12";35151;"CATANDUVA";"Quedas";665,399239543726
"353510";2016;9;0;17882,94;1986,99333333333;0;"Municipio";1095;"PALMARES PAULISTA";"RRAS12";35151;"CATANDUVA";"Quedas";821,917808219178
"353510";2017;10;1;26350,47;2635,047;100;"Municipio";1140;"PALMARES PAULISTA";"RRAS12";35151;"CATANDUVA";"Quedas";877,19298245614
"353510";2018;6;0;6205,07;1034,17833333333;0;"Municipio";1181;"PALMARES PAULISTA";"RRAS12";35151;"CATANDUVA";"Quedas";508,044030482642
"353510";2019;9;0;27691,32;3076,81333333333;0;"Municipio";1227;"PALMARES PAULISTA";"RRAS12";35151;"CATANDUVA";"Quedas";733,496332518337
"353510";2020;19;3;46338,97;2438,89315789474;157,894736842105;"Municipio";1274;"PALMARES PAULISTA";"RRAS12";35151;"CATANDUVA";"Quedas";1491,36577708006
"353510";2021;13;0;21655,01;1665,77;0;"Municipio";1315;"PALMARES PAULISTA";"RRAS12";35151;"CATANDUVA";"Quedas";988,593155893536
"353510";2022;11;1;17494,04;1590,36727272727;90,9090909090909;"Municipio";1360;"PALMARES PAULISTA";"RRAS12";35151;"CATANDUVA";"Quedas";808,823529411765
"353510";2023;8;1;26712,99;3339,12375;125;"Municipio";1422;"PALMARES PAULISTA";"RRAS12";35151;"CATANDUVA";"Quedas";562,587904360056
"353510";2024;14;0;36597,88;2614,13428571429;0;"Municipio";1483;"PALMARES PAULISTA";"RRAS12";35151;"CATANDUVA";"Quedas";944,032366824005
"353510";2025;14;0;63509,91;4536,42214285714;0;"Municipio";;"PALMARES PAULISTA";"RRAS12";35151;"CATANDUVA";"Quedas";
"353520";2015;23;1;32137,35;1397,27608695652;43,4782608695652;"Municipio";2126;"PALMEIRA DOESTE";"RRAS12";35153;"JALES";"Quedas";1081,84383819379
"353520";2016;22;3;28133,61;1278,80045454545;136,363636363636;"Municipio";2170;"PALMEIRA DOESTE";"RRAS12";35153;"JALES";"Quedas";1013,82488479263
"353520";2017;17;0;32430,52;1907,67764705882;0;"Municipio";2214;"PALMEIRA DOESTE";"RRAS12";35153;"JALES";"Quedas";767,841011743451
"353520";2018;19;0;25071,44;1319,54947368421;0;"Municipio";2263;"PALMEIRA DOESTE";"RRAS12";35153;"JALES";"Quedas";839,593460008838
"353520";2019;25;3;50447,07;2017,8828;120;"Municipio";2315;"PALMEIRA DOESTE";"RRAS12";35153;"JALES";"Quedas";1079,91360691145
"353520";2020;21;3;56953,42;2712,06761904762;142,857142857143;"Municipio";2357;"PALMEIRA DOESTE";"RRAS12";35153;"JALES";"Quedas";890,963088672041
"353520";2021;24;1;57562,41;2398,43375;41,6666666666667;"Municipio";2395;"PALMEIRA DOESTE";"RRAS12";35153;"JALES";"Quedas";1002,08768267223
"353520";2022;26;0;40334,12;1551,31230769231;0;"Municipio";2429;"PALMEIRA DOESTE";"RRAS12";35153;"JALES";"Quedas";1070,39934129271
"353520";2023;31;2;68686,82;2215,70387096774;64,5161290322581;"Municipio";2484;"PALMEIRA DOESTE";"RRAS12";35153;"JALES";"Quedas";1247,98711755233
"353520";2024;25;0;50525,34;2021,0136;0;"Municipio";2541;"PALMEIRA DOESTE";"RRAS12";35153;"JALES";"Quedas";983,864620228257
"353520";2025;26;2;72412,53;2785,09730769231;76,9230769230769;"Municipio";;"PALMEIRA DOESTE";"RRAS12";35153;"JALES";"Quedas";
"353530";2015;49;3;53268,68;1087,11591836735;61,2244897959184;"Municipio";4203;"PALMITAL";"RRAS10";35092;"ASSIS";"Quedas";1165,83392814656
"353530";2016;41;1;42493,51;1036,42707317073;24,390243902439;"Municipio";4284;"PALMITAL";"RRAS10";35092;"ASSIS";"Quedas";957,049486461251
"353530";2017;39;2;51096,87;1310,17615384615;51,2820512820513;"Municipio";4366;"PALMITAL";"RRAS10";35092;"ASSIS";"Quedas";893,266147503436
"353530";2018;59;3;104994,78;1779,57254237288;50,8474576271187;"Municipio";4443;"PALMITAL";"RRAS10";35092;"ASSIS";"Quedas";1327,93157776277
"353530";2019;35;2;51410,84;1468,88114285714;57,1428571428571;"Municipio";4518;"PALMITAL";"RRAS10";35092;"ASSIS";"Quedas";774,679061531651
"353530";2020;40;1;79212,34;1980,3085;25;"Municipio";4585;"PALMITAL";"RRAS10";35092;"ASSIS";"Quedas";872,410032715376
"353530";2021;28;3;38002,95;1357,24821428571;107,142857142857;"Municipio";4630;"PALMITAL";"RRAS10";35092;"ASSIS";"Quedas";604,75161987041
"353530";2022;51;3;75553,48;1481,44078431373;58,8235294117647;"Municipio";4671;"PALMITAL";"RRAS10";35092;"ASSIS";"Quedas";1091,84328837508
"353530";2023;68;4;107389,35;1579,25514705882;58,8235294117647;"Municipio";4739;"PALMITAL";"RRAS10";35092;"ASSIS";"Quedas";1434,90187803334
"353530";2024;64;4;109670,85;1713,60703125;62,5;"Municipio";4814;"PALMITAL";"RRAS10";35092;"ASSIS";"Quedas";1329,45575405069
"353530";2025;71;1;126923,29;1787,65197183099;14,0845070422535;"Municipio";;"PALMITAL";"RRAS10";35092;"ASSIS";"Quedas";
"353540";2015;12;0;16210,58;1350,88166666667;0;"Municipio";2178;"PANORAMA";"RRAS11";35111;"ALTA PAULISTA";"Quedas";550,964187327824
"353540";2016;14;0;16650,75;1189,33928571429;0;"Municipio";2250;"PANORAMA";"RRAS11";35111;"ALTA PAULISTA";"Quedas";622,222222222222
"353540";2017;15;1;22858,87;1523,92466666667;66,6666666666667;"Municipio";2322;"PANORAMA";"RRAS11";35111;"ALTA PAULISTA";"Quedas";645,994832041344
"353540";2018;15;0;28757,21;1917,14733333333;0;"Municipio";2395;"PANORAMA";"RRAS11";35111;"ALTA PAULISTA";"Quedas";626,304801670146
"353540";2019;10;0;21263,16;2126,316;0;"Municipio";2471;"PANORAMA";"RRAS11";35111;"ALTA PAULISTA";"Quedas";404,694455685957
"353540";2020;16;0;30871,53;1929,470625;0;"Municipio";2544;"PANORAMA";"RRAS11";35111;"ALTA PAULISTA";"Quedas";628,930817610063
"353540";2021;12;1;29875,08;2489,59;83,3333333333333;"Municipio";2606;"PANORAMA";"RRAS11";35111;"ALTA PAULISTA";"Quedas";460,475825019187
"353540";2022;16;0;38238,21;2389,888125;0;"Municipio";2665;"PANORAMA";"RRAS11";35111;"ALTA PAULISTA";"Quedas";600,375234521576
"353540";2023;15;0;28247,9;1883,19333333333;0;"Municipio";2743;"PANORAMA";"RRAS11";35111;"ALTA PAULISTA";"Quedas";546,846518410499
"353540";2024;15;3;37634;2508,93333333333;200;"Municipio";2826;"PANORAMA";"RRAS11";35111;"ALTA PAULISTA";"Quedas";530,785562632696
"353540";2025;19;0;52991,39;2789,02052631579;0;"Municipio";;"PANORAMA";"RRAS11";35111;"ALTA PAULISTA";"Quedas";
"353550";2015;48;1;89801,83;1870,87145833333;20,8333333333333;"Municipio";6691;"PARAGUACU PAULISTA";"RRAS10";35092;"ASSIS";"Quedas";717,381557315797
"353550";2016;49;3;109043,71;2225,38183673469;61,2244897959184;"Municipio";6870;"PARAGUACU PAULISTA";"RRAS10";35092;"ASSIS";"Quedas";713,245997088792
"353550";2017;59;2;143351,61;2429,68830508475;33,8983050847458;"Municipio";7059;"PARAGUACU PAULISTA";"RRAS10";35092;"ASSIS";"Quedas";835,812438022383
"353550";2018;67;5;100534,37;1500,51298507463;74,6268656716418;"Municipio";7262;"PARAGUACU PAULISTA";"RRAS10";35092;"ASSIS";"Quedas";922,610851005233
"353550";2019;65;3;77873,23;1198,04969230769;46,1538461538462;"Municipio";7465;"PARAGUACU PAULISTA";"RRAS10";35092;"ASSIS";"Quedas";870,73007367716
"353550";2020;72;4;117307,42;1629,26972222222;55,5555555555556;"Municipio";7660;"PARAGUACU PAULISTA";"RRAS10";35092;"ASSIS";"Quedas";939,947780678851
"353550";2021;95;4;116267,89;1223,87252631579;42,1052631578947;"Municipio";7822;"PARAGUACU PAULISTA";"RRAS10";35092;"ASSIS";"Quedas";1214,52313986193
"353550";2022;129;7;167442,89;1298,00689922481;54,2635658914729;"Municipio";7996;"PARAGUACU PAULISTA";"RRAS10";35092;"ASSIS";"Quedas";1613,30665332666
"353550";2023;135;6;149095,21;1104,40896296296;44,4444444444444;"Municipio";8204;"PARAGUACU PAULISTA";"RRAS10";35092;"ASSIS";"Quedas";1645,53876157972
"353550";2024;138;4;165179,32;1196,9515942029;28,9855072463768;"Municipio";8423;"PARAGUACU PAULISTA";"RRAS10";35092;"ASSIS";"Quedas";1638,37112667696
"353550";2025;139;1;190017,48;1367,03223021583;7,19424460431655;"Municipio";;"PARAGUACU PAULISTA";"RRAS10";35092;"ASSIS";"Quedas";
"353560";2015;4;0;4454,78;1113,695;0;"Municipio";2886;"PARAIBUNA";"RRAS17";35171;"ALTO VALE DO PARAIBA";"Quedas";138,600138600139
"353560";2016;15;1;32309,88;2153,992;66,6666666666667;"Municipio";2998;"PARAIBUNA";"RRAS17";35171;"ALTO VALE DO PARAIBA";"Quedas";500,333555703803
"353560";2017;6;0;12518,16;2086,36;0;"Municipio";3114;"PARAIBUNA";"RRAS17";35171;"ALTO VALE DO PARAIBA";"Quedas";192,678227360308
"353560";2018;20;2;25469,38;1273,469;100;"Municipio";3234;"PARAIBUNA";"RRAS17";35171;"ALTO VALE DO PARAIBA";"Quedas";618,429189857761
"353560";2019;11;2;21241,67;1931,06090909091;181,818181818182;"Municipio";3358;"PARAIBUNA";"RRAS17";35171;"ALTO VALE DO PARAIBA";"Quedas";327,575938058368
"353560";2020;15;0;25792,2;1719,48;0;"Municipio";3481;"PARAIBUNA";"RRAS17";35171;"ALTO VALE DO PARAIBA";"Quedas";430,910657856938
"353560";2021;18;0;41025,5;2279,19444444444;0;"Municipio";3591;"PARAIBUNA";"RRAS17";35171;"ALTO VALE DO PARAIBA";"Quedas";501,25313283208
"353560";2022;15;0;20649,36;1376,624;0;"Municipio";3702;"PARAIBUNA";"RRAS17";35171;"ALTO VALE DO PARAIBA";"Quedas";405,186385737439
"353560";2023;22;0;42758,72;1943,57818181818;0;"Municipio";3834;"PARAIBUNA";"RRAS17";35171;"ALTO VALE DO PARAIBA";"Quedas";573,813249869588
"353560";2024;23;2;67828,13;2949,04913043478;86,9565217391304;"Municipio";3968;"PARAIBUNA";"RRAS17";35171;"ALTO VALE DO PARAIBA";"Quedas";579,637096774194
"353560";2025;24;1;52148,04;2172,835;41,6666666666667;"Municipio";;"PARAIBUNA";"RRAS17";35171;"ALTO VALE DO PARAIBA";"Quedas";
"353570";2015;6;1;14564,48;2427,41333333333;166,666666666667;"Municipio";1039;"PARAISO";"RRAS12";35151;"CATANDUVA";"Quedas";577,478344562079
"353570";2016;8;2;10374,67;1296,83375;250;"Municipio";1072;"PARAISO";"RRAS12";35151;"CATANDUVA";"Quedas";746,268656716418
"353570";2017;3;0;2025,39;675,13;0;"Municipio";1108;"PARAISO";"RRAS12";35151;"CATANDUVA";"Quedas";270,758122743682
"353570";2018;10;2;23263,05;2326,305;200;"Municipio";1146;"PARAISO";"RRAS12";35151;"CATANDUVA";"Quedas";872,60034904014
"353570";2019;9;0;25260,78;2806,75333333333;0;"Municipio";1187;"PARAISO";"RRAS12";35151;"CATANDUVA";"Quedas";758,21398483572
"353570";2020;10;1;20355,61;2035,561;100;"Municipio";1215;"PARAISO";"RRAS12";35151;"CATANDUVA";"Quedas";823,045267489712
"353570";2021;9;1;33821,91;3757,99;111,111111111111;"Municipio";1245;"PARAISO";"RRAS12";35151;"CATANDUVA";"Quedas";722,89156626506
"353570";2022;8;1;29605,78;3700,7225;125;"Municipio";1279;"PARAISO";"RRAS12";35151;"CATANDUVA";"Quedas";625,488663017983
"353570";2023;10;2;44571,44;4457,144;200;"Municipio";1317;"PARAISO";"RRAS12";35151;"CATANDUVA";"Quedas";759,301442672741
"353570";2024;17;1;46472,77;2733,69235294118;58,8235294117647;"Municipio";1353;"PARAISO";"RRAS12";35151;"CATANDUVA";"Quedas";1256,46711012565
"353570";2025;12;0;43388,18;3615,68166666667;0;"Municipio";;"PARAISO";"RRAS12";35151;"CATANDUVA";"Quedas";
"353580";2015;7;0;24563,07;3509,01;0;"Municipio";2314;"PARANAPANEMA";"RRAS09";35061;"VALE DO JURUMIRIM";"Quedas";302,506482281763
"353580";2016;12;0;27730,47;2310,8725;0;"Municipio";2404;"PARANAPANEMA";"RRAS09";35061;"VALE DO JURUMIRIM";"Quedas";499,168053244592
"353580";2017;17;2;22852,13;1344,24294117647;117,647058823529;"Municipio";2511;"PARANAPANEMA";"RRAS09";35061;"VALE DO JURUMIRIM";"Quedas";677,021107128634
"353580";2018;32;1;48038,75;1501,2109375;31,25;"Municipio";2618;"PARANAPANEMA";"RRAS09";35061;"VALE DO JURUMIRIM";"Quedas";1222,30710466005
"353580";2019;9;0;14051,24;1561,24888888889;0;"Municipio";2728;"PARANAPANEMA";"RRAS09";35061;"VALE DO JURUMIRIM";"Quedas";329,912023460411
"353580";2020;23;3;44420,51;1931,32652173913;130,434782608696;"Municipio";2838;"PARANAPANEMA";"RRAS09";35061;"VALE DO JURUMIRIM";"Quedas";810,429880197322
"353580";2021;34;2;53455,16;1572,21058823529;58,8235294117647;"Municipio";2939;"PARANAPANEMA";"RRAS09";35061;"VALE DO JURUMIRIM";"Quedas";1156,85607349439
"353580";2022;24;1;54691,58;2278,81583333333;41,6666666666667;"Municipio";3043;"PARANAPANEMA";"RRAS09";35061;"VALE DO JURUMIRIM";"Quedas";788,695366414722
"353580";2023;31;0;54828,1;1768,64838709677;0;"Municipio";3156;"PARANAPANEMA";"RRAS09";35061;"VALE DO JURUMIRIM";"Quedas";982,256020278834
"353580";2024;20;1;46863,95;2343,1975;50;"Municipio";3273;"PARANAPANEMA";"RRAS09";35061;"VALE DO JURUMIRIM";"Quedas";611,060189428659
"353580";2025;34;3;71195,65;2093,98970588235;88,2352941176471;"Municipio";;"PARANAPANEMA";"RRAS09";35061;"VALE DO JURUMIRIM";"Quedas";
"353590";2015;7;1;7682,03;1097,43285714286;142,857142857143;"Municipio";724;"PARANAPUA";"RRAS12";35153;"JALES";"Quedas";966,850828729282
"353590";2016;12;1;22060,85;1838,40416666667;83,3333333333333;"Municipio";743;"PARANAPUA";"RRAS12";35153;"JALES";"Quedas";1615,07402422611
"353590";2017;4;0;8099,27;2024,8175;0;"Municipio";761;"PARANAPUA";"RRAS12";35153;"JALES";"Quedas";525,624178712221
"353590";2018;8;0;20568,73;2571,09125;0;"Municipio";776;"PARANAPUA";"RRAS12";35153;"JALES";"Quedas";1030,92783505155
"353590";2019;9;0;13220,89;1468,98777777778;0;"Municipio";801;"PARANAPUA";"RRAS12";35153;"JALES";"Quedas";1123,59550561798
"353590";2020;9;0;6797,85;755,316666666667;0;"Municipio";823;"PARANAPUA";"RRAS12";35153;"JALES";"Quedas";1093,56014580802
"353590";2021;7;0;15109,88;2158,55428571429;0;"Municipio";839;"PARANAPUA";"RRAS12";35153;"JALES";"Quedas";834,326579261025
"353590";2022;7;1;12690,03;1812,86142857143;142,857142857143;"Municipio";853;"PARANAPUA";"RRAS12";35153;"JALES";"Quedas";820,63305978898
"353590";2023;14;1;41356,13;2954,00928571429;71,4285714285714;"Municipio";871;"PARANAPUA";"RRAS12";35153;"JALES";"Quedas";1607,34787600459
"353590";2024;4;0;6023,08;1505,77;0;"Municipio";892;"PARANAPUA";"RRAS12";35153;"JALES";"Quedas";448,430493273543
"353590";2025;13;1;29669,39;2282,26076923077;76,9230769230769;"Municipio";;"PARANAPUA";"RRAS12";35153;"JALES";"Quedas";
"353600";2015;18;0;20678,02;1148,77888888889;0;"Municipio";2214;"PARAPUA";"RRAS10";35095;"TUPA";"Quedas";813,008130081301
"353600";2016;20;1;28091;1404,55;50;"Municipio";2268;"PARAPUA";"RRAS10";35095;"TUPA";"Quedas";881,834215167548
"353600";2017;29;2;65651,42;2263,84206896552;68,9655172413793;"Municipio";2324;"PARAPUA";"RRAS10";35095;"TUPA";"Quedas";1247,84853700516
"353600";2018;27;1;26977,81;999,178148148148;37,037037037037;"Municipio";2382;"PARAPUA";"RRAS10";35095;"TUPA";"Quedas";1133,50125944584
"353600";2019;28;1;21364,19;763,006785714286;35,7142857142857;"Municipio";2448;"PARAPUA";"RRAS10";35095;"TUPA";"Quedas";1143,7908496732
"353600";2020;24;0;30198,08;1258,25333333333;0;"Municipio";2506;"PARAPUA";"RRAS10";35095;"TUPA";"Quedas";957,701516360734
"353600";2021;30;1;37283,21;1242,77366666667;33,3333333333333;"Municipio";2548;"PARAPUA";"RRAS10";35095;"TUPA";"Quedas";1177,39403453689
"353600";2022;26;2;20595,94;792,151538461539;76,9230769230769;"Municipio";2591;"PARAPUA";"RRAS10";35095;"TUPA";"Quedas";1003,47356233115
"353600";2023;20;1;20955,4;1047,77;50;"Municipio";2644;"PARAPUA";"RRAS10";35095;"TUPA";"Quedas";756,42965204236
"353600";2024;20;0;18868,4;943,42;0;"Municipio";2695;"PARAPUA";"RRAS10";35095;"TUPA";"Quedas";742,115027829314
"353600";2025;19;2;60796,8;3199,83157894737;105,263157894737;"Municipio";;"PARAPUA";"RRAS10";35095;"TUPA";"Quedas";
"353610";2015;6;0;12713,35;2118,89166666667;0;"Municipio";889;"PARDINHO";"RRAS09";35063;"POLO CUESTA";"Quedas";674,915635545557
"353610";2016;10;0;14972,89;1497,289;0;"Municipio";926;"PARDINHO";"RRAS09";35063;"POLO CUESTA";"Quedas";1079,91360691145
"353610";2017;7;1;23827,71;3403,95857142857;142,857142857143;"Municipio";970;"PARDINHO";"RRAS09";35063;"POLO CUESTA";"Quedas";721,649484536082
"353610";2018;11;1;13988,88;1271,71636363636;90,9090909090909;"Municipio";1017;"PARDINHO";"RRAS09";35063;"POLO CUESTA";"Quedas";1081,61258603736
"353610";2019;14;2;69861,79;4990,12785714286;142,857142857143;"Municipio";1062;"PARDINHO";"RRAS09";35063;"POLO CUESTA";"Quedas";1318,26741996234
"353610";2020;5;0;4956,74;991,348;0;"Municipio";1108;"PARDINHO";"RRAS09";35063;"POLO CUESTA";"Quedas";451,263537906137
"353610";2021;10;1;22398,65;2239,865;100;"Municipio";1150;"PARDINHO";"RRAS09";35063;"POLO CUESTA";"Quedas";869,565217391304
"353610";2022;7;1;11726,62;1675,23142857143;142,857142857143;"Municipio";1191;"PARDINHO";"RRAS09";35063;"POLO CUESTA";"Quedas";587,741393786734
"353610";2023;5;3;11751,18;2350,236;600;"Municipio";1235;"PARDINHO";"RRAS09";35063;"POLO CUESTA";"Quedas";404,858299595142
"353610";2024;11;2;23417,88;2128,89818181818;181,818181818182;"Municipio";1287;"PARDINHO";"RRAS09";35063;"POLO CUESTA";"Quedas";854,700854700855
"353610";2025;7;0;8908,98;1272,71142857143;0;"Municipio";;"PARDINHO";"RRAS09";35063;"POLO CUESTA";"Quedas";
"353620";2015;17;2;26093,37;1534,90411764706;117,647058823529;"Municipio";2876;"PARIQUERA ACU";"RRAS07";35121;"VALE DO RIBEIRA";"Quedas";591,098748261474
"353620";2016;23;5;35580,75;1546,98913043478;217,391304347826;"Municipio";2973;"PARIQUERA ACU";"RRAS07";35121;"VALE DO RIBEIRA";"Quedas";773,629330642449
"353620";2017;15;3;17839,11;1189,274;200;"Municipio";3067;"PARIQUERA ACU";"RRAS07";35121;"VALE DO RIBEIRA";"Quedas";489,077274209325
"353620";2018;20;1;26498,86;1324,943;50;"Municipio";3165;"PARIQUERA ACU";"RRAS07";35121;"VALE DO RIBEIRA";"Quedas";631,911532385466
"353620";2019;31;2;52385,78;1689,86387096774;64,5161290322581;"Municipio";3265;"PARIQUERA ACU";"RRAS07";35121;"VALE DO RIBEIRA";"Quedas";949,464012251149
"353620";2020;26;1;28819,09;1108,42653846154;38,4615384615385;"Municipio";3356;"PARIQUERA ACU";"RRAS07";35121;"VALE DO RIBEIRA";"Quedas";774,731823599523
"353620";2021;18;1;15044,81;835,822777777778;55,5555555555556;"Municipio";3430;"PARIQUERA ACU";"RRAS07";35121;"VALE DO RIBEIRA";"Quedas";524,781341107872
"353620";2022;20;1;34686,38;1734,319;50;"Municipio";3508;"PARIQUERA ACU";"RRAS07";35121;"VALE DO RIBEIRA";"Quedas";570,125427594071
"353620";2023;35;3;56327,55;1609,35857142857;85,7142857142857;"Municipio";3611;"PARIQUERA ACU";"RRAS07";35121;"VALE DO RIBEIRA";"Quedas";969,260592633619
"353620";2024;37;4;83694,28;2262,00756756757;108,108108108108;"Municipio";3713;"PARIQUERA ACU";"RRAS07";35121;"VALE DO RIBEIRA";"Quedas";996,498788042014
"353620";2025;38;1;69840,97;1837,92026315789;26,3157894736842;"Municipio";;"PARIQUERA ACU";"RRAS07";35121;"VALE DO RIBEIRA";"Quedas";
"353625";2015;1;0;287,8;287,8;0;"Municipio";459;"PARISI";"RRAS12";35157;"VOTUPORANGA";"Quedas";217,864923747277
"353625";2016;5;1;8304,71;1660,942;200;"Municipio";485;"PARISI";"RRAS12";35157;"VOTUPORANGA";"Quedas";1030,92783505155
"353625";2017;11;2;28531,61;2593,78272727273;181,818181818182;"Municipio";511;"PARISI";"RRAS12";35157;"VOTUPORANGA";"Quedas";2152,64187866928
"353625";2018;2;0;5019,91;2509,955;0;"Municipio";544;"PARISI";"RRAS12";35157;"VOTUPORANGA";"Quedas";367,647058823529
"353625";2019;3;0;6392,59;2130,86333333333;0;"Municipio";572;"PARISI";"RRAS12";35157;"VOTUPORANGA";"Quedas";524,475524475524
"353625";2020;2;0;2705,27;1352,635;0;"Municipio";603;"PARISI";"RRAS12";35157;"VOTUPORANGA";"Quedas";331,67495854063
"353625";2021;6;2;14661,46;2443,57666666667;333,333333333333;"Municipio";630;"PARISI";"RRAS12";35157;"VOTUPORANGA";"Quedas";952,380952380953
"353625";2022;4;0;8382,16;2095,54;0;"Municipio";653;"PARISI";"RRAS12";35157;"VOTUPORANGA";"Quedas";612,557427258806
"353625";2023;10;1;20434,63;2043,463;100;"Municipio";673;"PARISI";"RRAS12";35157;"VOTUPORANGA";"Quedas";1485,88410104012
"353625";2024;4;0;7971,66;1992,915;0;"Municipio";703;"PARISI";"RRAS12";35157;"VOTUPORANGA";"Quedas";568,990042674253
"353625";2025;20;2;42157,31;2107,8655;100;"Municipio";;"PARISI";"RRAS12";35157;"VOTUPORANGA";"Quedas";
"353630";2015;11;0;13659,91;1241,81;0;"Municipio";1962;"PATROCINIO PAULISTA";"RRAS13";35081;"TRES COLINAS";"Quedas";560,652395514781
"353630";2016;14;0;20737,66;1481,26142857143;0;"Municipio";2034;"PATROCINIO PAULISTA";"RRAS13";35081;"TRES COLINAS";"Quedas";688,298918387414
"353630";2017;7;1;7772,51;1110,35857142857;142,857142857143;"Municipio";2111;"PATROCINIO PAULISTA";"RRAS13";35081;"TRES COLINAS";"Quedas";331,596399810516
"353630";2018;12;1;16323,12;1360,26;83,3333333333333;"Municipio";2189;"PATROCINIO PAULISTA";"RRAS13";35081;"TRES COLINAS";"Quedas";548,195523069895
"353630";2019;14;1;45414,33;3243,88071428571;71,4285714285714;"Municipio";2263;"PATROCINIO PAULISTA";"RRAS13";35081;"TRES COLINAS";"Quedas";618,647812638091
"353630";2020;15;2;18173,39;1211,55933333333;133,333333333333;"Municipio";2341;"PATROCINIO PAULISTA";"RRAS13";35081;"TRES COLINAS";"Quedas";640,751815463477
"353630";2021;20;0;25354,82;1267,741;0;"Municipio";2400;"PATROCINIO PAULISTA";"RRAS13";35081;"TRES COLINAS";"Quedas";833,333333333333
"353630";2022;19;1;20086,89;1057,20473684211;52,6315789473684;"Municipio";2469;"PATROCINIO PAULISTA";"RRAS13";35081;"TRES COLINAS";"Quedas";769,542324827866
"353630";2023;26;2;39770,73;1529,64346153846;76,9230769230769;"Municipio";2554;"PATROCINIO PAULISTA";"RRAS13";35081;"TRES COLINAS";"Quedas";1018,01096319499
"353630";2024;19;0;43976,08;2314,53052631579;0;"Municipio";2636;"PATROCINIO PAULISTA";"RRAS13";35081;"TRES COLINAS";"Quedas";720,789074355083
"353630";2025;35;0;44976,83;1285,05228571429;0;"Municipio";;"PATROCINIO PAULISTA";"RRAS13";35081;"TRES COLINAS";"Quedas";
"353640";2015;4;0;6117,19;1529,2975;0;"Municipio";953;"PAULICEIA";"RRAS11";35111;"ALTA PAULISTA";"Quedas";419,727177334732
"353640";2016;8;0;19864,13;2483,01625;0;"Municipio";1005;"PAULICEIA";"RRAS11";35111;"ALTA PAULISTA";"Quedas";796,019900497512
"353640";2017;6;0;14452,27;2408,71166666667;0;"Municipio";1062;"PAULICEIA";"RRAS11";35111;"ALTA PAULISTA";"Quedas";564,971751412429
"353640";2018;8;1;17082,31;2135,28875;125;"Municipio";1129;"PAULICEIA";"RRAS11";35111;"ALTA PAULISTA";"Quedas";708,59167404783
"353640";2019;6;0;18078,74;3013,12333333333;0;"Municipio";1200;"PAULICEIA";"RRAS11";35111;"ALTA PAULISTA";"Quedas";500
"353640";2020;8;1;20837,81;2604,72625;125;"Municipio";1273;"PAULICEIA";"RRAS11";35111;"ALTA PAULISTA";"Quedas";628,436763550668
"353640";2021;9;1;16372,56;1819,17333333333;111,111111111111;"Municipio";1341;"PAULICEIA";"RRAS11";35111;"ALTA PAULISTA";"Quedas";671,140939597315
"353640";2022;3;0;6876,18;2292,06;0;"Municipio";1407;"PAULICEIA";"RRAS11";35111;"ALTA PAULISTA";"Quedas";213,219616204691
"353640";2023;7;1;17027,3;2432,47142857143;142,857142857143;"Municipio";1469;"PAULICEIA";"RRAS11";35111;"ALTA PAULISTA";"Quedas";476,514635806671
"353640";2024;12;0;14933,48;1244,45666666667;0;"Municipio";1529;"PAULICEIA";"RRAS11";35111;"ALTA PAULISTA";"Quedas";784,82668410726
"353640";2025;9;0;32514,1;3612,67777777778;0;"Municipio";;"PAULICEIA";"RRAS11";35111;"ALTA PAULISTA";"Quedas";
"353650";2015;55;2;73846,93;1342,67145454545;36,3636363636364;"Municipio";10399;"PAULINIA";"RRAS15";35072;"REG METRO CAMPINAS";"Quedas";528,89700932782
"353650";2016;72;4;128938,14;1790,8075;55,5555555555556;"Municipio";11125;"PAULINIA";"RRAS15";35072;"REG METRO CAMPINAS";"Quedas";647,191011235955
"353650";2017;80;2;139280,84;1741,0105;25;"Municipio";11902;"PAULINIA";"RRAS15";35072;"REG METRO CAMPINAS";"Quedas";672,155940178121
"353650";2018;78;2;126095,33;1616,60679487179;25,6410256410256;"Municipio";12703;"PAULINIA";"RRAS15";35072;"REG METRO CAMPINAS";"Quedas";614,028182319137
"353650";2019;75;4;107694,47;1435,92626666667;53,3333333333333;"Municipio";13540;"PAULINIA";"RRAS15";35072;"REG METRO CAMPINAS";"Quedas";553,914327917282
"353650";2020;78;3;143954,1;1845,56538461538;38,4615384615385;"Municipio";14378;"PAULINIA";"RRAS15";35072;"REG METRO CAMPINAS";"Quedas";542,49547920434
"353650";2021;78;6;136874,42;1754,80025641026;76,9230769230769;"Municipio";15182;"PAULINIA";"RRAS15";35072;"REG METRO CAMPINAS";"Quedas";513,766302199974
"353650";2022;114;10;260463,66;2284,76894736842;87,719298245614;"Municipio";16017;"PAULINIA";"RRAS15";35072;"REG METRO CAMPINAS";"Quedas";711,743772241993
"353650";2023;121;5;203604,48;1682,68165289256;41,3223140495868;"Municipio";16939;"PAULINIA";"RRAS15";35072;"REG METRO CAMPINAS";"Quedas";714,327882401559
"353650";2024;116;5;200161,71;1725,53198275862;43,1034482758621;"Municipio";17894;"PAULINIA";"RRAS15";35072;"REG METRO CAMPINAS";"Quedas";648,261987258299
"353650";2025;75;2;175819,9;2344,26533333333;26,6666666666667;"Municipio";;"PAULINIA";"RRAS15";35072;"REG METRO CAMPINAS";"Quedas";
"353657";2016;4;1;11708,08;2927,02;250;"Municipio";316;"PAULISTANIA";"RRAS09";35062;"BAURU";"Quedas";1265,82278481013
"353657";2017;1;0;48,38;48,38;0;"Municipio";329;"PAULISTANIA";"RRAS09";35062;"BAURU";"Quedas";303,951367781155
"353657";2018;1;0;60,22;60,22;0;"Municipio";340;"PAULISTANIA";"RRAS09";35062;"BAURU";"Quedas";294,117647058824
"353657";2020;3;0;9467,22;3155,74;0;"Municipio";360;"PAULISTANIA";"RRAS09";35062;"BAURU";"Quedas";833,333333333333
"353657";2021;2;0;4422,53;2211,265;0;"Municipio";371;"PAULISTANIA";"RRAS09";35062;"BAURU";"Quedas";539,083557951482
"353657";2022;3;0;11142,76;3714,25333333333;0;"Municipio";374;"PAULISTANIA";"RRAS09";35062;"BAURU";"Quedas";802,139037433155
"353657";2023;9;1;42555,8;4728,42222222222;111,111111111111;"Municipio";383;"PAULISTANIA";"RRAS09";35062;"BAURU";"Quedas";2349,86945169713
"353657";2024;1;0;2676,08;2676,08;0;"Municipio";396;"PAULISTANIA";"RRAS09";35062;"BAURU";"Quedas";252,525252525253
"353657";2025;3;0;3983,3;1327,76666666667;0;"Municipio";;"PAULISTANIA";"RRAS09";35062;"BAURU";"Quedas";
"353660";2015;14;0;40302,24;2878,73142857143;0;"Municipio";1413;"PAULO DE FARIA";"RRAS12";35155;"SAO JOSE DO RIO PRETO";"Quedas";990,799716914367
"353660";2016;3;1;3760,35;1253,45;333,333333333333;"Municipio";1443;"PAULO DE FARIA";"RRAS12";35155;"SAO JOSE DO RIO PRETO";"Quedas";207,900207900208
"353660";2017;9;3;60298,63;6699,84777777778;333,333333333333;"Municipio";1476;"PAULO DE FARIA";"RRAS12";35155;"SAO JOSE DO RIO PRETO";"Quedas";609,756097560976
"353660";2018;17;2;77169,14;4539,36117647059;117,647058823529;"Municipio";1512;"PAULO DE FARIA";"RRAS12";35155;"SAO JOSE DO RIO PRETO";"Quedas";1124,33862433862
"353660";2019;16;3;33248,42;2078,02625;187,5;"Municipio";1544;"PAULO DE FARIA";"RRAS12";35155;"SAO JOSE DO RIO PRETO";"Quedas";1036,26943005181
"353660";2020;16;2;61669,82;3854,36375;125;"Municipio";1576;"PAULO DE FARIA";"RRAS12";35155;"SAO JOSE DO RIO PRETO";"Quedas";1015,22842639594
"353660";2021;8;1;14275,73;1784,46625;125;"Municipio";1599;"PAULO DE FARIA";"RRAS12";35155;"SAO JOSE DO RIO PRETO";"Quedas";500,312695434647
"353660";2022;14;1;67145,84;4796,13142857143;71,4285714285714;"Municipio";1631;"PAULO DE FARIA";"RRAS12";35155;"SAO JOSE DO RIO PRETO";"Quedas";858,369098712446
"353660";2023;22;3;73569,89;3344,08590909091;136,363636363636;"Municipio";1674;"PAULO DE FARIA";"RRAS12";35155;"SAO JOSE DO RIO PRETO";"Quedas";1314,2174432497
"353660";2024;12;4;31044,74;2587,06166666667;333,333333333333;"Municipio";1710;"PAULO DE FARIA";"RRAS12";35155;"SAO JOSE DO RIO PRETO";"Quedas";701,754385964912
"353660";2025;19;0;42910,64;2258,45473684211;0;"Municipio";;"PAULO DE FARIA";"RRAS12";35155;"SAO JOSE DO RIO PRETO";"Quedas";
"353670";2015;65;2;60567,82;931,812615384615;30,7692307692308;"Municipio";6168;"PEDERNEIRAS";"RRAS09";35062;"BAURU";"Quedas";1053,8261997406
"353670";2016;79;3;53045;671,455696202532;37,9746835443038;"Municipio";6397;"PEDERNEIRAS";"RRAS09";35062;"BAURU";"Quedas";1234,95388463342
"353670";2017;94;3;65826,01;700,27670212766;31,9148936170213;"Municipio";6641;"PEDERNEIRAS";"RRAS09";35062;"BAURU";"Quedas";1415,44948049992
"353670";2018;115;3;107558,18;935,28852173913;26,0869565217391;"Municipio";6898;"PEDERNEIRAS";"RRAS09";35062;"BAURU";"Quedas";1667,14989852131
"353670";2019;113;4;106709,61;944,332831858407;35,3982300884956;"Municipio";7159;"PEDERNEIRAS";"RRAS09";35062;"BAURU";"Quedas";1578,43274200307
"353670";2020;105;2;100164;953,942857142857;19,0476190476191;"Municipio";7409;"PEDERNEIRAS";"RRAS09";35062;"BAURU";"Quedas";1417,19530300985
"353670";2021;117;3;149935,77;1281,50230769231;25,6410256410256;"Municipio";7632;"PEDERNEIRAS";"RRAS09";35062;"BAURU";"Quedas";1533,01886792453
"353670";2022;88;1;119032,24;1352,63909090909;11,3636363636364;"Municipio";7855;"PEDERNEIRAS";"RRAS09";35062;"BAURU";"Quedas";1120,30553787397
"353670";2023;72;2;80031,11;1111,54319444444;27,7777777777778;"Municipio";8125;"PEDERNEIRAS";"RRAS09";35062;"BAURU";"Quedas";886,153846153846
"353670";2024;59;1;58799,53;996,60220338983;16,9491525423729;"Municipio";8410;"PEDERNEIRAS";"RRAS09";35062;"BAURU";"Quedas";701,545778834721
"353670";2025;90;3;149391,24;1659,90266666667;33,3333333333333;"Municipio";;"PEDERNEIRAS";"RRAS09";35062;"BAURU";"Quedas";
"353680";2015;3;1;8296,95;2765,65;333,333333333333;"Municipio";1124;"PEDRA BELA";"RRAS16";35071;"BRAGANCA";"Quedas";266,903914590747
"353680";2016;2;0;4853,02;2426,51;0;"Municipio";1166;"PEDRA BELA";"RRAS16";35071;"BRAGANCA";"Quedas";171,526586620926
"353680";2017;10;0;17395,09;1739,509;0;"Municipio";1214;"PEDRA BELA";"RRAS16";35071;"BRAGANCA";"Quedas";823,723228995058
"353680";2018;5;1;8461,39;1692,278;200;"Municipio";1256;"PEDRA BELA";"RRAS16";35071;"BRAGANCA";"Quedas";398,089171974522
"353680";2019;9;2;29631,37;3292,37444444444;222,222222222222;"Municipio";1303;"PEDRA BELA";"RRAS16";35071;"BRAGANCA";"Quedas";690,71373752878
"353680";2020;5;0;9152,04;1830,408;0;"Municipio";1349;"PEDRA BELA";"RRAS16";35071;"BRAGANCA";"Quedas";370,644922164566
"353680";2021;8;1;24552,98;3069,1225;125;"Municipio";1387;"PEDRA BELA";"RRAS16";35071;"BRAGANCA";"Quedas";576,784426820476
"353680";2022;14;4;44292,19;3163,72785714286;285,714285714286;"Municipio";1424;"PEDRA BELA";"RRAS16";35071;"BRAGANCA";"Quedas";983,14606741573
"353680";2023;9;0;15140,03;1682,22555555556;0;"Municipio";1465;"PEDRA BELA";"RRAS16";35071;"BRAGANCA";"Quedas";614,334470989761
"353680";2024;7;2;31139,77;4448,53857142857;285,714285714286;"Municipio";1520;"PEDRA BELA";"RRAS16";35071;"BRAGANCA";"Quedas";460,526315789474
"353680";2025;16;4;30941,95;1933,871875;250;"Municipio";;"PEDRA BELA";"RRAS16";35071;"BRAGANCA";"Quedas";
"353690";2015;6;0;14584,37;2430,72833333333;0;"Municipio";593;"PEDRANOPOLIS";"RRAS12";35154;"FERNANDOPOLIS";"Quedas";1011,80438448567
"353690";2016;7;1;17501,19;2500,17;142,857142857143;"Municipio";619;"PEDRANOPOLIS";"RRAS12";35154;"FERNANDOPOLIS";"Quedas";1130,85621970921
"353690";2017;6;1;8705,15;1450,85833333333;166,666666666667;"Municipio";644;"PEDRANOPOLIS";"RRAS12";35154;"FERNANDOPOLIS";"Quedas";931,67701863354
"353690";2018;5;1;6459,12;1291,824;200;"Municipio";670;"PEDRANOPOLIS";"RRAS12";35154;"FERNANDOPOLIS";"Quedas";746,268656716418
"353690";2019;5;1;5193,26;1038,652;200;"Municipio";699;"PEDRANOPOLIS";"RRAS12";35154;"FERNANDOPOLIS";"Quedas";715,307582260372
"353690";2020;6;0;12066,86;2011,14333333333;0;"Municipio";722;"PEDRANOPOLIS";"RRAS12";35154;"FERNANDOPOLIS";"Quedas";831,024930747922
"353690";2021;7;0;18101,2;2585,88571428571;0;"Municipio";749;"PEDRANOPOLIS";"RRAS12";35154;"FERNANDOPOLIS";"Quedas";934,579439252336
"353690";2022;4;0;1021,34;255,335;0;"Municipio";772;"PEDRANOPOLIS";"RRAS12";35154;"FERNANDOPOLIS";"Quedas";518,134715025907
"353690";2023;6;0;9260,58;1543,43;0;"Municipio";789;"PEDRANOPOLIS";"RRAS12";35154;"FERNANDOPOLIS";"Quedas";760,456273764259
"353690";2024;9;2;18913,31;2101,47888888889;222,222222222222;"Municipio";816;"PEDRANOPOLIS";"RRAS12";35154;"FERNANDOPOLIS";"Quedas";1102,94117647059
"353690";2025;7;0;5452,47;778,924285714286;0;"Municipio";;"PEDRANOPOLIS";"RRAS12";35154;"FERNANDOPOLIS";"Quedas";
"353700";2015;12;0;35667,02;2972,25166666667;0;"Municipio";2363;"PEDREGULHO";"RRAS13";35081;"TRES COLINAS";"Quedas";507,829030892933
"353700";2016;13;2;13691,49;1053,19153846154;153,846153846154;"Municipio";2447;"PEDREGULHO";"RRAS13";35081;"TRES COLINAS";"Quedas";531,262770739681
"353700";2017;12;0;12555,23;1046,26916666667;0;"Municipio";2533;"PEDREGULHO";"RRAS13";35081;"TRES COLINAS";"Quedas";473,746545598105
"353700";2018;11;1;14148,27;1286,20636363636;90,9090909090909;"Municipio";2621;"PEDREGULHO";"RRAS13";35081;"TRES COLINAS";"Quedas";419,687142312095
"353700";2019;19;0;21406,18;1126,64105263158;0;"Municipio";2711;"PEDREGULHO";"RRAS13";35081;"TRES COLINAS";"Quedas";700,848395426042
"353700";2020;12;1;7292,11;607,675833333333;83,3333333333333;"Municipio";2797;"PEDREGULHO";"RRAS13";35081;"TRES COLINAS";"Quedas";429,031104755095
"353700";2021;18;0;16499,44;916,635555555556;0;"Municipio";2863;"PEDREGULHO";"RRAS13";35081;"TRES COLINAS";"Quedas";628,711142158575
"353700";2022;12;1;9095,41;757,950833333333;83,3333333333333;"Municipio";2931;"PEDREGULHO";"RRAS13";35081;"TRES COLINAS";"Quedas";409,416581371546
"353700";2023;13;0;17902,39;1377,10692307692;0;"Municipio";3006;"PEDREGULHO";"RRAS13";35081;"TRES COLINAS";"Quedas";432,468396540253
"353700";2024;19;0;24230,64;1275,29684210526;0;"Municipio";3081;"PEDREGULHO";"RRAS13";35081;"TRES COLINAS";"Quedas";616,682895163908
"353700";2025;30;1;72225,58;2407,51933333333;33,3333333333333;"Municipio";;"PEDREGULHO";"RRAS13";35081;"TRES COLINAS";"Quedas";
"353710";2015;28;2;52832,55;1886,87678571429;71,4285714285714;"Municipio";6315;"PEDREIRA";"RRAS15";35072;"REG METRO CAMPINAS";"Quedas";443,388756927949
"353710";2016;46;2;46422,83;1009,19195652174;43,4782608695652;"Municipio";6551;"PEDREIRA";"RRAS15";35072;"REG METRO CAMPINAS";"Quedas";702,182872843841
"353710";2017;60;5;93658,26;1560,971;83,3333333333333;"Municipio";6805;"PEDREIRA";"RRAS15";35072;"REG METRO CAMPINAS";"Quedas";881,704628949302
"353710";2018;65;3;62699,11;964,601692307692;46,1538461538462;"Municipio";7067;"PEDREIRA";"RRAS15";35072;"REG METRO CAMPINAS";"Quedas";919,767935474742
"353710";2019;56;1;67014,63;1196,68982142857;17,8571428571429;"Municipio";7334;"PEDREIRA";"RRAS15";35072;"REG METRO CAMPINAS";"Quedas";763,566948459231
"353710";2020;58;1;51194,29;882,660172413793;17,2413793103448;"Municipio";7594;"PEDREIRA";"RRAS15";35072;"REG METRO CAMPINAS";"Quedas";763,760863839874
"353710";2021;49;1;70808,74;1445,07632653061;20,4081632653061;"Municipio";7824;"PEDREIRA";"RRAS15";35072;"REG METRO CAMPINAS";"Quedas";626,278118609407
"353710";2022;66;3;82048,7;1243,16212121212;45,4545454545455;"Municipio";8061;"PEDREIRA";"RRAS15";35072;"REG METRO CAMPINAS";"Quedas";818,756978042427
"353710";2023;73;2;61174,06;838,000821917808;27,3972602739726;"Municipio";8339;"PEDREIRA";"RRAS15";35072;"REG METRO CAMPINAS";"Quedas";875,404724787145
"353710";2024;51;2;38483,67;754,581764705882;39,2156862745098;"Municipio";8633;"PEDREIRA";"RRAS15";35072;"REG METRO CAMPINAS";"Quedas";590,756399860998
"353710";2025;67;5;82216,53;1227,1123880597;74,6268656716418;"Municipio";;"PEDREIRA";"RRAS15";35072;"REG METRO CAMPINAS";"Quedas";
"353715";2015;2;0;7273,13;3636,565;0;"Municipio";511;"PEDRINHAS PAULISTA";"RRAS10";35092;"ASSIS";"Quedas";391,389432485323
"353715";2017;4;0;5090,56;1272,64;0;"Municipio";549;"PEDRINHAS PAULISTA";"RRAS10";35092;"ASSIS";"Quedas";728,597449908925
"353715";2018;3;0;7146,65;2382,21666666667;0;"Municipio";569;"PEDRINHAS PAULISTA";"RRAS10";35092;"ASSIS";"Quedas";527,240773286468
"353715";2020;3;0;8572,51;2857,50333333333;0;"Municipio";610;"PEDRINHAS PAULISTA";"RRAS10";35092;"ASSIS";"Quedas";491,803278688525
"353715";2021;5;0;7254,86;1450,972;0;"Municipio";630;"PEDRINHAS PAULISTA";"RRAS10";35092;"ASSIS";"Quedas";793,650793650794
"353715";2022;2;0;674,75;337,375;0;"Municipio";651;"PEDRINHAS PAULISTA";"RRAS10";35092;"ASSIS";"Quedas";307,219662058372
"353715";2023;5;0;7226,81;1445,362;0;"Municipio";669;"PEDRINHAS PAULISTA";"RRAS10";35092;"ASSIS";"Quedas";747,384155455904
"353715";2024;1;0;1401,31;1401,31;0;"Municipio";701;"PEDRINHAS PAULISTA";"RRAS10";35092;"ASSIS";"Quedas";142,65335235378
"353715";2025;2;0;344,21;172,105;0;"Municipio";;"PEDRINHAS PAULISTA";"RRAS10";35092;"ASSIS";"Quedas";
"353720";2015;7;0;2746,69;392,384285714286;0;"Municipio";1783;"PEDRO DE TOLEDO";"RRAS07";35121;"VALE DO RIBEIRA";"Quedas";392,596747055524
"353720";2016;10;1;11668,21;1166,821;100;"Municipio";1850;"PEDRO DE TOLEDO";"RRAS07";35121;"VALE DO RIBEIRA";"Quedas";540,540540540541
"353720";2017;12;1;23130,27;1927,5225;83,3333333333333;"Municipio";1936;"PEDRO DE TOLEDO";"RRAS07";35121;"VALE DO RIBEIRA";"Quedas";619,834710743802
"353720";2018;1;0;162,34;162,34;0;"Municipio";2022;"PEDRO DE TOLEDO";"RRAS07";35121;"VALE DO RIBEIRA";"Quedas";49,4559841740851
"353720";2019;11;0;13610,03;1237,27545454545;0;"Municipio";2120;"PEDRO DE TOLEDO";"RRAS07";35121;"VALE DO RIBEIRA";"Quedas";518,867924528302
"353720";2020;8;0;17033,74;2129,2175;0;"Municipio";2211;"PEDRO DE TOLEDO";"RRAS07";35121;"VALE DO RIBEIRA";"Quedas";361,827227498869
"353720";2021;8;1;13539,04;1692,38;125;"Municipio";2292;"PEDRO DE TOLEDO";"RRAS07";35121;"VALE DO RIBEIRA";"Quedas";349,040139616056
"353720";2022;9;1;16534,85;1837,20555555556;111,111111111111;"Municipio";2372;"PEDRO DE TOLEDO";"RRAS07";35121;"VALE DO RIBEIRA";"Quedas";379,426644182125
"353720";2023;14;0;28607,95;2043,425;0;"Municipio";2459;"PEDRO DE TOLEDO";"RRAS07";35121;"VALE DO RIBEIRA";"Quedas";569,337128914193
"353720";2024;13;0;16979,61;1306,12384615385;0;"Municipio";2556;"PEDRO DE TOLEDO";"RRAS07";35121;"VALE DO RIBEIRA";"Quedas";508,607198748044
"353720";2025;11;0;17148,22;1558,92909090909;0;"Municipio";;"PEDRO DE TOLEDO";"RRAS07";35121;"VALE DO RIBEIRA";"Quedas";
"353730";2015;97;8;111369,77;1148,14195876289;82,4742268041237;"Municipio";10883;"PENAPOLIS";"RRAS19";35023;"CONSORCIOS DO DRS II";"Quedas";891,298355232932
"353730";2016;95;11;156193,79;1644,14515789474;115,789473684211;"Municipio";11202;"PENAPOLIS";"RRAS19";35023;"CONSORCIOS DO DRS II";"Quedas";848,062845920371
"353730";2017;106;5;142127,52;1340,82566037736;47,1698113207547;"Municipio";11522;"PENAPOLIS";"RRAS19";35023;"CONSORCIOS DO DRS II";"Quedas";919,979170282937
"353730";2018;100;5;132447,89;1324,4789;50;"Municipio";11867;"PENAPOLIS";"RRAS19";35023;"CONSORCIOS DO DRS II";"Quedas";842,672958624758
"353730";2019;102;5;122370,74;1199,7131372549;49,0196078431373;"Municipio";12214;"PENAPOLIS";"RRAS19";35023;"CONSORCIOS DO DRS II";"Quedas";835,107253970853
"353730";2020;92;7;125090,77;1359,6822826087;76,0869565217391;"Municipio";12536;"PENAPOLIS";"RRAS19";35023;"CONSORCIOS DO DRS II";"Quedas";733,886407147415
"353730";2021;127;13;134681,5;1060,4842519685;102,362204724409;"Municipio";12799;"PENAPOLIS";"RRAS19";35023;"CONSORCIOS DO DRS II";"Quedas";992,265020704743
"353730";2022;127;12;239469,09;1885,58338582677;94,488188976378;"Municipio";13062;"PENAPOLIS";"RRAS19";35023;"CONSORCIOS DO DRS II";"Quedas";972,286020517532
"353730";2023;142;12;258452,9;1820,09084507042;84,5070422535211;"Municipio";13383;"PENAPOLIS";"RRAS19";35023;"CONSORCIOS DO DRS II";"Quedas";1061,04759769857
"353730";2024;146;6;298631,29;2045,41979452055;41,0958904109589;"Municipio";13724;"PENAPOLIS";"RRAS19";35023;"CONSORCIOS DO DRS II";"Quedas";1063,82978723404
"353730";2025;131;12;346043,66;2641,55465648855;91,6030534351145;"Municipio";;"PENAPOLIS";"RRAS19";35023;"CONSORCIOS DO DRS II";"Quedas";
"353740";2015;30;0;14175,37;472,512333333333;0;"Municipio";4433;"PEREIRA BARRETO";"RRAS19";35022;"LAGOS DO DRS II";"Quedas";676,742612226483
"353740";2016;22;2;11527,92;523,996363636364;90,9090909090909;"Municipio";4537;"PEREIRA BARRETO";"RRAS19";35022;"LAGOS DO DRS II";"Quedas";484,901917566674
"353740";2017;30;2;37595,18;1253,17266666667;66,6666666666667;"Municipio";4646;"PEREIRA BARRETO";"RRAS19";35022;"LAGOS DO DRS II";"Quedas";645,716745587602
"353740";2018;23;3;10314,42;448,453043478261;130,434782608696;"Municipio";4771;"PEREIRA BARRETO";"RRAS19";35022;"LAGOS DO DRS II";"Quedas";482,079228673234
"353740";2019;24;3;28380,39;1182,51625;125;"Municipio";4897;"PEREIRA BARRETO";"RRAS19";35022;"LAGOS DO DRS II";"Quedas";490,095977128854
"353740";2020;31;1;24367,87;786,060322580645;32,258064516129;"Municipio";5026;"PEREIRA BARRETO";"RRAS19";35022;"LAGOS DO DRS II";"Quedas";616,792678074015
"353740";2021;16;1;17352,24;1084,515;62,5;"Municipio";5125;"PEREIRA BARRETO";"RRAS19";35022;"LAGOS DO DRS II";"Quedas";312,19512195122
"353740";2022;22;1;21929,73;996,805909090909;45,4545454545455;"Municipio";5233;"PEREIRA BARRETO";"RRAS19";35022;"LAGOS DO DRS II";"Quedas";420,408943244793
"353740";2023;25;0;24134,53;965,3812;0;"Municipio";5378;"PEREIRA BARRETO";"RRAS19";35022;"LAGOS DO DRS II";"Quedas";464,856824098178
"353740";2024;15;2;8580,99;572,066;133,333333333333;"Municipio";5534;"PEREIRA BARRETO";"RRAS19";35022;"LAGOS DO DRS II";"Quedas";271,051680520419
"353740";2025;21;1;42937,43;2044,63952380952;47,6190476190476;"Municipio";;"PEREIRA BARRETO";"RRAS19";35022;"LAGOS DO DRS II";"Quedas";
"353750";2015;6;0;7440,16;1240,02666666667;0;"Municipio";1306;"PEREIRAS";"RRAS09";35063;"POLO CUESTA";"Quedas";459,418070444104
"353750";2016;8;1;21224,99;2653,12375;125;"Municipio";1355;"PEREIRAS";"RRAS09";35063;"POLO CUESTA";"Quedas";590,405904059041
"353750";2017;5;1;13080,66;2616,132;200;"Municipio";1411;"PEREIRAS";"RRAS09";35063;"POLO CUESTA";"Quedas";354,358610914245
"353750";2018;9;0;21833,58;2425,95333333333;0;"Municipio";1465;"PEREIRAS";"RRAS09";35063;"POLO CUESTA";"Quedas";614,334470989761
"353750";2019;9;0;33807,35;3756,37222222222;0;"Municipio";1527;"PEREIRAS";"RRAS09";35063;"POLO CUESTA";"Quedas";589,390962671906
"353750";2020;14;1;33088,11;2363,43642857143;71,4285714285714;"Municipio";1583;"PEREIRAS";"RRAS09";35063;"POLO CUESTA";"Quedas";884,396715097915
"353750";2021;3;1;3964,63;1321,54333333333;333,333333333333;"Municipio";1631;"PEREIRAS";"RRAS09";35063;"POLO CUESTA";"Quedas";183,936235438381
"353750";2022;20;2;44361,72;2218,086;100;"Municipio";1681;"PEREIRAS";"RRAS09";35063;"POLO CUESTA";"Quedas";1189,76799524093
"353750";2023;8;1;17644,89;2205,61125;125;"Municipio";1741;"PEREIRAS";"RRAS09";35063;"POLO CUESTA";"Quedas";459,506031016657
"353750";2024;12;1;13765,19;1147,09916666667;83,3333333333333;"Municipio";1801;"PEREIRAS";"RRAS09";35063;"POLO CUESTA";"Quedas";666,296501943365
"353750";2025;11;1;46796,45;4254,22272727273;90,9090909090909;"Municipio";;"PEREIRAS";"RRAS09";35063;"POLO CUESTA";"Quedas";
"353760";2015;31;0;18129,47;584,821612903226;0;"Municipio";11716;"PERUIBE";"RRAS07";35041;"BAIXADA SANTISTA";"Quedas";264,595425059747
"353760";2016;17;1;10380,83;610,637058823529;58,8235294117647;"Municipio";12210;"PERUIBE";"RRAS07";35041;"BAIXADA SANTISTA";"Quedas";139,230139230139
"353760";2017;15;0;17219,39;1147,95933333333;0;"Municipio";12732;"PERUIBE";"RRAS07";35041;"BAIXADA SANTISTA";"Quedas";117,813383600377
"353760";2018;38;2;38753,88;1019,83894736842;52,6315789473684;"Municipio";13275;"PERUIBE";"RRAS07";35041;"BAIXADA SANTISTA";"Quedas";286,252354048964
"353760";2019;43;2;56216,44;1307,35906976744;46,5116279069767;"Municipio";13831;"PERUIBE";"RRAS07";35041;"BAIXADA SANTISTA";"Quedas";310,895813751717
"353760";2020;58;3;98544,33;1699,04017241379;51,7241379310345;"Municipio";14363;"PERUIBE";"RRAS07";35041;"BAIXADA SANTISTA";"Quedas";403,815358908306
"353760";2021;62;4;96858,51;1562,23403225806;64,5161290322581;"Municipio";14833;"PERUIBE";"RRAS07";35041;"BAIXADA SANTISTA";"Quedas";417,986921054406
"353760";2022;78;2;123503,51;1583,37833333333;25,6410256410256;"Municipio";15300;"PERUIBE";"RRAS07";35041;"BAIXADA SANTISTA";"Quedas";509,803921568627
"353760";2023;79;4;154028,06;1949,72227848101;50,6329113924051;"Municipio";15834;"PERUIBE";"RRAS07";35041;"BAIXADA SANTISTA";"Quedas";498,926360995326
"353760";2024;100;2;171172,15;1711,7215;20;"Municipio";16419;"PERUIBE";"RRAS07";35041;"BAIXADA SANTISTA";"Quedas";609,050490285645
"353760";2025;101;1;254326,69;2518,08603960396;9,9009900990099;"Municipio";;"PERUIBE";"RRAS07";35041;"BAIXADA SANTISTA";"Quedas";
"353770";2015;3;0;1929,36;643,12;0;"Municipio";976;"PIACATU";"RRAS19";35023;"CONSORCIOS DO DRS II";"Quedas";307,377049180328
"353770";2016;6;0;9694,83;1615,805;0;"Municipio";1003;"PIACATU";"RRAS19";35023;"CONSORCIOS DO DRS II";"Quedas";598,205383848455
"353770";2017;7;0;3670,27;524,324285714286;0;"Municipio";1032;"PIACATU";"RRAS19";35023;"CONSORCIOS DO DRS II";"Quedas";678,294573643411
"353770";2018;8;1;11973,64;1496,705;125;"Municipio";1065;"PIACATU";"RRAS19";35023;"CONSORCIOS DO DRS II";"Quedas";751,173708920188
"353770";2019;10;0;17226,23;1722,623;0;"Municipio";1103;"PIACATU";"RRAS19";35023;"CONSORCIOS DO DRS II";"Quedas";906,618313689936
"353770";2020;9;0;7112,8;790,311111111111;0;"Municipio";1144;"PIACATU";"RRAS19";35023;"CONSORCIOS DO DRS II";"Quedas";786,713286713287
"353770";2021;6;0;9976,29;1662,715;0;"Municipio";1174;"PIACATU";"RRAS19";35023;"CONSORCIOS DO DRS II";"Quedas";511,073253833049
"353770";2022;22;0;26582,74;1208,30636363636;0;"Municipio";1204;"PIACATU";"RRAS19";35023;"CONSORCIOS DO DRS II";"Quedas";1827,24252491694
"353770";2023;12;0;19925,15;1660,42916666667;0;"Municipio";1237;"PIACATU";"RRAS19";35023;"CONSORCIOS DO DRS II";"Quedas";970,088924818108
"353770";2024;6;0;3819,68;636,613333333333;0;"Municipio";1275;"PIACATU";"RRAS19";35023;"CONSORCIOS DO DRS II";"Quedas";470,588235294118
"353770";2025;11;1;47203,85;4291,25909090909;90,9090909090909;"Municipio";;"PIACATU";"RRAS19";35023;"CONSORCIOS DO DRS II";"Quedas";
"353780";2015;35;5;76095,44;2174,15542857143;142,857142857143;"Municipio";8275;"PIEDADE";"RRAS08";35163;"SOROCABA";"Quedas";422,960725075529
"353780";2016;38;6;57508,11;1513,37131578947;157,894736842105;"Municipio";8554;"PIEDADE";"RRAS08";35163;"SOROCABA";"Quedas";444,23661444938
"353780";2017;25;1;62424,65;2496,986;40;"Municipio";8846;"PIEDADE";"RRAS08";35163;"SOROCABA";"Quedas";282,61361067149
"353780";2018;49;1;92618,55;1890,17448979592;20,4081632653061;"Municipio";9157;"PIEDADE";"RRAS08";35163;"SOROCABA";"Quedas";535,109752102217
"353780";2019;72;10;131560,2;1827,225;138,888888888889;"Municipio";9473;"PIEDADE";"RRAS08";35163;"SOROCABA";"Quedas";760,054892853373
"353780";2020;64;4;107037,37;1672,45890625;62,5;"Municipio";9780;"PIEDADE";"RRAS08";35163;"SOROCABA";"Quedas";654,39672801636
"353780";2021;76;8;187930,7;2472,77236842105;105,263157894737;"Municipio";10040;"PIEDADE";"RRAS08";35163;"SOROCABA";"Quedas";756,972111553785
"353780";2022;97;3;158901,81;1638,16298969072;30,9278350515464;"Municipio";10308;"PIEDADE";"RRAS08";35163;"SOROCABA";"Quedas";941,016686069073
"353780";2023;63;2;107894,9;1712,61746031746;31,7460317460317;"Municipio";10612;"PIEDADE";"RRAS08";35163;"SOROCABA";"Quedas";593,667546174142
"353780";2024;52;3;152225,51;2927,41365384615;57,6923076923077;"Municipio";10935;"PIEDADE";"RRAS08";35163;"SOROCABA";"Quedas";475,537265660722
"353780";2025;67;5;191946,07;2864,86671641791;74,6268656716418;"Municipio";;"PIEDADE";"RRAS08";35163;"SOROCABA";"Quedas";
"353790";2015;19;3;25761,6;1355,87368421053;157,894736842105;"Municipio";4066;"PILAR DO SUL";"RRAS08";35163;"SOROCABA";"Quedas";467,289719626168
"353790";2016;11;0;22672,02;2061,09272727273;0;"Municipio";4212;"PILAR DO SUL";"RRAS08";35163;"SOROCABA";"Quedas";261,158594491928
"353790";2017;27;1;33756,32;1250,23407407407;37,037037037037;"Municipio";4366;"PILAR DO SUL";"RRAS08";35163;"SOROCABA";"Quedas";618,415025194686
"353790";2018;40;2;50142,35;1253,55875;50;"Municipio";4521;"PILAR DO SUL";"RRAS08";35163;"SOROCABA";"Quedas";884,7600088476
"353790";2019;42;5;51124,89;1217,25928571429;119,047619047619;"Municipio";4685;"PILAR DO SUL";"RRAS08";35163;"SOROCABA";"Quedas";896,478121664888
"353790";2020;49;4;67560,76;1378,79102040816;81,6326530612245;"Municipio";4848;"PILAR DO SUL";"RRAS08";35163;"SOROCABA";"Quedas";1010,72607260726
"353790";2021;47;1;36409,43;774,668723404255;21,2765957446809;"Municipio";4988;"PILAR DO SUL";"RRAS08";35163;"SOROCABA";"Quedas";942,261427425822
"353790";2022;47;4;63784,89;1357,12531914894;85,1063829787234;"Municipio";5128;"PILAR DO SUL";"RRAS08";35163;"SOROCABA";"Quedas";916,536661466459
"353790";2023;54;2;71229,46;1319,06407407407;37,037037037037;"Municipio";5300;"PILAR DO SUL";"RRAS08";35163;"SOROCABA";"Quedas";1018,8679245283
"353790";2024;36;4;49048,82;1362,46722222222;111,111111111111;"Municipio";5470;"PILAR DO SUL";"RRAS08";35163;"SOROCABA";"Quedas";658,135283363803
"353790";2025;47;1;90870,73;1933,41978723404;21,2765957446809;"Municipio";;"PILAR DO SUL";"RRAS08";35163;"SOROCABA";"Quedas";
"353800";2015;115;8;179546,74;1561,276;69,5652173913043;"Municipio";21121;"PINDAMONHANGABA";"RRAS17";35174;"VALE PARAIBA REGIAO SERRANA";"Quedas";544,481795369538
"353800";2016;167;7;226850,61;1358,38688622754;41,9161676646707;"Municipio";22197;"PINDAMONHANGABA";"RRAS17";35174;"VALE PARAIBA REGIAO SERRANA";"Quedas";752,353921701131
"353800";2017;157;4;204483,37;1302,44184713376;25,4777070063694;"Municipio";23305;"PINDAMONHANGABA";"RRAS17";35174;"VALE PARAIBA REGIAO SERRANA";"Quedas";673,675177000644
"353800";2018;161;7;226025,86;1403,88732919255;43,4782608695652;"Municipio";24417;"PINDAMONHANGABA";"RRAS17";35174;"VALE PARAIBA REGIAO SERRANA";"Quedas";659,376663799812
"353800";2019;183;9;270246,78;1476,75836065574;49,1803278688525;"Municipio";25535;"PINDAMONHANGABA";"RRAS17";35174;"VALE PARAIBA REGIAO SERRANA";"Quedas";716,663403172117
"353800";2020;204;17;362202,17;1775,50083333333;83,3333333333333;"Municipio";26609;"PINDAMONHANGABA";"RRAS17";35174;"VALE PARAIBA REGIAO SERRANA";"Quedas";766,657897703784
"353800";2021;198;15;344568,13;1740,24308080808;75,7575757575758;"Municipio";27557;"PINDAMONHANGABA";"RRAS17";35174;"VALE PARAIBA REGIAO SERRANA";"Quedas";718,510723228218
"353800";2022;247;17;510863,74;2068,27425101215;68,8259109311741;"Municipio";28517;"PINDAMONHANGABA";"RRAS17";35174;"VALE PARAIBA REGIAO SERRANA";"Quedas";866,150015780061
"353800";2023;283;18;858477,39;3033,48901060071;63,6042402826855;"Municipio";29574;"PINDAMONHANGABA";"RRAS17";35174;"VALE PARAIBA REGIAO SERRANA";"Quedas";956,921620342193
"353800";2024;259;14;689293,86;2661,36625482626;54,0540540540541;"Municipio";30663;"PINDAMONHANGABA";"RRAS17";35174;"VALE PARAIBA REGIAO SERRANA";"Quedas";844,666210090337
"353800";2025;264;16;960872,03;3639,66678030303;60,6060606060606;"Municipio";;"PINDAMONHANGABA";"RRAS17";35174;"VALE PARAIBA REGIAO SERRANA";"Quedas";
"353810";2015;23;1;32677,21;1420,74826086957;43,4782608695652;"Municipio";2834;"PINDORAMA";"RRAS12";35151;"CATANDUVA";"Quedas";811,573747353564
"353810";2016;18;3;52772,4;2931,8;166,666666666667;"Municipio";2893;"PINDORAMA";"RRAS12";35151;"CATANDUVA";"Quedas";622,191496716212
"353810";2017;21;2;49576,05;2360,76428571429;95,2380952380952;"Municipio";2952;"PINDORAMA";"RRAS12";35151;"CATANDUVA";"Quedas";711,382113821138
"353810";2018;17;2;36353,63;2138,44882352941;117,647058823529;"Municipio";3016;"PINDORAMA";"RRAS12";35151;"CATANDUVA";"Quedas";563,660477453581
"353810";2019;22;2;38633,7;1756,07727272727;90,9090909090909;"Municipio";3084;"PINDORAMA";"RRAS12";35151;"CATANDUVA";"Quedas";713,359273670558
"353810";2020;24;2;63627,85;2651,16041666667;83,3333333333333;"Municipio";3143;"PINDORAMA";"RRAS12";35151;"CATANDUVA";"Quedas";763,601654470251
"353810";2021;30;0;80472,79;2682,42633333333;0;"Municipio";3183;"PINDORAMA";"RRAS12";35151;"CATANDUVA";"Quedas";942,507068803016
"353810";2022;29;4;71810,57;2476,22655172414;137,931034482759;"Municipio";3219;"PINDORAMA";"RRAS12";35151;"CATANDUVA";"Quedas";900,900900900901
"353810";2023;32;4;54688,17;1709,0053125;125;"Municipio";3282;"PINDORAMA";"RRAS12";35151;"CATANDUVA";"Quedas";975,015234613041
"353810";2024;21;0;53033,52;2525,40571428571;0;"Municipio";3350;"PINDORAMA";"RRAS12";35151;"CATANDUVA";"Quedas";626,865671641791
"353810";2025;38;7;113010,84;2973,96947368421;184,210526315789;"Municipio";;"PINDORAMA";"RRAS12";35151;"CATANDUVA";"Quedas";
"353820";2015;7;1;10520,01;1502,85857142857;142,857142857143;"Municipio";2684;"PINHALZINHO";"RRAS16";35071;"BRAGANCA";"Quedas";260,80476900149
"353820";2016;6;0;10107,98;1684,66333333333;0;"Municipio";2790;"PINHALZINHO";"RRAS16";35071;"BRAGANCA";"Quedas";215,05376344086
"353820";2017;16;0;28467,72;1779,2325;0;"Municipio";2910;"PINHALZINHO";"RRAS16";35071;"BRAGANCA";"Quedas";549,828178694158
"353820";2018;17;1;41900,09;2464,71117647059;58,8235294117647;"Municipio";3030;"PINHALZINHO";"RRAS16";35071;"BRAGANCA";"Quedas";561,056105610561
"353820";2019;23;1;52004,99;2261,08652173913;43,4782608695652;"Municipio";3156;"PINHALZINHO";"RRAS16";35071;"BRAGANCA";"Quedas";728,770595690748
"353820";2020;31;5;85753,93;2766,25580645161;161,290322580645;"Municipio";3277;"PINHALZINHO";"RRAS16";35071;"BRAGANCA";"Quedas";945,987183399451
"353820";2021;21;2;41990,63;1999,55380952381;95,2380952380952;"Municipio";3383;"PINHALZINHO";"RRAS16";35071;"BRAGANCA";"Quedas";620,750812887969
"353820";2022;26;1;87035,84;3347,53230769231;38,4615384615385;"Municipio";3484;"PINHALZINHO";"RRAS16";35071;"BRAGANCA";"Quedas";746,268656716418
"353820";2023;28;1;81956,02;2927,00071428571;35,7142857142857;"Municipio";3598;"PINHALZINHO";"RRAS16";35071;"BRAGANCA";"Quedas";778,210116731517
"353820";2024;24;5;67852,91;2827,20458333333;208,333333333333;"Municipio";3716;"PINHALZINHO";"RRAS16";35071;"BRAGANCA";"Quedas";645,855758880517
"353820";2025;35;2;113285,55;3236,73;57,1428571428571;"Municipio";;"PINHALZINHO";"RRAS16";35071;"BRAGANCA";"Quedas";
"353830";2015;5;1;10407,53;2081,506;200;"Municipio";636;"PIQUEROBI";"RRAS11";35114;"EXTREMO OESTE PAULISTA";"Quedas";786,163522012579
"353830";2016;2;0;1091,56;545,78;0;"Municipio";648;"PIQUEROBI";"RRAS11";35114;"EXTREMO OESTE PAULISTA";"Quedas";308,641975308642
"353830";2017;1;1;303,27;303,27;1000;"Municipio";656;"PIQUEROBI";"RRAS11";35114;"EXTREMO OESTE PAULISTA";"Quedas";152,439024390244
"353830";2018;6;0;8579,05;1429,84166666667;0;"Municipio";676;"PIQUEROBI";"RRAS11";35114;"EXTREMO OESTE PAULISTA";"Quedas";887,573964497041
"353830";2019;5;0;2695,18;539,036;0;"Municipio";685;"PIQUEROBI";"RRAS11";35114;"EXTREMO OESTE PAULISTA";"Quedas";729,92700729927
"353830";2020;2;0;2298,02;1149,01;0;"Municipio";698;"PIQUEROBI";"RRAS11";35114;"EXTREMO OESTE PAULISTA";"Quedas";286,532951289398
"353830";2021;3;0;1589,1;529,7;0;"Municipio";710;"PIQUEROBI";"RRAS11";35114;"EXTREMO OESTE PAULISTA";"Quedas";422,535211267606
"353830";2022;3;0;728,73;242,91;0;"Municipio";725;"PIQUEROBI";"RRAS11";35114;"EXTREMO OESTE PAULISTA";"Quedas";413,793103448276
"353830";2023;4;0;4430,27;1107,5675;0;"Municipio";738;"PIQUEROBI";"RRAS11";35114;"EXTREMO OESTE PAULISTA";"Quedas";542,0054200542
"353830";2024;4;0;4093,79;1023,4475;0;"Municipio";769;"PIQUEROBI";"RRAS11";35114;"EXTREMO OESTE PAULISTA";"Quedas";520,156046814044
"353830";2025;10;0;6602;660,2;0;"Municipio";;"PIQUEROBI";"RRAS11";35114;"EXTREMO OESTE PAULISTA";"Quedas";
"353850";2015;10;2;33561,63;3356,163;200;"Municipio";2523;"PIQUETE";"RRAS17";35172;"CIRCUITO DA FE VALE HISTORICO";"Quedas";396,353547364249
"353850";2016;18;1;20192,16;1121,78666666667;55,5555555555556;"Municipio";2596;"PIQUETE";"RRAS17";35172;"CIRCUITO DA FE VALE HISTORICO";"Quedas";693,374422187982
"353850";2017;13;1;23857,26;1835,17384615385;76,9230769230769;"Municipio";2669;"PIQUETE";"RRAS17";35172;"CIRCUITO DA FE VALE HISTORICO";"Quedas";487,073810415886
"353850";2018;19;1;23487,11;1236,16368421053;52,6315789473684;"Municipio";2734;"PIQUETE";"RRAS17";35172;"CIRCUITO DA FE VALE HISTORICO";"Quedas";694,9524506218
"353850";2019;11;0;8491,74;771,976363636364;0;"Municipio";2803;"PIQUETE";"RRAS17";35172;"CIRCUITO DA FE VALE HISTORICO";"Quedas";392,436674991081
"353850";2020;4;1;6516,76;1629,19;250;"Municipio";2869;"PIQUETE";"RRAS17";35172;"CIRCUITO DA FE VALE HISTORICO";"Quedas";139,421401185082
"353850";2021;19;2;27662,66;1455,92947368421;105,263157894737;"Municipio";2924;"PIQUETE";"RRAS17";35172;"CIRCUITO DA FE VALE HISTORICO";"Quedas";649,794801641587
"353850";2022;21;0;75115,05;3576,90714285714;0;"Municipio";2981;"PIQUETE";"RRAS17";35172;"CIRCUITO DA FE VALE HISTORICO";"Quedas";704,461590070446
"353850";2023;25;2;39471,73;1578,8692;80;"Municipio";3044;"PIQUETE";"RRAS17";35172;"CIRCUITO DA FE VALE HISTORICO";"Quedas";821,287779237845
"353850";2024;20;0;50205,59;2510,2795;0;"Municipio";3115;"PIQUETE";"RRAS17";35172;"CIRCUITO DA FE VALE HISTORICO";"Quedas";642,054574638844
"353850";2025;24;1;85190,7;3549,6125;41,6666666666667;"Municipio";;"PIQUETE";"RRAS17";35172;"CIRCUITO DA FE VALE HISTORICO";"Quedas";
"353860";2015;31;1;53466,17;1724,71516129032;32,258064516129;"Municipio";4344;"PIRACAIA";"RRAS16";35071;"BRAGANCA";"Quedas";713,627992633517
"353860";2016;28;1;52118,48;1861,37428571429;35,7142857142857;"Municipio";4508;"PIRACAIA";"RRAS16";35071;"BRAGANCA";"Quedas";621,11801242236
"353860";2017;24;1;41405,34;1725,2225;41,6666666666667;"Municipio";4683;"PIRACAIA";"RRAS16";35071;"BRAGANCA";"Quedas";512,49199231262
"353860";2018;23;1;51623,52;2244,50086956522;43,4782608695652;"Municipio";4869;"PIRACAIA";"RRAS16";35071;"BRAGANCA";"Quedas";472,376257958513
"353860";2019;30;4;74690,11;2489,67033333333;133,333333333333;"Municipio";5054;"PIRACAIA";"RRAS16";35071;"BRAGANCA";"Quedas";593,589236248516
"353860";2020;29;3;59148,69;2039,61;103,448275862069;"Municipio";5233;"PIRACAIA";"RRAS16";35071;"BRAGANCA";"Quedas";554,175425186318
"353860";2021;22;0;42377,69;1926,25863636364;0;"Municipio";5382;"PIRACAIA";"RRAS16";35071;"BRAGANCA";"Quedas";408,769973987365
"353860";2022;15;2;37463,84;2497,58933333333;133,333333333333;"Municipio";5536;"PIRACAIA";"RRAS16";35071;"BRAGANCA";"Quedas";270,953757225434
"353860";2023;17;1;65786,5;3869,79411764706;58,8235294117647;"Municipio";5719;"PIRACAIA";"RRAS16";35071;"BRAGANCA";"Quedas";297,254764819024
"353860";2024;32;2;66348,4;2073,3875;62,5;"Municipio";5920;"PIRACAIA";"RRAS16";35071;"BRAGANCA";"Quedas";540,540540540541
"353860";2025;9;1;26847,31;2983,03444444444;111,111111111111;"Municipio";;"PIRACAIA";"RRAS16";35071;"BRAGANCA";"Quedas";
"353870";2015;264;22;559378;2118,85606060606;83,3333333333333;"Municipio";59491;"PIRACICABA";"RRAS14";35103;"PIRACICABA";"Quedas";443,764603049201
"353870";2016;309;18;581304,82;1881,24537216828;58,252427184466;"Municipio";61872;"PIRACICABA";"RRAS14";35103;"PIRACICABA";"Quedas";499,418153607448
"353870";2017;321;21;742276,91;2312,38912772586;65,4205607476635;"Municipio";64335;"PIRACICABA";"RRAS14";35103;"PIRACICABA";"Quedas";498,950804383306
"353870";2018;337;28;694580,04;2061,06836795252;83,0860534124629;"Municipio";66848;"PIRACICABA";"RRAS14";35103;"PIRACICABA";"Quedas";504,12876974629
"353870";2019;388;27;819704,98;2112,64170103093;69,5876288659794;"Municipio";69405;"PIRACICABA";"RRAS14";35103;"PIRACICABA";"Quedas";559,037533318925
"353870";2020;391;12;689378,83;1763,11721227621;30,690537084399;"Municipio";71852;"PIRACICABA";"RRAS14";35103;"PIRACICABA";"Quedas";544,174135723432
"353870";2021;412;28;825093,67;2002,65453883495;67,9611650485437;"Municipio";73963;"PIRACICABA";"RRAS14";35103;"PIRACICABA";"Quedas";557,035274393954
"353870";2022;476;28;922222,44;1937,44210084034;58,8235294117647;"Municipio";76088;"PIRACICABA";"RRAS14";35103;"PIRACICABA";"Quedas";625,591420460519
"353870";2023;549;37;1106298,62;2015,11588342441;67,3952641165756;"Municipio";78561;"PIRACICABA";"RRAS14";35103;"PIRACICABA";"Quedas";698,820025203345
"353870";2024;500;33;1174636,59;2349,27318;66;"Municipio";81148;"PIRACICABA";"RRAS14";35103;"PIRACICABA";"Quedas";616,158130822694
"353870";2025;508;27;1384340,44;2725,07960629921;53,1496062992126;"Municipio";;"PIRACICABA";"RRAS14";35103;"PIRACICABA";"Quedas";
"353880";2015;47;4;71878,15;1529,32234042553;85,1063829787234;"Municipio";5298;"PIRAJU";"RRAS09";35061;"VALE DO JURUMIRIM";"Quedas";887,127217818045
"353880";2016;37;1;31556,76;852,885405405405;27,027027027027;"Municipio";5462;"PIRAJU";"RRAS09";35061;"VALE DO JURUMIRIM";"Quedas";677,407543024533
"353880";2017;51;5;35588,7;697,817647058824;98,0392156862745;"Municipio";5639;"PIRAJU";"RRAS09";35061;"VALE DO JURUMIRIM";"Quedas";904,415676538393
"353880";2018;62;2;70273,39;1133,44177419355;32,258064516129;"Municipio";5816;"PIRAJU";"RRAS09";35061;"VALE DO JURUMIRIM";"Quedas";1066,02475928473
"353880";2019;50;2;73932,68;1478,6536;40;"Municipio";5987;"PIRAJU";"RRAS09";35061;"VALE DO JURUMIRIM";"Quedas";835,142809420411
"353880";2020;80;2;101969,3;1274,61625;25;"Municipio";6153;"PIRAJU";"RRAS09";35061;"VALE DO JURUMIRIM";"Quedas";1300,1787745815
"353880";2021;81;5;143204,95;1767,96234567901;61,7283950617284;"Municipio";6282;"PIRAJU";"RRAS09";35061;"VALE DO JURUMIRIM";"Quedas";1289,39828080229
"353880";2022;71;2;148291,22;2088,60873239437;28,169014084507;"Municipio";6416;"PIRAJU";"RRAS09";35061;"VALE DO JURUMIRIM";"Quedas";1106,60847880299
"353880";2023;109;3;213133,42;1955,35247706422;27,5229357798165;"Municipio";6588;"PIRAJU";"RRAS09";35061;"VALE DO JURUMIRIM";"Quedas";1654,52337583485
"353880";2024;91;5;168045,83;1846,65747252747;54,9450549450549;"Municipio";6748;"PIRAJU";"RRAS09";35061;"VALE DO JURUMIRIM";"Quedas";1348,54771784232
"353880";2025;80;5;168732,25;2109,153125;62,5;"Municipio";;"PIRAJU";"RRAS09";35061;"VALE DO JURUMIRIM";"Quedas";
"353890";2015;32;1;66074,42;2064,825625;31,25;"Municipio";3703;"PIRAJUI";"RRAS09";35062;"BAURU";"Quedas";864,164191196327
"353890";2016;31;0;34311,01;1106,80677419355;0;"Municipio";3791;"PIRAJUI";"RRAS09";35062;"BAURU";"Quedas";817,72619361646
"353890";2017;40;2;51957,66;1298,9415;50;"Municipio";3894;"PIRAJUI";"RRAS09";35062;"BAURU";"Quedas";1027,22136620442
"353890";2018;54;4;47909,96;887,221481481482;74,0740740740741;"Municipio";3999;"PIRAJUI";"RRAS09";35062;"BAURU";"Quedas";1350,3375843961
"353890";2019;36;3;58650,31;1629,17527777778;83,3333333333333;"Municipio";4109;"PIRAJUI";"RRAS09";35062;"BAURU";"Quedas";876,125577999513
"353890";2020;58;3;78089,15;1346,36465517241;51,7241379310345;"Municipio";4216;"PIRAJUI";"RRAS09";35062;"BAURU";"Quedas";1375,71157495256
"353890";2021;68;1;75238,94;1106,455;14,7058823529412;"Municipio";4296;"PIRAJUI";"RRAS09";35062;"BAURU";"Quedas";1582,8677839851
"353890";2022;79;2;105345,76;1333,49063291139;25,3164556962025;"Municipio";4379;"PIRAJUI";"RRAS09";35062;"BAURU";"Quedas";1804,06485498972
"353890";2023;67;2;92654,23;1382,89895522388;29,8507462686567;"Municipio";4478;"PIRAJUI";"RRAS09";35062;"BAURU";"Quedas";1496,20366234926
"353890";2024;71;1;115469,43;1626,33;14,0845070422535;"Municipio";4572;"PIRAJUI";"RRAS09";35062;"BAURU";"Quedas";1552,93088363955
"353890";2025;53;0;114338,79;2157,33566037736;0;"Municipio";;"PIRAJUI";"RRAS09";35062;"BAURU";"Quedas";
"353900";2015;10;1;21497,2;2149,72;100;"Municipio";2031;"PIRANGI";"RRAS12";35151;"CATANDUVA";"Quedas";492,368291482029
"353900";2016;16;1;22320,91;1395,056875;62,5;"Municipio";2082;"PIRANGI";"RRAS12";35151;"CATANDUVA";"Quedas";768,491834774255
"353900";2017;14;2;32647,9;2331,99285714286;142,857142857143;"Municipio";2135;"PIRANGI";"RRAS12";35151;"CATANDUVA";"Quedas";655,737704918033
"353900";2018;11;1;13244,62;1204,05636363636;90,9090909090909;"Municipio";2182;"PIRANGI";"RRAS12";35151;"CATANDUVA";"Quedas";504,124656278643
"353900";2019;18;0;83558,3;4642,12777777778;0;"Municipio";2231;"PIRANGI";"RRAS12";35151;"CATANDUVA";"Quedas";806,81308830121
"353900";2020;22;2;44354,87;2016,13045454545;90,9090909090909;"Municipio";2279;"PIRANGI";"RRAS12";35151;"CATANDUVA";"Quedas";965,335673541027
"353900";2021;15;1;39137,12;2609,14133333333;66,6666666666667;"Municipio";2311;"PIRANGI";"RRAS12";35151;"CATANDUVA";"Quedas";649,069666810904
"353900";2022;16;0;28895,79;1805,986875;0;"Municipio";2343;"PIRANGI";"RRAS12";35151;"CATANDUVA";"Quedas";682,885189927443
"353900";2023;21;4;49506,47;2357,45095238095;190,47619047619;"Municipio";2402;"PIRANGI";"RRAS12";35151;"CATANDUVA";"Quedas";874,271440466278
"353900";2024;14;0;29367,87;2097,705;0;"Municipio";2453;"PIRANGI";"RRAS12";35151;"CATANDUVA";"Quedas";570,729718711782
"353900";2025;28;3;109925,66;3925,91642857143;107,142857142857;"Municipio";;"PIRANGI";"RRAS12";35151;"CATANDUVA";"Quedas";
"353910";2015;8;0;6611,78;826,4725;0;"Municipio";1570;"PIRAPORA DO BOM JESUS";"RRAS05";35014;"ROTA DOS BANDEIRANTES";"Quedas";509,554140127389
"353910";2016;12;0;13636,99;1136,41583333333;0;"Municipio";1641;"PIRAPORA DO BOM JESUS";"RRAS05";35014;"ROTA DOS BANDEIRANTES";"Quedas";731,261425959781
"353910";2017;9;1;9330,1;1036,67777777778;111,111111111111;"Municipio";1716;"PIRAPORA DO BOM JESUS";"RRAS05";35014;"ROTA DOS BANDEIRANTES";"Quedas";524,475524475524
"353910";2018;3;0;6773,46;2257,82;0;"Municipio";1791;"PIRAPORA DO BOM JESUS";"RRAS05";35014;"ROTA DOS BANDEIRANTES";"Quedas";167,50418760469
"353910";2019;6;0;1910,08;318,346666666667;0;"Municipio";1879;"PIRAPORA DO BOM JESUS";"RRAS05";35014;"ROTA DOS BANDEIRANTES";"Quedas";319,318786588611
"353910";2020;9;0;13932,15;1548,01666666667;0;"Municipio";1964;"PIRAPORA DO BOM JESUS";"RRAS05";35014;"ROTA DOS BANDEIRANTES";"Quedas";458,248472505092
"353910";2021;18;0;26572,18;1476,23222222222;0;"Municipio";2044;"PIRAPORA DO BOM JESUS";"RRAS05";35014;"ROTA DOS BANDEIRANTES";"Quedas";880,626223091976
"353910";2022;15;0;21621,26;1441,41733333333;0;"Municipio";2126;"PIRAPORA DO BOM JESUS";"RRAS05";35014;"ROTA DOS BANDEIRANTES";"Quedas";705,55032925682
"353910";2023;16;1;25286,06;1580,37875;62,5;"Municipio";2219;"PIRAPORA DO BOM JESUS";"RRAS05";35014;"ROTA DOS BANDEIRANTES";"Quedas";721,045515998197
"353910";2024;12;1;15083,02;1256,91833333333;83,3333333333333;"Municipio";2322;"PIRAPORA DO BOM JESUS";"RRAS05";35014;"ROTA DOS BANDEIRANTES";"Quedas";516,795865633075
"353910";2025;14;2;31804,27;2271,73357142857;142,857142857143;"Municipio";;"PIRAPORA DO BOM JESUS";"RRAS05";35014;"ROTA DOS BANDEIRANTES";"Quedas";
"353920";2015;20;1;37843,15;1892,1575;50;"Municipio";3930;"PIRAPOZINHO";"RRAS11";35112;"ALTA SOROCABANA";"Quedas";508,905852417303
"353920";2016;16;2;38191,65;2386,978125;125;"Municipio";4059;"PIRAPOZINHO";"RRAS11";35112;"ALTA SOROCABANA";"Quedas";394,185760039419
"353920";2017;25;5;54731,84;2189,2736;200;"Municipio";4196;"PIRAPOZINHO";"RRAS11";35112;"ALTA SOROCABANA";"Quedas";595,80552907531
"353920";2018;25;3;59234,63;2369,3852;120;"Municipio";4342;"PIRAPOZINHO";"RRAS11";35112;"ALTA SOROCABANA";"Quedas";575,771533855366
"353920";2019;20;0;33514,69;1675,7345;0;"Municipio";4499;"PIRAPOZINHO";"RRAS11";35112;"ALTA SOROCABANA";"Quedas";444,543231829295
"353920";2020;26;3;44270,99;1702,73038461538;115,384615384615;"Municipio";4646;"PIRAPOZINHO";"RRAS11";35112;"ALTA SOROCABANA";"Quedas";559,621179509255
"353920";2021;27;2;41440,05;1534,81666666667;74,0740740740741;"Municipio";4771;"PIRAPOZINHO";"RRAS11";35112;"ALTA SOROCABANA";"Quedas";565,919094529449
"353920";2022;32;0;56388,54;1762,141875;0;"Municipio";4907;"PIRAPOZINHO";"RRAS11";35112;"ALTA SOROCABANA";"Quedas";652,129610760139
"353920";2023;30;3;51355,1;1711,83666666667;100;"Municipio";5077;"PIRAPOZINHO";"RRAS11";35112;"ALTA SOROCABANA";"Quedas";590,900137876699
"353920";2024;21;2;39174,26;1865,44095238095;95,2380952380952;"Municipio";5253;"PIRAPOZINHO";"RRAS11";35112;"ALTA SOROCABANA";"Quedas";399,771559109081
"353920";2025;27;2;98204,81;3637,21518518518;74,0740740740741;"Municipio";;"PIRAPOZINHO";"RRAS11";35112;"ALTA SOROCABANA";"Quedas";
"353930";2015;107;4;163201,71;1525,24962616822;37,3831775700935;"Municipio";12561;"PIRASSUNUNGA";"RRAS14";35101;"ARARAS";"Quedas";851,843006130085
"353930";2016;97;0;166435,68;1715,83175257732;0;"Municipio";12958;"PIRASSUNUNGA";"RRAS14";35101;"ARARAS";"Quedas";748,57231054175
"353930";2017;96;3;153259,74;1596,455625;31,25;"Municipio";13376;"PIRASSUNUNGA";"RRAS14";35101;"ARARAS";"Quedas";717,703349282297
"353930";2018;80;5;128754,73;1609,434125;62,5;"Municipio";13812;"PIRASSUNUNGA";"RRAS14";35101;"ARARAS";"Quedas";579,206487112656
"353930";2019;96;4;144693,6;1507,225;41,6666666666667;"Municipio";14257;"PIRASSUNUNGA";"RRAS14";35101;"ARARAS";"Quedas";673,353440415235
"353930";2020;70;3;126649,42;1809,27742857143;42,8571428571429;"Municipio";14687;"PIRASSUNUNGA";"RRAS14";35101;"ARARAS";"Quedas";476,611969769184
"353930";2021;76;3;137023,21;1802,93697368421;39,4736842105263;"Municipio";15048;"PIRASSUNUNGA";"RRAS14";35101;"ARARAS";"Quedas";505,050505050505
"353930";2022;107;9;300842,67;2811,61373831776;84,1121495327103;"Municipio";15400;"PIRASSUNUNGA";"RRAS14";35101;"ARARAS";"Quedas";694,805194805195
"353930";2023;99;4;203077,49;2051,28777777778;40,4040404040404;"Municipio";15821;"PIRASSUNUNGA";"RRAS14";35101;"ARARAS";"Quedas";625,75058466595
"353930";2024;102;3;206760,17;2027,06049019608;29,4117647058824;"Municipio";16242;"PIRASSUNUNGA";"RRAS14";35101;"ARARAS";"Quedas";628,001477650536
"353930";2025;140;5;310633,69;2218,81207142857;35,7142857142857;"Municipio";;"PIRASSUNUNGA";"RRAS14";35101;"ARARAS";"Quedas";
"353940";2015;22;2;18923,31;860,150454545455;90,9090909090909;"Municipio";2252;"PIRATININGA";"RRAS09";35062;"BAURU";"Quedas";976,909413854352
"353940";2016;22;0;24181,95;1099,17954545455;0;"Municipio";2337;"PIRATININGA";"RRAS09";35062;"BAURU";"Quedas";941,37783483098
"353940";2017;12;1;14962,46;1246,87166666667;83,3333333333333;"Municipio";2429;"PIRATININGA";"RRAS09";35062;"BAURU";"Quedas";494,030465212021
"353940";2018;20;0;18313,15;915,6575;0;"Municipio";2528;"PIRATININGA";"RRAS09";35062;"BAURU";"Quedas";791,139240506329
"353940";2019;26;1;43073,51;1656,67346153846;38,4615384615385;"Municipio";2629;"PIRATININGA";"RRAS09";35062;"BAURU";"Quedas";988,96918980601
"353940";2020;22;1;35935,73;1633,44227272727;45,4545454545455;"Municipio";2725;"PIRATININGA";"RRAS09";35062;"BAURU";"Quedas";807,339449541284
"353940";2021;28;1;52982,43;1892,22964285714;35,7142857142857;"Municipio";2808;"PIRATININGA";"RRAS09";35062;"BAURU";"Quedas";997,150997150997
"353940";2022;40;0;34118,11;852,95275;0;"Municipio";2885;"PIRATININGA";"RRAS09";35062;"BAURU";"Quedas";1386,48180242634
"353940";2023;47;1;34972,39;744,093404255319;21,2765957446809;"Municipio";2975;"PIRATININGA";"RRAS09";35062;"BAURU";"Quedas";1579,83193277311
"353940";2024;52;1;53973,36;1037,94923076923;19,2307692307692;"Municipio";3067;"PIRATININGA";"RRAS09";35062;"BAURU";"Quedas";1695,46788392566
"353940";2025;58;1;73450,96;1266,39586206897;17,2413793103448;"Municipio";;"PIRATININGA";"RRAS09";35062;"BAURU";"Quedas";
"353950";2015;35;4;38912,54;1111,78685714286;114,285714285714;"Municipio";4284;"PITANGUEIRAS";"RRAS13";35131;"HORIZONTE VERDE";"Quedas";816,993464052288
"353950";2016;30;0;28179,46;939,315333333333;0;"Municipio";4405;"PITANGUEIRAS";"RRAS13";35131;"HORIZONTE VERDE";"Quedas";681,044267877412
"353950";2017;38;1;39421,1;1037,39736842105;26,3157894736842;"Municipio";4534;"PITANGUEIRAS";"RRAS13";35131;"HORIZONTE VERDE";"Quedas";838,112042346714
"353950";2018;44;1;61601,04;1400,02363636364;22,7272727272727;"Municipio";4676;"PITANGUEIRAS";"RRAS13";35131;"HORIZONTE VERDE";"Quedas";940,975192472198
"353950";2019;52;4;74201,81;1426,95788461538;76,9230769230769;"Municipio";4825;"PITANGUEIRAS";"RRAS13";35131;"HORIZONTE VERDE";"Quedas";1077,72020725389
"353950";2020;44;2;56718,91;1289,06613636364;45,4545454545455;"Municipio";4967;"PITANGUEIRAS";"RRAS13";35131;"HORIZONTE VERDE";"Quedas";885,84658747735
"353950";2021;42;3;65833,49;1567,46404761905;71,4285714285714;"Municipio";5088;"PITANGUEIRAS";"RRAS13";35131;"HORIZONTE VERDE";"Quedas";825,471698113207
"353950";2022;31;1;46322,96;1494,28903225806;32,258064516129;"Municipio";5229;"PITANGUEIRAS";"RRAS13";35131;"HORIZONTE VERDE";"Quedas";592,847580799388
"353950";2023;49;6;46056,14;939,921224489796;122,448979591837;"Municipio";5406;"PITANGUEIRAS";"RRAS13";35131;"HORIZONTE VERDE";"Quedas";906,400295967444
"353950";2024;54;0;58397,61;1081,43722222222;0;"Municipio";5600;"PITANGUEIRAS";"RRAS13";35131;"HORIZONTE VERDE";"Quedas";964,285714285714
"353950";2025;64;1;74462,24;1163,4725;15,625;"Municipio";;"PITANGUEIRAS";"RRAS13";35131;"HORIZONTE VERDE";"Quedas";
"353960";2015;4;0;5823,35;1455,8375;0;"Municipio";627;"PLANALTO";"RRAS12";35156;"JOSE BONIFACIO";"Quedas";637,958532695375
"353960";2016;10;1;28800,73;2880,073;100;"Municipio";652;"PLANALTO";"RRAS12";35156;"JOSE BONIFACIO";"Quedas";1533,74233128834
"353960";2017;5;2;5894,08;1178,816;400;"Municipio";685;"PLANALTO";"RRAS12";35156;"JOSE BONIFACIO";"Quedas";729,92700729927
"353960";2018;3;1;4417,63;1472,54333333333;333,333333333333;"Municipio";713;"PLANALTO";"RRAS12";35156;"JOSE BONIFACIO";"Quedas";420,757363253857
"353960";2019;4;0;7832,66;1958,165;0;"Municipio";746;"PLANALTO";"RRAS12";35156;"JOSE BONIFACIO";"Quedas";536,193029490617
"353960";2020;8;1;14644,56;1830,57;125;"Municipio";777;"PLANALTO";"RRAS12";35156;"JOSE BONIFACIO";"Quedas";1029,60102960103
"353960";2021;14;1;28269,93;2019,28071428571;71,4285714285714;"Municipio";801;"PLANALTO";"RRAS12";35156;"JOSE BONIFACIO";"Quedas";1747,8152309613
"353960";2022;11;0;25708,2;2337,10909090909;0;"Municipio";830;"PLANALTO";"RRAS12";35156;"JOSE BONIFACIO";"Quedas";1325,30120481928
"353960";2023;11;1;28647,57;2604,32454545455;90,9090909090909;"Municipio";858;"PLANALTO";"RRAS12";35156;"JOSE BONIFACIO";"Quedas";1282,05128205128
"353960";2024;12;2;70258,86;5854,905;166,666666666667;"Municipio";889;"PLANALTO";"RRAS12";35156;"JOSE BONIFACIO";"Quedas";1349,83127109111
"353960";2025;12;2;89047,19;7420,59916666667;166,666666666667;"Municipio";;"PLANALTO";"RRAS12";35156;"JOSE BONIFACIO";"Quedas";
"353970";2015;1;0;710,48;710,48;0;"Municipio";511;"PLATINA";"RRAS10";35092;"ASSIS";"Quedas";195,694716242661
"353970";2016;4;0;10394,53;2598,6325;0;"Municipio";525;"PLATINA";"RRAS10";35092;"ASSIS";"Quedas";761,904761904762
"353970";2017;8;1;9591,92;1198,99;125;"Municipio";541;"PLATINA";"RRAS10";35092;"ASSIS";"Quedas";1478,74306839187
"353970";2018;6;0;7271,62;1211,93666666667;0;"Municipio";556;"PLATINA";"RRAS10";35092;"ASSIS";"Quedas";1079,13669064748
"353970";2019;7;0;11182,02;1597,43142857143;0;"Municipio";569;"PLATINA";"RRAS10";35092;"ASSIS";"Quedas";1230,22847100176
"353970";2020;4;0;10562,24;2640,56;0;"Municipio";585;"PLATINA";"RRAS10";35092;"ASSIS";"Quedas";683,760683760684
"353970";2021;4;0;10268,33;2567,0825;0;"Municipio";592;"PLATINA";"RRAS10";35092;"ASSIS";"Quedas";675,675675675676
"353970";2022;4;0;11198,62;2799,655;0;"Municipio";609;"PLATINA";"RRAS10";35092;"ASSIS";"Quedas";656,814449917898
"353970";2023;4;1;9629,49;2407,3725;250;"Municipio";615;"PLATINA";"RRAS10";35092;"ASSIS";"Quedas";650,406504065041
"353970";2024;5;0;11499,9;2299,98;0;"Municipio";637;"PLATINA";"RRAS10";35092;"ASSIS";"Quedas";784,929356357928
"353970";2025;3;0;6276,79;2092,26333333333;0;"Municipio";;"PLATINA";"RRAS10";35092;"ASSIS";"Quedas";
"353980";2015;82;4;85668,78;1044,7412195122;48,780487804878;"Municipio";12975;"POA";"RRAS02";35011;"ALTO DO TIETE";"Quedas";631,984585741811
"353980";2016;91;6;91332,49;1003,65373626374;65,9340659340659;"Municipio";13579;"POA";"RRAS02";35011;"ALTO DO TIETE";"Quedas";670,152441269607
"353980";2017;113;11;167928,95;1486,09690265487;97,3451327433628;"Municipio";14199;"POA";"RRAS02";35011;"ALTO DO TIETE";"Quedas";795,830692302275
"353980";2018;103;7;114242,84;1109,15378640777;67,9611650485437;"Municipio";14815;"POA";"RRAS02";35011;"ALTO DO TIETE";"Quedas";695,241309483631
"353980";2019;116;9;101047,61;871,100086206897;77,5862068965517;"Municipio";15427;"POA";"RRAS02";35011;"ALTO DO TIETE";"Quedas";751,928437155636
"353980";2020;99;9;123999,63;1252,52151515152;90,9090909090909;"Municipio";16009;"POA";"RRAS02";35011;"ALTO DO TIETE";"Quedas";618,402148791305
"353980";2021;91;11;104124,99;1144,23065934066;120,879120879121;"Municipio";16525;"POA";"RRAS02";35011;"ALTO DO TIETE";"Quedas";550,680786686838
"353980";2022;86;6;97633,36;1135,27162790698;69,7674418604651;"Municipio";17046;"POA";"RRAS02";35011;"ALTO DO TIETE";"Quedas";504,517188783292
"353980";2023;69;6;99900,35;1447,83115942029;86,9565217391304;"Municipio";17632;"POA";"RRAS02";35011;"ALTO DO TIETE";"Quedas";391,333938294011
"353980";2024;72;3;178950,67;2485,42597222222;41,6666666666667;"Municipio";18230;"POA";"RRAS02";35011;"ALTO DO TIETE";"Quedas";394,953373560066
"353980";2025;87;8;265148,99;3047,68954022989;91,9540229885057;"Municipio";;"POA";"RRAS02";35011;"ALTO DO TIETE";"Quedas";
"353990";2015;3;0;6526,02;2175,34;0;"Municipio";1129;"POLONI";"RRAS12";35156;"JOSE BONIFACIO";"Quedas";265,721877767936
"353990";2016;10;0;13879,19;1387,919;0;"Municipio";1156;"POLONI";"RRAS12";35156;"JOSE BONIFACIO";"Quedas";865,051903114187
"353990";2017;4;0;7454,47;1863,6175;0;"Municipio";1185;"POLONI";"RRAS12";35156;"JOSE BONIFACIO";"Quedas";337,552742616034
"353990";2018;10;1;28707,14;2870,714;100;"Municipio";1210;"POLONI";"RRAS12";35156;"JOSE BONIFACIO";"Quedas";826,446280991736
"353990";2019;14;0;23032,11;1645,15071428571;0;"Municipio";1236;"POLONI";"RRAS12";35156;"JOSE BONIFACIO";"Quedas";1132,68608414239
"353990";2020;12;2;22044,23;1837,01916666667;166,666666666667;"Municipio";1265;"POLONI";"RRAS12";35156;"JOSE BONIFACIO";"Quedas";948,616600790514
"353990";2021;8;2;30868,29;3858,53625;250;"Municipio";1288;"POLONI";"RRAS12";35156;"JOSE BONIFACIO";"Quedas";621,11801242236
"353990";2022;20;2;74521,26;3726,063;100;"Municipio";1304;"POLONI";"RRAS12";35156;"JOSE BONIFACIO";"Quedas";1533,74233128834
"353990";2023;13;1;40471,2;3113,16923076923;76,9230769230769;"Municipio";1325;"POLONI";"RRAS12";35156;"JOSE BONIFACIO";"Quedas";981,132075471698
"353990";2024;10;1;22495,06;2249,506;100;"Municipio";1351;"POLONI";"RRAS12";35156;"JOSE BONIFACIO";"Quedas";740,19245003701
"353990";2025;12;2;40682,24;3390,18666666667;166,666666666667;"Municipio";;"POLONI";"RRAS12";35156;"JOSE BONIFACIO";"Quedas";
"354000";2015;28;2;34410,85;1228,95892857143;71,4285714285714;"Municipio";3416;"POMPEIA";"RRAS10";35093;"MARILIA";"Quedas";819,672131147541
"354000";2016;36;2;36970,14;1026,94833333333;55,5555555555556;"Municipio";3530;"POMPEIA";"RRAS10";35093;"MARILIA";"Quedas";1019,83002832861
"354000";2017;26;0;43168,62;1660,33153846154;0;"Municipio";3640;"POMPEIA";"RRAS10";35093;"MARILIA";"Quedas";714,285714285714
"354000";2018;36;2;57887,81;1607,99472222222;55,5555555555556;"Municipio";3758;"POMPEIA";"RRAS10";35093;"MARILIA";"Quedas";957,956359765833
"354000";2019;24;0;31125,8;1296,90833333333;0;"Municipio";3869;"POMPEIA";"RRAS10";35093;"MARILIA";"Quedas";620,31532695787
"354000";2020;25;0;46527,41;1861,0964;0;"Municipio";3976;"POMPEIA";"RRAS10";35093;"MARILIA";"Quedas";628,772635814889
"354000";2021;21;5;61420,07;2924,76523809524;238,095238095238;"Municipio";4071;"POMPEIA";"RRAS10";35093;"MARILIA";"Quedas";515,84377302874
"354000";2022;17;2;52623,74;3095,51411764706;117,647058823529;"Municipio";4157;"POMPEIA";"RRAS10";35093;"MARILIA";"Quedas";408,948761125812
"354000";2023;24;1;61214,19;2550,59125;41,6666666666667;"Municipio";4267;"POMPEIA";"RRAS10";35093;"MARILIA";"Quedas";562,456058120459
"354000";2024;23;3;48346,75;2102,03260869565;130,434782608696;"Municipio";4385;"POMPEIA";"RRAS10";35093;"MARILIA";"Quedas";524,515393386545
"354000";2025;28;0;84250,13;3008,93321428571;0;"Municipio";;"POMPEIA";"RRAS10";35093;"MARILIA";"Quedas";
"354010";2015;7;0;4240,45;605,778571428571;0;"Municipio";746;"PONGAI";"RRAS09";35065;"LINS";"Quedas";938,337801608579
"354010";2016;14;1;12744,94;910,352857142857;71,4285714285714;"Municipio";764;"PONGAI";"RRAS09";35065;"LINS";"Quedas";1832,46073298429
"354010";2017;6;1;8739,43;1456,57166666667;166,666666666667;"Municipio";781;"PONGAI";"RRAS09";35065;"LINS";"Quedas";768,245838668374
"354010";2018;6;0;10176,54;1696,09;0;"Municipio";804;"PONGAI";"RRAS09";35065;"LINS";"Quedas";746,268656716418
"354010";2019;10;1;23866,46;2386,646;100;"Municipio";826;"PONGAI";"RRAS09";35065;"LINS";"Quedas";1210,65375302663
"354010";2020;10;0;10341,48;1034,148;0;"Municipio";848;"PONGAI";"RRAS09";35065;"LINS";"Quedas";1179,24528301887
"354010";2021;11;1;12603,58;1145,78;90,9090909090909;"Municipio";861;"PONGAI";"RRAS09";35065;"LINS";"Quedas";1277,58420441347
"354010";2022;7;0;13589,65;1941,37857142857;0;"Municipio";869;"PONGAI";"RRAS09";35065;"LINS";"Quedas";805,523590333717
"354010";2023;5;1;7444,91;1488,982;200;"Municipio";880;"PONGAI";"RRAS09";35065;"LINS";"Quedas";568,181818181818
"354010";2024;7;0;6428,12;918,302857142857;0;"Municipio";899;"PONGAI";"RRAS09";35065;"LINS";"Quedas";778,642936596218
"354010";2025;21;0;14875,04;708,335238095238;0;"Municipio";;"PONGAI";"RRAS09";35065;"LINS";"Quedas";
"354020";2015;26;1;45914,59;1765,94576923077;38,4615384615385;"Municipio";3795;"PONTAL";"RRAS13";35131;"HORIZONTE VERDE";"Quedas";685,111989459816
"354020";2016;29;4;29422,11;1014,55551724138;137,931034482759;"Municipio";3953;"PONTAL";"RRAS13";35131;"HORIZONTE VERDE";"Quedas";733,62003541614
"354020";2017;22;1;24180,46;1099,11181818182;45,4545454545455;"Municipio";4117;"PONTAL";"RRAS13";35131;"HORIZONTE VERDE";"Quedas";534,369686665047
"354020";2018;26;0;26698,37;1026,86038461538;0;"Municipio";4294;"PONTAL";"RRAS13";35131;"HORIZONTE VERDE";"Quedas";605,496040987424
"354020";2019;15;0;16522,16;1101,47733333333;0;"Municipio";4472;"PONTAL";"RRAS13";35131;"HORIZONTE VERDE";"Quedas";335,420393559928
"354020";2020;33;0;35041,78;1061,87212121212;0;"Municipio";4649;"PONTAL";"RRAS13";35131;"HORIZONTE VERDE";"Quedas";709,830070983007
"354020";2021;38;1;37258,91;980,497631578947;26,3157894736842;"Municipio";4814;"PONTAL";"RRAS13";35131;"HORIZONTE VERDE";"Quedas";789,364353967595
"354020";2022;38;2;56848,02;1496,00052631579;52,6315789473684;"Municipio";4991;"PONTAL";"RRAS13";35131;"HORIZONTE VERDE";"Quedas";761,370466840313
"354020";2023;46;1;49149,13;1068,45934782609;21,7391304347826;"Municipio";5201;"PONTAL";"RRAS13";35131;"HORIZONTE VERDE";"Quedas";884,445298980965
"354020";2024;49;1;34506,12;704,206530612245;20,4081632653061;"Municipio";5414;"PONTAL";"RRAS13";35131;"HORIZONTE VERDE";"Quedas";905,060953084596
"354020";2025;41;1;24349,78;593,897073170732;24,390243902439;"Municipio";;"PONTAL";"RRAS13";35131;"HORIZONTE VERDE";"Quedas";
"354025";2015;5;1;7067,52;1413,504;200;"Municipio";626;"PONTALINDA";"RRAS12";35153;"JALES";"Quedas";798,722044728435
"354025";2016;2;0;2875,72;1437,86;0;"Municipio";644;"PONTALINDA";"RRAS12";35153;"JALES";"Quedas";310,55900621118
"354025";2017;6;1;10670,83;1778,47166666667;166,666666666667;"Municipio";659;"PONTALINDA";"RRAS12";35153;"JALES";"Quedas";910,470409711684
"354025";2018;5;0;14076,78;2815,356;0;"Municipio";677;"PONTALINDA";"RRAS12";35153;"JALES";"Quedas";738,552437223043
"354025";2019;9;0;37696,64;4188,51555555556;0;"Municipio";699;"PONTALINDA";"RRAS12";35153;"JALES";"Quedas";1287,55364806867
"354025";2020;9;1;17720,6;1968,95555555556;111,111111111111;"Municipio";718;"PONTALINDA";"RRAS12";35153;"JALES";"Quedas";1253,48189415042
"354025";2021;9;1;15315,4;1701,71111111111;111,111111111111;"Municipio";732;"PONTALINDA";"RRAS12";35153;"JALES";"Quedas";1229,50819672131
"354025";2022;7;0;7529,01;1075,57285714286;0;"Municipio";750;"PONTALINDA";"RRAS12";35153;"JALES";"Quedas";933,333333333333
"354025";2023;6;1;15773,21;2628,86833333333;166,666666666667;"Municipio";764;"PONTALINDA";"RRAS12";35153;"JALES";"Quedas";785,340314136126
"354025";2024;3;0;5137,36;1712,45333333333;0;"Municipio";786;"PONTALINDA";"RRAS12";35153;"JALES";"Quedas";381,679389312977
"354025";2025;8;1;32790,47;4098,80875;125;"Municipio";;"PONTALINDA";"RRAS12";35153;"JALES";"Quedas";
"354030";2015;4;0;7264,77;1816,1925;0;"Municipio";497;"PONTES GESTAL";"RRAS12";35157;"VOTUPORANGA";"Quedas";804,828973843058
"354030";2016;3;0;4453,22;1484,40666666667;0;"Municipio";513;"PONTES GESTAL";"RRAS12";35157;"VOTUPORANGA";"Quedas";584,795321637427
"354030";2017;3;0;8961,16;2987,05333333333;0;"Municipio";521;"PONTES GESTAL";"RRAS12";35157;"VOTUPORANGA";"Quedas";575,815738963532
"354030";2018;2;0;576,23;288,115;0;"Municipio";530;"PONTES GESTAL";"RRAS12";35157;"VOTUPORANGA";"Quedas";377,358490566038
"354030";2019;1;0;288,43;288,43;0;"Municipio";542;"PONTES GESTAL";"RRAS12";35157;"VOTUPORANGA";"Quedas";184,50184501845
"354030";2020;2;1;11677,43;5838,715;500;"Municipio";554;"PONTES GESTAL";"RRAS12";35157;"VOTUPORANGA";"Quedas";361,01083032491
"354030";2021;6;1;11990,61;1998,435;166,666666666667;"Municipio";565;"PONTES GESTAL";"RRAS12";35157;"VOTUPORANGA";"Quedas";1061,94690265487
"354030";2022;5;0;9906,31;1981,262;0;"Municipio";573;"PONTES GESTAL";"RRAS12";35157;"VOTUPORANGA";"Quedas";872,60034904014
"354030";2023;8;0;12061,49;1507,68625;0;"Municipio";578;"PONTES GESTAL";"RRAS12";35157;"VOTUPORANGA";"Quedas";1384,0830449827
"354030";2024;4;0;8338,99;2084,7475;0;"Municipio";593;"PONTES GESTAL";"RRAS12";35157;"VOTUPORANGA";"Quedas";674,536256323777
"354030";2025;12;0;16305,81;1358,8175;0;"Municipio";;"PONTES GESTAL";"RRAS12";35157;"VOTUPORANGA";"Quedas";
"354040";2015;5;0;6156,32;1231,264;0;"Municipio";891;"POPULINA";"RRAS12";35154;"FERNANDOPOLIS";"Quedas";561,167227833894
"354040";2016;14;4;25668,71;1833,47928571429;285,714285714286;"Municipio";911;"POPULINA";"RRAS12";35154;"FERNANDOPOLIS";"Quedas";1536,77277716795
"354040";2017;10;0;16209,2;1620,92;0;"Municipio";930;"POPULINA";"RRAS12";35154;"FERNANDOPOLIS";"Quedas";1075,2688172043
"354040";2018;6;0;11990,17;1998,36166666667;0;"Municipio";950;"POPULINA";"RRAS12";35154;"FERNANDOPOLIS";"Quedas";631,578947368421
"354040";2019;16;2;18635,22;1164,70125;125;"Municipio";978;"POPULINA";"RRAS12";35154;"FERNANDOPOLIS";"Quedas";1635,9918200409
"354040";2020;15;0;46934,95;3128,99666666667;0;"Municipio";997;"POPULINA";"RRAS12";35154;"FERNANDOPOLIS";"Quedas";1504,51354062187
"354040";2021;10;1;17078,24;1707,824;100;"Municipio";1013;"POPULINA";"RRAS12";35154;"FERNANDOPOLIS";"Quedas";987,166831194472
"354040";2022;11;2;30882,03;2807,45727272727;181,818181818182;"Municipio";1028;"POPULINA";"RRAS12";35154;"FERNANDOPOLIS";"Quedas";1070,03891050584
"354040";2023;16;1;25439,18;1589,94875;62,5;"Municipio";1051;"POPULINA";"RRAS12";35154;"FERNANDOPOLIS";"Quedas";1522,35965746908
"354040";2024;16;1;15836,85;989,803125;62,5;"Municipio";1068;"POPULINA";"RRAS12";35154;"FERNANDOPOLIS";"Quedas";1498,12734082397
"354040";2025;12;0;58586,32;4882,19333333333;0;"Municipio";;"POPULINA";"RRAS12";35154;"FERNANDOPOLIS";"Quedas";
"354050";2015;12;1;18504,6;1542,05;83,3333333333333;"Municipio";1884;"PORANGABA";"RRAS09";35063;"POLO CUESTA";"Quedas";636,942675159236
"354050";2016;13;1;27417,17;2109,01307692308;76,9230769230769;"Municipio";1988;"PORANGABA";"RRAS09";35063;"POLO CUESTA";"Quedas";653,923541247485
"354050";2017;8;1;20168,98;2521,1225;125;"Municipio";2106;"PORANGABA";"RRAS09";35063;"POLO CUESTA";"Quedas";379,867046533713
"354050";2018;14;1;25440,84;1817,20285714286;71,4285714285714;"Municipio";2230;"PORANGABA";"RRAS09";35063;"POLO CUESTA";"Quedas";627,80269058296
"354050";2019;7;1;13430,1;1918,58571428571;142,857142857143;"Municipio";2358;"PORANGABA";"RRAS09";35063;"POLO CUESTA";"Quedas";296,861747243427
"354050";2020;19;3;56128,53;2954,13315789474;157,894736842105;"Municipio";2482;"PORANGABA";"RRAS09";35063;"POLO CUESTA";"Quedas";765,511684125705
"354050";2021;16;0;33834,97;2114,685625;0;"Municipio";2602;"PORANGABA";"RRAS09";35063;"POLO CUESTA";"Quedas";614,911606456572
"354050";2022;19;3;43427,34;2285,64947368421;157,894736842105;"Municipio";2717;"PORANGABA";"RRAS09";35063;"POLO CUESTA";"Quedas";699,300699300699
"354050";2023;13;0;19944,86;1534,22;0;"Municipio";2837;"PORANGABA";"RRAS09";35063;"POLO CUESTA";"Quedas";458,230525202679
"354050";2024;20;3;52033,95;2601,6975;150;"Municipio";2957;"PORANGABA";"RRAS09";35063;"POLO CUESTA";"Quedas";676,361176868448
"354050";2025;16;1;24461,23;1528,826875;62,5;"Municipio";;"PORANGABA";"RRAS09";35063;"POLO CUESTA";"Quedas";
"354060";2015;48;2;111127,86;2315,16375;41,6666666666667;"Municipio";7508;"PORTO FELIZ";"RRAS08";35163;"SOROCABA";"Quedas";639,318060735216
"354060";2016;57;3;99458;1744,87719298246;52,6315789473684;"Municipio";7833;"PORTO FELIZ";"RRAS08";35163;"SOROCABA";"Quedas";727,69054002298
"354060";2017;57;4;67974,53;1192,53561403509;70,1754385964912;"Municipio";8167;"PORTO FELIZ";"RRAS08";35163;"SOROCABA";"Quedas";697,930696706257
"354060";2018;64;4;102291,81;1598,30953125;62,5;"Municipio";8527;"PORTO FELIZ";"RRAS08";35163;"SOROCABA";"Quedas";750,557054063563
"354060";2019;96;3;121390,22;1264,48145833333;31,25;"Municipio";8901;"PORTO FELIZ";"RRAS08";35163;"SOROCABA";"Quedas";1078,53050219077
"354060";2020;82;4;113434,52;1383,34780487805;48,780487804878;"Municipio";9269;"PORTO FELIZ";"RRAS08";35163;"SOROCABA";"Quedas";884,669327867084
"354060";2021;80;8;119393,41;1492,417625;100;"Municipio";9599;"PORTO FELIZ";"RRAS08";35163;"SOROCABA";"Quedas";833,420147932076
"354060";2022;77;4;130384,3;1693,3025974026;51,948051948052;"Municipio";9928;"PORTO FELIZ";"RRAS08";35163;"SOROCABA";"Quedas";775,584206285254
"354060";2023;84;9;189129,46;2251,54119047619;107,142857142857;"Municipio";10312;"PORTO FELIZ";"RRAS08";35163;"SOROCABA";"Quedas";814,584949573313
"354060";2024;93;7;206444,96;2219,83827956989;75,2688172043011;"Municipio";10721;"PORTO FELIZ";"RRAS08";35163;"SOROCABA";"Quedas";867,456393993098
"354060";2025;88;5;243146,39;2763,02715909091;56,8181818181818;"Municipio";;"PORTO FELIZ";"RRAS08";35163;"SOROCABA";"Quedas";
"354070";2015;43;3;57263,59;1331,71139534884;69,7674418604651;"Municipio";8212;"PORTO FERREIRA";"RRAS18";35032;"CORACAO DO DRS III";"Quedas";523,623964929372
"354070";2016;52;2;73546,7;1414,35961538462;38,4615384615385;"Municipio";8480;"PORTO FERREIRA";"RRAS18";35032;"CORACAO DO DRS III";"Quedas";613,207547169811
"354070";2017;42;2;60330,14;1436,4319047619;47,6190476190476;"Municipio";8763;"PORTO FERREIRA";"RRAS18";35032;"CORACAO DO DRS III";"Quedas";479,287915097569
"354070";2018;52;3;57480,94;1105,40269230769;57,6923076923077;"Municipio";9057;"PORTO FERREIRA";"RRAS18";35032;"CORACAO DO DRS III";"Quedas";574,141547973943
"354070";2019;57;3;78945,72;1385,01263157895;52,6315789473684;"Municipio";9357;"PORTO FERREIRA";"RRAS18";35032;"CORACAO DO DRS III";"Quedas";609,169605642834
"354070";2020;37;1;36813,82;994,968108108108;27,027027027027;"Municipio";9650;"PORTO FERREIRA";"RRAS18";35032;"CORACAO DO DRS III";"Quedas";383,419689119171
"354070";2021;63;0;99911,88;1585,90285714286;0;"Municipio";9895;"PORTO FERREIRA";"RRAS18";35032;"CORACAO DO DRS III";"Quedas";636,685194542698
"354070";2022;56;1;99183,18;1771,12821428571;17,8571428571429;"Municipio";10149;"PORTO FERREIRA";"RRAS18";35032;"CORACAO DO DRS III";"Quedas";551,778500344862
"354070";2023;55;4;102865,57;1870,28309090909;72,7272727272727;"Municipio";10448;"PORTO FERREIRA";"RRAS18";35032;"CORACAO DO DRS III";"Quedas";526,416539050536
"354070";2024;57;3;109814,04;1926,56210526316;52,6315789473684;"Municipio";10754;"PORTO FERREIRA";"RRAS18";35032;"CORACAO DO DRS III";"Quedas";530,035335689046
"354070";2025;58;4;138274,86;2384,04931034483;68,9655172413793;"Municipio";;"PORTO FERREIRA";"RRAS18";35032;"CORACAO DO DRS III";"Quedas";
"354075";2015;19;0;22185,11;1167,63736842105;0;"Municipio";1834;"POTIM";"RRAS17";35172;"CIRCUITO DA FE VALE HISTORICO";"Quedas";1035,98691384951
"354075";2016;9;0;5855,1;650,566666666667;0;"Municipio";1912;"POTIM";"RRAS17";35172;"CIRCUITO DA FE VALE HISTORICO";"Quedas";470,71129707113
"354075";2017;8;1;18744,91;2343,11375;125;"Municipio";1996;"POTIM";"RRAS17";35172;"CIRCUITO DA FE VALE HISTORICO";"Quedas";400,801603206413
"354075";2018;8;1;11727,1;1465,8875;125;"Municipio";2081;"POTIM";"RRAS17";35172;"CIRCUITO DA FE VALE HISTORICO";"Quedas";384,430562229697
"354075";2019;17;0;30556,27;1797,42764705882;0;"Municipio";2167;"POTIM";"RRAS17";35172;"CIRCUITO DA FE VALE HISTORICO";"Quedas";784,494693124135
"354075";2020;15;0;19197,42;1279,828;0;"Municipio";2253;"POTIM";"RRAS17";35172;"CIRCUITO DA FE VALE HISTORICO";"Quedas";665,77896138482
"354075";2021;35;2;55524,46;1586,41314285714;57,1428571428571;"Municipio";2328;"POTIM";"RRAS17";35172;"CIRCUITO DA FE VALE HISTORICO";"Quedas";1503,43642611684
"354075";2022;30;2;82681,96;2756,06533333333;66,6666666666667;"Municipio";2410;"POTIM";"RRAS17";35172;"CIRCUITO DA FE VALE HISTORICO";"Quedas";1244,8132780083
"354075";2023;24;1;46923,63;1955,15125;41,6666666666667;"Municipio";2515;"POTIM";"RRAS17";35172;"CIRCUITO DA FE VALE HISTORICO";"Quedas";954,27435387674
"354075";2024;34;2;82612,1;2429,76764705882;58,8235294117647;"Municipio";2631;"POTIM";"RRAS17";35172;"CIRCUITO DA FE VALE HISTORICO";"Quedas";1292,28430254656
"354075";2025;23;0;59347,44;2580,32347826087;0;"Municipio";;"POTIM";"RRAS17";35172;"CIRCUITO DA FE VALE HISTORICO";"Quedas";
"354080";2015;31;1;55169,93;1779,67516129032;32,258064516129;"Municipio";2919;"POTIRENDABA";"RRAS12";35155;"SAO JOSE DO RIO PRETO";"Quedas";1062,00753682768
"354080";2016;30;2;75409,21;2513,64033333333;66,6666666666667;"Municipio";3011;"POTIRENDABA";"RRAS12";35155;"SAO JOSE DO RIO PRETO";"Quedas";996,346728661574
"354080";2017;35;2;57015,42;1629,012;57,1428571428571;"Municipio";3111;"POTIRENDABA";"RRAS12";35155;"SAO JOSE DO RIO PRETO";"Quedas";1125,04018000643
"354080";2018;35;5;55252,14;1578,63257142857;142,857142857143;"Municipio";3218;"POTIRENDABA";"RRAS12";35155;"SAO JOSE DO RIO PRETO";"Quedas";1087,63206960845
"354080";2019;36;8;144899,24;4024,97888888889;222,222222222222;"Municipio";3321;"POTIRENDABA";"RRAS12";35155;"SAO JOSE DO RIO PRETO";"Quedas";1084,0108401084
"354080";2020;43;1;131596,16;3060,37581395349;23,2558139534884;"Municipio";3424;"POTIRENDABA";"RRAS12";35155;"SAO JOSE DO RIO PRETO";"Quedas";1255,84112149533
"354080";2021;27;1;64691,02;2395,9637037037;37,037037037037;"Municipio";3511;"POTIRENDABA";"RRAS12";35155;"SAO JOSE DO RIO PRETO";"Quedas";769,011677584734
"354080";2022;33;2;117094,37;3548,31424242424;60,6060606060606;"Municipio";3603;"POTIRENDABA";"RRAS12";35155;"SAO JOSE DO RIO PRETO";"Quedas";915,903413821815
"354080";2023;54;10;190510,67;3527,97537037037;185,185185185185;"Municipio";3712;"POTIRENDABA";"RRAS12";35155;"SAO JOSE DO RIO PRETO";"Quedas";1454,74137931034
"354080";2024;44;5;134883,59;3065,53613636364;113,636363636364;"Municipio";3822;"POTIRENDABA";"RRAS12";35155;"SAO JOSE DO RIO PRETO";"Quedas";1151,22972265829
"354080";2025;64;6;220322,88;3442,545;93,75;"Municipio";;"POTIRENDABA";"RRAS12";35155;"SAO JOSE DO RIO PRETO";"Quedas";
"354085";2015;4;0;2514,82;628,705;0;"Municipio";295;"PRACINHA";"RRAS10";35091;"ADAMANTINA";"Quedas";1355,93220338983
"354085";2017;2;1;1393,26;696,63;500;"Municipio";301;"PRACINHA";"RRAS10";35091;"ADAMANTINA";"Quedas";664,451827242525
"354085";2018;4;0;4015,22;1003,805;0;"Municipio";303;"PRACINHA";"RRAS10";35091;"ADAMANTINA";"Quedas";1320,13201320132
"354085";2019;5;1;15209,26;3041,852;200;"Municipio";306;"PRACINHA";"RRAS10";35091;"ADAMANTINA";"Quedas";1633,98692810458
"354085";2020;3;1;6316,15;2105,38333333333;333,333333333333;"Municipio";308;"PRACINHA";"RRAS10";35091;"ADAMANTINA";"Quedas";974,025974025974
"354085";2021;3;0;3438,92;1146,30666666667;0;"Municipio";302;"PRACINHA";"RRAS10";35091;"ADAMANTINA";"Quedas";993,377483443709
"354085";2022;3;0;7219,68;2406,56;0;"Municipio";310;"PRACINHA";"RRAS10";35091;"ADAMANTINA";"Quedas";967,741935483871
"354085";2023;3;0;3287,75;1095,91666666667;0;"Municipio";308;"PRACINHA";"RRAS10";35091;"ADAMANTINA";"Quedas";974,025974025974
"354085";2024;2;0;4710,02;2355,01;0;"Municipio";322;"PRACINHA";"RRAS10";35091;"ADAMANTINA";"Quedas";621,11801242236
"354085";2025;3;1;5422,73;1807,57666666667;333,333333333333;"Municipio";;"PRACINHA";"RRAS10";35091;"ADAMANTINA";"Quedas";
"354090";2015;19;1;35321,41;1859,02157894737;52,6315789473684;"Municipio";2222;"PRADOPOLIS";"RRAS13";35131;"HORIZONTE VERDE";"Quedas";855,085508550855
"354090";2016;7;0;10960,77;1565,82428571429;0;"Municipio";2315;"PRADOPOLIS";"RRAS13";35131;"HORIZONTE VERDE";"Quedas";302,375809935205
"354090";2017;7;0;11351,03;1621,57571428571;0;"Municipio";2416;"PRADOPOLIS";"RRAS13";35131;"HORIZONTE VERDE";"Quedas";289,735099337748
"354090";2018;12;2;34994,23;2916,18583333333;166,666666666667;"Municipio";2517;"PRADOPOLIS";"RRAS13";35131;"HORIZONTE VERDE";"Quedas";476,758045292014
"354090";2019;8;1;18405,56;2300,695;125;"Municipio";2619;"PRADOPOLIS";"RRAS13";35131;"HORIZONTE VERDE";"Quedas";305,460099274532
"354090";2020;10;0;18578,53;1857,853;0;"Municipio";2718;"PRADOPOLIS";"RRAS13";35131;"HORIZONTE VERDE";"Quedas";367,917586460633
"354090";2021;8;1;15101,46;1887,6825;125;"Municipio";2804;"PRADOPOLIS";"RRAS13";35131;"HORIZONTE VERDE";"Quedas";285,306704707561
"354090";2022;9;1;17572,31;1952,47888888889;111,111111111111;"Municipio";2889;"PRADOPOLIS";"RRAS13";35131;"HORIZONTE VERDE";"Quedas";311,526479750779
"354090";2023;8;0;10126,61;1265,82625;0;"Municipio";2989;"PRADOPOLIS";"RRAS13";35131;"HORIZONTE VERDE";"Quedas";267,648042823687
"354090";2024;4;0;9759,49;2439,8725;0;"Municipio";3087;"PRADOPOLIS";"RRAS13";35131;"HORIZONTE VERDE";"Quedas";129,575639779721
"354090";2025;2;0;14768,12;7384,06;0;"Municipio";;"PRADOPOLIS";"RRAS13";35131;"HORIZONTE VERDE";"Quedas";
"354100";2015;13;1;26499,82;2038,44769230769;76,9230769230769;"Municipio";44978;"PRAIA GRANDE";"RRAS07";35041;"BAIXADA SANTISTA";"Quedas";28,9030192538574
"354100";2016;24;1;24269,97;1011,24875;41,6666666666667;"Municipio";47397;"PRAIA GRANDE";"RRAS07";35041;"BAIXADA SANTISTA";"Quedas";50,6361162098867
"354100";2017;14;1;33192,65;2370,90357142857;71,4285714285714;"Municipio";49948;"PRAIA GRANDE";"RRAS07";35041;"BAIXADA SANTISTA";"Quedas";28,029150316329
"354100";2018;10;1;6780,71;678,071;100;"Municipio";52592;"PRAIA GRANDE";"RRAS07";35041;"BAIXADA SANTISTA";"Quedas";19,014298752662
"354100";2019;39;4;33984,21;871,39;102,564102564103;"Municipio";55334;"PRAIA GRANDE";"RRAS07";35041;"BAIXADA SANTISTA";"Quedas";70,4810785412224
"354100";2020;24;3;37346,3;1556,09583333333;125;"Municipio";58034;"PRAIA GRANDE";"RRAS07";35041;"BAIXADA SANTISTA";"Quedas";41,3550677189234
"354100";2021;20;5;26315,67;1315,7835;250;"Municipio";60524;"PRAIA GRANDE";"RRAS07";35041;"BAIXADA SANTISTA";"Quedas";33,0447425814553
"354100";2022;45;2;71527,5;1589,5;44,4444444444444;"Municipio";63074;"PRAIA GRANDE";"RRAS07";35041;"BAIXADA SANTISTA";"Quedas";71,344769635666
"354100";2023;89;2;101410,17;1139,44011235955;22,4719101123595;"Municipio";65927;"PRAIA GRANDE";"RRAS07";35041;"BAIXADA SANTISTA";"Quedas";134,997800597631
"354100";2024;107;6;124658,13;1165,02925233645;56,0747663551402;"Municipio";69045;"PRAIA GRANDE";"RRAS07";35041;"BAIXADA SANTISTA";"Quedas";154,971395466725
"354100";2025;205;24;458469,36;2236,43590243902;117,073170731707;"Municipio";;"PRAIA GRANDE";"RRAS07";35041;"BAIXADA SANTISTA";"Quedas";
"354105";2015;3;0;3981,22;1327,07333333333;0;"Municipio";548;"PRATANIA";"RRAS09";35063;"POLO CUESTA";"Quedas";547,445255474453
"354105";2016;5;0;19612,3;3922,46;0;"Municipio";566;"PRATANIA";"RRAS09";35063;"POLO CUESTA";"Quedas";883,39222614841
"354105";2017;6;1;17212,09;2868,68166666667;166,666666666667;"Municipio";585;"PRATANIA";"RRAS09";35063;"POLO CUESTA";"Quedas";1025,64102564103
"354105";2018;2;0;2948,16;1474,08;0;"Municipio";608;"PRATANIA";"RRAS09";35063;"POLO CUESTA";"Quedas";328,947368421053
"354105";2019;2;0;10926,57;5463,285;0;"Municipio";632;"PRATANIA";"RRAS09";35063;"POLO CUESTA";"Quedas";316,455696202532
"354105";2020;5;2;9617,81;1923,562;400;"Municipio";647;"PRATANIA";"RRAS09";35063;"POLO CUESTA";"Quedas";772,797527047913
"354105";2021;3;0;3741,69;1247,23;0;"Municipio";664;"PRATANIA";"RRAS09";35063;"POLO CUESTA";"Quedas";451,807228915663
"354105";2022;2;0;3582,22;1791,11;0;"Municipio";690;"PRATANIA";"RRAS09";35063;"POLO CUESTA";"Quedas";289,855072463768
"354105";2023;5;3;15033,12;3006,624;600;"Municipio";706;"PRATANIA";"RRAS09";35063;"POLO CUESTA";"Quedas";708,215297450425
"354105";2024;11;2;20215,03;1837,73;181,818181818182;"Municipio";737;"PRATANIA";"RRAS09";35063;"POLO CUESTA";"Quedas";1492,53731343284
"354105";2025;3;0;12911,88;4303,96;0;"Municipio";;"PRATANIA";"RRAS09";35063;"POLO CUESTA";"Quedas";
"354110";2015;5;0;4677,14;935,428;0;"Municipio";745;"PRESIDENTE ALVES";"RRAS09";35062;"BAURU";"Quedas";671,140939597315
"354110";2016;6;1;31493,7;5248,95;166,666666666667;"Municipio";764;"PRESIDENTE ALVES";"RRAS09";35062;"BAURU";"Quedas";785,340314136126
"354110";2017;4;0;4462,53;1115,6325;0;"Municipio";785;"PRESIDENTE ALVES";"RRAS09";35062;"BAURU";"Quedas";509,554140127389
"354110";2018;9;0;8593,19;954,798888888889;0;"Municipio";807;"PRESIDENTE ALVES";"RRAS09";35062;"BAURU";"Quedas";1115,24163568773
"354110";2019;4;0;1832,79;458,1975;0;"Municipio";826;"PRESIDENTE ALVES";"RRAS09";35062;"BAURU";"Quedas";484,261501210654
"354110";2020;13;0;11958,59;919,891538461539;0;"Municipio";856;"PRESIDENTE ALVES";"RRAS09";35062;"BAURU";"Quedas";1518,69158878505
"354110";2021;8;0;3684,44;460,555;0;"Municipio";870;"PRESIDENTE ALVES";"RRAS09";35062;"BAURU";"Quedas";919,540229885057
"354110";2022;12;0;25641,69;2136,8075;0;"Municipio";886;"PRESIDENTE ALVES";"RRAS09";35062;"BAURU";"Quedas";1354,40180586907
"354110";2023;12;0;9932,89;827,740833333333;0;"Municipio";900;"PRESIDENTE ALVES";"RRAS09";35062;"BAURU";"Quedas";1333,33333333333
"354110";2024;10;0;11914,87;1191,487;0;"Municipio";915;"PRESIDENTE ALVES";"RRAS09";35062;"BAURU";"Quedas";1092,89617486339
"354110";2025;4;0;6096,09;1524,0225;0;"Municipio";;"PRESIDENTE ALVES";"RRAS09";35062;"BAURU";"Quedas";
"354120";2015;16;0;16698,24;1043,64;0;"Municipio";2781;"PRESIDENTE BERNARDES";"RRAS11";35112;"ALTA SOROCABANA";"Quedas";575,332614167566
"354120";2016;9;0;11755,89;1306,21;0;"Municipio";2842;"PRESIDENTE BERNARDES";"RRAS11";35112;"ALTA SOROCABANA";"Quedas";316,678395496129
"354120";2017;5;1;7129,51;1425,902;200;"Municipio";2904;"PRESIDENTE BERNARDES";"RRAS11";35112;"ALTA SOROCABANA";"Quedas";172,176308539945
"354120";2018;19;3;23703,19;1247,53631578947;157,894736842105;"Municipio";2981;"PRESIDENTE BERNARDES";"RRAS11";35112;"ALTA SOROCABANA";"Quedas";637,370010063737
"354120";2019;23;2;45063,84;1959,29739130435;86,9565217391304;"Municipio";3060;"PRESIDENTE BERNARDES";"RRAS11";35112;"ALTA SOROCABANA";"Quedas";751,633986928105
"354120";2020;15;2;15336,4;1022,42666666667;133,333333333333;"Municipio";3133;"PRESIDENTE BERNARDES";"RRAS11";35112;"ALTA SOROCABANA";"Quedas";478,7743376955
"354120";2021;18;1;27487,51;1527,08388888889;55,5555555555556;"Municipio";3195;"PRESIDENTE BERNARDES";"RRAS11";35112;"ALTA SOROCABANA";"Quedas";563,380281690141
"354120";2022;12;3;39676,6;3306,38333333333;250;"Municipio";3260;"PRESIDENTE BERNARDES";"RRAS11";35112;"ALTA SOROCABANA";"Quedas";368,098159509202
"354120";2023;14;0;20612,08;1472,29142857143;0;"Municipio";3335;"PRESIDENTE BERNARDES";"RRAS11";35112;"ALTA SOROCABANA";"Quedas";419,790104947526
"354120";2024;17;0;28407,73;1671,04294117647;0;"Municipio";3414;"PRESIDENTE BERNARDES";"RRAS11";35112;"ALTA SOROCABANA";"Quedas";497,949619214997
"354120";2025;18;0;44783,13;2487,95166666667;0;"Municipio";;"PRESIDENTE BERNARDES";"RRAS11";35112;"ALTA SOROCABANA";"Quedas";
"354130";2015;64;1;52000,23;812,50359375;15,625;"Municipio";6506;"PRESIDENTE EPITACIO";"RRAS11";35114;"EXTREMO OESTE PAULISTA";"Quedas";983,707347064248
"354130";2016;81;4;82317,69;1016,26777777778;49,3827160493827;"Municipio";6734;"PRESIDENTE EPITACIO";"RRAS11";35114;"EXTREMO OESTE PAULISTA";"Quedas";1202,8512028512
"354130";2017;87;0;92663,92;1065,10252873563;0;"Municipio";6970;"PRESIDENTE EPITACIO";"RRAS11";35114;"EXTREMO OESTE PAULISTA";"Quedas";1248,20659971306
"354130";2018;87;1;59771,01;687,023103448276;11,4942528735632;"Municipio";7214;"PRESIDENTE EPITACIO";"RRAS11";35114;"EXTREMO OESTE PAULISTA";"Quedas";1205,98835597449
"354130";2019;87;4;68752,69;790,260804597701;45,9770114942529;"Municipio";7467;"PRESIDENTE EPITACIO";"RRAS11";35114;"EXTREMO OESTE PAULISTA";"Quedas";1165,12655685014
"354130";2020;71;1;57024,67;803,164366197183;14,0845070422535;"Municipio";7712;"PRESIDENTE EPITACIO";"RRAS11";35114;"EXTREMO OESTE PAULISTA";"Quedas";920,643153526971
"354130";2021;92;5;101801,3;1106,53586956522;54,3478260869565;"Municipio";7924;"PRESIDENTE EPITACIO";"RRAS11";35114;"EXTREMO OESTE PAULISTA";"Quedas";1161,02978293791
"354130";2022;100;2;74443,65;744,4365;20;"Municipio";8139;"PRESIDENTE EPITACIO";"RRAS11";35114;"EXTREMO OESTE PAULISTA";"Quedas";1228,65216857108
"354130";2023;101;3;96185,66;952,333267326733;29,7029702970297;"Municipio";8394;"PRESIDENTE EPITACIO";"RRAS11";35114;"EXTREMO OESTE PAULISTA";"Quedas";1203,24040981654
"354130";2024;98;2;68501,6;698,995918367347;20,4081632653061;"Municipio";8660;"PRESIDENTE EPITACIO";"RRAS11";35114;"EXTREMO OESTE PAULISTA";"Quedas";1131,63972286374
"354130";2025;84;1;103870,09;1236,54869047619;11,9047619047619;"Municipio";;"PRESIDENTE EPITACIO";"RRAS11";35114;"EXTREMO OESTE PAULISTA";"Quedas";
"354140";2015;143;11;224534,46;1570,17104895105;76,9230769230769;"Municipio";36410;"PRESIDENTE PRUDENTE";"RRAS11";35112;"ALTA SOROCABANA";"Quedas";392,749244712991
"354140";2016;157;17;214779,87;1368,02464968153;108,28025477707;"Municipio";37764;"PRESIDENTE PRUDENTE";"RRAS11";35112;"ALTA SOROCABANA";"Quedas";415,739858065883
"354140";2017;166;15;283681,08;1708,9221686747;90,3614457831325;"Municipio";39154;"PRESIDENTE PRUDENTE";"RRAS11";35112;"ALTA SOROCABANA";"Quedas";423,966899933596
"354140";2018;168;18;320802,95;1909,54136904762;107,142857142857;"Municipio";40591;"PRESIDENTE PRUDENTE";"RRAS11";35112;"ALTA SOROCABANA";"Quedas";413,884851321722
"354140";2019;152;15;213925,83;1407,40677631579;98,6842105263158;"Municipio";42047;"PRESIDENTE PRUDENTE";"RRAS11";35112;"ALTA SOROCABANA";"Quedas";361,500225937641
"354140";2020;205;25;405971,77;1980,35009756098;121,951219512195;"Municipio";43443;"PRESIDENTE PRUDENTE";"RRAS11";35112;"ALTA SOROCABANA";"Quedas";471,882696867159
"354140";2021;191;16;326533,23;1709,59806282723;83,7696335078534;"Municipio";44647;"PRESIDENTE PRUDENTE";"RRAS11";35112;"ALTA SOROCABANA";"Quedas";427,800300132148
"354140";2022;192;11;363381,06;1892,6096875;57,2916666666667;"Municipio";45855;"PRESIDENTE PRUDENTE";"RRAS11";35112;"ALTA SOROCABANA";"Quedas";418,711154726856
"354140";2023;216;7;422665,74;1956,78583333333;32,4074074074074;"Municipio";47281;"PRESIDENTE PRUDENTE";"RRAS11";35112;"ALTA SOROCABANA";"Quedas";456,843129375436
"354140";2024;233;20;444874,02;1909,33055793991;85,8369098712446;"Municipio";48773;"PRESIDENTE PRUDENTE";"RRAS11";35112;"ALTA SOROCABANA";"Quedas";477,723330531237
"354140";2025;264;24;715734,04;2711,11378787879;90,9090909090909;"Municipio";;"PRESIDENTE PRUDENTE";"RRAS11";35112;"ALTA SOROCABANA";"Quedas";
"354150";2015;54;0;42390,83;785,01537037037;0;"Municipio";7034;"PRESIDENTE VENCESLAU";"RRAS11";35114;"EXTREMO OESTE PAULISTA";"Quedas";767,699744100085
"354150";2016;91;5;85871,44;943,642197802198;54,9450549450549;"Municipio";7225;"PRESIDENTE VENCESLAU";"RRAS11";35114;"EXTREMO OESTE PAULISTA";"Quedas";1259,51557093426
"354150";2017;55;0;47730,65;867,83;0;"Municipio";7422;"PRESIDENTE VENCESLAU";"RRAS11";35114;"EXTREMO OESTE PAULISTA";"Quedas";741,040150902722
"354150";2018;39;3;57496,79;1474,27666666667;76,9230769230769;"Municipio";7633;"PRESIDENTE VENCESLAU";"RRAS11";35114;"EXTREMO OESTE PAULISTA";"Quedas";510,939342329359
"354150";2019;46;1;45820,63;996,100652173913;21,7391304347826;"Municipio";7837;"PRESIDENTE VENCESLAU";"RRAS11";35114;"EXTREMO OESTE PAULISTA";"Quedas";586,959295648845
"354150";2020;35;2;25794,99;736,999714285714;57,1428571428571;"Municipio";8037;"PRESIDENTE VENCESLAU";"RRAS11";35114;"EXTREMO OESTE PAULISTA";"Quedas";435,485877815105
"354150";2021;60;2;49007,51;816,791833333333;33,3333333333333;"Municipio";8199;"PRESIDENTE VENCESLAU";"RRAS11";35114;"EXTREMO OESTE PAULISTA";"Quedas";731,796560556165
"354150";2022;67;3;65111,48;971,813134328358;44,7761194029851;"Municipio";8362;"PRESIDENTE VENCESLAU";"RRAS11";35114;"EXTREMO OESTE PAULISTA";"Quedas";801,243721597704
"354150";2023;76;4;100725,14;1325,33078947368;52,6315789473684;"Municipio";8582;"PRESIDENTE VENCESLAU";"RRAS11";35114;"EXTREMO OESTE PAULISTA";"Quedas";885,574458168259
"354150";2024;70;2;119308,11;1704,40157142857;28,5714285714286;"Municipio";8802;"PRESIDENTE VENCESLAU";"RRAS11";35114;"EXTREMO OESTE PAULISTA";"Quedas";795,273801408771
"354150";2025;75;3;117251,31;1563,3508;40;"Municipio";;"PRESIDENTE VENCESLAU";"RRAS11";35114;"EXTREMO OESTE PAULISTA";"Quedas";
"354160";2015;63;0;72832,36;1156,06920634921;0;"Municipio";5693;"PROMISSAO";"RRAS09";35065;"LINS";"Quedas";1106,62216757421
"354160";2016;58;2;59955,9;1033,7224137931;34,4827586206897;"Municipio";5854;"PROMISSAO";"RRAS09";35065;"LINS";"Quedas";990,775538093611
"354160";2017;53;1;53560,89;1010,58283018868;18,8679245283019;"Municipio";6026;"PROMISSAO";"RRAS09";35065;"LINS";"Quedas";879,522071025556
"354160";2018;58;1;76052,27;1311,24603448276;17,2413793103448;"Municipio";6207;"PROMISSAO";"RRAS09";35065;"LINS";"Quedas";934,428870629934
"354160";2019;54;1;83361,47;1543,73092592593;18,5185185185185;"Municipio";6394;"PROMISSAO";"RRAS09";35065;"LINS";"Quedas";844,541757898029
"354160";2020;47;3;50599,75;1076,59042553191;63,8297872340425;"Municipio";6575;"PROMISSAO";"RRAS09";35065;"LINS";"Quedas";714,828897338403
"354160";2021;59;1;58154,64;985,67186440678;16,9491525423729;"Municipio";6729;"PROMISSAO";"RRAS09";35065;"LINS";"Quedas";876,801902214296
"354160";2022;63;2;88038,94;1397,44349206349;31,7460317460317;"Municipio";6882;"PROMISSAO";"RRAS09";35065;"LINS";"Quedas";915,431560592851
"354160";2023;63;5;121943,36;1935,60888888889;79,3650793650794;"Municipio";7078;"PROMISSAO";"RRAS09";35065;"LINS";"Quedas";890,081944051992
"354160";2024;49;3;83611,28;1706,35265306122;61,2244897959184;"Municipio";7275;"PROMISSAO";"RRAS09";35065;"LINS";"Quedas";673,539518900344
"354160";2025;63;2;153290,03;2433,17507936508;31,7460317460317;"Municipio";;"PROMISSAO";"RRAS09";35065;"LINS";"Quedas";
"354165";2016;2;0;403,89;201,945;0;"Municipio";576;"QUADRA";"RRAS08";35161;"ITAPETININGA";"Quedas";347,222222222222
"354165";2017;1;0;231,33;231,33;0;"Municipio";597;"QUADRA";"RRAS08";35161;"ITAPETININGA";"Quedas";167,50418760469
"354165";2018;2;0;455,35;227,675;0;"Municipio";622;"QUADRA";"RRAS08";35161;"ITAPETININGA";"Quedas";321,543408360129
"354165";2019;2;0;2818,1;1409,05;0;"Municipio";638;"QUADRA";"RRAS08";35161;"ITAPETININGA";"Quedas";313,479623824451
"354165";2021;3;0;3684,59;1228,19666666667;0;"Municipio";673;"QUADRA";"RRAS08";35161;"ITAPETININGA";"Quedas";445,765230312036
"354165";2022;9;0;7235,08;803,897777777778;0;"Municipio";697;"QUADRA";"RRAS08";35161;"ITAPETININGA";"Quedas";1291,24820659971
"354165";2023;3;0;11668,42;3889,47333333333;0;"Municipio";711;"QUADRA";"RRAS08";35161;"ITAPETININGA";"Quedas";421,940928270042
"354165";2024;4;1;6884,58;1721,145;250;"Municipio";740;"QUADRA";"RRAS08";35161;"ITAPETININGA";"Quedas";540,540540540541
"354165";2025;2;0;3798,84;1899,42;0;"Municipio";;"QUADRA";"RRAS08";35161;"ITAPETININGA";"Quedas";
"354170";2015;5;0;8879,58;1775,916;0;"Municipio";1891;"QUATA";"RRAS11";35113;"ALTO CAPIVARI";"Quedas";264,410364886304
"354170";2016;3;0;8941,57;2980,52333333333;0;"Municipio";1953;"QUATA";"RRAS11";35113;"ALTO CAPIVARI";"Quedas";153,609831029186
"354170";2018;1;0;4693,55;4693,55;0;"Municipio";2079;"QUATA";"RRAS11";35113;"ALTO CAPIVARI";"Quedas";48,1000481000481
"354170";2019;5;0;9276,7;1855,34;0;"Municipio";2143;"QUATA";"RRAS11";35113;"ALTO CAPIVARI";"Quedas";233,317778814746
"354170";2020;4;1;6272,74;1568,185;250;"Municipio";2210;"QUATA";"RRAS11";35113;"ALTO CAPIVARI";"Quedas";180,995475113122
"354170";2021;6;1;10787,82;1797,97;166,666666666667;"Municipio";2264;"QUATA";"RRAS11";35113;"ALTO CAPIVARI";"Quedas";265,017667844523
"354170";2022;13;2;17460,64;1343,12615384615;153,846153846154;"Municipio";2327;"QUATA";"RRAS11";35113;"ALTO CAPIVARI";"Quedas";558,659217877095
"354170";2023;29;1;43170,45;1488,63620689655;34,4827586206897;"Municipio";2397;"QUATA";"RRAS11";35113;"ALTO CAPIVARI";"Quedas";1209,84564038381
"354170";2024;29;0;46015,63;1586,74586206897;0;"Municipio";2489;"QUATA";"RRAS11";35113;"ALTO CAPIVARI";"Quedas";1165,12655685014
"354170";2025;21;1;44910,4;2138,59047619048;47,6190476190476;"Municipio";;"QUATA";"RRAS11";35113;"ALTO CAPIVARI";"Quedas";
"354180";2015;6;1;2755,72;459,286666666667;166,666666666667;"Municipio";373;"QUEIROZ";"RRAS10";35095;"TUPA";"Quedas";1608,57908847185
"354180";2016;4;1;7686,46;1921,615;250;"Municipio";384;"QUEIROZ";"RRAS10";35095;"TUPA";"Quedas";1041,66666666667
"354180";2017;1;0;60,22;60,22;0;"Municipio";399;"QUEIROZ";"RRAS10";35095;"TUPA";"Quedas";250,62656641604
"354180";2018;8;0;7993,79;999,22375;0;"Municipio";408;"QUEIROZ";"RRAS10";35095;"TUPA";"Quedas";1960,78431372549
"354180";2019;8;0;15226,48;1903,31;0;"Municipio";426;"QUEIROZ";"RRAS10";35095;"TUPA";"Quedas";1877,93427230047
"354180";2020;2;0;1980,67;990,335;0;"Municipio";441;"QUEIROZ";"RRAS10";35095;"TUPA";"Quedas";453,514739229025
"354180";2021;4;0;10010,91;2502,7275;0;"Municipio";457;"QUEIROZ";"RRAS10";35095;"TUPA";"Quedas";875,27352297593
"354180";2022;5;0;4478,32;895,664;0;"Municipio";474;"QUEIROZ";"RRAS10";35095;"TUPA";"Quedas";1054,85232067511
"354180";2023;10;0;20639,95;2063,995;0;"Municipio";485;"QUEIROZ";"RRAS10";35095;"TUPA";"Quedas";2061,85567010309
"354180";2024;4;0;8305,87;2076,4675;0;"Municipio";507;"QUEIROZ";"RRAS10";35095;"TUPA";"Quedas";788,954635108481
"354180";2025;1;0;141,04;141,04;0;"Municipio";;"QUEIROZ";"RRAS10";35095;"TUPA";"Quedas";
"354190";2015;4;1;4992,75;1248,1875;250;"Municipio";1446;"QUELUZ";"RRAS17";35172;"CIRCUITO DA FE VALE HISTORICO";"Quedas";276,625172890733
"354190";2016;7;0;2681;383;0;"Municipio";1481;"QUELUZ";"RRAS17";35172;"CIRCUITO DA FE VALE HISTORICO";"Quedas";472,653612424038
"354190";2017;14;0;19023,84;1358,84571428571;0;"Municipio";1511;"QUELUZ";"RRAS17";35172;"CIRCUITO DA FE VALE HISTORICO";"Quedas";926,538716082065
"354190";2018;9;1;23946,81;2660,75666666667;111,111111111111;"Municipio";1537;"QUELUZ";"RRAS17";35172;"CIRCUITO DA FE VALE HISTORICO";"Quedas";585,556278464541
"354190";2019;3;0;7489,07;2496,35666666667;0;"Municipio";1566;"QUELUZ";"RRAS17";35172;"CIRCUITO DA FE VALE HISTORICO";"Quedas";191,570881226054
"354190";2020;16;1;26285,94;1642,87125;62,5;"Municipio";1591;"QUELUZ";"RRAS17";35172;"CIRCUITO DA FE VALE HISTORICO";"Quedas";1005,65681961031
"354190";2021;18;1;35280,9;1960,05;55,5555555555556;"Municipio";1608;"QUELUZ";"RRAS17";35172;"CIRCUITO DA FE VALE HISTORICO";"Quedas";1119,40298507463
"354190";2022;10;0;22361,68;2236,168;0;"Municipio";1633;"QUELUZ";"RRAS17";35172;"CIRCUITO DA FE VALE HISTORICO";"Quedas";612,369871402327
"354190";2023;17;1;52949,61;3114,68294117647;58,8235294117647;"Municipio";1671;"QUELUZ";"RRAS17";35172;"CIRCUITO DA FE VALE HISTORICO";"Quedas";1017,35487731897
"354190";2024;24;2;37189,01;1549,54208333333;83,3333333333333;"Municipio";1707;"QUELUZ";"RRAS17";35172;"CIRCUITO DA FE VALE HISTORICO";"Quedas";1405,97539543058
"354190";2025;21;1;65315,81;3110,27666666667;47,6190476190476;"Municipio";;"QUELUZ";"RRAS17";35172;"CIRCUITO DA FE VALE HISTORICO";"Quedas";
"354200";2015;11;0;8435,3;766,845454545455;0;"Municipio";1041;"QUINTANA";"RRAS10";35093;"MARILIA";"Quedas";1056,6762728146
"354200";2016;10;0;8454,51;845,451;0;"Municipio";1072;"QUINTANA";"RRAS10";35093;"MARILIA";"Quedas";932,835820895522
"354200";2017;12;0;13509,59;1125,79916666667;0;"Municipio";1105;"QUINTANA";"RRAS10";35093;"MARILIA";"Quedas";1085,97285067873
"354200";2018;9;1;12622,87;1402,54111111111;111,111111111111;"Municipio";1140;"QUINTANA";"RRAS10";35093;"MARILIA";"Quedas";789,473684210526
"354200";2019;8;0;16275,87;2034,48375;0;"Municipio";1174;"QUINTANA";"RRAS10";35093;"MARILIA";"Quedas";681,431005110733
"354200";2020;2;1;1736,68;868,34;500;"Municipio";1209;"QUINTANA";"RRAS10";35093;"MARILIA";"Quedas";165,425971877585
"354200";2021;6;0;10872,08;1812,01333333333;0;"Municipio";1239;"QUINTANA";"RRAS10";35093;"MARILIA";"Quedas";484,261501210654
"354200";2022;6;0;20485,88;3414,31333333333;0;"Municipio";1265;"QUINTANA";"RRAS10";35093;"MARILIA";"Quedas";474,308300395257
"354200";2023;8;1;47540,76;5942,595;125;"Municipio";1298;"QUINTANA";"RRAS10";35093;"MARILIA";"Quedas";616,33281972265
"354200";2024;1;1;4968,68;4968,68;1000;"Municipio";1330;"QUINTANA";"RRAS10";35093;"MARILIA";"Quedas";75,187969924812
"354200";2025;8;1;35406,39;4425,79875;125;"Municipio";;"QUINTANA";"RRAS10";35093;"MARILIA";"Quedas";
"354210";2015;8;0;12663,63;1582,95375;0;"Municipio";1306;"RAFARD";"RRAS14";35103;"PIRACICABA";"Quedas";612,557427258806
"354210";2016;16;1;15621,29;976,330625;62,5;"Municipio";1342;"RAFARD";"RRAS14";35103;"PIRACICABA";"Quedas";1192,25037257824
"354210";2017;10;2;3180,59;318,059;200;"Municipio";1378;"RAFARD";"RRAS14";35103;"PIRACICABA";"Quedas";725,689404934688
"354210";2018;14;0;18438,08;1317,00571428571;0;"Municipio";1417;"RAFARD";"RRAS14";35103;"PIRACICABA";"Quedas";988,002822865208
"354210";2019;14;1;16553,35;1182,38214285714;71,4285714285714;"Municipio";1469;"RAFARD";"RRAS14";35103;"PIRACICABA";"Quedas";953,029271613342
"354210";2020;15;0;25850,04;1723,336;0;"Municipio";1514;"RAFARD";"RRAS14";35103;"PIRACICABA";"Quedas";990,752972258917
"354210";2021;12;0;14229,44;1185,78666666667;0;"Municipio";1551;"RAFARD";"RRAS14";35103;"PIRACICABA";"Quedas";773,694390715667
"354210";2022;9;0;15905,25;1767,25;0;"Municipio";1594;"RAFARD";"RRAS14";35103;"PIRACICABA";"Quedas";564,617314930991
"354210";2023;14;3;15221,53;1087,25214285714;214,285714285714;"Municipio";1644;"RAFARD";"RRAS14";35103;"PIRACICABA";"Quedas";851,581508515815
"354210";2024;7;0;6715,08;959,297142857143;0;"Municipio";1692;"RAFARD";"RRAS14";35103;"PIRACICABA";"Quedas";413,71158392435
"354210";2025;9;0;17876,69;1986,29888888889;0;"Municipio";;"RAFARD";"RRAS14";35103;"PIRACICABA";"Quedas";
"354220";2015;11;0;25704,95;2336,81363636364;0;"Municipio";4892;"RANCHARIA";"RRAS11";35113;"ALTO CAPIVARI";"Quedas";224,856909239575
"354220";2016;11;1;23259,67;2114,51545454545;90,9090909090909;"Municipio";5018;"RANCHARIA";"RRAS11";35113;"ALTO CAPIVARI";"Quedas";219,210840972499
"354220";2017;17;2;41499,42;2441,14235294118;117,647058823529;"Municipio";5154;"RANCHARIA";"RRAS11";35113;"ALTO CAPIVARI";"Quedas";329,840900271634
"354220";2018;6;1;15248,26;2541,37666666667;166,666666666667;"Municipio";5307;"RANCHARIA";"RRAS11";35113;"ALTO CAPIVARI";"Quedas";113,058224985868
"354220";2019;9;1;26993,22;2999,24666666667;111,111111111111;"Municipio";5471;"RANCHARIA";"RRAS11";35113;"ALTO CAPIVARI";"Quedas";164,503747029793
"354220";2020;6;1;15575,22;2595,87;166,666666666667;"Municipio";5623;"RANCHARIA";"RRAS11";35113;"ALTO CAPIVARI";"Quedas";106,704606082163
"354220";2021;15;0;34024,74;2268,316;0;"Municipio";5758;"RANCHARIA";"RRAS11";35113;"ALTO CAPIVARI";"Quedas";260,507120527961
"354220";2022;59;3;95473,1;1618,18813559322;50,8474576271187;"Municipio";5898;"RANCHARIA";"RRAS11";35113;"ALTO CAPIVARI";"Quedas";1000,33909799932
"354220";2023;51;0;60386,48;1184,04862745098;0;"Municipio";6078;"RANCHARIA";"RRAS11";35113;"ALTO CAPIVARI";"Quedas";839,091806515301
"354220";2024;76;1;98200,49;1292,11171052632;13,1578947368421;"Municipio";6256;"RANCHARIA";"RRAS11";35113;"ALTO CAPIVARI";"Quedas";1214,83375959079
"354220";2025;50;0;75505,78;1510,1156;0;"Municipio";;"RANCHARIA";"RRAS11";35113;"ALTO CAPIVARI";"Quedas";
"354230";2015;6;1;5765,82;960,97;166,666666666667;"Municipio";780;"REDENCAO DA SERRA";"RRAS17";35174;"VALE PARAIBA REGIAO SERRANA";"Quedas";769,230769230769
"354230";2016;8;0;15394,69;1924,33625;0;"Municipio";822;"REDENCAO DA SERRA";"RRAS17";35174;"VALE PARAIBA REGIAO SERRANA";"Quedas";973,23600973236
"354230";2017;6;1;7261,83;1210,305;166,666666666667;"Municipio";869;"REDENCAO DA SERRA";"RRAS17";35174;"VALE PARAIBA REGIAO SERRANA";"Quedas";690,448791714614
"354230";2018;8;1;8905,14;1113,1425;125;"Municipio";922;"REDENCAO DA SERRA";"RRAS17";35174;"VALE PARAIBA REGIAO SERRANA";"Quedas";867,67895878525
"354230";2019;9;2;22268,41;2474,26777777778;222,222222222222;"Municipio";971;"REDENCAO DA SERRA";"RRAS17";35174;"VALE PARAIBA REGIAO SERRANA";"Quedas";926,879505664264
"354230";2020;5;1;10269,34;2053,868;200;"Municipio";1027;"REDENCAO DA SERRA";"RRAS17";35174;"VALE PARAIBA REGIAO SERRANA";"Quedas";486,854917234664
"354230";2021;3;0;8505,57;2835,19;0;"Municipio";1074;"REDENCAO DA SERRA";"RRAS17";35174;"VALE PARAIBA REGIAO SERRANA";"Quedas";279,329608938547
"354230";2022;8;1;22111,49;2763,93625;125;"Municipio";1123;"REDENCAO DA SERRA";"RRAS17";35174;"VALE PARAIBA REGIAO SERRANA";"Quedas";712,377560106857
"354230";2023;11;1;26891,01;2444,63727272727;90,9090909090909;"Municipio";1160;"REDENCAO DA SERRA";"RRAS17";35174;"VALE PARAIBA REGIAO SERRANA";"Quedas";948,275862068965
"354230";2024;11;2;28956,57;2632,41545454545;181,818181818182;"Municipio";1200;"REDENCAO DA SERRA";"RRAS17";35174;"VALE PARAIBA REGIAO SERRANA";"Quedas";916,666666666667
"354230";2025;7;0;19840,49;2834,35571428571;0;"Municipio";;"REDENCAO DA SERRA";"RRAS17";35174;"VALE PARAIBA REGIAO SERRANA";"Quedas";
"354240";2015;17;3;30553,52;1797,26588235294;176,470588235294;"Municipio";3173;"REGENTE FEIJO";"RRAS11";35112;"ALTA SOROCABANA";"Quedas";535,770564134888
"354240";2016;15;1;28922,21;1928,14733333333;66,6666666666667;"Municipio";3289;"REGENTE FEIJO";"RRAS11";35112;"ALTA SOROCABANA";"Quedas";456,065673456978
"354240";2017;16;2;25924,38;1620,27375;125;"Municipio";3408;"REGENTE FEIJO";"RRAS11";35112;"ALTA SOROCABANA";"Quedas";469,483568075117
"354240";2018;20;3;38531,85;1926,5925;150;"Municipio";3532;"REGENTE FEIJO";"RRAS11";35112;"ALTA SOROCABANA";"Quedas";566,251415628539
"354240";2019;21;0;31684,72;1508,79619047619;0;"Municipio";3668;"REGENTE FEIJO";"RRAS11";35112;"ALTA SOROCABANA";"Quedas";572,519083969466
"354240";2020;24;3;56071,21;2336,30041666667;125;"Municipio";3793;"REGENTE FEIJO";"RRAS11";35112;"ALTA SOROCABANA";"Quedas";632,744529396256
"354240";2021;22;0;28750,77;1306,85318181818;0;"Municipio";3910;"REGENTE FEIJO";"RRAS11";35112;"ALTA SOROCABANA";"Quedas";562,659846547315
"354240";2022;21;1;38635,76;1839,7980952381;47,6190476190476;"Municipio";4022;"REGENTE FEIJO";"RRAS11";35112;"ALTA SOROCABANA";"Quedas";522,128294380905
"354240";2023;14;0;20440,76;1460,05428571429;0;"Municipio";4161;"REGENTE FEIJO";"RRAS11";35112;"ALTA SOROCABANA";"Quedas";336,457582311944
"354240";2024;16;0;32678,87;2042,429375;0;"Municipio";4297;"REGENTE FEIJO";"RRAS11";35112;"ALTA SOROCABANA";"Quedas";372,352804282057
"354240";2025;20;1;83116,52;4155,826;50;"Municipio";;"REGENTE FEIJO";"RRAS11";35112;"ALTA SOROCABANA";"Quedas";
"354250";2015;6;0;11399,98;1899,99666666667;0;"Municipio";1037;"REGINOPOLIS";"RRAS09";35062;"BAURU";"Quedas";578,592092574735
"354250";2016;16;1;35868,19;2241,761875;62,5;"Municipio";1067;"REGINOPOLIS";"RRAS09";35062;"BAURU";"Quedas";1499,53139643861
"354250";2017;10;0;16359,97;1635,997;0;"Municipio";1099;"REGINOPOLIS";"RRAS09";35062;"BAURU";"Quedas";909,918107370337
"354250";2018;8;0;9915,5;1239,4375;0;"Municipio";1131;"REGINOPOLIS";"RRAS09";35062;"BAURU";"Quedas";707,338638373121
"354250";2019;11;0;12653,72;1150,33818181818;0;"Municipio";1160;"REGINOPOLIS";"RRAS09";35062;"BAURU";"Quedas";948,275862068965
"354250";2020;17;2;26851,6;1579,50588235294;117,647058823529;"Municipio";1189;"REGINOPOLIS";"RRAS09";35062;"BAURU";"Quedas";1429,77291841884
"354250";2021;15;0;21315,2;1421,01333333333;0;"Municipio";1211;"REGINOPOLIS";"RRAS09";35062;"BAURU";"Quedas";1238,64574731627
"354250";2022;17;0;10454,05;614,944117647059;0;"Municipio";1232;"REGINOPOLIS";"RRAS09";35062;"BAURU";"Quedas";1379,87012987013
"354250";2023;18;0;28000,03;1555,55722222222;0;"Municipio";1255;"REGINOPOLIS";"RRAS09";35062;"BAURU";"Quedas";1434,26294820717
"354250";2024;28;1;23109,27;825,331071428571;35,7142857142857;"Municipio";1282;"REGINOPOLIS";"RRAS09";35062;"BAURU";"Quedas";2184,08736349454
"354250";2025;26;1;49623,1;1908,58076923077;38,4615384615385;"Municipio";;"REGINOPOLIS";"RRAS09";35062;"BAURU";"Quedas";
"354260";2015;37;3;41322,15;1116,81486486486;81,0810810810811;"Municipio";8296;"REGISTRO";"RRAS07";35121;"VALE DO RIBEIRA";"Quedas";445,998071359691
"354260";2016;41;3;73818,8;1800,45853658537;73,1707317073171;"Municipio";8602;"REGISTRO";"RRAS07";35121;"VALE DO RIBEIRA";"Quedas";476,633341083469
"354260";2017;33;2;41150,78;1246,99333333333;60,6060606060606;"Municipio";8914;"REGISTRO";"RRAS07";35121;"VALE DO RIBEIRA";"Quedas";370,20417321068
"354260";2018;44;2;61526,57;1398,33113636364;45,4545454545455;"Municipio";9238;"REGISTRO";"RRAS07";35121;"VALE DO RIBEIRA";"Quedas";476,293570036805
"354260";2019;62;3;63448,95;1023,37016129032;48,3870967741935;"Municipio";9563;"REGISTRO";"RRAS07";35121;"VALE DO RIBEIRA";"Quedas";648,33211335355
"354260";2020;47;4;82336,93;1751,84957446809;85,1063829787234;"Municipio";9882;"REGISTRO";"RRAS07";35121;"VALE DO RIBEIRA";"Quedas";475,612224246104
"354260";2021;51;2;98571,79;1932,78019607843;39,2156862745098;"Municipio";10157;"REGISTRO";"RRAS07";35121;"VALE DO RIBEIRA";"Quedas";502,116766761839
"354260";2022;41;1;87345,69;2130,38268292683;24,390243902439;"Municipio";10439;"REGISTRO";"RRAS07";35121;"VALE DO RIBEIRA";"Quedas";392,757927004502
"354260";2023;62;5;116806,5;1883,97580645161;80,6451612903226;"Municipio";10779;"REGISTRO";"RRAS07";35121;"VALE DO RIBEIRA";"Quedas";575,192503942852
"354260";2024;68;3;107380,54;1579,12558823529;44,1176470588235;"Municipio";11162;"REGISTRO";"RRAS07";35121;"VALE DO RIBEIRA";"Quedas";609,209819028848
"354260";2025;83;4;228225,05;2749,69939759036;48,1927710843374;"Municipio";;"REGISTRO";"RRAS07";35121;"VALE DO RIBEIRA";"Quedas";
"354270";2015;6;0;7788,38;1298,06333333333;0;"Municipio";784;"RESTINGA";"RRAS13";35081;"TRES COLINAS";"Quedas";765,30612244898
"354270";2016;5;0;12076,39;2415,278;0;"Municipio";820;"RESTINGA";"RRAS13";35081;"TRES COLINAS";"Quedas";609,756097560976
"354270";2017;1;0;418,69;418,69;0;"Municipio";852;"RESTINGA";"RRAS13";35081;"TRES COLINAS";"Quedas";117,370892018779
"354270";2018;7;1;11437,42;1633,91714285714;142,857142857143;"Municipio";885;"RESTINGA";"RRAS13";35081;"TRES COLINAS";"Quedas";790,960451977401
"354270";2019;7;1;8408,2;1201,17142857143;142,857142857143;"Municipio";919;"RESTINGA";"RRAS13";35081;"TRES COLINAS";"Quedas";761,697497279652
"354270";2020;5;0;8269,82;1653,964;0;"Municipio";952;"RESTINGA";"RRAS13";35081;"TRES COLINAS";"Quedas";525,210084033613
"354270";2021;2;0;7716,06;3858,03;0;"Municipio";981;"RESTINGA";"RRAS13";35081;"TRES COLINAS";"Quedas";203,873598369011
"354270";2022;9;1;28312,57;3145,84111111111;111,111111111111;"Municipio";1009;"RESTINGA";"RRAS13";35081;"TRES COLINAS";"Quedas";891,97224975223
"354270";2023;9;1;13295,37;1477,26333333333;111,111111111111;"Municipio";1049;"RESTINGA";"RRAS13";35081;"TRES COLINAS";"Quedas";857,959961868446
"354270";2024;8;0;8439,05;1054,88125;0;"Municipio";1100;"RESTINGA";"RRAS13";35081;"TRES COLINAS";"Quedas";727,272727272727
"354270";2025;2;1;2409,8;1204,9;500;"Municipio";;"RESTINGA";"RRAS13";35081;"TRES COLINAS";"Quedas";
"354280";2015;6;0;7845,61;1307,60166666667;0;"Municipio";609;"RIBEIRA";"RRAS08";35162;"ITAPEVA";"Quedas";985,221674876847
"354280";2016;3;0;2178,12;726,04;0;"Municipio";620;"RIBEIRA";"RRAS08";35162;"ITAPEVA";"Quedas";483,870967741935
"354280";2017;4;0;3241,21;810,3025;0;"Municipio";627;"RIBEIRA";"RRAS08";35162;"ITAPEVA";"Quedas";637,958532695375
"354280";2018;2;0;2543,34;1271,67;0;"Municipio";640;"RIBEIRA";"RRAS08";35162;"ITAPEVA";"Quedas";312,5
"354280";2019;3;1;17191,29;5730,43;333,333333333333;"Municipio";648;"RIBEIRA";"RRAS08";35162;"ITAPEVA";"Quedas";462,962962962963
"354280";2020;1;0;316,66;316,66;0;"Municipio";654;"RIBEIRA";"RRAS08";35162;"ITAPEVA";"Quedas";152,905198776758
"354280";2021;1;0;223,64;223,64;0;"Municipio";657;"RIBEIRA";"RRAS08";35162;"ITAPEVA";"Quedas";152,20700152207
"354280";2022;2;0;8745,04;4372,52;0;"Municipio";663;"RIBEIRA";"RRAS08";35162;"ITAPEVA";"Quedas";301,659125188537
"354280";2023;2;1;4666,07;2333,035;500;"Municipio";671;"RIBEIRA";"RRAS08";35162;"ITAPEVA";"Quedas";298,06259314456
"354280";2024;3;1;13875;4625;333,333333333333;"Municipio";685;"RIBEIRA";"RRAS08";35162;"ITAPEVA";"Quedas";437,956204379562
"354280";2025;5;0;12658,87;2531,774;0;"Municipio";;"RIBEIRA";"RRAS08";35162;"ITAPEVA";"Quedas";
"354290";2015;6;4;26545,15;4424,19166666667;666,666666666667;"Municipio";1806;"RIBEIRAO BONITO";"RRAS18";35032;"CORACAO DO DRS III";"Quedas";332,225913621262
"354290";2016;10;4;32461,61;3246,161;400;"Municipio";1851;"RIBEIRAO BONITO";"RRAS18";35032;"CORACAO DO DRS III";"Quedas";540,248514316586
"354290";2017;7;0;14239,58;2034,22571428571;0;"Municipio";1898;"RIBEIRAO BONITO";"RRAS18";35032;"CORACAO DO DRS III";"Quedas";368,809272918862
"354290";2018;13;1;18063,64;1389,51076923077;76,9230769230769;"Municipio";1948;"RIBEIRAO BONITO";"RRAS18";35032;"CORACAO DO DRS III";"Quedas";667,35112936345
"354290";2019;5;1;24010,38;4802,076;200;"Municipio";1994;"RIBEIRAO BONITO";"RRAS18";35032;"CORACAO DO DRS III";"Quedas";250,752256770311
"354290";2020;13;0;13020,7;1001,59230769231;0;"Municipio";2040;"RIBEIRAO BONITO";"RRAS18";35032;"CORACAO DO DRS III";"Quedas";637,254901960784
"354290";2021;6;0;6774,93;1129,155;0;"Municipio";2075;"RIBEIRAO BONITO";"RRAS18";35032;"CORACAO DO DRS III";"Quedas";289,156626506024
"354290";2022;12;0;30106,55;2508,87916666667;0;"Municipio";2110;"RIBEIRAO BONITO";"RRAS18";35032;"CORACAO DO DRS III";"Quedas";568,720379146919
"354290";2023;15;1;29522,9;1968,19333333333;66,6666666666667;"Municipio";2166;"RIBEIRAO BONITO";"RRAS18";35032;"CORACAO DO DRS III";"Quedas";692,520775623269
"354290";2024;8;0;12500,67;1562,58375;0;"Municipio";2228;"RIBEIRAO BONITO";"RRAS18";35032;"CORACAO DO DRS III";"Quedas";359,066427289048
"354290";2025;18;1;45195,77;2510,87611111111;55,5555555555556;"Municipio";;"RIBEIRAO BONITO";"RRAS18";35032;"CORACAO DO DRS III";"Quedas";
"354300";2015;13;0;17509,81;1346,90846153846;0;"Municipio";2125;"RIBEIRAO BRANCO";"RRAS08";35162;"ITAPEVA";"Quedas";611,764705882353
"354300";2016;13;0;16780,7;1290,82307692308;0;"Municipio";2181;"RIBEIRAO BRANCO";"RRAS08";35162;"ITAPEVA";"Quedas";596,056854653829
"354300";2017;12;0;24337,66;2028,13833333333;0;"Municipio";2241;"RIBEIRAO BRANCO";"RRAS08";35162;"ITAPEVA";"Quedas";535,475234270415
"354300";2018;18;0;25160,97;1397,83166666667;0;"Municipio";2302;"RIBEIRAO BRANCO";"RRAS08";35162;"ITAPEVA";"Quedas";781,928757602085
"354300";2019;12;0;12861,83;1071,81916666667;0;"Municipio";2368;"RIBEIRAO BRANCO";"RRAS08";35162;"ITAPEVA";"Quedas";506,756756756757
"354300";2020;18;0;17969,65;998,313888888889;0;"Municipio";2439;"RIBEIRAO BRANCO";"RRAS08";35162;"ITAPEVA";"Quedas";738,007380073801
"354300";2021;8;1;16139,02;2017,3775;125;"Municipio";2491;"RIBEIRAO BRANCO";"RRAS08";35162;"ITAPEVA";"Quedas";321,156162183862
"354300";2022;12;0;17586,32;1465,52666666667;0;"Municipio";2556;"RIBEIRAO BRANCO";"RRAS08";35162;"ITAPEVA";"Quedas";469,483568075117
"354300";2023;17;0;20339,74;1196,45529411765;0;"Municipio";2643;"RIBEIRAO BRANCO";"RRAS08";35162;"ITAPEVA";"Quedas";643,208475217556
"354300";2024;17;2;43451,36;2555,96235294118;117,647058823529;"Municipio";2738;"RIBEIRAO BRANCO";"RRAS08";35162;"ITAPEVA";"Quedas";620,891161431702
"354300";2025;18;3;52553,24;2919,62444444444;166,666666666667;"Municipio";;"RIBEIRAO BRANCO";"RRAS08";35162;"ITAPEVA";"Quedas";
"354310";2015;4;0;8098,05;2024,5125;0;"Municipio";586;"RIBEIRAO CORRENTE";"RRAS13";35081;"TRES COLINAS";"Quedas";682,59385665529
"354310";2016;1;0;2259,79;2259,79;0;"Municipio";613;"RIBEIRAO CORRENTE";"RRAS13";35081;"TRES COLINAS";"Quedas";163,132137030995
"354310";2017;2;1;6430,62;3215,31;500;"Municipio";637;"RIBEIRAO CORRENTE";"RRAS13";35081;"TRES COLINAS";"Quedas";313,971742543171
"354310";2018;3;1;5804,51;1934,83666666667;333,333333333333;"Municipio";657;"RIBEIRAO CORRENTE";"RRAS13";35081;"TRES COLINAS";"Quedas";456,62100456621
"354310";2019;4;0;3827,32;956,83;0;"Municipio";682;"RIBEIRAO CORRENTE";"RRAS13";35081;"TRES COLINAS";"Quedas";586,510263929619
"354310";2020;1;0;1727,6;1727,6;0;"Municipio";709;"RIBEIRAO CORRENTE";"RRAS13";35081;"TRES COLINAS";"Quedas";141,043723554302
"354310";2021;3;0;7388,1;2462,7;0;"Municipio";729;"RIBEIRAO CORRENTE";"RRAS13";35081;"TRES COLINAS";"Quedas";411,522633744856
"354310";2022;5;0;8711,68;1742,336;0;"Municipio";751;"RIBEIRAO CORRENTE";"RRAS13";35081;"TRES COLINAS";"Quedas";665,77896138482
"354310";2023;2;0;275,55;137,775;0;"Municipio";772;"RIBEIRAO CORRENTE";"RRAS13";35081;"TRES COLINAS";"Quedas";259,067357512953
"354310";2024;3;0;6671,02;2223,67333333333;0;"Municipio";811;"RIBEIRAO CORRENTE";"RRAS13";35081;"TRES COLINAS";"Quedas";369,913686806412
"354320";2015;3;0;6629,24;2209,74666666667;0;"Municipio";871;"RIBEIRAO DO SUL";"RRAS10";35094;"OURINHOS";"Quedas";344,43168771527
"354320";2016;4;0;2865,65;716,4125;0;"Municipio";903;"RIBEIRAO DO SUL";"RRAS10";35094;"OURINHOS";"Quedas";442,96788482835
"354320";2017;9;1;12801,61;1422,40111111111;111,111111111111;"Municipio";932;"RIBEIRAO DO SUL";"RRAS10";35094;"OURINHOS";"Quedas";965,665236051502
"354320";2018;10;0;14342,56;1434,256;0;"Municipio";961;"RIBEIRAO DO SUL";"RRAS10";35094;"OURINHOS";"Quedas";1040,58272632674
"354320";2019;10;1;18005,46;1800,546;100;"Municipio";1001;"RIBEIRAO DO SUL";"RRAS10";35094;"OURINHOS";"Quedas";999,000999000999
"354320";2020;6;1;6938,01;1156,335;166,666666666667;"Municipio";1031;"RIBEIRAO DO SUL";"RRAS10";35094;"OURINHOS";"Quedas";581,9592628516
"354320";2021;16;2;41366,29;2585,393125;125;"Municipio";1058;"RIBEIRAO DO SUL";"RRAS10";35094;"OURINHOS";"Quedas";1512,28733459357
"354320";2022;9;1;35237,66;3915,29555555556;111,111111111111;"Municipio";1080;"RIBEIRAO DO SUL";"RRAS10";35094;"OURINHOS";"Quedas";833,333333333333
"354320";2023;10;2;28939,12;2893,912;200;"Municipio";1114;"RIBEIRAO DO SUL";"RRAS10";35094;"OURINHOS";"Quedas";897,666068222621
"354320";2024;6;1;22026,39;3671,065;166,666666666667;"Municipio";1144;"RIBEIRAO DO SUL";"RRAS10";35094;"OURINHOS";"Quedas";524,475524475524
"354320";2025;8;0;32182,02;4022,7525;0;"Municipio";;"RIBEIRAO DO SUL";"RRAS10";35094;"OURINHOS";"Quedas";
"354323";2015;4;0;2868,2;717,05;0;"Municipio";467;"RIBEIRAO DOS INDIOS";"RRAS11";35112;"ALTA SOROCABANA";"Quedas";856,531049250535
"354323";2016;3;0;5489,21;1829,73666666667;0;"Municipio";482;"RIBEIRAO DOS INDIOS";"RRAS11";35112;"ALTA SOROCABANA";"Quedas";622,406639004149
"354323";2017;3;0;3882,26;1294,08666666667;0;"Municipio";489;"RIBEIRAO DOS INDIOS";"RRAS11";35112;"ALTA SOROCABANA";"Quedas";613,496932515337
"354323";2018;2;0;4096,87;2048,435;0;"Municipio";496;"RIBEIRAO DOS INDIOS";"RRAS11";35112;"ALTA SOROCABANA";"Quedas";403,225806451613
"354323";2019;4;1;10766,14;2691,535;250;"Municipio";508;"RIBEIRAO DOS INDIOS";"RRAS11";35112;"ALTA SOROCABANA";"Quedas";787,40157480315
"354323";2020;1;0;2261,09;2261,09;0;"Municipio";519;"RIBEIRAO DOS INDIOS";"RRAS11";35112;"ALTA SOROCABANA";"Quedas";192,678227360308
"354323";2021;2;0;2671,21;1335,605;0;"Municipio";522;"RIBEIRAO DOS INDIOS";"RRAS11";35112;"ALTA SOROCABANA";"Quedas";383,141762452107
"354323";2022;3;0;2168,43;722,81;0;"Municipio";533;"RIBEIRAO DOS INDIOS";"RRAS11";35112;"ALTA SOROCABANA";"Quedas";562,851782363977
"354323";2023;7;1;10132,39;1447,48428571429;142,857142857143;"Municipio";536;"RIBEIRAO DOS INDIOS";"RRAS11";35112;"ALTA SOROCABANA";"Quedas";1305,97014925373
"354323";2024;4;0;5794,13;1448,5325;0;"Municipio";554;"RIBEIRAO DOS INDIOS";"RRAS11";35112;"ALTA SOROCABANA";"Quedas";722,02166064982
"354323";2025;8;0;3435,06;429,3825;0;"Municipio";;"RIBEIRAO DOS INDIOS";"RRAS11";35112;"ALTA SOROCABANA";"Quedas";
"354325";2015;3;0;1536,2;512,066666666667;0;"Municipio";1143;"RIBEIRAO GRANDE";"RRAS08";35161;"ITAPETININGA";"Quedas";262,46719160105
"354325";2016;5;0;1857;371,4;0;"Municipio";1180;"RIBEIRAO GRANDE";"RRAS08";35161;"ITAPETININGA";"Quedas";423,728813559322
"354325";2017;6;1;11323,73;1887,28833333333;166,666666666667;"Municipio";1214;"RIBEIRAO GRANDE";"RRAS08";35161;"ITAPETININGA";"Quedas";494,233937397035
"354325";2018;7;0;4375,79;625,112857142857;0;"Municipio";1252;"RIBEIRAO GRANDE";"RRAS08";35161;"ITAPETININGA";"Quedas";559,105431309904
"354325";2019;7;1;8393,27;1199,03857142857;142,857142857143;"Municipio";1289;"RIBEIRAO GRANDE";"RRAS08";35161;"ITAPETININGA";"Quedas";543,056633048875
"354325";2020;8;1;17246,17;2155,77125;125;"Municipio";1329;"RIBEIRAO GRANDE";"RRAS08";35161;"ITAPETININGA";"Quedas";601,956358164033
"354325";2021;9;1;15946,54;1771,83777777778;111,111111111111;"Municipio";1360;"RIBEIRAO GRANDE";"RRAS08";35161;"ITAPETININGA";"Quedas";661,764705882353
"354325";2022;5;1;6487,99;1297,598;200;"Municipio";1392;"RIBEIRAO GRANDE";"RRAS08";35161;"ITAPETININGA";"Quedas";359,195402298851
"354325";2023;7;1;20051,99;2864,57;142,857142857143;"Municipio";1442;"RIBEIRAO GRANDE";"RRAS08";35161;"ITAPETININGA";"Quedas";485,436893203883
"354325";2024;11;1;26291,17;2390,10636363636;90,9090909090909;"Municipio";1486;"RIBEIRAO GRANDE";"RRAS08";35161;"ITAPETININGA";"Quedas";740,242261103634
"354325";2025;17;2;34643,25;2037,83823529412;117,647058823529;"Municipio";;"RIBEIRAO GRANDE";"RRAS08";35161;"ITAPETININGA";"Quedas";
"354330";2015;77;10;123817,54;1608,02;129,87012987013;"Municipio";17117;"RIBEIRAO PIRES";"RRAS01";35015;"GRANDE ABC";"Quedas";449,845183151253
"354330";2016;74;1;118631,81;1603,13256756757;13,5135135135135;"Municipio";17872;"RIBEIRAO PIRES";"RRAS01";35015;"GRANDE ABC";"Quedas";414,055505819158
"354330";2017;73;9;108106,92;1480,91671232877;123,287671232877;"Municipio";18633;"RIBEIRAO PIRES";"RRAS01";35015;"GRANDE ABC";"Quedas";391,778028229485
"354330";2018;71;8;107968,21;1520,67901408451;112,676056338028;"Municipio";19383;"RIBEIRAO PIRES";"RRAS01";35015;"GRANDE ABC";"Quedas";366,300366300366
"354330";2019;107;5;173427,12;1620,81420560748;46,7289719626168;"Municipio";20130;"RIBEIRAO PIRES";"RRAS01";35015;"GRANDE ABC";"Quedas";531,544957774466
"354330";2020;124;8;152029,98;1226,04822580645;64,5161290322581;"Municipio";20839;"RIBEIRAO PIRES";"RRAS01";35015;"GRANDE ABC";"Quedas";595,038149623303
"354330";2021;105;6;135731,63;1292,68219047619;57,1428571428571;"Municipio";21467;"RIBEIRAO PIRES";"RRAS01";35015;"GRANDE ABC";"Quedas";489,122839707458
"354330";2022;104;4;176771,78;1699,72865384615;38,4615384615385;"Municipio";22101;"RIBEIRAO PIRES";"RRAS01";35015;"GRANDE ABC";"Quedas";470,566942672277
"354330";2023;121;11;222608,04;1839,73586776859;90,9090909090909;"Municipio";22838;"RIBEIRAO PIRES";"RRAS01";35015;"GRANDE ABC";"Quedas";529,818723180664
"354330";2024;153;14;303935,34;1986,50549019608;91,5032679738562;"Municipio";23608;"RIBEIRAO PIRES";"RRAS01";35015;"GRANDE ABC";"Quedas";648,08539478143
"354330";2025;141;7;252817,8;1793,03404255319;49,645390070922;"Municipio";;"RIBEIRAO PIRES";"RRAS01";35015;"GRANDE ABC";"Quedas";
"354340";2015;565;31;1068457,25;1891,07477876106;54,8672566371681;"Municipio";98921;"RIBEIRAO PRETO";"RRAS13";35132;"AQUIFERO GUARANI";"Quedas";571,162847120429
"354340";2016;775;41;1308478,94;1688,35992258065;52,9032258064516;"Municipio";102728;"RIBEIRAO PRETO";"RRAS13";35132;"AQUIFERO GUARANI";"Quedas";754,419437738494
"354340";2017;784;39;1210160,65;1543,57225765306;49,7448979591837;"Municipio";106636;"RIBEIRAO PRETO";"RRAS13";35132;"AQUIFERO GUARANI";"Quedas";735,211373269815
"354340";2018;781;27;1242501,82;1590,9114212548;34,5710627400768;"Municipio";110600;"RIBEIRAO PRETO";"RRAS13";35132;"AQUIFERO GUARANI";"Quedas";706,148282097649
"354340";2019;753;46;1251604,95;1662,15796812749;61,0889774236388;"Municipio";114599;"RIBEIRAO PRETO";"RRAS13";35132;"AQUIFERO GUARANI";"Quedas";657,073796455466
"354340";2020;587;36;1133616,05;1931,2028109029;61,3287904599659;"Municipio";118403;"RIBEIRAO PRETO";"RRAS13";35132;"AQUIFERO GUARANI";"Quedas";495,764465427396
"354340";2021;624;45;1366343,63;2189,65325320513;72,1153846153846;"Municipio";121659;"RIBEIRAO PRETO";"RRAS13";35132;"AQUIFERO GUARANI";"Quedas";512,909032623974
"354340";2022;669;27;1296923,03;1938,59944693572;40,3587443946188;"Municipio";124874;"RIBEIRAO PRETO";"RRAS13";35132;"AQUIFERO GUARANI";"Quedas";535,740025946154
"354340";2023;607;35;1169876,72;1927,30925864909;57,660626029654;"Municipio";128602;"RIBEIRAO PRETO";"RRAS13";35132;"AQUIFERO GUARANI";"Quedas";471,998880266248
"354340";2024;707;41;1568562,95;2218,61803394625;57,991513437058;"Municipio";132479;"RIBEIRAO PRETO";"RRAS13";35132;"AQUIFERO GUARANI";"Quedas";533,669487239487
"354340";2025;781;39;2240113,63;2868,26329065301;49,9359795134443;"Municipio";;"RIBEIRAO PRETO";"RRAS13";35132;"AQUIFERO GUARANI";"Quedas";
"354350";2015;14;2;25511,17;1822,22642857143;142,857142857143;"Municipio";1099;"RIVERSUL";"RRAS08";35162;"ITAPEVA";"Quedas";1273,88535031847
"354350";2016;6;0;10385,14;1730,85666666667;0;"Municipio";1100;"RIVERSUL";"RRAS08";35162;"ITAPEVA";"Quedas";545,454545454545
"354350";2017;5;0;5122,15;1024,43;0;"Municipio";1107;"RIVERSUL";"RRAS08";35162;"ITAPEVA";"Quedas";451,6711833785
"354350";2018;4;1;14654,88;3663,72;250;"Municipio";1124;"RIVERSUL";"RRAS08";35162;"ITAPEVA";"Quedas";355,871886120996
"354350";2019;10;0;13132,5;1313,25;0;"Municipio";1143;"RIVERSUL";"RRAS08";35162;"ITAPEVA";"Quedas";874,890638670166
"354350";2020;5;0;6771,72;1354,344;0;"Municipio";1153;"RIVERSUL";"RRAS08";35162;"ITAPEVA";"Quedas";433,651344319167
"354350";2021;8;0;13628,75;1703,59375;0;"Municipio";1162;"RIVERSUL";"RRAS08";35162;"ITAPEVA";"Quedas";688,468158347676
"354350";2022;6;0;3664,12;610,686666666667;0;"Municipio";1178;"RIVERSUL";"RRAS08";35162;"ITAPEVA";"Quedas";509,337860780985
"354350";2023;4;0;3181,95;795,4875;0;"Municipio";1198;"RIVERSUL";"RRAS08";35162;"ITAPEVA";"Quedas";333,889816360601
"354350";2024;9;1;11957,38;1328,59777777778;111,111111111111;"Municipio";1222;"RIVERSUL";"RRAS08";35162;"ITAPEVA";"Quedas";736,497545008183
"354350";2025;7;2;10840,76;1548,68;285,714285714286;"Municipio";;"RIVERSUL";"RRAS08";35162;"ITAPEVA";"Quedas";
"354360";2015;5;0;1251,03;250,206;0;"Municipio";640;"RIFAINA";"RRAS13";35081;"TRES COLINAS";"Quedas";781,25
"354360";2016;2;0;2682,54;1341,27;0;"Municipio";666;"RIFAINA";"RRAS13";35081;"TRES COLINAS";"Quedas";300,3003003003
"354360";2017;5;0;3138,39;627,678;0;"Municipio";691;"RIFAINA";"RRAS13";35081;"TRES COLINAS";"Quedas";723,589001447178
"354360";2018;5;0;3577,53;715,506;0;"Municipio";717;"RIFAINA";"RRAS13";35081;"TRES COLINAS";"Quedas";697,350069735007
"354360";2019;6;0;11418,34;1903,05666666667;0;"Municipio";747;"RIFAINA";"RRAS13";35081;"TRES COLINAS";"Quedas";803,212851405622
"354360";2020;3;0;7234,65;2411,55;0;"Municipio";773;"RIFAINA";"RRAS13";35081;"TRES COLINAS";"Quedas";388,098318240621
"354360";2021;3;0;4884,11;1628,03666666667;0;"Municipio";801;"RIFAINA";"RRAS13";35081;"TRES COLINAS";"Quedas";374,531835205993
"354360";2022;4;0;6365,4;1591,35;0;"Municipio";821;"RIFAINA";"RRAS13";35081;"TRES COLINAS";"Quedas";487,21071863581
"354360";2023;7;0;8755,47;1250,78142857143;0;"Municipio";843;"RIFAINA";"RRAS13";35081;"TRES COLINAS";"Quedas";830,367734282325
"354360";2024;8;1;20108,33;2513,54125;125;"Municipio";867;"RIFAINA";"RRAS13";35081;"TRES COLINAS";"Quedas";922,722029988466
"354360";2025;2;0;1257,84;628,92;0;"Municipio";;"RIFAINA";"RRAS13";35081;"TRES COLINAS";"Quedas";
"354370";2015;6;0;6323,03;1053,83833333333;0;"Municipio";1523;"RINCAO";"RRAS18";35031;"CENTRAL DO DRS III";"Quedas";393,959290873276
"354370";2016;9;1;9836,58;1092,95333333333;111,111111111111;"Municipio";1555;"RINCAO";"RRAS18";35031;"CENTRAL DO DRS III";"Quedas";578,778135048231
"354370";2017;13;2;32981,99;2537,07615384615;153,846153846154;"Municipio";1595;"RINCAO";"RRAS18";35031;"CENTRAL DO DRS III";"Quedas";815,047021943574
"354370";2018;6;0;9008,44;1501,40666666667;0;"Municipio";1635;"RINCAO";"RRAS18";35031;"CENTRAL DO DRS III";"Quedas";366,97247706422
"354370";2019;10;1;14495,51;1449,551;100;"Municipio";1674;"RINCAO";"RRAS18";35031;"CENTRAL DO DRS III";"Quedas";597,371565113501
"354370";2020;12;3;17594,85;1466,2375;250;"Municipio";1716;"RINCAO";"RRAS18";35031;"CENTRAL DO DRS III";"Quedas";699,300699300699
"354370";2021;8;0;13838,49;1729,81125;0;"Municipio";1747;"RINCAO";"RRAS18";35031;"CENTRAL DO DRS III";"Quedas";457,927876359473
"354370";2022;7;1;13762,5;1966,07142857143;142,857142857143;"Municipio";1788;"RINCAO";"RRAS18";35031;"CENTRAL DO DRS III";"Quedas";391,498881431767
"354370";2023;6;1;30302,42;5050,40333333333;166,666666666667;"Municipio";1838;"RINCAO";"RRAS18";35031;"CENTRAL DO DRS III";"Quedas";326,441784548422
"354370";2024;9;0;21839,06;2426,56222222222;0;"Municipio";1895;"RINCAO";"RRAS18";35031;"CENTRAL DO DRS III";"Quedas";474,934036939314
"354370";2025;10;1;32560,1;3256,01;100;"Municipio";;"RINCAO";"RRAS18";35031;"CENTRAL DO DRS III";"Quedas";
"354380";2015;11;1;17772,93;1615,72090909091;90,9090909090909;"Municipio";2033;"RINOPOLIS";"RRAS10";35095;"TUPA";"Quedas";541,072306935563
"354380";2016;18;0;29577,74;1643,20777777778;0;"Municipio";2077;"RINOPOLIS";"RRAS10";35095;"TUPA";"Quedas";866,634569090034
"354380";2017;21;0;31713,7;1510,17619047619;0;"Municipio";2111;"RINOPOLIS";"RRAS10";35095;"TUPA";"Quedas";994,789199431549
"354380";2018;16;2;27371,7;1710,73125;125;"Municipio";2156;"RINOPOLIS";"RRAS10";35095;"TUPA";"Quedas";742,115027829314
"354380";2019;21;3;45301,24;2157,2019047619;142,857142857143;"Municipio";2197;"RINOPOLIS";"RRAS10";35095;"TUPA";"Quedas";955,848884842968
"354380";2020;25;1;37515,13;1500,6052;40;"Municipio";2229;"RINOPOLIS";"RRAS10";35095;"TUPA";"Quedas";1121,57918349035
"354380";2021;14;0;26999,89;1928,56357142857;0;"Municipio";2245;"RINOPOLIS";"RRAS10";35095;"TUPA";"Quedas";623,608017817372
"354380";2022;25;1;46674,65;1866,986;40;"Municipio";2262;"RINOPOLIS";"RRAS10";35095;"TUPA";"Quedas";1105,216622458
"354380";2023;25;2;36831,54;1473,2616;80;"Municipio";2296;"RINOPOLIS";"RRAS10";35095;"TUPA";"Quedas";1088,85017421603
"354380";2024;21;1;41192,55;1961,55;47,6190476190476;"Municipio";2321;"RINOPOLIS";"RRAS10";35095;"TUPA";"Quedas";904,782421370099
"354380";2025;26;0;89884,7;3457,10384615385;0;"Municipio";;"RINOPOLIS";"RRAS10";35095;"TUPA";"Quedas";
"354390";2015;10;0;23035,32;2303,532;0;"Municipio";31245;"RIO CLARO";"RRAS14";35104;"RIO CLARO";"Quedas";32,0051208193311
"354390";2016;6;1;13097;2182,83333333333;166,666666666667;"Municipio";32235;"RIO CLARO";"RRAS14";35104;"RIO CLARO";"Quedas";18,6133085155886
"354390";2017;2;0;3371,65;1685,825;0;"Municipio";33275;"RIO CLARO";"RRAS14";35104;"RIO CLARO";"Quedas";6,01051840721262
"354390";2018;4;0;3580,07;895,0175;0;"Municipio";34364;"RIO CLARO";"RRAS14";35104;"RIO CLARO";"Quedas";11,6400884646723
"354390";2019;10;0;22956,5;2295,65;0;"Municipio";35495;"RIO CLARO";"RRAS14";35104;"RIO CLARO";"Quedas";28,1729821101564
"354390";2020;9;0;10453,82;1161,53555555556;0;"Municipio";36570;"RIO CLARO";"RRAS14";35104;"RIO CLARO";"Quedas";24,6103363412633
"354390";2021;18;1;47377,71;2632,095;55,5555555555556;"Municipio";37474;"RIO CLARO";"RRAS14";35104;"RIO CLARO";"Quedas";48,0333030901425
"354390";2022;37;4;69350,16;1874,32864864865;108,108108108108;"Municipio";38373;"RIO CLARO";"RRAS14";35104;"RIO CLARO";"Quedas";96,4219633596539
"354390";2023;44;2;80250,44;1823,87363636364;45,4545454545455;"Municipio";39432;"RIO CLARO";"RRAS14";35104;"RIO CLARO";"Quedas";111,58449989856
"354390";2024;11;1;21596,27;1963,29727272727;90,9090909090909;"Municipio";40545;"RIO CLARO";"RRAS14";35104;"RIO CLARO";"Quedas";27,1303489949439
"354390";2025;12;0;6122,46;510,205;0;"Municipio";;"RIO CLARO";"RRAS14";35104;"RIO CLARO";"Quedas";
"354400";2015;15;1;26972,98;1798,19866666667;66,6666666666667;"Municipio";3637;"RIO DAS PEDRAS";"RRAS14";35103;"PIRACICABA";"Quedas";412,427825130602
"354400";2016;17;0;29792,97;1752,52764705882;0;"Municipio";3774;"RIO DAS PEDRAS";"RRAS14";35103;"PIRACICABA";"Quedas";450,45045045045
"354400";2017;25;2;33178,86;1327,1544;80;"Municipio";3919;"RIO DAS PEDRAS";"RRAS14";35103;"PIRACICABA";"Quedas";637,9178361827
"354400";2018;24;2;62274,37;2594,76541666667;83,3333333333333;"Municipio";4077;"RIO DAS PEDRAS";"RRAS14";35103;"PIRACICABA";"Quedas";588,668138337012
"354400";2019;34;1;54077,03;1590,50088235294;29,4117647058824;"Municipio";4239;"RIO DAS PEDRAS";"RRAS14";35103;"PIRACICABA";"Quedas";802,07596131163
"354400";2020;32;2;52005,08;1625,15875;62,5;"Municipio";4401;"RIO DAS PEDRAS";"RRAS14";35103;"PIRACICABA";"Quedas";727,107475573733
"354400";2021;48;1;60256,99;1255,35395833333;20,8333333333333;"Municipio";4540;"RIO DAS PEDRAS";"RRAS14";35103;"PIRACICABA";"Quedas";1057,26872246696
"354400";2022;49;0;75825,53;1547,45979591837;0;"Municipio";4696;"RIO DAS PEDRAS";"RRAS14";35103;"PIRACICABA";"Quedas";1043,44122657581
"354400";2023;38;1;35714,68;939,86;26,3157894736842;"Municipio";4874;"RIO DAS PEDRAS";"RRAS14";35103;"PIRACICABA";"Quedas";779,647107098892
"354400";2024;61;3;97213,46;1593,66327868852;49,1803278688525;"Municipio";5061;"RIO DAS PEDRAS";"RRAS14";35103;"PIRACICABA";"Quedas";1205,29539616677
"354400";2025;50;1;48638,37;972,7674;20;"Municipio";;"RIO DAS PEDRAS";"RRAS14";35103;"PIRACICABA";"Quedas";
"354410";2015;29;2;26356,12;908,831724137931;68,9655172413793;"Municipio";4821;"RIO GRANDE DA SERRA";"RRAS01";35015;"GRANDE ABC";"Quedas";601,534951254926
"354410";2016;27;4;30794,61;1140,54111111111;148,148148148148;"Municipio";5049;"RIO GRANDE DA SERRA";"RRAS01";35015;"GRANDE ABC";"Quedas";534,75935828877
"354410";2017;36;5;29638,21;823,283611111111;138,888888888889;"Municipio";5285;"RIO GRANDE DA SERRA";"RRAS01";35015;"GRANDE ABC";"Quedas";681,173131504257
"354410";2018;40;3;63921,6;1598,04;75;"Municipio";5522;"RIO GRANDE DA SERRA";"RRAS01";35015;"GRANDE ABC";"Quedas";724,375226367258
"354410";2019;39;0;32252,22;826,98;0;"Municipio";5756;"RIO GRANDE DA SERRA";"RRAS01";35015;"GRANDE ABC";"Quedas";677,553856845031
"354410";2020;47;7;78607,08;1672,49106382979;148,936170212766;"Municipio";5994;"RIO GRANDE DA SERRA";"RRAS01";35015;"GRANDE ABC";"Quedas";784,117450784118
"354410";2021;33;5;43646,56;1322,62303030303;151,515151515152;"Municipio";6208;"RIO GRANDE DA SERRA";"RRAS01";35015;"GRANDE ABC";"Quedas";531,572164948454
"354410";2022;39;1;42166,43;1081,19051282051;25,6410256410256;"Municipio";6426;"RIO GRANDE DA SERRA";"RRAS01";35015;"GRANDE ABC";"Quedas";606,909430438842
"354410";2023;42;5;56386;1342,52380952381;119,047619047619;"Municipio";6685;"RIO GRANDE DA SERRA";"RRAS01";35015;"GRANDE ABC";"Quedas";628,272251308901
"354410";2024;52;7;56556,11;1087,6175;134,615384615385;"Municipio";6956;"RIO GRANDE DA SERRA";"RRAS01";35015;"GRANDE ABC";"Quedas";747,556066705003
"354410";2025;67;6;231762,04;3459,13492537313;89,5522388059701;"Municipio";;"RIO GRANDE DA SERRA";"RRAS01";35015;"GRANDE ABC";"Quedas";
"354420";2015;8;0;10649,8;1331,225;0;"Municipio";1336;"RIOLANDIA";"RRAS12";35157;"VOTUPORANGA";"Quedas";598,802395209581
"354420";2016;7;0;19204,95;2743,56428571429;0;"Municipio";1354;"RIOLANDIA";"RRAS12";35157;"VOTUPORANGA";"Quedas";516,98670605613
"354420";2017;4;1;13522;3380,5;250;"Municipio";1382;"RIOLANDIA";"RRAS12";35157;"VOTUPORANGA";"Quedas";289,435600578871
"354420";2018;13;0;25283,61;1944,89307692308;0;"Municipio";1403;"RIOLANDIA";"RRAS12";35157;"VOTUPORANGA";"Quedas";926,585887384177
"354420";2019;11;1;36408,02;3309,82;90,9090909090909;"Municipio";1430;"RIOLANDIA";"RRAS12";35157;"VOTUPORANGA";"Quedas";769,230769230769
"354420";2020;7;1;6964,44;994,92;142,857142857143;"Municipio";1454;"RIOLANDIA";"RRAS12";35157;"VOTUPORANGA";"Quedas";481,430536451169
"354420";2021;16;3;37171,6;2323,225;187,5;"Municipio";1471;"RIOLANDIA";"RRAS12";35157;"VOTUPORANGA";"Quedas";1087,69544527532
"354420";2022;13;1;41364,9;3181,91538461538;76,9230769230769;"Municipio";1489;"RIOLANDIA";"RRAS12";35157;"VOTUPORANGA";"Quedas";873,069173942243
"354420";2023;10;0;18885,16;1888,516;0;"Municipio";1521;"RIOLANDIA";"RRAS12";35157;"VOTUPORANGA";"Quedas";657,462195923734
"354420";2024;11;2;28346,38;2576,94363636364;181,818181818182;"Municipio";1558;"RIOLANDIA";"RRAS12";35157;"VOTUPORANGA";"Quedas";706,033376123235
"354420";2025;28;3;96674,52;3452,66142857143;107,142857142857;"Municipio";;"RIOLANDIA";"RRAS12";35157;"VOTUPORANGA";"Quedas";
"354425";2015;26;2;21966,29;844,857307692308;76,9230769230769;"Municipio";2896;"ROSANA";"RRAS11";35115;"PONTAL DO PARANAPANEMA";"Quedas";897,790055248619
"354425";2016;20;1;14687,58;734,379;50;"Municipio";3014;"ROSANA";"RRAS11";35115;"PONTAL DO PARANAPANEMA";"Quedas";663,5700066357
"354425";2017;17;1;8536,46;502,144705882353;58,8235294117647;"Municipio";3130;"ROSANA";"RRAS11";35115;"PONTAL DO PARANAPANEMA";"Quedas";543,130990415335
"354425";2018;29;2;29308,2;1010,6275862069;68,9655172413793;"Municipio";3246;"ROSANA";"RRAS11";35115;"PONTAL DO PARANAPANEMA";"Quedas";893,407270486753
"354425";2019;23;1;22689,46;986,498260869565;43,4782608695652;"Municipio";3368;"ROSANA";"RRAS11";35115;"PONTAL DO PARANAPANEMA";"Quedas";682,897862232779
"354425";2020;37;0;30328,44;819,687567567567;0;"Municipio";3478;"ROSANA";"RRAS11";35115;"PONTAL DO PARANAPANEMA";"Quedas";1063,82978723404
"354425";2021;42;1;35764,96;851,546666666667;23,8095238095238;"Municipio";3579;"ROSANA";"RRAS11";35115;"PONTAL DO PARANAPANEMA";"Quedas";1173,51215423303
"354425";2022;51;2;64249,96;1259,8031372549;39,2156862745098;"Municipio";3683;"ROSANA";"RRAS11";35115;"PONTAL DO PARANAPANEMA";"Quedas";1384,74070051588
"354425";2023;42;2;40113,4;955,080952380952;47,6190476190476;"Municipio";3807;"ROSANA";"RRAS11";35115;"PONTAL DO PARANAPANEMA";"Quedas";1103,23089046493
"354425";2024;64;0;44734,2;698,971875;0;"Municipio";3936;"ROSANA";"RRAS11";35115;"PONTAL DO PARANAPANEMA";"Quedas";1626,0162601626
"354425";2025;68;1;107117,04;1575,25058823529;14,7058823529412;"Municipio";;"ROSANA";"RRAS11";35115;"PONTAL DO PARANAPANEMA";"Quedas";
"354430";2015;7;2;19598,62;2799,80285714286;285,714285714286;"Municipio";1284;"ROSEIRA";"RRAS17";35172;"CIRCUITO DA FE VALE HISTORICO";"Quedas";545,171339563863
"354430";2016;11;2;11553,79;1050,34454545455;181,818181818182;"Municipio";1344;"ROSEIRA";"RRAS17";35172;"CIRCUITO DA FE VALE HISTORICO";"Quedas";818,452380952381
"354430";2017;5;0;7105,08;1421,016;0;"Municipio";1406;"ROSEIRA";"RRAS17";35172;"CIRCUITO DA FE VALE HISTORICO";"Quedas";355,618776671408
"354430";2018;5;1;21214,91;4242,982;200;"Municipio";1473;"ROSEIRA";"RRAS17";35172;"CIRCUITO DA FE VALE HISTORICO";"Quedas";339,443312966735
"354430";2019;11;0;25787,34;2344,30363636364;0;"Municipio";1541;"ROSEIRA";"RRAS17";35172;"CIRCUITO DA FE VALE HISTORICO";"Quedas";713,822193380921
"354430";2020;12;0;18267,77;1522,31416666667;0;"Municipio";1608;"ROSEIRA";"RRAS17";35172;"CIRCUITO DA FE VALE HISTORICO";"Quedas";746,268656716418
"354430";2021;17;2;18714,66;1100,86235294118;117,647058823529;"Municipio";1668;"ROSEIRA";"RRAS17";35172;"CIRCUITO DA FE VALE HISTORICO";"Quedas";1019,18465227818
"354430";2022;14;1;38439,16;2745,65428571429;71,4285714285714;"Municipio";1729;"ROSEIRA";"RRAS17";35172;"CIRCUITO DA FE VALE HISTORICO";"Quedas";809,716599190283
"354430";2023;21;0;33434,87;1592,13666666667;0;"Municipio";1802;"ROSEIRA";"RRAS17";35172;"CIRCUITO DA FE VALE HISTORICO";"Quedas";1165,371809101
"354430";2024;21;1;56987,37;2713,68428571429;47,6190476190476;"Municipio";1882;"ROSEIRA";"RRAS17";35172;"CIRCUITO DA FE VALE HISTORICO";"Quedas";1115,83421891605
"354430";2025;25;1;121002,7;4840,108;40;"Municipio";;"ROSEIRA";"RRAS17";35172;"CIRCUITO DA FE VALE HISTORICO";"Quedas";
"354440";2015;2;0;3023,64;1511,82;0;"Municipio";376;"RUBIACEA";"RRAS19";35021;"CENTRAL DO DRS II";"Quedas";531,914893617021
"354440";2016;3;1;2365,84;788,613333333333;333,333333333333;"Municipio";387;"RUBIACEA";"RRAS19";35021;"CENTRAL DO DRS II";"Quedas";775,193798449612
"354440";2017;1;0;2079,21;2079,21;0;"Municipio";397;"RUBIACEA";"RRAS19";35021;"CENTRAL DO DRS II";"Quedas";251,889168765743
"354440";2019;1;0;266,1;266,1;0;"Municipio";416;"RUBIACEA";"RRAS19";35021;"CENTRAL DO DRS II";"Quedas";240,384615384615
"354440";2020;1;0;2401,35;2401,35;0;"Municipio";433;"RUBIACEA";"RRAS19";35021;"CENTRAL DO DRS II";"Quedas";230,94688221709
"354440";2021;6;1;20755;3459,16666666667;166,666666666667;"Municipio";442;"RUBIACEA";"RRAS19";35021;"CENTRAL DO DRS II";"Quedas";1357,46606334842
"354440";2022;5;0;7554,16;1510,832;0;"Municipio";457;"RUBIACEA";"RRAS19";35021;"CENTRAL DO DRS II";"Quedas";1094,09190371991
"354440";2023;3;0;6398,3;2132,76666666667;0;"Municipio";462;"RUBIACEA";"RRAS19";35021;"CENTRAL DO DRS II";"Quedas";649,350649350649
"354440";2024;2;0;2641,24;1320,62;0;"Municipio";492;"RUBIACEA";"RRAS19";35021;"CENTRAL DO DRS II";"Quedas";406,50406504065
"354440";2025;3;1;13786,84;4595,61333333333;333,333333333333;"Municipio";;"RUBIACEA";"RRAS19";35021;"CENTRAL DO DRS II";"Quedas";
"354450";2015;5;0;4778,38;955,676;0;"Municipio";761;"RUBINEIA";"RRAS12";35152;"SANTA FE DO SUL";"Quedas";657,030223390276
"354450";2016;5;0;12037,95;2407,59;0;"Municipio";811;"RUBINEIA";"RRAS12";35152;"SANTA FE DO SUL";"Quedas";616,52281134402
"354450";2017;8;2;13272,35;1659,04375;250;"Municipio";859;"RUBINEIA";"RRAS12";35152;"SANTA FE DO SUL";"Quedas";931,315483119907
"354450";2018;6;0;1639,72;273,286666666667;0;"Municipio";916;"RUBINEIA";"RRAS12";35152;"SANTA FE DO SUL";"Quedas";655,021834061135
"354450";2019;9;0;12256,78;1361,86444444444;0;"Municipio";975;"RUBINEIA";"RRAS12";35152;"SANTA FE DO SUL";"Quedas";923,076923076923
"354450";2020;5;0;5808,61;1161,722;0;"Municipio";1029;"RUBINEIA";"RRAS12";35152;"SANTA FE DO SUL";"Quedas";485,908649173955
"354450";2021;8;1;25159,91;3144,98875;125;"Municipio";1075;"RUBINEIA";"RRAS12";35152;"SANTA FE DO SUL";"Quedas";744,186046511628
"354450";2022;9;1;40074,42;4452,71333333333;111,111111111111;"Municipio";1126;"RUBINEIA";"RRAS12";35152;"SANTA FE DO SUL";"Quedas";799,289520426288
"354450";2023;19;1;35322,48;1859,07789473684;52,6315789473684;"Municipio";1165;"RUBINEIA";"RRAS12";35152;"SANTA FE DO SUL";"Quedas";1630,90128755365
"354450";2024;18;0;12339,67;685,537222222222;0;"Municipio";1207;"RUBINEIA";"RRAS12";35152;"SANTA FE DO SUL";"Quedas";1491,30074565037
"354450";2025;11;2;17584,52;1598,59272727273;181,818181818182;"Municipio";;"RUBINEIA";"RRAS12";35152;"SANTA FE DO SUL";"Quedas";
"354460";2015;15;1;12259,63;817,308666666667;66,6666666666667;"Municipio";1090;"SABINO";"RRAS09";35065;"LINS";"Quedas";1376,14678899083
"354460";2016;10;0;5833,93;583,393;0;"Municipio";1125;"SABINO";"RRAS09";35065;"LINS";"Quedas";888,888888888889
"354460";2017;9;0;5193,65;577,072222222222;0;"Municipio";1162;"SABINO";"RRAS09";35065;"LINS";"Quedas";774,526678141136
"354460";2018;10;1;9997,59;999,759;100;"Municipio";1201;"SABINO";"RRAS09";35065;"LINS";"Quedas";832,639467110741
"354460";2019;8;0;15216,7;1902,0875;0;"Municipio";1243;"SABINO";"RRAS09";35065;"LINS";"Quedas";643,604183427192
"354460";2020;9;1;14925,33;1658,37;111,111111111111;"Municipio";1284;"SABINO";"RRAS09";35065;"LINS";"Quedas";700,934579439252
"354460";2021;7;0;6906,95;986,707142857143;0;"Municipio";1315;"SABINO";"RRAS09";35065;"LINS";"Quedas";532,319391634981
"354460";2022;20;0;36015,53;1800,7765;0;"Municipio";1346;"SABINO";"RRAS09";35065;"LINS";"Quedas";1485,88410104012
"354460";2023;12;0;19941,77;1661,81416666667;0;"Municipio";1370;"SABINO";"RRAS09";35065;"LINS";"Quedas";875,912408759124
"354460";2024;17;1;32414,65;1906,74411764706;58,8235294117647;"Municipio";1395;"SABINO";"RRAS09";35065;"LINS";"Quedas";1218,63799283154
"354460";2025;14;1;30479,65;2177,11785714286;71,4285714285714;"Municipio";;"SABINO";"RRAS09";35065;"LINS";"Quedas";
"354470";2015;6;0;1414,65;235,775;0;"Municipio";455;"SAGRES";"RRAS10";35091;"ADAMANTINA";"Quedas";1318,68131868132
"354470";2016;4;0;3021,95;755,4875;0;"Municipio";468;"SAGRES";"RRAS10";35091;"ADAMANTINA";"Quedas";854,700854700855
"354470";2017;6;0;12918,25;2153,04166666667;0;"Municipio";481;"SAGRES";"RRAS10";35091;"ADAMANTINA";"Quedas";1247,40124740125
"354470";2018;9;0;12222,43;1358,04777777778;0;"Municipio";497;"SAGRES";"RRAS10";35091;"ADAMANTINA";"Quedas";1810,86519114688
"354470";2019;2;1;680,39;340,195;500;"Municipio";516;"SAGRES";"RRAS10";35091;"ADAMANTINA";"Quedas";387,596899224806
"354470";2020;10;0;6261,06;626,106;0;"Municipio";531;"SAGRES";"RRAS10";35091;"ADAMANTINA";"Quedas";1883,23917137476
"354470";2021;4;0;2907,38;726,845;0;"Municipio";542;"SAGRES";"RRAS10";35091;"ADAMANTINA";"Quedas";738,007380073801
"354470";2022;5;0;8893,22;1778,644;0;"Municipio";550;"SAGRES";"RRAS10";35091;"ADAMANTINA";"Quedas";909,090909090909
"354470";2023;9;1;7924,89;880,543333333333;111,111111111111;"Municipio";557;"SAGRES";"RRAS10";35091;"ADAMANTINA";"Quedas";1615,79892280072
"354470";2024;4;0;5571,98;1392,995;0;"Municipio";582;"SAGRES";"RRAS10";35091;"ADAMANTINA";"Quedas";687,285223367698
"354470";2025;13;1;11166,57;858,966923076923;76,9230769230769;"Municipio";;"SAGRES";"RRAS10";35091;"ADAMANTINA";"Quedas";
"354480";2015;11;4;32048,75;2913,52272727273;363,636363636364;"Municipio";1115;"SALES";"RRAS12";35151;"CATANDUVA";"Quedas";986,547085201794
"354480";2016;6;1;14679,51;2446,585;166,666666666667;"Municipio";1169;"SALES";"RRAS12";35151;"CATANDUVA";"Quedas";513,259195893926
"354480";2017;8;1;24324,46;3040,5575;125;"Municipio";1224;"SALES";"RRAS12";35151;"CATANDUVA";"Quedas";653,59477124183
"354480";2018;12;1;17366,55;1447,2125;83,3333333333333;"Municipio";1286;"SALES";"RRAS12";35151;"CATANDUVA";"Quedas";933,125972006221
"354480";2019;8;0;27118,46;3389,8075;0;"Municipio";1356;"SALES";"RRAS12";35151;"CATANDUVA";"Quedas";589,970501474926
"354480";2020;13;1;40982,25;3152,48076923077;76,9230769230769;"Municipio";1424;"SALES";"RRAS12";35151;"CATANDUVA";"Quedas";912,921348314607
"354480";2021;9;0;30617,68;3401,96444444444;0;"Municipio";1478;"SALES";"RRAS12";35151;"CATANDUVA";"Quedas";608,93098782138
"354480";2022;16;1;48309,2;3019,325;62,5;"Municipio";1535;"SALES";"RRAS12";35151;"CATANDUVA";"Quedas";1042,34527687296
"354480";2023;12;1;19541,36;1628,44666666667;83,3333333333333;"Municipio";1596;"SALES";"RRAS12";35151;"CATANDUVA";"Quedas";751,87969924812
"354480";2024;17;1;48144,84;2832,04941176471;58,8235294117647;"Municipio";1659;"SALES";"RRAS12";35151;"CATANDUVA";"Quedas";1024,71368294153
"354480";2025;11;1;32179,07;2925,37;90,9090909090909;"Municipio";;"SALES";"RRAS12";35151;"CATANDUVA";"Quedas";
"354490";2015;10;0;13310,49;1331,049;0;"Municipio";1805;"SALES OLIVEIRA";"RRAS13";35082;"ALTA ANHANGUERA";"Quedas";554,016620498615
"354490";2016;5;0;5979,36;1195,872;0;"Municipio";1867;"SALES OLIVEIRA";"RRAS13";35082;"ALTA ANHANGUERA";"Quedas";267,809319764328
"354490";2017;10;1;12034,28;1203,428;100;"Municipio";1930;"SALES OLIVEIRA";"RRAS13";35082;"ALTA ANHANGUERA";"Quedas";518,134715025907
"354490";2018;13;0;16744,28;1288,02153846154;0;"Municipio";1998;"SALES OLIVEIRA";"RRAS13";35082;"ALTA ANHANGUERA";"Quedas";650,650650650651
"354490";2019;12;1;22029,94;1835,82833333333;83,3333333333333;"Municipio";2064;"SALES OLIVEIRA";"RRAS13";35082;"ALTA ANHANGUERA";"Quedas";581,395348837209
"354490";2020;7;1;9442,38;1348,91142857143;142,857142857143;"Municipio";2127;"SALES OLIVEIRA";"RRAS13";35082;"ALTA ANHANGUERA";"Quedas";329,102021626704
"354490";2021;7;0;9507,24;1358,17714285714;0;"Municipio";2190;"SALES OLIVEIRA";"RRAS13";35082;"ALTA ANHANGUERA";"Quedas";319,634703196347
"354490";2022;8;0;3892,44;486,555;0;"Municipio";2241;"SALES OLIVEIRA";"RRAS13";35082;"ALTA ANHANGUERA";"Quedas";356,98348951361
"354490";2023;8;0;13275,87;1659,48375;0;"Municipio";2304;"SALES OLIVEIRA";"RRAS13";35082;"ALTA ANHANGUERA";"Quedas";347,222222222222
"354490";2024;16;2;46811,24;2925,7025;125;"Municipio";2373;"SALES OLIVEIRA";"RRAS13";35082;"ALTA ANHANGUERA";"Quedas";674,25200168563
"354490";2025;19;0;35154,05;1850,21315789474;0;"Municipio";;"SALES OLIVEIRA";"RRAS13";35082;"ALTA ANHANGUERA";"Quedas";
"354500";2015;19;2;23817,52;1253,55368421053;105,263157894737;"Municipio";2368;"SALESOPOLIS";"RRAS02";35011;"ALTO DO TIETE";"Quedas";802,364864864865
"354500";2016;24;1;28644,88;1193,53666666667;41,6666666666667;"Municipio";2438;"SALESOPOLIS";"RRAS02";35011;"ALTO DO TIETE";"Quedas";984,413453650533
"354500";2017;18;1;31926,4;1773,68888888889;55,5555555555556;"Municipio";2511;"SALESOPOLIS";"RRAS02";35011;"ALTO DO TIETE";"Quedas";716,845878136201
"354500";2018;17;1;31185,74;1834,45529411765;58,8235294117647;"Municipio";2602;"SALESOPOLIS";"RRAS02";35011;"ALTO DO TIETE";"Quedas";653,343581860108
"354500";2019;25;2;32019,91;1280,7964;80;"Municipio";2689;"SALESOPOLIS";"RRAS02";35011;"ALTO DO TIETE";"Quedas";929,713648196356
"354500";2020;22;4;28031,42;1274,15545454545;181,818181818182;"Municipio";2777;"SALESOPOLIS";"RRAS02";35011;"ALTO DO TIETE";"Quedas";792,221822110191
"354500";2021;23;1;23508,69;1022,11695652174;43,4782608695652;"Municipio";2852;"SALESOPOLIS";"RRAS02";35011;"ALTO DO TIETE";"Quedas";806,451612903226
"354500";2022;31;1;26925,68;868,570322580645;32,258064516129;"Municipio";2926;"SALESOPOLIS";"RRAS02";35011;"ALTO DO TIETE";"Quedas";1059,46684894053
"354500";2023;29;1;24164,71;833,265862068965;34,4827586206897;"Municipio";3014;"SALESOPOLIS";"RRAS02";35011;"ALTO DO TIETE";"Quedas";962,176509621765
"354500";2024;33;2;38617,33;1170,22212121212;60,6060606060606;"Municipio";3106;"SALESOPOLIS";"RRAS02";35011;"ALTO DO TIETE";"Quedas";1062,4597553123
"354500";2025;49;4;77039,87;1572,24224489796;81,6326530612245;"Municipio";;"SALESOPOLIS";"RRAS02";35011;"ALTO DO TIETE";"Quedas";
"354510";2015;11;0;4368,54;397,14;0;"Municipio";865;"SALMOURAO";"RRAS10";35091;"ADAMANTINA";"Quedas";1271,67630057803
"354510";2016;16;0;16353,78;1022,11125;0;"Municipio";887;"SALMOURAO";"RRAS10";35091;"ADAMANTINA";"Quedas";1803,83314543405
"354510";2017;12;0;6944,97;578,7475;0;"Municipio";908;"SALMOURAO";"RRAS10";35091;"ADAMANTINA";"Quedas";1321,5859030837
"354510";2018;11;1;6127,5;557,045454545455;90,9090909090909;"Municipio";933;"SALMOURAO";"RRAS10";35091;"ADAMANTINA";"Quedas";1178,99249732047
"354510";2019;17;1;14931,33;878,313529411765;58,8235294117647;"Municipio";955;"SALMOURAO";"RRAS10";35091;"ADAMANTINA";"Quedas";1780,10471204188
"354510";2020;11;0;13112,56;1192,05090909091;0;"Municipio";981;"SALMOURAO";"RRAS10";35091;"ADAMANTINA";"Quedas";1121,30479102956
"354510";2021;14;0;16419,38;1172,81285714286;0;"Municipio";997;"SALMOURAO";"RRAS10";35091;"ADAMANTINA";"Quedas";1404,21263791374
"354510";2022;19;0;28431,97;1496,41947368421;0;"Municipio";1014;"SALMOURAO";"RRAS10";35091;"ADAMANTINA";"Quedas";1873,76725838264
"354510";2023;17;3;11879,08;698,769411764706;176,470588235294;"Municipio";1039;"SALMOURAO";"RRAS10";35091;"ADAMANTINA";"Quedas";1636,18864292589
"354510";2024;21;1;16195,12;771,196190476191;47,6190476190476;"Municipio";1063;"SALMOURAO";"RRAS10";35091;"ADAMANTINA";"Quedas";1975,5409219191
"354510";2025;24;0;27835,47;1159,81125;0;"Municipio";;"SALMOURAO";"RRAS10";35091;"ADAMANTINA";"Quedas";
"354515";2015;4;0;28710,97;7177,7425;0;"Municipio";1320;"SALTINHO";"RRAS14";35103;"PIRACICABA";"Quedas";303,030303030303
"354515";2016;5;1;22120,91;4424,182;200;"Municipio";1381;"SALTINHO";"RRAS14";35103;"PIRACICABA";"Quedas";362,056480811007
"354515";2017;6;0;10905,21;1817,535;0;"Municipio";1442;"SALTINHO";"RRAS14";35103;"PIRACICABA";"Quedas";416,088765603329
"354515";2018;4;0;5332,84;1333,21;0;"Municipio";1503;"SALTINHO";"RRAS14";35103;"PIRACICABA";"Quedas";266,134397870925
"354515";2019;6;0;16691,04;2781,84;0;"Municipio";1566;"SALTINHO";"RRAS14";35103;"PIRACICABA";"Quedas";383,141762452107
"354515";2020;14;0;29107,46;2079,10428571429;0;"Municipio";1624;"SALTINHO";"RRAS14";35103;"PIRACICABA";"Quedas";862,068965517241
"354515";2021;17;1;42756,6;2515,09411764706;58,8235294117647;"Municipio";1668;"SALTINHO";"RRAS14";35103;"PIRACICABA";"Quedas";1019,18465227818
"354515";2022;16;0;21009,38;1313,08625;0;"Municipio";1716;"SALTINHO";"RRAS14";35103;"PIRACICABA";"Quedas";932,400932400932
"354515";2023;13;0;29728,96;2286,84307692308;0;"Municipio";1767;"SALTINHO";"RRAS14";35103;"PIRACICABA";"Quedas";735,710243350311
"354515";2024;11;1;24455,19;2223,19909090909;90,9090909090909;"Municipio";1818;"SALTINHO";"RRAS14";35103;"PIRACICABA";"Quedas";605,060506050605
"354515";2025;4;1;19726,31;4931,5775;250;"Municipio";;"SALTINHO";"RRAS14";35103;"PIRACICABA";"Quedas";
"354520";2015;16;4;43673,24;2729,5775;250;"Municipio";15303;"SALTO";"RRAS08";35163;"SOROCABA";"Quedas";104,55466248448
"354520";2016;18;3;66742,94;3707,94111111111;166,666666666667;"Municipio";16098;"SALTO";"RRAS08";35163;"SOROCABA";"Quedas";111,815132314573
"354520";2017;15;0;51235,39;3415,69266666667;0;"Municipio";16939;"SALTO";"RRAS08";35163;"SOROCABA";"Quedas";88,5530432729205
"354520";2018;28;5;112813,68;4029,06;178,571428571429;"Municipio";17840;"SALTO";"RRAS08";35163;"SOROCABA";"Quedas";156,95067264574
"354520";2019;30;7;108396,67;3613,22233333333;233,333333333333;"Municipio";18776;"SALTO";"RRAS08";35163;"SOROCABA";"Quedas";159,77844056242
"354520";2020;19;3;54678;2877,78947368421;157,894736842105;"Municipio";19711;"SALTO";"RRAS08";35163;"SOROCABA";"Quedas";96,3928770737152
"354520";2021;23;2;116450,62;5063,07043478261;86,9565217391304;"Municipio";20579;"SALTO";"RRAS08";35163;"SOROCABA";"Quedas";111,764420039846
"354520";2022;33;4;141905,67;4300,17181818182;121,212121212121;"Municipio";21465;"SALTO";"RRAS08";35163;"SOROCABA";"Quedas";153,738644304682
"354520";2023;26;2;90760,92;3490,80461538462;76,9230769230769;"Municipio";22457;"SALTO";"RRAS08";35163;"SOROCABA";"Quedas";115,776817918689
"354520";2024;35;1;99035,85;2829,59571428571;28,5714285714286;"Municipio";23472;"SALTO";"RRAS08";35163;"SOROCABA";"Quedas";149,113837764145
"354520";2025;28;1;181327,81;6475,99321428571;35,7142857142857;"Municipio";;"SALTO";"RRAS08";35163;"SOROCABA";"Quedas";
"354530";2015;30;0;72117,08;2403,90266666667;0;"Municipio";6040;"SALTO DE PIRAPORA";"RRAS08";35163;"SOROCABA";"Quedas";496,688741721854
"354530";2016;34;6;112734,63;3315,72441176471;176,470588235294;"Municipio";6281;"SALTO DE PIRAPORA";"RRAS08";35163;"SOROCABA";"Quedas";541,315077217004
"354530";2017;12;1;48435,65;4036,30416666667;83,3333333333333;"Municipio";6530;"SALTO DE PIRAPORA";"RRAS08";35163;"SOROCABA";"Quedas";183,767228177642
"354530";2018;20;1;45278,23;2263,9115;50;"Municipio";6795;"SALTO DE PIRAPORA";"RRAS08";35163;"SOROCABA";"Quedas";294,334069168506
"354530";2019;27;0;55652,67;2061,21;0;"Municipio";7065;"SALTO DE PIRAPORA";"RRAS08";35163;"SOROCABA";"Quedas";382,165605095541
"354530";2020;47;6;106418,24;2264,21787234043;127,659574468085;"Municipio";7332;"SALTO DE PIRAPORA";"RRAS08";35163;"SOROCABA";"Quedas";641,025641025641
"354530";2021;38;4;48456,98;1275,18368421053;105,263157894737;"Municipio";7564;"SALTO DE PIRAPORA";"RRAS08";35163;"SOROCABA";"Quedas";502,379693283977
"354530";2022;42;3;79294,61;1887,9669047619;71,4285714285714;"Municipio";7797;"SALTO DE PIRAPORA";"RRAS08";35163;"SOROCABA";"Quedas";538,668718737976
"354530";2023;35;3;124468,17;3556,23342857143;85,7142857142857;"Municipio";8057;"SALTO DE PIRAPORA";"RRAS08";35163;"SOROCABA";"Quedas";434,404865334492
"354530";2024;35;2;87274,91;2493,56885714286;57,1428571428571;"Municipio";8335;"SALTO DE PIRAPORA";"RRAS08";35163;"SOROCABA";"Quedas";419,916016796641
"354530";2025;44;4;112902,33;2565,96204545455;90,9090909090909;"Municipio";;"SALTO DE PIRAPORA";"RRAS08";35163;"SOROCABA";"Quedas";
"354540";2015;16;0;19610,1;1225,63125;0;"Municipio";1628;"SALTO GRANDE";"RRAS10";35094;"OURINHOS";"Quedas";982,800982800983
"354540";2016;15;1;22623,1;1508,20666666667;66,6666666666667;"Municipio";1674;"SALTO GRANDE";"RRAS10";35094;"OURINHOS";"Quedas";896,057347670251
"354540";2017;10;1;18386,13;1838,613;100;"Municipio";1721;"SALTO GRANDE";"RRAS10";35094;"OURINHOS";"Quedas";581,057524694945
"354540";2018;19;2;24569,19;1293,11526315789;105,263157894737;"Municipio";1769;"SALTO GRANDE";"RRAS10";35094;"OURINHOS";"Quedas";1074,05313736574
"354540";2019;22;2;45043,21;2047,41863636364;90,9090909090909;"Municipio";1824;"SALTO GRANDE";"RRAS10";35094;"OURINHOS";"Quedas";1206,14035087719
"354540";2020;21;3;55635,49;2649,30904761905;142,857142857143;"Municipio";1867;"SALTO GRANDE";"RRAS10";35094;"OURINHOS";"Quedas";1124,79914301018
"354540";2021;22;3;43961,24;1998,23818181818;136,363636363636;"Municipio";1905;"SALTO GRANDE";"RRAS10";35094;"OURINHOS";"Quedas";1154,85564304462
"354540";2022;20;0;44712,35;2235,6175;0;"Municipio";1943;"SALTO GRANDE";"RRAS10";35094;"OURINHOS";"Quedas";1029,33607822954
"354540";2023;22;2;55806,49;2536,65863636364;90,9090909090909;"Municipio";1992;"SALTO GRANDE";"RRAS10";35094;"OURINHOS";"Quedas";1104,41767068273
"354540";2024;23;3;76732,26;3336,1852173913;130,434782608696;"Municipio";2052;"SALTO GRANDE";"RRAS10";35094;"OURINHOS";"Quedas";1120,85769980507
"354540";2025;30;1;59743,36;1991,44533333333;33,3333333333333;"Municipio";;"SALTO GRANDE";"RRAS10";35094;"OURINHOS";"Quedas";
"354550";2015;5;1;12889,44;2577,888;200;"Municipio";488;"SANDOVALINA";"RRAS11";35112;"ALTA SOROCABANA";"Quedas";1024,59016393443
"354550";2016;2;0;3877,39;1938,695;0;"Municipio";506;"SANDOVALINA";"RRAS11";35112;"ALTA SOROCABANA";"Quedas";395,256916996047
"354550";2017;10;1;20759,11;2075,911;100;"Municipio";528;"SANDOVALINA";"RRAS11";35112;"ALTA SOROCABANA";"Quedas";1893,93939393939
"354550";2018;1;0;2771,81;2771,81;0;"Municipio";548;"SANDOVALINA";"RRAS11";35112;"ALTA SOROCABANA";"Quedas";182,481751824818
"354550";2019;4;0;8203,96;2050,99;0;"Municipio";571;"SANDOVALINA";"RRAS11";35112;"ALTA SOROCABANA";"Quedas";700,525394045534
"354550";2020;4;0;6116,93;1529,2325;0;"Municipio";596;"SANDOVALINA";"RRAS11";35112;"ALTA SOROCABANA";"Quedas";671,140939597315
"354550";2021;7;0;7302,46;1043,20857142857;0;"Municipio";618;"SANDOVALINA";"RRAS11";35112;"ALTA SOROCABANA";"Quedas";1132,68608414239
"354550";2022;3;1;3184,08;1061,36;333,333333333333;"Municipio";643;"SANDOVALINA";"RRAS11";35112;"ALTA SOROCABANA";"Quedas";466,56298600311
"354550";2023;3;0;8054,74;2684,91333333333;0;"Municipio";665;"SANDOVALINA";"RRAS11";35112;"ALTA SOROCABANA";"Quedas";451,127819548872
"354550";2024;7;0;11267,73;1609,67571428571;0;"Municipio";692;"SANDOVALINA";"RRAS11";35112;"ALTA SOROCABANA";"Quedas";1011,56069364162
"354550";2025;7;0;21832,11;3118,87285714286;0;"Municipio";;"SANDOVALINA";"RRAS11";35112;"ALTA SOROCABANA";"Quedas";
"354560";2015;9;1;25968,04;2885,33777777778;111,111111111111;"Municipio";2430;"SANTA ADELIA";"RRAS12";35151;"CATANDUVA";"Quedas";370,37037037037
"354560";2016;10;1;20703,38;2070,338;100;"Municipio";2486;"SANTA ADELIA";"RRAS12";35151;"CATANDUVA";"Quedas";402,252614641995
"354560";2017;12;4;21490,59;1790,8825;333,333333333333;"Municipio";2549;"SANTA ADELIA";"RRAS12";35151;"CATANDUVA";"Quedas";470,772852098862
"354560";2018;23;1;67188,54;2921,24086956522;43,4782608695652;"Municipio";2614;"SANTA ADELIA";"RRAS12";35151;"CATANDUVA";"Quedas";879,877582249426
"354560";2019;16;3;37915,45;2369,715625;187,5;"Municipio";2677;"SANTA ADELIA";"RRAS12";35151;"CATANDUVA";"Quedas";597,683974598431
"354560";2020;19;1;42938,77;2259,93526315789;52,6315789473684;"Municipio";2733;"SANTA ADELIA";"RRAS12";35151;"CATANDUVA";"Quedas";695,206732528357
"354560";2021;22;2;58825,26;2673,87545454545;90,9090909090909;"Municipio";2774;"SANTA ADELIA";"RRAS12";35151;"CATANDUVA";"Quedas";793,078586878154
"354560";2022;21;0;45881,53;2184,83476190476;0;"Municipio";2828;"SANTA ADELIA";"RRAS12";35151;"CATANDUVA";"Quedas";742,574257425743
"354560";2023;35;2;130847,87;3738,51057142857;57,1428571428571;"Municipio";2894;"SANTA ADELIA";"RRAS12";35151;"CATANDUVA";"Quedas";1209,39875604699
"354560";2024;27;1;59807,42;2215,08962962963;37,037037037037;"Municipio";2968;"SANTA ADELIA";"RRAS12";35151;"CATANDUVA";"Quedas";909,703504043127
"354560";2025;32;4;95770,66;2992,833125;125;"Municipio";;"SANTA ADELIA";"RRAS12";35151;"CATANDUVA";"Quedas";
"354570";2015;12;0;17685,3;1473,775;0;"Municipio";1287;"SANTA ALBERTINA";"RRAS12";35153;"JALES";"Quedas";932,400932400932
"354570";2016;16;1;29339,25;1833,703125;62,5;"Municipio";1319;"SANTA ALBERTINA";"RRAS12";35153;"JALES";"Quedas";1213,04018195603
"354570";2017;9;0;11344,6;1260,51111111111;0;"Municipio";1361;"SANTA ALBERTINA";"RRAS12";35153;"JALES";"Quedas";661,278471711976
"354570";2018;14;1;37834,31;2702,45071428571;71,4285714285714;"Municipio";1407;"SANTA ALBERTINA";"RRAS12";35153;"JALES";"Quedas";995,02487562189
"354570";2019;22;0;35171,02;1598,68272727273;0;"Municipio";1450;"SANTA ALBERTINA";"RRAS12";35153;"JALES";"Quedas";1517,24137931034
"354570";2020;9;0;10619,09;1179,89888888889;0;"Municipio";1496;"SANTA ALBERTINA";"RRAS12";35153;"JALES";"Quedas";601,604278074866
"354570";2021;12;0;30776,95;2564,74583333333;0;"Municipio";1528;"SANTA ALBERTINA";"RRAS12";35153;"JALES";"Quedas";785,340314136126
"354570";2022;16;1;21735,23;1358,451875;62,5;"Municipio";1555;"SANTA ALBERTINA";"RRAS12";35153;"JALES";"Quedas";1028,93890675241
"354570";2023;18;1;76568,65;4253,81388888889;55,5555555555556;"Municipio";1584;"SANTA ALBERTINA";"RRAS12";35153;"JALES";"Quedas";1136,36363636364
"354570";2024;19;0;38182,48;2009,60421052632;0;"Municipio";1625;"SANTA ALBERTINA";"RRAS12";35153;"JALES";"Quedas";1169,23076923077
"354570";2025;11;1;34986,09;3180,55363636364;90,9090909090909;"Municipio";;"SANTA ALBERTINA";"RRAS12";35153;"JALES";"Quedas";
"354580";2015;12;2;33303,31;2775,27583333333;166,666666666667;"Municipio";26728;"SANTA BARBARA DOESTE";"RRAS15";35072;"REG METRO CAMPINAS";"Quedas";44,8967375037414
"354580";2016;10;3;33946,66;3394,666;300;"Municipio";27951;"SANTA BARBARA DOESTE";"RRAS15";35072;"REG METRO CAMPINAS";"Quedas";35,7768952810275
"354580";2017;7;0;15461,1;2208,72857142857;0;"Municipio";29227;"SANTA BARBARA DOESTE";"RRAS15";35072;"REG METRO CAMPINAS";"Quedas";23,9504567694255
"354580";2018;8;0;7909,88;988,735;0;"Municipio";30525;"SANTA BARBARA DOESTE";"RRAS15";35072;"REG METRO CAMPINAS";"Quedas";26,2080262080262
"354580";2019;9;0;27862,17;3095,79666666667;0;"Municipio";31833;"SANTA BARBARA DOESTE";"RRAS15";35072;"REG METRO CAMPINAS";"Quedas";28,2725473565168
"354580";2020;9;0;17613,5;1957,05555555556;0;"Municipio";33092;"SANTA BARBARA DOESTE";"RRAS15";35072;"REG METRO CAMPINAS";"Quedas";27,1969055965188
"354580";2021;6;1;26411,56;4401,92666666667;166,666666666667;"Municipio";34191;"SANTA BARBARA DOESTE";"RRAS15";35072;"REG METRO CAMPINAS";"Quedas";17,5484776695622
"354580";2022;10;0;28546,54;2854,654;0;"Municipio";35293;"SANTA BARBARA DOESTE";"RRAS15";35072;"REG METRO CAMPINAS";"Quedas";28,3342305839685
"354580";2023;12;1;19724,5;1643,70833333333;83,3333333333333;"Municipio";36507;"SANTA BARBARA DOESTE";"RRAS15";35072;"REG METRO CAMPINAS";"Quedas";32,8704084148246
"354580";2024;5;2;12365,6;2473,12;400;"Municipio";37758;"SANTA BARBARA DOESTE";"RRAS15";35072;"REG METRO CAMPINAS";"Quedas";13,2422268128608
"354580";2025;3;1;19634,11;6544,70333333333;333,333333333333;"Municipio";;"SANTA BARBARA DOESTE";"RRAS15";35072;"REG METRO CAMPINAS";"Quedas";
"354600";2015;2;1;3125,01;1562,505;500;"Municipio";2333;"SANTA BRANCA";"RRAS17";35171;"ALTO VALE DO PARAIBA";"Quedas";85,726532361766
"354600";2016;8;2;8251,41;1031,42625;250;"Municipio";2426;"SANTA BRANCA";"RRAS17";35171;"ALTO VALE DO PARAIBA";"Quedas";329,760923330585
"354600";2017;8;0;9425,51;1178,18875;0;"Municipio";2512;"SANTA BRANCA";"RRAS17";35171;"ALTO VALE DO PARAIBA";"Quedas";318,471337579618
"354600";2018;12;1;23233,19;1936,09916666667;83,3333333333333;"Municipio";2614;"SANTA BRANCA";"RRAS17";35171;"ALTO VALE DO PARAIBA";"Quedas";459,066564651875
"354600";2019;7;0;4824,26;689,18;0;"Municipio";2715;"SANTA BRANCA";"RRAS17";35171;"ALTO VALE DO PARAIBA";"Quedas";257,826887661142
"354600";2020;5;0;2865,51;573,102;0;"Municipio";2808;"SANTA BRANCA";"RRAS17";35171;"ALTO VALE DO PARAIBA";"Quedas";178,062678062678
"354600";2021;10;0;17250,17;1725,017;0;"Municipio";2892;"SANTA BRANCA";"RRAS17";35171;"ALTO VALE DO PARAIBA";"Quedas";345,781466113416
"354600";2022;11;0;25624,62;2329,51090909091;0;"Municipio";2979;"SANTA BRANCA";"RRAS17";35171;"ALTO VALE DO PARAIBA";"Quedas";369,251426653239
"354600";2023;12;0;17088,68;1424,05666666667;0;"Municipio";3083;"SANTA BRANCA";"RRAS17";35171;"ALTO VALE DO PARAIBA";"Quedas";389,231268245216
"354600";2024;4;0;16481,04;4120,26;0;"Municipio";3185;"SANTA BRANCA";"RRAS17";35171;"ALTO VALE DO PARAIBA";"Quedas";125,588697017268
"354600";2025;9;1;83567,53;9285,28111111111;111,111111111111;"Municipio";;"SANTA BRANCA";"RRAS17";35171;"ALTO VALE DO PARAIBA";"Quedas";
"354610";2015;3;0;3732,87;1244,29;0;"Municipio";446;"SANTA CLARA DOESTE";"RRAS12";35152;"SANTA FE DO SUL";"Quedas";672,645739910314
"354610";2016;2;0;10273,05;5136,525;0;"Municipio";460;"SANTA CLARA DOESTE";"RRAS12";35152;"SANTA FE DO SUL";"Quedas";434,782608695652
"354610";2017;5;0;9940,27;1988,054;0;"Municipio";474;"SANTA CLARA DOESTE";"RRAS12";35152;"SANTA FE DO SUL";"Quedas";1054,85232067511
"354610";2018;4;1;13162,57;3290,6425;250;"Municipio";495;"SANTA CLARA DOESTE";"RRAS12";35152;"SANTA FE DO SUL";"Quedas";808,080808080808
"354610";2019;6;0;16046,99;2674,49833333333;0;"Municipio";513;"SANTA CLARA DOESTE";"RRAS12";35152;"SANTA FE DO SUL";"Quedas";1169,59064327485
"354610";2020;1;0;2043,82;2043,82;0;"Municipio";529;"SANTA CLARA DOESTE";"RRAS12";35152;"SANTA FE DO SUL";"Quedas";189,035916824197
"354610";2021;3;0;7673,44;2557,81333333333;0;"Municipio";542;"SANTA CLARA DOESTE";"RRAS12";35152;"SANTA FE DO SUL";"Quedas";553,50553505535
"354610";2022;5;1;26875,94;5375,188;200;"Municipio";554;"SANTA CLARA DOESTE";"RRAS12";35152;"SANTA FE DO SUL";"Quedas";902,527075812274
"354610";2023;4;1;7017,61;1754,4025;250;"Municipio";560;"SANTA CLARA DOESTE";"RRAS12";35152;"SANTA FE DO SUL";"Quedas";714,285714285714
"354610";2024;2;0;3823,98;1911,99;0;"Municipio";581;"SANTA CLARA DOESTE";"RRAS12";35152;"SANTA FE DO SUL";"Quedas";344,234079173838
"354610";2025;5;0;19128,68;3825,736;0;"Municipio";;"SANTA CLARA DOESTE";"RRAS12";35152;"SANTA FE DO SUL";"Quedas";
"354620";2016;1;0;12944,84;12944,84;0;"Municipio";872;"SANTA CRUZ DA CONCEICAO";"RRAS14";35101;"ARARAS";"Quedas";114,678899082569
"354620";2019;2;1;15353,5;7676,75;500;"Municipio";998;"SANTA CRUZ DA CONCEICAO";"RRAS14";35101;"ARARAS";"Quedas";200,400801603206
"354620";2023;2;0;2227,2;1113,6;0;"Municipio";1157;"SANTA CRUZ DA CONCEICAO";"RRAS14";35101;"ARARAS";"Quedas";172,86084701815
"354620";2024;1;0;16164,41;16164,41;0;"Municipio";1197;"SANTA CRUZ DA CONCEICAO";"RRAS14";35101;"ARARAS";"Quedas";83,5421888053467
"354625";2015;2;0;2247,98;1123,99;0;"Municipio";373;"SANTA CRUZ DA ESPERANCA";"RRAS13";35133;"VALE DAS CACHOEIRAS";"Quedas";536,193029490617
"354625";2017;3;0;1624,55;541,516666666667;0;"Municipio";404;"SANTA CRUZ DA ESPERANCA";"RRAS13";35133;"VALE DAS CACHOEIRAS";"Quedas";742,574257425743
"354625";2018;2;0;2060,84;1030,42;0;"Municipio";422;"SANTA CRUZ DA ESPERANCA";"RRAS13";35133;"VALE DAS CACHOEIRAS";"Quedas";473,9336492891
"354625";2019;1;0;56,38;56,38;0;"Municipio";442;"SANTA CRUZ DA ESPERANCA";"RRAS13";35133;"VALE DAS CACHOEIRAS";"Quedas";226,244343891403
"354625";2020;1;0;1940,9;1940,9;0;"Municipio";461;"SANTA CRUZ DA ESPERANCA";"RRAS13";35133;"VALE DAS CACHOEIRAS";"Quedas";216,919739696312
"354625";2022;2;0;2585,59;1292,795;0;"Municipio";489;"SANTA CRUZ DA ESPERANCA";"RRAS13";35133;"VALE DAS CACHOEIRAS";"Quedas";408,997955010225
"354625";2023;3;0;796,97;265,656666666667;0;"Municipio";503;"SANTA CRUZ DA ESPERANCA";"RRAS13";35133;"VALE DAS CACHOEIRAS";"Quedas";596,421471172962
"354625";2024;7;0;8570,73;1224,39;0;"Municipio";515;"SANTA CRUZ DA ESPERANCA";"RRAS13";35133;"VALE DAS CACHOEIRAS";"Quedas";1359,22330097087
"354625";2025;2;0;4660,68;2330,34;0;"Municipio";;"SANTA CRUZ DA ESPERANCA";"RRAS13";35133;"VALE DAS CACHOEIRAS";"Quedas";
"354630";2015;40;1;31017,43;775,43575;25;"Municipio";4182;"SANTA CRUZ DAS PALMEIRAS";"RRAS15";35142;"MANTIQUEIRA";"Quedas";956,480153036825
"354630";2016;56;2;51763,73;924,352321428571;35,7142857142857;"Municipio";4324;"SANTA CRUZ DAS PALMEIRAS";"RRAS15";35142;"MANTIQUEIRA";"Quedas";1295,09713228492
"354630";2017;60;1;53431,95;890,5325;16,6666666666667;"Municipio";4471;"SANTA CRUZ DAS PALMEIRAS";"RRAS15";35142;"MANTIQUEIRA";"Quedas";1341,98165958399
"354630";2018;38;2;15498,97;407,867631578947;52,6315789473684;"Municipio";4623;"SANTA CRUZ DAS PALMEIRAS";"RRAS15";35142;"MANTIQUEIRA";"Quedas";821,97707116591
"354630";2019;50;3;35872,8;717,456;60;"Municipio";4778;"SANTA CRUZ DAS PALMEIRAS";"RRAS15";35142;"MANTIQUEIRA";"Quedas";1046,46295521139
"354630";2020;55;1;58079,12;1055,984;18,1818181818182;"Municipio";4922;"SANTA CRUZ DAS PALMEIRAS";"RRAS15";35142;"MANTIQUEIRA";"Quedas";1117,43193823649
"354630";2021;62;1;39679,86;639,997741935484;16,1290322580645;"Municipio";5050;"SANTA CRUZ DAS PALMEIRAS";"RRAS15";35142;"MANTIQUEIRA";"Quedas";1227,72277227723
"354630";2022;54;3;53904,06;998,223333333333;55,5555555555556;"Municipio";5173;"SANTA CRUZ DAS PALMEIRAS";"RRAS15";35142;"MANTIQUEIRA";"Quedas";1043,88169340808
"354630";2023;48;1;26339,33;548,736041666667;20,8333333333333;"Municipio";5332;"SANTA CRUZ DAS PALMEIRAS";"RRAS15";35142;"MANTIQUEIRA";"Quedas";900,225056264066
"354630";2024;66;2;42356,86;641,770606060606;30,3030303030303;"Municipio";5499;"SANTA CRUZ DAS PALMEIRAS";"RRAS15";35142;"MANTIQUEIRA";"Quedas";1200,21822149482
"354630";2025;95;2;155322,61;1634,97484210526;21,0526315789474;"Municipio";;"SANTA CRUZ DAS PALMEIRAS";"RRAS15";35142;"MANTIQUEIRA";"Quedas";
"354640";2015;111;5;114011,58;1027,13135135135;45,045045045045;"Municipio";7846;"SANTA CRUZ DO RIO PARDO";"RRAS10";35094;"OURINHOS";"Quedas";1414,73362222789
"354640";2016;87;2;85276,14;980,185517241379;22,9885057471264;"Municipio";8070;"SANTA CRUZ DO RIO PARDO";"RRAS10";35094;"OURINHOS";"Quedas";1078,06691449814
"354640";2017;92;5;105873,62;1150,8002173913;54,3478260869565;"Municipio";8296;"SANTA CRUZ DO RIO PARDO";"RRAS10";35094;"OURINHOS";"Quedas";1108,96817743491
"354640";2018;88;5;90369,28;1026,92363636364;56,8181818181818;"Municipio";8524;"SANTA CRUZ DO RIO PARDO";"RRAS10";35094;"OURINHOS";"Quedas";1032,3791647114
"354640";2019;99;7;124030,3;1252,83131313131;70,7070707070707;"Municipio";8745;"SANTA CRUZ DO RIO PARDO";"RRAS10";35094;"OURINHOS";"Quedas";1132,07547169811
"354640";2020;92;3;139402,94;1515,24934782609;32,6086956521739;"Municipio";8957;"SANTA CRUZ DO RIO PARDO";"RRAS10";35094;"OURINHOS";"Quedas";1027,12961929217
"354640";2021;102;3;136058,16;1333,90352941176;29,4117647058824;"Municipio";9120;"SANTA CRUZ DO RIO PARDO";"RRAS10";35094;"OURINHOS";"Quedas";1118,42105263158
"354640";2022;80;4;82535,23;1031,690375;50;"Municipio";9282;"SANTA CRUZ DO RIO PARDO";"RRAS10";35094;"OURINHOS";"Quedas";861,883214824391
"354640";2023;77;2;117298,23;1523,35363636364;25,974025974026;"Municipio";9502;"SANTA CRUZ DO RIO PARDO";"RRAS10";35094;"OURINHOS";"Quedas";810,355714586403
"354640";2024;62;2;107663,6;1736,50967741935;32,258064516129;"Municipio";9735;"SANTA CRUZ DO RIO PARDO";"RRAS10";35094;"OURINHOS";"Quedas";636,877247046739
"354640";2025;93;3;260892,83;2805,29924731183;32,258064516129;"Municipio";;"SANTA CRUZ DO RIO PARDO";"RRAS10";35094;"OURINHOS";"Quedas";
"354650";2015;4;0;1449,43;362,3575;0;"Municipio";694;"SANTA ERNESTINA";"RRAS18";35033;"NOROESTE DRS III";"Quedas";576,368876080692
"354650";2016;5;0;12107,7;2421,54;0;"Municipio";723;"SANTA ERNESTINA";"RRAS18";35033;"NOROESTE DRS III";"Quedas";691,562932226833
"354650";2017;5;0;4101,26;820,252;0;"Municipio";748;"SANTA ERNESTINA";"RRAS18";35033;"NOROESTE DRS III";"Quedas";668,449197860962
"354650";2018;5;0;3496,86;699,372;0;"Municipio";785;"SANTA ERNESTINA";"RRAS18";35033;"NOROESTE DRS III";"Quedas";636,942675159236
"354650";2019;1;0;1889,24;1889,24;0;"Municipio";821;"SANTA ERNESTINA";"RRAS18";35033;"NOROESTE DRS III";"Quedas";121,802679658952
"354650";2020;3;0;2962,49;987,496666666667;0;"Municipio";861;"SANTA ERNESTINA";"RRAS18";35033;"NOROESTE DRS III";"Quedas";348,432055749129
"354650";2021;7;1;2189,25;312,75;142,857142857143;"Municipio";892;"SANTA ERNESTINA";"RRAS18";35033;"NOROESTE DRS III";"Quedas";784,7533632287
"354650";2022;8;2;6100,29;762,53625;250;"Municipio";928;"SANTA ERNESTINA";"RRAS18";35033;"NOROESTE DRS III";"Quedas";862,068965517241
"354650";2023;11;0;18991,51;1726,50090909091;0;"Municipio";968;"SANTA ERNESTINA";"RRAS18";35033;"NOROESTE DRS III";"Quedas";1136,36363636364
"354650";2024;4;1;9974,47;2493,6175;250;"Municipio";1012;"SANTA ERNESTINA";"RRAS18";35033;"NOROESTE DRS III";"Quedas";395,256916996047
"354650";2025;6;1;33372,53;5562,08833333333;166,666666666667;"Municipio";;"SANTA ERNESTINA";"RRAS18";35033;"NOROESTE DRS III";"Quedas";
"354660";2015;61;5;122420,73;2006,89721311475;81,9672131147541;"Municipio";6002;"SANTA FE DO SUL";"RRAS12";35152;"SANTA FE DO SUL";"Quedas";1016,3278907031
"354660";2016;67;5;113295,79;1690,98194029851;74,6268656716418;"Municipio";6201;"SANTA FE DO SUL";"RRAS12";35152;"SANTA FE DO SUL";"Quedas";1080,47089179165
"354660";2017;69;6;167841,43;2432,48449275362;86,9565217391304;"Municipio";6403;"SANTA FE DO SUL";"RRAS12";35152;"SANTA FE DO SUL";"Quedas";1077,61986568796
"354660";2018;54;3;148655,28;2752,87555555556;55,5555555555556;"Municipio";6613;"SANTA FE DO SUL";"RRAS12";35152;"SANTA FE DO SUL";"Quedas";816,57341599879
"354660";2019;80;8;173189;2164,8625;100;"Municipio";6829;"SANTA FE DO SUL";"RRAS12";35152;"SANTA FE DO SUL";"Quedas";1171,47459364475
"354660";2020;76;12;180999,42;2381,57131578947;157,894736842105;"Municipio";7034;"SANTA FE DO SUL";"RRAS12";35152;"SANTA FE DO SUL";"Quedas";1080,46630651123
"354660";2021;78;5;236156,1;3027,64230769231;64,1025641025641;"Municipio";7216;"SANTA FE DO SUL";"RRAS12";35152;"SANTA FE DO SUL";"Quedas";1080,93126385809
"354660";2022;69;5;154783,02;2243,23217391304;72,463768115942;"Municipio";7390;"SANTA FE DO SUL";"RRAS12";35152;"SANTA FE DO SUL";"Quedas";933,694181326116
"354660";2023;92;5;218332,54;2373,1797826087;54,3478260869565;"Municipio";7606;"SANTA FE DO SUL";"RRAS12";35152;"SANTA FE DO SUL";"Quedas";1209,5713910071
"354660";2024;77;4;215328,4;2796,47272727273;51,948051948052;"Municipio";7839;"SANTA FE DO SUL";"RRAS12";35152;"SANTA FE DO SUL";"Quedas";982,268146447251
"354660";2025;104;7;375043,5;3606,1875;67,3076923076923;"Municipio";;"SANTA FE DO SUL";"RRAS12";35152;"SANTA FE DO SUL";"Quedas";
"354670";2015;1;0;1838,25;1838,25;0;"Municipio";2313;"SANTA GERTRUDES";"RRAS14";35104;"RIO CLARO";"Quedas";43,2338953739732
"354670";2016;1;0;4702,26;4702,26;0;"Municipio";2405;"SANTA GERTRUDES";"RRAS14";35104;"RIO CLARO";"Quedas";41,5800415800416
"354670";2018;2;0;2783,7;1391,85;0;"Municipio";2601;"SANTA GERTRUDES";"RRAS14";35104;"RIO CLARO";"Quedas";76,8935024990388
"354670";2020;1;0;517,26;517,26;0;"Municipio";2809;"SANTA GERTRUDES";"RRAS14";35104;"RIO CLARO";"Quedas";35,5998576005696
"354670";2021;3;0;7130,06;2376,68666666667;0;"Municipio";2901;"SANTA GERTRUDES";"RRAS14";35104;"RIO CLARO";"Quedas";103,412616339193
"354670";2022;7;0;11851,97;1693,13857142857;0;"Municipio";3001;"SANTA GERTRUDES";"RRAS14";35104;"RIO CLARO";"Quedas";233,255581472842
"354670";2023;4;0;5519,34;1379,835;0;"Municipio";3120;"SANTA GERTRUDES";"RRAS14";35104;"RIO CLARO";"Quedas";128,205128205128
"354670";2024;2;0;3291,19;1645,595;0;"Municipio";3249;"SANTA GERTRUDES";"RRAS14";35104;"RIO CLARO";"Quedas";61,5574022776239
"354670";2025;2;0;5000,14;2500,07;0;"Municipio";;"SANTA GERTRUDES";"RRAS14";35104;"RIO CLARO";"Quedas";
"354680";2015;63;6;87414,76;1387,53587301587;95,2380952380952;"Municipio";7220;"SANTA ISABEL";"RRAS02";35011;"ALTO DO TIETE";"Quedas";872,576177285319
"354680";2016;64;5;94139,21;1470,92515625;78,125;"Municipio";7515;"SANTA ISABEL";"RRAS02";35011;"ALTO DO TIETE";"Quedas";851,630073186959
"354680";2017;69;5;95532,27;1384,52565217391;72,463768115942;"Municipio";7814;"SANTA ISABEL";"RRAS02";35011;"ALTO DO TIETE";"Quedas";883,030458152035
"354680";2018;68;9;88932,79;1307,83514705882;132,352941176471;"Municipio";8131;"SANTA ISABEL";"RRAS02";35011;"ALTO DO TIETE";"Quedas";836,305497478785
"354680";2019;65;5;70505,76;1084,704;76,9230769230769;"Municipio";8451;"SANTA ISABEL";"RRAS02";35011;"ALTO DO TIETE";"Quedas";769,139746775529
"354680";2020;101;10;164305,04;1626,78257425743;99,009900990099;"Municipio";8760;"SANTA ISABEL";"RRAS02";35011;"ALTO DO TIETE";"Quedas";1152,96803652968
"354680";2021;81;6;175322,17;2164,4712345679;74,0740740740741;"Municipio";9024;"SANTA ISABEL";"RRAS02";35011;"ALTO DO TIETE";"Quedas";897,606382978723
"354680";2022;75;2;149280,63;1990,4084;26,6666666666667;"Municipio";9301;"SANTA ISABEL";"RRAS02";35011;"ALTO DO TIETE";"Quedas";806,364906999247
"354680";2023;71;4;106319,3;1497,45492957746;56,3380281690141;"Municipio";9626;"SANTA ISABEL";"RRAS02";35011;"ALTO DO TIETE";"Quedas";737,585705381259
"354680";2024;76;5;107633,37;1416,22855263158;65,7894736842105;"Municipio";9965;"SANTA ISABEL";"RRAS02";35011;"ALTO DO TIETE";"Quedas";762,669342699448
"354680";2025;102;1;159869,62;1567,34921568627;9,80392156862745;"Municipio";;"SANTA ISABEL";"RRAS02";35011;"ALTO DO TIETE";"Quedas";
"354690";2015;6;1;7159,87;1193,31166666667;166,666666666667;"Municipio";1027;"SANTA LUCIA";"RRAS18";35031;"CENTRAL DO DRS III";"Quedas";584,225900681597
"354690";2016;6;0;13211,59;2201,93166666667;0;"Municipio";1064;"SANTA LUCIA";"RRAS18";35031;"CENTRAL DO DRS III";"Quedas";563,90977443609
"354690";2017;8;1;15684,26;1960,5325;125;"Municipio";1105;"SANTA LUCIA";"RRAS18";35031;"CENTRAL DO DRS III";"Quedas";723,981900452489
"354690";2018;10;0;13405,62;1340,562;0;"Municipio";1143;"SANTA LUCIA";"RRAS18";35031;"CENTRAL DO DRS III";"Quedas";874,890638670166
"354690";2019;7;1;12408,54;1772,64857142857;142,857142857143;"Municipio";1181;"SANTA LUCIA";"RRAS18";35031;"CENTRAL DO DRS III";"Quedas";592,718035563082
"354690";2020;5;2;5048,34;1009,668;400;"Municipio";1219;"SANTA LUCIA";"RRAS18";35031;"CENTRAL DO DRS III";"Quedas";410,172272354389
"354690";2021;6;0;9466,52;1577,75333333333;0;"Municipio";1258;"SANTA LUCIA";"RRAS18";35031;"CENTRAL DO DRS III";"Quedas";476,947535771065
"354690";2022;7;0;8737,04;1248,14857142857;0;"Municipio";1297;"SANTA LUCIA";"RRAS18";35031;"CENTRAL DO DRS III";"Quedas";539,707016191211
"354690";2023;6;1;14951,59;2491,93166666667;166,666666666667;"Municipio";1344;"SANTA LUCIA";"RRAS18";35031;"CENTRAL DO DRS III";"Quedas";446,428571428571
"354690";2024;7;0;20876,35;2982,33571428571;0;"Municipio";1393;"SANTA LUCIA";"RRAS18";35031;"CENTRAL DO DRS III";"Quedas";502,51256281407
"354690";2025;10;3;61566,32;6156,632;300;"Municipio";;"SANTA LUCIA";"RRAS18";35031;"CENTRAL DO DRS III";"Quedas";
"354700";2015;9;1;10205,42;1133,93555555556;111,111111111111;"Municipio";733;"SANTA MARIA DA SERRA";"RRAS14";35103;"PIRACICABA";"Quedas";1227,83083219645
"354700";2016;8;0;18064,27;2258,03375;0;"Municipio";752;"SANTA MARIA DA SERRA";"RRAS14";35103;"PIRACICABA";"Quedas";1063,82978723404
"354700";2017;7;0;8667,5;1238,21428571429;0;"Municipio";777;"SANTA MARIA DA SERRA";"RRAS14";35103;"PIRACICABA";"Quedas";900,900900900901
"354700";2018;4;0;3637,54;909,385;0;"Municipio";802;"SANTA MARIA DA SERRA";"RRAS14";35103;"PIRACICABA";"Quedas";498,753117206983
"354700";2019;4;0;6462,02;1615,505;0;"Municipio";836;"SANTA MARIA DA SERRA";"RRAS14";35103;"PIRACICABA";"Quedas";478,468899521531
"354700";2020;5;1;6298,81;1259,762;200;"Municipio";864;"SANTA MARIA DA SERRA";"RRAS14";35103;"PIRACICABA";"Quedas";578,703703703704
"354700";2021;10;0;25929,98;2592,998;0;"Municipio";890;"SANTA MARIA DA SERRA";"RRAS14";35103;"PIRACICABA";"Quedas";1123,59550561798
"354700";2022;4;0;15806,67;3951,6675;0;"Municipio";918;"SANTA MARIA DA SERRA";"RRAS14";35103;"PIRACICABA";"Quedas";435,729847494553
"354700";2023;5;0;36917,47;7383,494;0;"Municipio";943;"SANTA MARIA DA SERRA";"RRAS14";35103;"PIRACICABA";"Quedas";530,222693531283
"354700";2024;6;1;14577,64;2429,60666666667;166,666666666667;"Municipio";974;"SANTA MARIA DA SERRA";"RRAS14";35103;"PIRACICABA";"Quedas";616,016427104723
"354700";2025;7;0;14060,76;2008,68;0;"Municipio";;"SANTA MARIA DA SERRA";"RRAS14";35103;"PIRACICABA";"Quedas";
"354710";2015;4;0;4605,32;1151,33;0;"Municipio";500;"SANTA MERCEDES";"RRAS11";35111;"ALTA PAULISTA";"Quedas";800
"354710";2016;1;0;281,29;281,29;0;"Municipio";511;"SANTA MERCEDES";"RRAS11";35111;"ALTA PAULISTA";"Quedas";195,694716242661
"354710";2018;1;0;2040,84;2040,84;0;"Municipio";539;"SANTA MERCEDES";"RRAS11";35111;"ALTA PAULISTA";"Quedas";185,528756957328
"354710";2019;4;1;10001,46;2500,365;250;"Municipio";556;"SANTA MERCEDES";"RRAS11";35111;"ALTA PAULISTA";"Quedas";719,424460431655
"354710";2020;5;0;5859,94;1171,988;0;"Municipio";578;"SANTA MERCEDES";"RRAS11";35111;"ALTA PAULISTA";"Quedas";865,051903114187
"354710";2021;3;0;6930,01;2310,00333333333;0;"Municipio";593;"SANTA MERCEDES";"RRAS11";35111;"ALTA PAULISTA";"Quedas";505,902192242833
"354710";2022;1;0;1993,71;1993,71;0;"Municipio";616;"SANTA MERCEDES";"RRAS11";35111;"ALTA PAULISTA";"Quedas";162,337662337662
"354710";2023;6;2;8319,14;1386,52333333333;333,333333333333;"Municipio";628;"SANTA MERCEDES";"RRAS11";35111;"ALTA PAULISTA";"Quedas";955,414012738853
"354710";2024;2;0;2272,33;1136,165;0;"Municipio";649;"SANTA MERCEDES";"RRAS11";35111;"ALTA PAULISTA";"Quedas";308,166409861325
"354710";2025;3;0;3252;1084;0;"Municipio";;"SANTA MERCEDES";"RRAS11";35111;"ALTA PAULISTA";"Quedas";
"354720";2015;1;0;115,45;115,45;0;"Municipio";445;"SANTANA DA PONTE PENSA";"RRAS12";35153;"JALES";"Quedas";224,719101123596
"354720";2016;9;1;24680,74;2742,30444444444;111,111111111111;"Municipio";459;"SANTANA DA PONTE PENSA";"RRAS12";35153;"JALES";"Quedas";1960,78431372549
"354720";2017;2;0;3340,22;1670,11;0;"Municipio";470;"SANTANA DA PONTE PENSA";"RRAS12";35153;"JALES";"Quedas";425,531914893617
"354720";2018;6;0;6631,72;1105,28666666667;0;"Municipio";483;"SANTANA DA PONTE PENSA";"RRAS12";35153;"JALES";"Quedas";1242,23602484472
"354720";2019;3;0;5636,63;1878,87666666667;0;"Municipio";497;"SANTANA DA PONTE PENSA";"RRAS12";35153;"JALES";"Quedas";603,621730382294
"354720";2020;4;0;4982,49;1245,6225;0;"Municipio";509;"SANTANA DA PONTE PENSA";"RRAS12";35153;"JALES";"Quedas";785,854616895874
"354720";2021;7;0;9216,57;1316,65285714286;0;"Municipio";516;"SANTANA DA PONTE PENSA";"RRAS12";35153;"JALES";"Quedas";1356,58914728682
"354720";2022;6;1;21829,57;3638,26166666667;166,666666666667;"Municipio";532;"SANTANA DA PONTE PENSA";"RRAS12";35153;"JALES";"Quedas";1127,81954887218
"354720";2023;7;0;12333,94;1761,99142857143;0;"Municipio";531;"SANTANA DA PONTE PENSA";"RRAS12";35153;"JALES";"Quedas";1318,26741996234
"354720";2024;8;0;19197,82;2399,7275;0;"Municipio";556;"SANTANA DA PONTE PENSA";"RRAS12";35153;"JALES";"Quedas";1438,84892086331
"354720";2025;9;0;29273,78;3252,64222222222;0;"Municipio";;"SANTANA DA PONTE PENSA";"RRAS12";35153;"JALES";"Quedas";
"354730";2015;50;1;24290,7;485,814;20;"Municipio";13374;"SANTANA DE PARNAIBA";"RRAS05";35014;"ROTA DOS BANDEIRANTES";"Quedas";373,859727830118
"354730";2016;90;3;126066,4;1400,73777777778;33,3333333333333;"Municipio";14473;"SANTANA DE PARNAIBA";"RRAS05";35014;"ROTA DOS BANDEIRANTES";"Quedas";621,847578249154
"354730";2017;91;2;92690,3;1018,57472527473;21,978021978022;"Municipio";15619;"SANTANA DE PARNAIBA";"RRAS05";35014;"ROTA DOS BANDEIRANTES";"Quedas";582,623727511364
"354730";2018;90;3;92643,05;1029,36722222222;33,3333333333333;"Municipio";16785;"SANTANA DE PARNAIBA";"RRAS05";35014;"ROTA DOS BANDEIRANTES";"Quedas";536,193029490617
"354730";2019;97;3;118471,64;1221,35711340206;30,9278350515464;"Municipio";17974;"SANTANA DE PARNAIBA";"RRAS05";35014;"ROTA DOS BANDEIRANTES";"Quedas";539,668409925448
"354730";2020;100;3;139462,13;1394,6213;30;"Municipio";19171;"SANTANA DE PARNAIBA";"RRAS05";35014;"ROTA DOS BANDEIRANTES";"Quedas";521,621198685515
"354730";2021;103;3;107942,43;1047,98475728155;29,126213592233;"Municipio";20321;"SANTANA DE PARNAIBA";"RRAS05";35014;"ROTA DOS BANDEIRANTES";"Quedas";506,864819644703
"354730";2022;84;5;98030,37;1167,02821428571;59,5238095238095;"Municipio";21500;"SANTANA DE PARNAIBA";"RRAS05";35014;"ROTA DOS BANDEIRANTES";"Quedas";390,697674418605
"354730";2023;135;6;157999,9;1170,36962962963;44,4444444444444;"Municipio";22765;"SANTANA DE PARNAIBA";"RRAS05";35014;"ROTA DOS BANDEIRANTES";"Quedas";593,015594113771
"354730";2024;132;3;189870,94;1438,41621212121;22,7272727272727;"Municipio";24047;"SANTANA DE PARNAIBA";"RRAS05";35014;"ROTA DOS BANDEIRANTES";"Quedas";548,925021832245
"354730";2025;127;10;248851,11;1959,45755905512;78,740157480315;"Municipio";;"SANTANA DE PARNAIBA";"RRAS05";35014;"ROTA DOS BANDEIRANTES";"Quedas";
"354740";2015;9;1;26892,34;2988,03777777778;111,111111111111;"Municipio";663;"SANTA RITA DOESTE";"RRAS12";35152;"SANTA FE DO SUL";"Quedas";1357,46606334842
"354740";2016;4;1;5952,22;1488,055;250;"Municipio";681;"SANTA RITA DOESTE";"RRAS12";35152;"SANTA FE DO SUL";"Quedas";587,371512481645
"354740";2017;2;1;6933,51;3466,755;500;"Municipio";700;"SANTA RITA DOESTE";"RRAS12";35152;"SANTA FE DO SUL";"Quedas";285,714285714286
"354740";2018;5;1;11721,5;2344,3;200;"Municipio";720;"SANTA RITA DOESTE";"RRAS12";35152;"SANTA FE DO SUL";"Quedas";694,444444444444
"354740";2019;5;0;2866,21;573,242;0;"Municipio";741;"SANTA RITA DOESTE";"RRAS12";35152;"SANTA FE DO SUL";"Quedas";674,76383265857
"354740";2020;4;0;5004,04;1251,01;0;"Municipio";756;"SANTA RITA DOESTE";"RRAS12";35152;"SANTA FE DO SUL";"Quedas";529,100529100529
"354740";2021;2;0;6074,1;3037,05;0;"Municipio";771;"SANTA RITA DOESTE";"RRAS12";35152;"SANTA FE DO SUL";"Quedas";259,403372243839
"354740";2022;6;0;27136,8;4522,8;0;"Municipio";781;"SANTA RITA DOESTE";"RRAS12";35152;"SANTA FE DO SUL";"Quedas";768,245838668374
"354740";2023;8;0;17281,56;2160,195;0;"Municipio";797;"SANTA RITA DOESTE";"RRAS12";35152;"SANTA FE DO SUL";"Quedas";1003,76411543287
"354740";2024;11;1;37230,32;3384,57454545455;90,9090909090909;"Municipio";811;"SANTA RITA DOESTE";"RRAS12";35152;"SANTA FE DO SUL";"Quedas";1356,35018495684
"354740";2025;9;0;17230,83;1914,53666666667;0;"Municipio";;"SANTA RITA DOESTE";"RRAS12";35152;"SANTA FE DO SUL";"Quedas";
"354750";2015;27;0;37247,15;1379,52407407407;0;"Municipio";5819;"SANTA RITA DO PASSA QUATRO";"RRAS13";35132;"AQUIFERO GUARANI";"Quedas";463,997250386664
"354750";2016;40;1;77458,99;1936,47475;25;"Municipio";5932;"SANTA RITA DO PASSA QUATRO";"RRAS13";35132;"AQUIFERO GUARANI";"Quedas";674,308833445718
"354750";2017;90;2;148776,64;1653,07377777778;22,2222222222222;"Municipio";6053;"SANTA RITA DO PASSA QUATRO";"RRAS13";35132;"AQUIFERO GUARANI";"Quedas";1486,86601685115
"354750";2018;39;0;34845,3;893,469230769231;0;"Municipio";6171;"SANTA RITA DO PASSA QUATRO";"RRAS13";35132;"AQUIFERO GUARANI";"Quedas";631,988332523092
"354750";2019;47;2;62116,49;1321,62744680851;42,5531914893617;"Municipio";6291;"SANTA RITA DO PASSA QUATRO";"RRAS13";35132;"AQUIFERO GUARANI";"Quedas";747,099030360833
"354750";2020;42;2;56527,51;1345,8930952381;47,6190476190476;"Municipio";6396;"SANTA RITA DO PASSA QUATRO";"RRAS13";35132;"AQUIFERO GUARANI";"Quedas";656,660412757974
"354750";2021;60;2;56876,2;947,936666666667;33,3333333333333;"Municipio";6469;"SANTA RITA DO PASSA QUATRO";"RRAS13";35132;"AQUIFERO GUARANI";"Quedas";927,500386458494
"354750";2022;56;2;54947,66;981,208214285714;35,7142857142857;"Municipio";6538;"SANTA RITA DO PASSA QUATRO";"RRAS13";35132;"AQUIFERO GUARANI";"Quedas";856,531049250535
"354750";2023;57;1;74391,22;1305,10912280702;17,5438596491228;"Municipio";6643;"SANTA RITA DO PASSA QUATRO";"RRAS13";35132;"AQUIFERO GUARANI";"Quedas";858,046063525516
"354750";2024;61;2;79403,2;1301,69180327869;32,7868852459016;"Municipio";6749;"SANTA RITA DO PASSA QUATRO";"RRAS13";35132;"AQUIFERO GUARANI";"Quedas";903,837605571196
"354750";2025;58;2;89200,39;1537,93775862069;34,4827586206897;"Municipio";;"SANTA RITA DO PASSA QUATRO";"RRAS13";35132;"AQUIFERO GUARANI";"Quedas";
"354760";2015;26;1;29192,95;1122,80576923077;38,4615384615385;"Municipio";4111;"SANTA ROSA DE VITERBO";"RRAS13";35132;"AQUIFERO GUARANI";"Quedas";632,449525662856
"354760";2016;32;0;58157,87;1817,4334375;0;"Municipio";4230;"SANTA ROSA DE VITERBO";"RRAS13";35132;"AQUIFERO GUARANI";"Quedas";756,501182033097
"354760";2017;51;3;56139,5;1100,77450980392;58,8235294117647;"Municipio";4360;"SANTA ROSA DE VITERBO";"RRAS13";35132;"AQUIFERO GUARANI";"Quedas";1169,7247706422
"354760";2018;48;1;49331,25;1027,734375;20,8333333333333;"Municipio";4498;"SANTA ROSA DE VITERBO";"RRAS13";35132;"AQUIFERO GUARANI";"Quedas";1067,14095153402
"354760";2019;54;1;54591,02;1010,94481481481;18,5185185185185;"Municipio";4641;"SANTA ROSA DE VITERBO";"RRAS13";35132;"AQUIFERO GUARANI";"Quedas";1163,54234001293
"354760";2020;32;2;32051,38;1001,605625;62,5;"Municipio";4775;"SANTA ROSA DE VITERBO";"RRAS13";35132;"AQUIFERO GUARANI";"Quedas";670,157068062827
"354760";2021;56;1;53422,39;953,97125;17,8571428571429;"Municipio";4882;"SANTA ROSA DE VITERBO";"RRAS13";35132;"AQUIFERO GUARANI";"Quedas";1147,0708725932
"354760";2022;62;1;47365,47;763,959193548387;16,1290322580645;"Municipio";4991;"SANTA ROSA DE VITERBO";"RRAS13";35132;"AQUIFERO GUARANI";"Quedas";1242,23602484472
"354760";2023;53;2;63829,87;1204,33716981132;37,7358490566038;"Municipio";5113;"SANTA ROSA DE VITERBO";"RRAS13";35132;"AQUIFERO GUARANI";"Quedas";1036,57344025034
"354760";2024;47;2;72007,04;1532,06468085106;42,5531914893617;"Municipio";5249;"SANTA ROSA DE VITERBO";"RRAS13";35132;"AQUIFERO GUARANI";"Quedas";895,408649266527
"354760";2025;66;0;97027,44;1470,11272727273;0;"Municipio";;"SANTA ROSA DE VITERBO";"RRAS13";35132;"AQUIFERO GUARANI";"Quedas";
"354765";2015;1;0;3512,03;3512,03;0;"Municipio";350;"SANTA SALETE";"RRAS12";35153;"JALES";"Quedas";285,714285714286
"354765";2016;4;0;5465,37;1366,3425;0;"Municipio";361;"SANTA SALETE";"RRAS12";35153;"JALES";"Quedas";1108,03324099723
"354765";2017;3;0;5414,48;1804,82666666667;0;"Municipio";375;"SANTA SALETE";"RRAS12";35153;"JALES";"Quedas";800
"354765";2018;3;0;4116,32;1372,10666666667;0;"Municipio";383;"SANTA SALETE";"RRAS12";35153;"JALES";"Quedas";783,289817232376
"354765";2019;6;0;7174,21;1195,70166666667;0;"Municipio";397;"SANTA SALETE";"RRAS12";35153;"JALES";"Quedas";1511,33501259446
"354765";2020;4;1;10118,64;2529,66;250;"Municipio";408;"SANTA SALETE";"RRAS12";35153;"JALES";"Quedas";980,392156862745
"354765";2021;1;0;149,16;149,16;0;"Municipio";414;"SANTA SALETE";"RRAS12";35153;"JALES";"Quedas";241,545893719807
"354765";2022;5;0;6444,06;1288,812;0;"Municipio";423;"SANTA SALETE";"RRAS12";35153;"JALES";"Quedas";1182,03309692671
"354765";2023;7;0;13393,15;1913,30714285714;0;"Municipio";425;"SANTA SALETE";"RRAS12";35153;"JALES";"Quedas";1647,05882352941
"354765";2024;2;0;2119,27;1059,635;0;"Municipio";434;"SANTA SALETE";"RRAS12";35153;"JALES";"Quedas";460,829493087558
"354765";2025;7;1;22133,74;3161,96285714286;142,857142857143;"Municipio";;"SANTA SALETE";"RRAS12";35153;"JALES";"Quedas";
"354770";2015;12;0;8694,55;724,545833333333;0;"Municipio";3816;"SANTO ANASTACIO";"RRAS11";35112;"ALTA SOROCABANA";"Quedas";314,465408805031
"354770";2016;12;0;16044,73;1337,06083333333;0;"Municipio";3881;"SANTO ANASTACIO";"RRAS11";35112;"ALTA SOROCABANA";"Quedas";309,198660139139
"354770";2017;23;1;26346,87;1145,51608695652;43,4782608695652;"Municipio";3945;"SANTO ANASTACIO";"RRAS11";35112;"ALTA SOROCABANA";"Quedas";583,016476552598
"354770";2018;29;3;39251,27;1353,49206896552;103,448275862069;"Municipio";4015;"SANTO ANASTACIO";"RRAS11";35112;"ALTA SOROCABANA";"Quedas";722,291407222914
"354770";2019;28;0;38033,12;1358,32571428571;0;"Municipio";4087;"SANTO ANASTACIO";"RRAS11";35112;"ALTA SOROCABANA";"Quedas";685,099094690482
"354770";2020;22;3;38346,47;1743,02136363636;136,363636363636;"Municipio";4158;"SANTO ANASTACIO";"RRAS11";35112;"ALTA SOROCABANA";"Quedas";529,100529100529
"354770";2021;29;2;29816,41;1028,15206896552;68,9655172413793;"Municipio";4215;"SANTO ANASTACIO";"RRAS11";35112;"ALTA SOROCABANA";"Quedas";688,018979833926
"354770";2022;43;0;36661,41;852,590930232558;0;"Municipio";4278;"SANTO ANASTACIO";"RRAS11";35112;"ALTA SOROCABANA";"Quedas";1005,14258999532
"354770";2023;47;4;51410,24;1093,83489361702;85,1063829787234;"Municipio";4370;"SANTO ANASTACIO";"RRAS11";35112;"ALTA SOROCABANA";"Quedas";1075,51487414188
"354770";2024;41;0;42268,19;1030,93146341463;0;"Municipio";4467;"SANTO ANASTACIO";"RRAS11";35112;"ALTA SOROCABANA";"Quedas";917,841952093127
"354770";2025;77;1;63503,48;824,72051948052;12,987012987013;"Municipio";;"SANTO ANASTACIO";"RRAS11";35112;"ALTA SOROCABANA";"Quedas";
"354780";2015;527;45;1013644,34;1923,42379506641;85,3889943074004;"Municipio";118948;"SANTO ANDRE";"RRAS01";35015;"GRANDE ABC";"Quedas";443,050744863302
"354780";2016;629;53;1503846,94;2390,85364069952;84,2607313195548;"Municipio";123419;"SANTO ANDRE";"RRAS01";35015;"GRANDE ABC";"Quedas";509,646002641409
"354780";2017;589;46;966208,15;1640,42130730051;78,0984719864177;"Municipio";127959;"SANTO ANDRE";"RRAS01";35015;"GRANDE ABC";"Quedas";460,303691026032
"354780";2018;568;43;984804,78;1733,81123239437;75,7042253521127;"Municipio";132541;"SANTO ANDRE";"RRAS01";35015;"GRANDE ABC";"Quedas";428,546638398684
"354780";2019;673;19;980864,04;1457,45028231798;28,2317979197623;"Municipio";137103;"SANTO ANDRE";"RRAS01";35015;"GRANDE ABC";"Quedas";490,871826291183
"354780";2020;609;42;1122599,45;1843,34885057471;68,9655172413793;"Municipio";141431;"SANTO ANDRE";"RRAS01";35015;"GRANDE ABC";"Quedas";430,598666487545
"354780";2021;703;29;1039807,28;1479,0999715505;41,2517780938834;"Municipio";145121;"SANTO ANDRE";"RRAS01";35015;"GRANDE ABC";"Quedas";484,423343279057
"354780";2022;818;24;1138878,32;1392,27178484108;29,3398533007335;"Municipio";148831;"SANTO ANDRE";"RRAS01";35015;"GRANDE ABC";"Quedas";549,61667932084
"354780";2023;940;30;1264441,37;1345,15039361702;31,9148936170213;"Municipio";153264;"SANTO ANDRE";"RRAS01";35015;"GRANDE ABC";"Quedas";613,320805929638
"354780";2024;944;46;1423050,1;1507,46832627119;48,728813559322;"Municipio";157922;"SANTO ANDRE";"RRAS01";35015;"GRANDE ABC";"Quedas";597,763452843809
"354780";2025;814;35;1654128,15;2032,09846437346;42,997542997543;"Municipio";;"SANTO ANDRE";"RRAS01";35015;"GRANDE ABC";"Quedas";
"354790";2015;13;0;17730,29;1363,86846153846;0;"Municipio";1205;"SANTO ANTONIO DA ALEGRIA";"RRAS13";35133;"VALE DAS CACHOEIRAS";"Quedas";1078,83817427386
"354790";2016;10;0;19550,57;1955,057;0;"Municipio";1242;"SANTO ANTONIO DA ALEGRIA";"RRAS13";35133;"VALE DAS CACHOEIRAS";"Quedas";805,152979066022
"354790";2017;11;0;12017,31;1092,48272727273;0;"Municipio";1281;"SANTO ANTONIO DA ALEGRIA";"RRAS13";35133;"VALE DAS CACHOEIRAS";"Quedas";858,704137392662
"354790";2018;11;1;18602,33;1691,12090909091;90,9090909090909;"Municipio";1317;"SANTO ANTONIO DA ALEGRIA";"RRAS13";35133;"VALE DAS CACHOEIRAS";"Quedas";835,231586940015
"354790";2019;9;0;9876,24;1097,36;0;"Municipio";1362;"SANTO ANTONIO DA ALEGRIA";"RRAS13";35133;"VALE DAS CACHOEIRAS";"Quedas";660,79295154185
"354790";2020;10;0;21146,97;2114,697;0;"Municipio";1408;"SANTO ANTONIO DA ALEGRIA";"RRAS13";35133;"VALE DAS CACHOEIRAS";"Quedas";710,227272727273
"354790";2021;11;1;15433,19;1403,01727272727;90,9090909090909;"Municipio";1436;"SANTO ANTONIO DA ALEGRIA";"RRAS13";35133;"VALE DAS CACHOEIRAS";"Quedas";766,016713091922
"354790";2022;10;0;16175,1;1617,51;0;"Municipio";1467;"SANTO ANTONIO DA ALEGRIA";"RRAS13";35133;"VALE DAS CACHOEIRAS";"Quedas";681,663258350375
"354790";2023;17;2;18086,15;1063,89117647059;117,647058823529;"Municipio";1500;"SANTO ANTONIO DA ALEGRIA";"RRAS13";35133;"VALE DAS CACHOEIRAS";"Quedas";1133,33333333333
"354790";2024;13;2;31798,16;2446,01230769231;153,846153846154;"Municipio";1536;"SANTO ANTONIO DA ALEGRIA";"RRAS13";35133;"VALE DAS CACHOEIRAS";"Quedas";846,354166666667
"354790";2025;18;1;39854,8;2214,15555555556;55,5555555555556;"Municipio";;"SANTO ANTONIO DA ALEGRIA";"RRAS13";35133;"VALE DAS CACHOEIRAS";"Quedas";
"354800";2015;10;2;72678,1;7267,81;200;"Municipio";2858;"SANTO ANTONIO DE POSSE";"RRAS15";35072;"REG METRO CAMPINAS";"Quedas";349,895031490553
"354800";2016;21;1;40646,83;1935,56333333333;47,6190476190476;"Municipio";2980;"SANTO ANTONIO DE POSSE";"RRAS15";35072;"REG METRO CAMPINAS";"Quedas";704,697986577181
"354800";2017;13;0;32573,01;2505,61615384615;0;"Municipio";3102;"SANTO ANTONIO DE POSSE";"RRAS15";35072;"REG METRO CAMPINAS";"Quedas";419,084461637653
"354800";2018;16;1;37057,38;2316,08625;62,5;"Municipio";3229;"SANTO ANTONIO DE POSSE";"RRAS15";35072;"REG METRO CAMPINAS";"Quedas";495,509445648808
"354800";2019;12;2;42631,87;3552,65583333333;166,666666666667;"Municipio";3362;"SANTO ANTONIO DE POSSE";"RRAS15";35072;"REG METRO CAMPINAS";"Quedas";356,930398572278
"354800";2020;9;0;18120,1;2013,34444444444;0;"Municipio";3493;"SANTO ANTONIO DE POSSE";"RRAS15";35072;"REG METRO CAMPINAS";"Quedas";257,658173489837
"354800";2021;16;1;72125,63;4507,851875;62,5;"Municipio";3609;"SANTO ANTONIO DE POSSE";"RRAS15";35072;"REG METRO CAMPINAS";"Quedas";443,336104183985
"354800";2022;18;1;50877,78;2826,54333333333;55,5555555555556;"Municipio";3723;"SANTO ANTONIO DE POSSE";"RRAS15";35072;"REG METRO CAMPINAS";"Quedas";483,48106365834
"354800";2023;20;2;44347,34;2217,367;100;"Municipio";3847;"SANTO ANTONIO DE POSSE";"RRAS15";35072;"REG METRO CAMPINAS";"Quedas";519,885625162464
"354800";2024;18;0;55375,21;3076,40055555556;0;"Municipio";3988;"SANTO ANTONIO DE POSSE";"RRAS15";35072;"REG METRO CAMPINAS";"Quedas";451,35406218656
"354800";2025;15;1;48792,45;3252,83;66,6666666666667;"Municipio";;"SANTO ANTONIO DE POSSE";"RRAS15";35072;"REG METRO CAMPINAS";"Quedas";
"354805";2015;8;1;10269,85;1283,73125;125;"Municipio";1189;"SANTO ANTONIO DO ARACANGUA";"RRAS19";35021;"CENTRAL DO DRS II";"Quedas";672,834314550042
"354805";2016;9;3;16703,61;1855,95666666667;333,333333333333;"Municipio";1247;"SANTO ANTONIO DO ARACANGUA";"RRAS19";35021;"CENTRAL DO DRS II";"Quedas";721,732157177225
"354805";2017;2;0;3333,12;1666,56;0;"Municipio";1317;"SANTO ANTONIO DO ARACANGUA";"RRAS19";35021;"CENTRAL DO DRS II";"Quedas";151,860288534548
"354805";2018;11;1;17428,95;1584,45;90,9090909090909;"Municipio";1389;"SANTO ANTONIO DO ARACANGUA";"RRAS19";35021;"CENTRAL DO DRS II";"Quedas";791,936645068395
"354805";2019;11;0;20402,83;1854,80272727273;0;"Municipio";1468;"SANTO ANTONIO DO ARACANGUA";"RRAS19";35021;"CENTRAL DO DRS II";"Quedas";749,318801089918
"354805";2020;12;1;27509,17;2292,43083333333;83,3333333333333;"Municipio";1551;"SANTO ANTONIO DO ARACANGUA";"RRAS19";35021;"CENTRAL DO DRS II";"Quedas";773,694390715667
"354805";2021;6;0;12682,52;2113,75333333333;0;"Municipio";1625;"SANTO ANTONIO DO ARACANGUA";"RRAS19";35021;"CENTRAL DO DRS II";"Quedas";369,230769230769
"354805";2022;9;1;32821,06;3646,78444444444;111,111111111111;"Municipio";1699;"SANTO ANTONIO DO ARACANGUA";"RRAS19";35021;"CENTRAL DO DRS II";"Quedas";529,723366686286
"354805";2023;5;2;19491,05;3898,21;400;"Municipio";1783;"SANTO ANTONIO DO ARACANGUA";"RRAS19";35021;"CENTRAL DO DRS II";"Quedas";280,426247896803
"354805";2024;12;1;31274,76;2606,23;83,3333333333333;"Municipio";1860;"SANTO ANTONIO DO ARACANGUA";"RRAS19";35021;"CENTRAL DO DRS II";"Quedas";645,161290322581
"354805";2025;13;2;67248,13;5172,93307692308;153,846153846154;"Municipio";;"SANTO ANTONIO DO ARACANGUA";"RRAS19";35021;"CENTRAL DO DRS II";"Quedas";
"354810";2015;5;0;7754,04;1550,808;0;"Municipio";1105;"SANTO ANTONIO DO JARDIM";"RRAS15";35142;"MANTIQUEIRA";"Quedas";452,488687782805
"354810";2016;11;0;10959,27;996,297272727273;0;"Municipio";1141;"SANTO ANTONIO DO JARDIM";"RRAS15";35142;"MANTIQUEIRA";"Quedas";964,066608238387
"354810";2017;4;0;2854,61;713,6525;0;"Municipio";1179;"SANTO ANTONIO DO JARDIM";"RRAS15";35142;"MANTIQUEIRA";"Quedas";339,270568278202
"354810";2018;8;0;11329,45;1416,18125;0;"Municipio";1219;"SANTO ANTONIO DO JARDIM";"RRAS15";35142;"MANTIQUEIRA";"Quedas";656,275635767022
"354810";2019;11;3;14327,48;1302,49818181818;272,727272727273;"Municipio";1260;"SANTO ANTONIO DO JARDIM";"RRAS15";35142;"MANTIQUEIRA";"Quedas";873,015873015873
"354810";2020;5;0;5260,25;1052,05;0;"Municipio";1297;"SANTO ANTONIO DO JARDIM";"RRAS15";35142;"MANTIQUEIRA";"Quedas";385,50501156515
"354810";2021;9;0;68964,06;7662,67333333333;0;"Municipio";1333;"SANTO ANTONIO DO JARDIM";"RRAS15";35142;"MANTIQUEIRA";"Quedas";675,168792198049
"354810";2022;10;0;31018,29;3101,829;0;"Municipio";1360;"SANTO ANTONIO DO JARDIM";"RRAS15";35142;"MANTIQUEIRA";"Quedas";735,294117647059
"354810";2023;11;0;16964,85;1542,25909090909;0;"Municipio";1391;"SANTO ANTONIO DO JARDIM";"RRAS15";35142;"MANTIQUEIRA";"Quedas";790,797987059669
"354810";2024;10;1;24879,75;2487,975;100;"Municipio";1419;"SANTO ANTONIO DO JARDIM";"RRAS15";35142;"MANTIQUEIRA";"Quedas";704,721634954193
"354810";2025;12;0;30353,38;2529,44833333333;0;"Municipio";;"SANTO ANTONIO DO JARDIM";"RRAS15";35142;"MANTIQUEIRA";"Quedas";
"354820";2015;2;0;2055,58;1027,79;0;"Municipio";1022;"SANTO ANTONIO DO PINHAL";"RRAS17";35174;"VALE PARAIBA REGIAO SERRANA";"Quedas";195,694716242661
"354820";2016;3;0;1245,39;415,13;0;"Municipio";1064;"SANTO ANTONIO DO PINHAL";"RRAS17";35174;"VALE PARAIBA REGIAO SERRANA";"Quedas";281,954887218045
"354820";2017;6;0;7066,3;1177,71666666667;0;"Municipio";1113;"SANTO ANTONIO DO PINHAL";"RRAS17";35174;"VALE PARAIBA REGIAO SERRANA";"Quedas";539,083557951482
"354820";2018;10;0;52417,3;5241,73;0;"Municipio";1162;"SANTO ANTONIO DO PINHAL";"RRAS17";35174;"VALE PARAIBA REGIAO SERRANA";"Quedas";860,585197934595
"354820";2019;16;2;44798,35;2799,896875;125;"Municipio";1224;"SANTO ANTONIO DO PINHAL";"RRAS17";35174;"VALE PARAIBA REGIAO SERRANA";"Quedas";1307,18954248366
"354820";2020;13;0;24758,02;1904,46307692308;0;"Municipio";1281;"SANTO ANTONIO DO PINHAL";"RRAS17";35174;"VALE PARAIBA REGIAO SERRANA";"Quedas";1014,83216237315
"354820";2021;10;1;27315,39;2731,539;100;"Municipio";1337;"SANTO ANTONIO DO PINHAL";"RRAS17";35174;"VALE PARAIBA REGIAO SERRANA";"Quedas";747,94315632012
"354820";2022;21;3;60652,53;2888,21571428571;142,857142857143;"Municipio";1395;"SANTO ANTONIO DO PINHAL";"RRAS17";35174;"VALE PARAIBA REGIAO SERRANA";"Quedas";1505,37634408602
"354820";2023;16;0;40323,07;2520,191875;0;"Municipio";1461;"SANTO ANTONIO DO PINHAL";"RRAS17";35174;"VALE PARAIBA REGIAO SERRANA";"Quedas";1095,14031485284
"354820";2024;11;0;25705,93;2336,90272727273;0;"Municipio";1527;"SANTO ANTONIO DO PINHAL";"RRAS17";35174;"VALE PARAIBA REGIAO SERRANA";"Quedas";720,366732154551
"354820";2025;18;0;96921,92;5384,55111111111;0;"Municipio";;"SANTO ANTONIO DO PINHAL";"RRAS17";35174;"VALE PARAIBA REGIAO SERRANA";"Quedas";
"354830";2015;2;0;4957,45;2478,725;0;"Municipio";586;"SANTO EXPEDITO";"RRAS11";35112;"ALTA SOROCABANA";"Quedas";341,296928327645
"354830";2016;1;1;240,67;240,67;1000;"Municipio";604;"SANTO EXPEDITO";"RRAS11";35112;"ALTA SOROCABANA";"Quedas";165,562913907285
"354830";2017;6;0;11979,35;1996,55833333333;0;"Municipio";626;"SANTO EXPEDITO";"RRAS11";35112;"ALTA SOROCABANA";"Quedas";958,466453674121
"354830";2018;2;0;2558,87;1279,435;0;"Municipio";649;"SANTO EXPEDITO";"RRAS11";35112;"ALTA SOROCABANA";"Quedas";308,166409861325
"354830";2019;8;1;7664,48;958,06;125;"Municipio";673;"SANTO EXPEDITO";"RRAS11";35112;"ALTA SOROCABANA";"Quedas";1188,70728083209
"354830";2020;6;0;5761,5;960,25;0;"Municipio";697;"SANTO EXPEDITO";"RRAS11";35112;"ALTA SOROCABANA";"Quedas";860,832137733142
"354830";2021;3;0;3448,87;1149,62333333333;0;"Municipio";716;"SANTO EXPEDITO";"RRAS11";35112;"ALTA SOROCABANA";"Quedas";418,994413407821
"354830";2022;4;0;6162,22;1540,555;0;"Municipio";739;"SANTO EXPEDITO";"RRAS11";35112;"ALTA SOROCABANA";"Quedas";541,27198917456
"354830";2023;3;1;17530,28;5843,42666666667;333,333333333333;"Municipio";755;"SANTO EXPEDITO";"RRAS11";35112;"ALTA SOROCABANA";"Quedas";397,350993377483
"354830";2024;5;0;10557,45;2111,49;0;"Municipio";776;"SANTO EXPEDITO";"RRAS11";35112;"ALTA SOROCABANA";"Quedas";644,329896907216
"354830";2025;2;0;2369,04;1184,52;0;"Municipio";;"SANTO EXPEDITO";"RRAS11";35112;"ALTA SOROCABANA";"Quedas";
"354840";2015;5;0;9382,71;1876,542;0;"Municipio";605;"SANTOPOLIS DO AGUAPEI";"RRAS19";35023;"CONSORCIOS DO DRS II";"Quedas";826,446280991736
"354840";2016;3;0;4657,88;1552,62666666667;0;"Municipio";620;"SANTOPOLIS DO AGUAPEI";"RRAS19";35023;"CONSORCIOS DO DRS II";"Quedas";483,870967741935
"354840";2017;6;1;5501,16;916,86;166,666666666667;"Municipio";634;"SANTOPOLIS DO AGUAPEI";"RRAS19";35023;"CONSORCIOS DO DRS II";"Quedas";946,372239747634
"354840";2018;3;1;4699,33;1566,44333333333;333,333333333333;"Municipio";650;"SANTOPOLIS DO AGUAPEI";"RRAS19";35023;"CONSORCIOS DO DRS II";"Quedas";461,538461538462
"354840";2019;6;0;2255,26;375,876666666667;0;"Municipio";674;"SANTOPOLIS DO AGUAPEI";"RRAS19";35023;"CONSORCIOS DO DRS II";"Quedas";890,207715133531
"354840";2020;5;1;9204,8;1840,96;200;"Municipio";696;"SANTOPOLIS DO AGUAPEI";"RRAS19";35023;"CONSORCIOS DO DRS II";"Quedas";718,390804597701
"354840";2021;4;0;6963,12;1740,78;0;"Municipio";712;"SANTOPOLIS DO AGUAPEI";"RRAS19";35023;"CONSORCIOS DO DRS II";"Quedas";561,797752808989
"354840";2022;4;0;4888,51;1222,1275;0;"Municipio";725;"SANTOPOLIS DO AGUAPEI";"RRAS19";35023;"CONSORCIOS DO DRS II";"Quedas";551,724137931034
"354840";2023;7;0;15305,75;2186,53571428571;0;"Municipio";735;"SANTOPOLIS DO AGUAPEI";"RRAS19";35023;"CONSORCIOS DO DRS II";"Quedas";952,380952380953
"354840";2024;2;0;1614,58;807,29;0;"Municipio";759;"SANTOPOLIS DO AGUAPEI";"RRAS19";35023;"CONSORCIOS DO DRS II";"Quedas";263,504611330698
"354840";2025;9;0;10938,08;1215,34222222222;0;"Municipio";;"SANTOPOLIS DO AGUAPEI";"RRAS19";35023;"CONSORCIOS DO DRS II";"Quedas";
"354850";2015;367;27;529574,34;1442,98185286104;73,5694822888283;"Municipio";96426;"SANTOS";"RRAS07";35041;"BAIXADA SANTISTA";"Quedas";380,602741999046
"354850";2016;332;24;573801,19;1728,3168373494;72,289156626506;"Municipio";98619;"SANTOS";"RRAS07";35041;"BAIXADA SANTISTA";"Quedas";336,649124408076
"354850";2017;293;14;510260,03;1741,50180887372;47,7815699658703;"Municipio";100816;"SANTOS";"RRAS07";35041;"BAIXADA SANTISTA";"Quedas";290,628471671163
"354850";2018;335;21;511095,69;1525,6587761194;62,6865671641791;"Municipio";103000;"SANTOS";"RRAS07";35041;"BAIXADA SANTISTA";"Quedas";325,242718446602
"354850";2019;290;23;585180,87;2017,86506896552;79,3103448275862;"Municipio";105142;"SANTOS";"RRAS07";35041;"BAIXADA SANTISTA";"Quedas";275,817465903255
"354850";2020;257;18;520343,59;2024,68322957198;70,0389105058366;"Municipio";107043;"SANTOS";"RRAS07";35041;"BAIXADA SANTISTA";"Quedas";240,090430948311
"354850";2021;350;29;733275,54;2095,07297142857;82,8571428571428;"Municipio";108405;"SANTOS";"RRAS07";35041;"BAIXADA SANTISTA";"Quedas";322,863336561967
"354850";2022;396;26;944312,23;2384,62684343434;65,6565656565657;"Municipio";109691;"SANTOS";"RRAS07";35041;"BAIXADA SANTISTA";"Quedas";361,014121486722
"354850";2023;433;48;1278000,64;2951,50263279446;110,854503464203;"Municipio";111458;"SANTOS";"RRAS07";35041;"BAIXADA SANTISTA";"Quedas";388,48714313912
"354850";2024;409;45;1120190,06;2738,85100244499;110,024449877751;"Municipio";113387;"SANTOS";"RRAS07";35041;"BAIXADA SANTISTA";"Quedas";360,711545415259
"354850";2025;433;30;1447980,35;3344,06547344111;69,284064665127;"Municipio";;"SANTOS";"RRAS07";35041;"BAIXADA SANTISTA";"Quedas";
"354860";2015;21;2;35731,86;1701,51714285714;95,2380952380952;"Municipio";2004;"SAO BENTO DO SAPUCAI";"RRAS17";35174;"VALE PARAIBA REGIAO SERRANA";"Quedas";1047,90419161677
"354860";2016;15;0;28115,29;1874,35266666667;0;"Municipio";2085;"SAO BENTO DO SAPUCAI";"RRAS17";35174;"VALE PARAIBA REGIAO SERRANA";"Quedas";719,424460431655
"354860";2017;22;5;76823,46;3491,97545454545;227,272727272727;"Municipio";2169;"SAO BENTO DO SAPUCAI";"RRAS17";35174;"VALE PARAIBA REGIAO SERRANA";"Quedas";1014,29230059935
"354860";2018;18;1;20797,88;1155,43777777778;55,5555555555556;"Municipio";2260;"SAO BENTO DO SAPUCAI";"RRAS17";35174;"VALE PARAIBA REGIAO SERRANA";"Quedas";796,46017699115
"354860";2019;23;0;27917,82;1213,81826086957;0;"Municipio";2358;"SAO BENTO DO SAPUCAI";"RRAS17";35174;"VALE PARAIBA REGIAO SERRANA";"Quedas";975,40288379983
"354860";2020;33;1;61809,39;1873,01181818182;30,3030303030303;"Municipio";2449;"SAO BENTO DO SAPUCAI";"RRAS17";35174;"VALE PARAIBA REGIAO SERRANA";"Quedas";1347,48877092691
"354860";2021;24;1;59217,59;2467,39958333333;41,6666666666667;"Municipio";2533;"SAO BENTO DO SAPUCAI";"RRAS17";35174;"VALE PARAIBA REGIAO SERRANA";"Quedas";947,49309119621
"354860";2022;36;2;94324,38;2620,12166666667;55,5555555555556;"Municipio";2612;"SAO BENTO DO SAPUCAI";"RRAS17";35174;"VALE PARAIBA REGIAO SERRANA";"Quedas";1378,25421133231
"354860";2023;40;0;94852,55;2371,31375;0;"Municipio";2707;"SAO BENTO DO SAPUCAI";"RRAS17";35174;"VALE PARAIBA REGIAO SERRANA";"Quedas";1477,65053564832
"354860";2024;26;2;71694,28;2757,47230769231;76,9230769230769;"Municipio";2797;"SAO BENTO DO SAPUCAI";"RRAS17";35174;"VALE PARAIBA REGIAO SERRANA";"Quedas";929,567393636039
"354860";2025;35;0;82974,34;2370,69542857143;0;"Municipio";;"SAO BENTO DO SAPUCAI";"RRAS17";35174;"VALE PARAIBA REGIAO SERRANA";"Quedas";
"354870";2015;73;11;178571,92;2446,19068493151;150,684931506849;"Municipio";109311;"SAO BERNARDO DO CAMPO";"RRAS01";35015;"GRANDE ABC";"Quedas";66,7819341145905
"354870";2016;116;10;297777,65;2567,04870689655;86,2068965517241;"Municipio";114624;"SAO BERNARDO DO CAMPO";"RRAS01";35015;"GRANDE ABC";"Quedas";101,200446677834
"354870";2017;164;12;303976,21;1853,51347560976;73,1707317073171;"Municipio";120015;"SAO BERNARDO DO CAMPO";"RRAS01";35015;"GRANDE ABC";"Quedas";136,649585468483
"354870";2018;196;19;497913,42;2540,37459183673;96,9387755102041;"Municipio";125431;"SAO BERNARDO DO CAMPO";"RRAS01";35015;"GRANDE ABC";"Quedas";156,261211343288
"354870";2019;227;27;582363,43;2565,47766519824;118,942731277533;"Municipio";130878;"SAO BERNARDO DO CAMPO";"RRAS01";35015;"GRANDE ABC";"Quedas";173,443970720824
"354870";2020;275;32;683996,07;2487,25843636364;116,363636363636;"Municipio";136145;"SAO BERNARDO DO CAMPO";"RRAS01";35015;"GRANDE ABC";"Quedas";201,990524808109
"354870";2021;359;28;873427,91;2432,94682451253;77,9944289693593;"Municipio";140857;"SAO BERNARDO DO CAMPO";"RRAS01";35015;"GRANDE ABC";"Quedas";254,868412645449
"354870";2022;374;27;1047997,85;2802,13328877005;72,192513368984;"Municipio";145621;"SAO BERNARDO DO CAMPO";"RRAS01";35015;"GRANDE ABC";"Quedas";256,831088922614
"354870";2023;351;17;877605,7;2500,30113960114;48,4330484330484;"Municipio";151036;"SAO BERNARDO DO CAMPO";"RRAS01";35015;"GRANDE ABC";"Quedas";232,394925713075
"354870";2024;337;13;816788,76;2423,70551928783;38,5756676557863;"Municipio";156604;"SAO BERNARDO DO CAMPO";"RRAS01";35015;"GRANDE ABC";"Quedas";215,192459962708
"354870";2025;357;18;1030570,43;2886,7519047619;50,4201680672269;"Municipio";;"SAO BERNARDO DO CAMPO";"RRAS01";35015;"GRANDE ABC";"Quedas";
"354880";2015;220;14;309772,84;1408,05836363636;63,6363636363636;"Municipio";34899;"SAO CAETANO DO SUL";"RRAS01";35015;"GRANDE ABC";"Quedas";630,390555603312
"354880";2016;336;22;496056,96;1476,36;65,4761904761905;"Municipio";35903;"SAO CAETANO DO SUL";"RRAS01";35015;"GRANDE ABC";"Quedas";935,854942483915
"354880";2017;335;27;439342,41;1311,46988059701;80,5970149253731;"Municipio";36927;"SAO CAETANO DO SUL";"RRAS01";35015;"GRANDE ABC";"Quedas";907,195277168468
"354880";2018;299;17;461072,43;1542,04826086957;56,8561872909699;"Municipio";37963;"SAO CAETANO DO SUL";"RRAS01";35015;"GRANDE ABC";"Quedas";787,608987698549
"354880";2019;339;21;491351,38;1449,41410029499;61,9469026548673;"Municipio";38985;"SAO CAETANO DO SUL";"RRAS01";35015;"GRANDE ABC";"Quedas";869,565217391304
"354880";2020;370;22;654324,51;1768,44462162162;59,4594594594595;"Municipio";39935;"SAO CAETANO DO SUL";"RRAS01";35015;"GRANDE ABC";"Quedas";926,505571553775
"354880";2021;321;14;520471,26;1621,40579439252;43,613707165109;"Municipio";40679;"SAO CAETANO DO SUL";"RRAS01";35015;"GRANDE ABC";"Quedas";789,104943582684
"354880";2022;283;28;586037;2070,80212014134;98,9399293286219;"Municipio";41416;"SAO CAETANO DO SUL";"RRAS01";35015;"GRANDE ABC";"Quedas";683,31079775932
"354880";2023;306;17;618635,11;2021,68336601307;55,5555555555556;"Municipio";42332;"SAO CAETANO DO SUL";"RRAS01";35015;"GRANDE ABC";"Quedas";722,8574128319
"354880";2024;436;20;793006,49;1818,82222477064;45,8715596330275;"Municipio";43294;"SAO CAETANO DO SUL";"RRAS01";35015;"GRANDE ABC";"Quedas";1007,06795398901
"354880";2025;418;23;813141,41;1945,31437799043;55,0239234449761;"Municipio";;"SAO CAETANO DO SUL";"RRAS01";35015;"GRANDE ABC";"Quedas";
"354890";2015;113;11;212885,5;1883,94247787611;97,3451327433628;"Municipio";37309;"SAO CARLOS";"RRAS18";35032;"CORACAO DO DRS III";"Quedas";302,875981666622
"354890";2016;184;10;311460,06;1692,7177173913;54,3478260869565;"Municipio";38780;"SAO CARLOS";"RRAS18";35032;"CORACAO DO DRS III";"Quedas";474,471376998453
"354890";2017;235;24;470374,31;2001,59280851064;102,127659574468;"Municipio";40313;"SAO CARLOS";"RRAS18";35032;"CORACAO DO DRS III";"Quedas";582,938506189071
"354890";2018;186;16;385844,08;2074,43053763441;86,0215053763441;"Municipio";41889;"SAO CARLOS";"RRAS18";35032;"CORACAO DO DRS III";"Quedas";444,030652438588
"354890";2019;210;9;383917,2;1828,17714285714;42,8571428571429;"Municipio";43498;"SAO CARLOS";"RRAS18";35032;"CORACAO DO DRS III";"Quedas";482,780817508851
"354890";2020;309;21;724350,84;2344,17747572816;67,9611650485437;"Municipio";45027;"SAO CARLOS";"RRAS18";35032;"CORACAO DO DRS III";"Quedas";686,254913718436
"354890";2021;253;19;551562,67;2180,08960474308;75,098814229249;"Municipio";46349;"SAO CARLOS";"RRAS18";35032;"CORACAO DO DRS III";"Quedas";545,858594575935
"354890";2022;313;22;637423,98;2036,49833865815;70,2875399361022;"Municipio";47660;"SAO CARLOS";"RRAS18";35032;"CORACAO DO DRS III";"Quedas";656,73520772136
"354890";2023;315;18;586788;1862,81904761905;57,1428571428571;"Municipio";49148;"SAO CARLOS";"RRAS18";35032;"CORACAO DO DRS III";"Quedas";640,921298933833
"354890";2024;242;13;385521,73;1593,065;53,7190082644628;"Municipio";50684;"SAO CARLOS";"RRAS18";35032;"CORACAO DO DRS III";"Quedas";477,468234551338
"354890";2025;307;12;567959,87;1850,03214983713;39,0879478827362;"Municipio";;"SAO CARLOS";"RRAS18";35032;"CORACAO DO DRS III";"Quedas";
"354900";2015;9;1;10227,92;1136,43555555556;111,111111111111;"Municipio";634;"SAO FRANCISCO";"RRAS12";35153;"JALES";"Quedas";1419,55835962145
"354900";2016;3;0;2171,24;723,746666666667;0;"Municipio";651;"SAO FRANCISCO";"RRAS12";35153;"JALES";"Quedas";460,829493087558
"354900";2017;4;1;6382,48;1595,62;250;"Municipio";659;"SAO FRANCISCO";"RRAS12";35153;"JALES";"Quedas";606,980273141123
"354900";2018;12;1;17274,82;1439,56833333333;83,3333333333333;"Municipio";676;"SAO FRANCISCO";"RRAS12";35153;"JALES";"Quedas";1775,14792899408
"354900";2019;9;0;13320,37;1480,04111111111;0;"Municipio";692;"SAO FRANCISCO";"RRAS12";35153;"JALES";"Quedas";1300,57803468208
"354900";2020;3;0;2898,34;966,113333333333;0;"Municipio";705;"SAO FRANCISCO";"RRAS12";35153;"JALES";"Quedas";425,531914893617
"354900";2021;5;0;8528,82;1705,764;0;"Municipio";717;"SAO FRANCISCO";"RRAS12";35153;"JALES";"Quedas";697,350069735007
"354900";2022;4;0;7337,11;1834,2775;0;"Municipio";727;"SAO FRANCISCO";"RRAS12";35153;"JALES";"Quedas";550,206327372765
"354900";2023;7;0;11714,38;1673,48285714286;0;"Municipio";741;"SAO FRANCISCO";"RRAS12";35153;"JALES";"Quedas";944,669365721997
"354900";2024;10;1;19929,01;1992,901;100;"Municipio";761;"SAO FRANCISCO";"RRAS12";35153;"JALES";"Quedas";1314,06044678055
"354900";2025;8;1;29475,63;3684,45375;125;"Municipio";;"SAO FRANCISCO";"RRAS12";35153;"JALES";"Quedas";
"354910";2015;92;6;132909,04;1444,66347826087;65,2173913043478;"Municipio";15593;"SAO JOAO DA BOA VISTA";"RRAS15";35142;"MANTIQUEIRA";"Quedas";590,008337074328
"354910";2016;83;11;142580,79;1717,84084337349;132,530120481928;"Municipio";16140;"SAO JOAO DA BOA VISTA";"RRAS15";35142;"MANTIQUEIRA";"Quedas";514,250309789343
"354910";2017;84;8;159233,35;1895,63511904762;95,2380952380952;"Municipio";16694;"SAO JOAO DA BOA VISTA";"RRAS15";35142;"MANTIQUEIRA";"Quedas";503,174793338924
"354910";2018;95;8;178488,47;1878,826;84,2105263157895;"Municipio";17272;"SAO JOAO DA BOA VISTA";"RRAS15";35142;"MANTIQUEIRA";"Quedas";550,023158869847
"354910";2019;86;5;137098,85;1594,1726744186;58,1395348837209;"Municipio";17850;"SAO JOAO DA BOA VISTA";"RRAS15";35142;"MANTIQUEIRA";"Quedas";481,792717086835
"354910";2020;111;9;209399,74;1886,48414414414;81,0810810810811;"Municipio";18399;"SAO JOAO DA BOA VISTA";"RRAS15";35142;"MANTIQUEIRA";"Quedas";603,293657263982
"354910";2021;118;7;233768,34;1981,08762711864;59,3220338983051;"Municipio";18872;"SAO JOAO DA BOA VISTA";"RRAS15";35142;"MANTIQUEIRA";"Quedas";625,264942772361
"354910";2022;134;14;282560,3;2108,65895522388;104,477611940299;"Municipio";19353;"SAO JOAO DA BOA VISTA";"RRAS15";35142;"MANTIQUEIRA";"Quedas";692,399111248902
"354910";2023;141;11;323299,43;2292,90375886525;78,0141843971631;"Municipio";19935;"SAO JOAO DA BOA VISTA";"RRAS15";35142;"MANTIQUEIRA";"Quedas";707,298720842739
"354910";2024;128;7;273544,77;2137,068515625;54,6875;"Municipio";20563;"SAO JOAO DA BOA VISTA";"RRAS15";35142;"MANTIQUEIRA";"Quedas";622,477264990517
"354910";2025;155;5;410297,89;2647,08316129032;32,258064516129;"Municipio";;"SAO JOAO DA BOA VISTA";"RRAS15";35142;"MANTIQUEIRA";"Quedas";
"354920";2015;3;0;4781,74;1593,91333333333;0;"Municipio";469;"SAO JOAO DAS DUAS PONTES";"RRAS12";35154;"FERNANDOPOLIS";"Quedas";639,658848614072
"354920";2016;8;0;10480,25;1310,03125;0;"Municipio";482;"SAO JOAO DAS DUAS PONTES";"RRAS12";35154;"FERNANDOPOLIS";"Quedas";1659,7510373444
"354920";2017;4;0;4494,52;1123,63;0;"Municipio";499;"SAO JOAO DAS DUAS PONTES";"RRAS12";35154;"FERNANDOPOLIS";"Quedas";801,603206412826
"354920";2018;3;0;4114,34;1371,44666666667;0;"Municipio";509;"SAO JOAO DAS DUAS PONTES";"RRAS12";35154;"FERNANDOPOLIS";"Quedas";589,390962671906
"354920";2019;4;0;1482,21;370,5525;0;"Municipio";524;"SAO JOAO DAS DUAS PONTES";"RRAS12";35154;"FERNANDOPOLIS";"Quedas";763,358778625954
"354920";2020;4;0;9446,05;2361,5125;0;"Municipio";542;"SAO JOAO DAS DUAS PONTES";"RRAS12";35154;"FERNANDOPOLIS";"Quedas";738,007380073801
"354920";2021;6;0;23495,6;3915,93333333333;0;"Municipio";555;"SAO JOAO DAS DUAS PONTES";"RRAS12";35154;"FERNANDOPOLIS";"Quedas";1081,08108108108
"354920";2022;6;0;12325,97;2054,32833333333;0;"Municipio";569;"SAO JOAO DAS DUAS PONTES";"RRAS12";35154;"FERNANDOPOLIS";"Quedas";1054,48154657294
"354920";2023;5;0;11211,94;2242,388;0;"Municipio";576;"SAO JOAO DAS DUAS PONTES";"RRAS12";35154;"FERNANDOPOLIS";"Quedas";868,055555555556
"354920";2024;5;0;4763,55;952,71;0;"Municipio";610;"SAO JOAO DAS DUAS PONTES";"RRAS12";35154;"FERNANDOPOLIS";"Quedas";819,672131147541
"354920";2025;6;0;12920,75;2153,45833333333;0;"Municipio";;"SAO JOAO DAS DUAS PONTES";"RRAS12";35154;"FERNANDOPOLIS";"Quedas";
"354925";2016;2;1;5886,72;2943,36;500;"Municipio";349;"SAO JOAO DE IRACEMA";"RRAS12";35154;"FERNANDOPOLIS";"Quedas";573,065902578797
"354925";2017;6;0;7551,56;1258,59333333333;0;"Municipio";362;"SAO JOAO DE IRACEMA";"RRAS12";35154;"FERNANDOPOLIS";"Quedas";1657,45856353591
"354925";2018;3;0;9174,57;3058,19;0;"Municipio";373;"SAO JOAO DE IRACEMA";"RRAS12";35154;"FERNANDOPOLIS";"Quedas";804,289544235925
"354925";2019;6;0;4717,69;786,281666666667;0;"Municipio";379;"SAO JOAO DE IRACEMA";"RRAS12";35154;"FERNANDOPOLIS";"Quedas";1583,11345646438
"354925";2020;5;0;8576,6;1715,32;0;"Municipio";382;"SAO JOAO DE IRACEMA";"RRAS12";35154;"FERNANDOPOLIS";"Quedas";1308,90052356021
"354925";2021;2;0;5797,76;2898,88;0;"Municipio";389;"SAO JOAO DE IRACEMA";"RRAS12";35154;"FERNANDOPOLIS";"Quedas";514,13881748072
"354925";2022;7;0;7610,54;1087,22;0;"Municipio";392;"SAO JOAO DE IRACEMA";"RRAS12";35154;"FERNANDOPOLIS";"Quedas";1785,71428571429
"354925";2023;5;0;7851,4;1570,28;0;"Municipio";396;"SAO JOAO DE IRACEMA";"RRAS12";35154;"FERNANDOPOLIS";"Quedas";1262,62626262626
"354925";2024;5;0;23824,62;4764,924;0;"Municipio";418;"SAO JOAO DE IRACEMA";"RRAS12";35154;"FERNANDOPOLIS";"Quedas";1196,17224880383
"354925";2025;8;0;12388,14;1548,5175;0;"Municipio";;"SAO JOAO DE IRACEMA";"RRAS12";35154;"FERNANDOPOLIS";"Quedas";
"354930";2015;3;1;4923,56;1641,18666666667;333,333333333333;"Municipio";542;"SAO JOAO DO PAU DALHO";"RRAS11";35111;"ALTA PAULISTA";"Quedas";553,50553505535
"354930";2016;7;0;11409,41;1629,91571428571;0;"Municipio";559;"SAO JOAO DO PAU DALHO";"RRAS11";35111;"ALTA PAULISTA";"Quedas";1252,23613595707
"354930";2017;6;1;28226,34;4704,39;166,666666666667;"Municipio";575;"SAO JOAO DO PAU DALHO";"RRAS11";35111;"ALTA PAULISTA";"Quedas";1043,47826086957
"354930";2018;1;0;709,51;709,51;0;"Municipio";594;"SAO JOAO DO PAU DALHO";"RRAS11";35111;"ALTA PAULISTA";"Quedas";168,350168350168
"354930";2019;3;0;5236,14;1745,38;0;"Municipio";614;"SAO JOAO DO PAU DALHO";"RRAS11";35111;"ALTA PAULISTA";"Quedas";488,599348534202
"354930";2020;5;0;10527,03;2105,406;0;"Municipio";632;"SAO JOAO DO PAU DALHO";"RRAS11";35111;"ALTA PAULISTA";"Quedas";791,139240506329
"354930";2021;5;0;7989,64;1597,928;0;"Municipio";645;"SAO JOAO DO PAU DALHO";"RRAS11";35111;"ALTA PAULISTA";"Quedas";775,193798449612
"354930";2022;2;2;8047,69;4023,845;1000;"Municipio";657;"SAO JOAO DO PAU DALHO";"RRAS11";35111;"ALTA PAULISTA";"Quedas";304,41400304414
"354930";2023;3;1;10562,18;3520,72666666667;333,333333333333;"Municipio";666;"SAO JOAO DO PAU DALHO";"RRAS11";35111;"ALTA PAULISTA";"Quedas";450,45045045045
"354930";2025;2;0;4840,91;2420,455;0;"Municipio";;"SAO JOAO DO PAU DALHO";"RRAS11";35111;"ALTA PAULISTA";"Quedas";
"354940";2015;53;1;82649,72;1559,42867924528;18,8679245283019;"Municipio";7381;"SAO JOAQUIM DA BARRA";"RRAS13";35082;"ALTA ANHANGUERA";"Quedas";718,059883484623
"354940";2016;55;3;69430,24;1262,368;54,5454545454545;"Municipio";7635;"SAO JOAQUIM DA BARRA";"RRAS13";35082;"ALTA ANHANGUERA";"Quedas";720,366732154551
"354940";2017;58;2;89532,98;1543,67206896552;34,4827586206897;"Municipio";7899;"SAO JOAQUIM DA BARRA";"RRAS13";35082;"ALTA ANHANGUERA";"Quedas";734,270160779846
"354940";2018;43;3;83744,26;1947,54093023256;69,7674418604651;"Municipio";8162;"SAO JOAQUIM DA BARRA";"RRAS13";35082;"ALTA ANHANGUERA";"Quedas";526,831658907131
"354940";2019;64;1;94900,6;1482,821875;15,625;"Municipio";8428;"SAO JOAQUIM DA BARRA";"RRAS13";35082;"ALTA ANHANGUERA";"Quedas";759,3735168486
"354940";2020;52;7;99952,39;1922,16134615385;134,615384615385;"Municipio";8677;"SAO JOAQUIM DA BARRA";"RRAS13";35082;"ALTA ANHANGUERA";"Quedas";599,285467327417
"354940";2021;62;4;81455,51;1313,7985483871;64,5161290322581;"Municipio";8888;"SAO JOAQUIM DA BARRA";"RRAS13";35082;"ALTA ANHANGUERA";"Quedas";697,569756975697
"354940";2022;57;4;91316,33;1602,04087719298;70,1754385964912;"Municipio";9106;"SAO JOAQUIM DA BARRA";"RRAS13";35082;"ALTA ANHANGUERA";"Quedas";625,96090489787
"354940";2023;72;3;130651,33;1814,60180555556;41,6666666666667;"Municipio";9359;"SAO JOAQUIM DA BARRA";"RRAS13";35082;"ALTA ANHANGUERA";"Quedas";769,312960786409
"354940";2024;68;3;118481,51;1742,37514705882;44,1176470588235;"Municipio";9627;"SAO JOAQUIM DA BARRA";"RRAS13";35082;"ALTA ANHANGUERA";"Quedas";706,346733146359
"354940";2025;82;4;165158,92;2014,13317073171;48,780487804878;"Municipio";;"SAO JOAQUIM DA BARRA";"RRAS13";35082;"ALTA ANHANGUERA";"Quedas";
"354950";2015;4;0;4755,23;1188,8075;0;"Municipio";1111;"SAO JOSE DA BELA VISTA";"RRAS13";35081;"TRES COLINAS";"Quedas";360,03600360036
"354950";2016;9;1;13659,02;1517,66888888889;111,111111111111;"Municipio";1133;"SAO JOSE DA BELA VISTA";"RRAS13";35081;"TRES COLINAS";"Quedas";794,351279788173
"354950";2017;9;3;15476,69;1719,63222222222;333,333333333333;"Municipio";1154;"SAO JOSE DA BELA VISTA";"RRAS13";35081;"TRES COLINAS";"Quedas";779,896013864818
"354950";2018;6;0;16108,48;2684,74666666667;0;"Municipio";1178;"SAO JOSE DA BELA VISTA";"RRAS13";35081;"TRES COLINAS";"Quedas";509,337860780985
"354950";2019;9;2;11267,86;1251,98444444444;222,222222222222;"Municipio";1201;"SAO JOSE DA BELA VISTA";"RRAS13";35081;"TRES COLINAS";"Quedas";749,375520399667
"354950";2020;6;0;12227,9;2037,98333333333;0;"Municipio";1223;"SAO JOSE DA BELA VISTA";"RRAS13";35081;"TRES COLINAS";"Quedas";490,596892886345
"354950";2021;8;0;28844,74;3605,5925;0;"Municipio";1240;"SAO JOSE DA BELA VISTA";"RRAS13";35081;"TRES COLINAS";"Quedas";645,161290322581
"354950";2022;5;1;17521,06;3504,212;200;"Municipio";1257;"SAO JOSE DA BELA VISTA";"RRAS13";35081;"TRES COLINAS";"Quedas";397,772474144789
"354950";2023;8;1;14928,82;1866,1025;125;"Municipio";1285;"SAO JOSE DA BELA VISTA";"RRAS13";35081;"TRES COLINAS";"Quedas";622,568093385214
"354950";2024;7;1;16807,59;2401,08428571429;142,857142857143;"Municipio";1318;"SAO JOSE DA BELA VISTA";"RRAS13";35081;"TRES COLINAS";"Quedas";531,107738998483
"354950";2025;8;3;30954,12;3869,265;375;"Municipio";;"SAO JOSE DA BELA VISTA";"RRAS13";35081;"TRES COLINAS";"Quedas";
"354960";2015;9;2;13631,34;1514,59333333333;222,222222222222;"Municipio";660;"SAO JOSE DO BARREIRO";"RRAS17";35172;"CIRCUITO DA FE VALE HISTORICO";"Quedas";1363,63636363636
"354960";2016;1;0;199,33;199,33;0;"Municipio";684;"SAO JOSE DO BARREIRO";"RRAS17";35172;"CIRCUITO DA FE VALE HISTORICO";"Quedas";146,198830409357
"354960";2017;7;0;14060,16;2008,59428571429;0;"Municipio";706;"SAO JOSE DO BARREIRO";"RRAS17";35172;"CIRCUITO DA FE VALE HISTORICO";"Quedas";991,501416430595
"354960";2018;5;0;16224,94;3244,988;0;"Municipio";722;"SAO JOSE DO BARREIRO";"RRAS17";35172;"CIRCUITO DA FE VALE HISTORICO";"Quedas";692,520775623269
"354960";2019;8;1;15735,42;1966,9275;125;"Municipio";743;"SAO JOSE DO BARREIRO";"RRAS17";35172;"CIRCUITO DA FE VALE HISTORICO";"Quedas";1076,71601615074
"354960";2020;3;0;730,41;243,47;0;"Municipio";765;"SAO JOSE DO BARREIRO";"RRAS17";35172;"CIRCUITO DA FE VALE HISTORICO";"Quedas";392,156862745098
"354960";2021;6;0;4307,95;717,991666666667;0;"Municipio";783;"SAO JOSE DO BARREIRO";"RRAS17";35172;"CIRCUITO DA FE VALE HISTORICO";"Quedas";766,283524904215
"354960";2022;6;2;5636,51;939,418333333333;333,333333333333;"Municipio";799;"SAO JOSE DO BARREIRO";"RRAS17";35172;"CIRCUITO DA FE VALE HISTORICO";"Quedas";750,938673341677
"354960";2023;9;1;18870,36;2096,70666666667;111,111111111111;"Municipio";819;"SAO JOSE DO BARREIRO";"RRAS17";35172;"CIRCUITO DA FE VALE HISTORICO";"Quedas";1098,9010989011
"354960";2024;5;0;15505,56;3101,112;0;"Municipio";850;"SAO JOSE DO BARREIRO";"RRAS17";35172;"CIRCUITO DA FE VALE HISTORICO";"Quedas";588,235294117647
"354960";2025;5;1;26315,6;5263,12;200;"Municipio";;"SAO JOSE DO BARREIRO";"RRAS17";35172;"CIRCUITO DA FE VALE HISTORICO";"Quedas";
"354970";2015;49;2;72479,33;1479,17;40,8163265306122;"Municipio";9617;"SAO JOSE DO RIO PARDO";"RRAS15";35143;"RIO PARDO";"Quedas";509,514401580535
"354970";2016;36;1;47471,72;1318,65888888889;27,7777777777778;"Municipio";9941;"SAO JOSE DO RIO PARDO";"RRAS15";35143;"RIO PARDO";"Quedas";362,136605975254
"354970";2017;46;4;52031,79;1131,12586956522;86,9565217391304;"Municipio";10266;"SAO JOSE DO RIO PARDO";"RRAS15";35143;"RIO PARDO";"Quedas";448,081044223651
"354970";2018;53;1;70581,49;1331,72622641509;18,8679245283019;"Municipio";10601;"SAO JOSE DO RIO PARDO";"RRAS15";35143;"RIO PARDO";"Quedas";499,952834638242
"354970";2019;61;0;71658,01;1174,72147540984;0;"Municipio";10941;"SAO JOSE DO RIO PARDO";"RRAS15";35143;"RIO PARDO";"Quedas";557,535874234531
"354970";2020;55;2;126161,78;2293,85054545455;36,3636363636364;"Municipio";11250;"SAO JOSE DO RIO PARDO";"RRAS15";35143;"RIO PARDO";"Quedas";488,888888888889
"354970";2021;62;2;128553,04;2073,43612903226;32,258064516129;"Municipio";11497;"SAO JOSE DO RIO PARDO";"RRAS15";35143;"RIO PARDO";"Quedas";539,271114203705
"354970";2022;65;2;126733,06;1949,73938461538;30,7692307692308;"Municipio";11733;"SAO JOSE DO RIO PARDO";"RRAS15";35143;"RIO PARDO";"Quedas";553,99301116509
"354970";2023;77;3;114431,32;1486,12103896104;38,961038961039;"Municipio";12004;"SAO JOSE DO RIO PARDO";"RRAS15";35143;"RIO PARDO";"Quedas";641,452849050317
"354970";2024;66;6;107722,85;1632,16439393939;90,9090909090909;"Municipio";12291;"SAO JOSE DO RIO PARDO";"RRAS15";35143;"RIO PARDO";"Quedas";536,978276787894
"354970";2025;56;4;85462,33;1526,11303571429;71,4285714285714;"Municipio";;"SAO JOSE DO RIO PARDO";"RRAS15";35143;"RIO PARDO";"Quedas";
"354980";2015;491;33;915178,33;1863,90698574338;67,2097759674134;"Municipio";72298;"SAO JOSE DO RIO PRETO";"RRAS12";35155;"SAO JOSE DO RIO PRETO";"Quedas";679,133585991314
"354980";2016;509;34;985973,01;1937,07860510805;66,7976424361493;"Municipio";75081;"SAO JOSE DO RIO PRETO";"RRAS12";35155;"SAO JOSE DO RIO PRETO";"Quedas";677,934497409464
"354980";2017;486;38;945310,52;1945,0833744856;78,1893004115226;"Municipio";77951;"SAO JOSE DO RIO PRETO";"RRAS12";35155;"SAO JOSE DO RIO PRETO";"Quedas";623,46858924196
"354980";2018;501;49;1071389,61;2138,50221556886;97,8043912175649;"Municipio";80908;"SAO JOSE DO RIO PRETO";"RRAS12";35155;"SAO JOSE DO RIO PRETO";"Quedas";619,221832204479
"354980";2019;522;44;1043949,92;1999,90406130268;84,2911877394636;"Municipio";83913;"SAO JOSE DO RIO PRETO";"RRAS12";35155;"SAO JOSE DO RIO PRETO";"Quedas";622,072861177648
"354980";2020;469;47;1025242,91;2186,0189978678;100,213219616205;"Municipio";86797;"SAO JOSE DO RIO PRETO";"RRAS12";35155;"SAO JOSE DO RIO PRETO";"Quedas";540,341256034195
"354980";2021;406;49;1140313,19;2808,6531773399;120,689655172414;"Municipio";89301;"SAO JOSE DO RIO PRETO";"RRAS12";35155;"SAO JOSE DO RIO PRETO";"Quedas";454,642165261307
"354980";2022;541;46;1348579,06;2492,75242144177;85,0277264325323;"Municipio";91797;"SAO JOSE DO RIO PRETO";"RRAS12";35155;"SAO JOSE DO RIO PRETO";"Quedas";589,343878340251
"354980";2023;793;42;1491446,71;1880,76508196721;52,9634300126103;"Municipio";94701;"SAO JOSE DO RIO PRETO";"RRAS12";35155;"SAO JOSE DO RIO PRETO";"Quedas";837,372361432297
"354980";2024;822;44;1744780,59;2122,60412408759;53,5279805352798;"Municipio";97732;"SAO JOSE DO RIO PRETO";"RRAS12";35155;"SAO JOSE DO RIO PRETO";"Quedas";841,075594482872
"354980";2025;1038;40;2374031,54;2287,12094412331;38,5356454720617;"Municipio";;"SAO JOSE DO RIO PRETO";"RRAS12";35155;"SAO JOSE DO RIO PRETO";"Quedas";
"354990";2015;390;35;563030,79;1443,66869230769;89,7435897435897;"Municipio";89280;"SAO JOSE DOS CAMPOS";"RRAS17";35171;"ALTO VALE DO PARAIBA";"Quedas";436,827956989247
"354990";2016;401;37;652263,75;1626,59289276808;92,2693266832918;"Municipio";94068;"SAO JOSE DOS CAMPOS";"RRAS17";35171;"ALTO VALE DO PARAIBA";"Quedas";426,287366585874
"354990";2017;438;33;727475,54;1660,90305936073;75,3424657534246;"Municipio";98931;"SAO JOSE DOS CAMPOS";"RRAS17";35171;"ALTO VALE DO PARAIBA";"Quedas";442,732813779301
"354990";2018;435;36;756281,1;1738,57724137931;82,7586206896552;"Municipio";103777;"SAO JOSE DOS CAMPOS";"RRAS17";35171;"ALTO VALE DO PARAIBA";"Quedas";419,168023743219
"354990";2019;425;34;885861,45;2084,37988235294;80;"Municipio";108644;"SAO JOSE DOS CAMPOS";"RRAS17";35171;"ALTO VALE DO PARAIBA";"Quedas";391,185891535658
"354990";2020;405;32;750757,85;1853,72308641975;79,0123456790123;"Municipio";113358;"SAO JOSE DOS CAMPOS";"RRAS17";35171;"ALTO VALE DO PARAIBA";"Quedas";357,275181284073
"354990";2021;460;35;882824,19;1919,18302173913;76,0869565217391;"Municipio";117590;"SAO JOSE DOS CAMPOS";"RRAS17";35171;"ALTO VALE DO PARAIBA";"Quedas";391,189727017604
"354990";2022;485;31;1125352,33;2320,31408247423;63,9175257731959;"Municipio";121807;"SAO JOSE DOS CAMPOS";"RRAS17";35171;"ALTO VALE DO PARAIBA";"Quedas";398,170876878997
"354990";2023;537;32;1111163,49;2069,20575418994;59,5903165735568;"Municipio";126460;"SAO JOSE DOS CAMPOS";"RRAS17";35171;"ALTO VALE DO PARAIBA";"Quedas";424,640202435553
"354990";2024;547;30;1226346,02;2241,94884826325;54,8446069469835;"Municipio";131208;"SAO JOSE DOS CAMPOS";"RRAS17";35171;"ALTO VALE DO PARAIBA";"Quedas";416,895311261508
"354990";2025;625;43;1883281,04;3013,249664;68,8;"Municipio";;"SAO JOSE DOS CAMPOS";"RRAS17";35171;"ALTO VALE DO PARAIBA";"Quedas";
"354995";2015;3;1;3601,62;1200,54;333,333333333333;"Municipio";2000;"SAO LOURENCO DA SERRA";"RRAS04";35013;"MANANCIAIS";"Quedas";150
"354995";2016;12;0;19735,19;1644,59916666667;0;"Municipio";2111;"SAO LOURENCO DA SERRA";"RRAS04";35013;"MANANCIAIS";"Quedas";568,450971103742
"354995";2017;14;2;14481,34;1034,38142857143;142,857142857143;"Municipio";2217;"SAO LOURENCO DA SERRA";"RRAS04";35013;"MANANCIAIS";"Quedas";631,48398737032
"354995";2018;15;0;16814,19;1120,946;0;"Municipio";2326;"SAO LOURENCO DA SERRA";"RRAS04";35013;"MANANCIAIS";"Quedas";644,883920894239
"354995";2019;11;1;11408,07;1037,09727272727;90,9090909090909;"Municipio";2444;"SAO LOURENCO DA SERRA";"RRAS04";35013;"MANANCIAIS";"Quedas";450,081833060557
"354995";2020;12;0;23195,73;1932,9775;0;"Municipio";2555;"SAO LOURENCO DA SERRA";"RRAS04";35013;"MANANCIAIS";"Quedas";469,667318982387
"354995";2021;12;3;12822,41;1068,53416666667;250;"Municipio";2653;"SAO LOURENCO DA SERRA";"RRAS04";35013;"MANANCIAIS";"Quedas";452,318130418394
"354995";2022;18;1;35183,87;1954,65944444444;55,5555555555556;"Municipio";2757;"SAO LOURENCO DA SERRA";"RRAS04";35013;"MANANCIAIS";"Quedas";652,883569096844
"354995";2023;23;1;25179,69;1094,76913043478;43,4782608695652;"Municipio";2876;"SAO LOURENCO DA SERRA";"RRAS04";35013;"MANANCIAIS";"Quedas";799,721835883171
"354995";2024;15;2;10139,38;675,958666666667;133,333333333333;"Municipio";3000;"SAO LOURENCO DA SERRA";"RRAS04";35013;"MANANCIAIS";"Quedas";500
"354995";2025;16;2;39010,08;2438,13;125;"Municipio";;"SAO LOURENCO DA SERRA";"RRAS04";35013;"MANANCIAIS";"Quedas";
"355000";2015;15;0;18796,32;1253,088;0;"Municipio";1983;"SAO LUIZ DO PARAITINGA";"RRAS17";35174;"VALE PARAIBA REGIAO SERRANA";"Quedas";756,42965204236
"355000";2016;15;2;33136,36;2209,09066666667;133,333333333333;"Municipio";2053;"SAO LUIZ DO PARAITINGA";"RRAS17";35174;"VALE PARAIBA REGIAO SERRANA";"Quedas";730,638090599123
"355000";2017;21;2;58813,81;2800,65761904762;95,2380952380952;"Municipio";2126;"SAO LUIZ DO PARAITINGA";"RRAS17";35174;"VALE PARAIBA REGIAO SERRANA";"Quedas";987,770460959548
"355000";2018;7;1;37468,16;5352,59428571429;142,857142857143;"Municipio";2207;"SAO LUIZ DO PARAITINGA";"RRAS17";35174;"VALE PARAIBA REGIAO SERRANA";"Quedas";317,17263253285
"355000";2019;23;1;59225,72;2575,03130434783;43,4782608695652;"Municipio";2296;"SAO LUIZ DO PARAITINGA";"RRAS17";35174;"VALE PARAIBA REGIAO SERRANA";"Quedas";1001,74216027875
"355000";2020;18;1;32136,87;1785,38166666667;55,5555555555556;"Municipio";2380;"SAO LUIZ DO PARAITINGA";"RRAS17";35174;"VALE PARAIBA REGIAO SERRANA";"Quedas";756,302521008403
"355000";2021;20;1;92380,78;4619,039;50;"Municipio";2453;"SAO LUIZ DO PARAITINGA";"RRAS17";35174;"VALE PARAIBA REGIAO SERRANA";"Quedas";815,328169588259
"355000";2022;20;1;47978,19;2398,9095;50;"Municipio";2531;"SAO LUIZ DO PARAITINGA";"RRAS17";35174;"VALE PARAIBA REGIAO SERRANA";"Quedas";790,201501382853
"355000";2023;26;0;42116,45;1619,86346153846;0;"Municipio";2616;"SAO LUIZ DO PARAITINGA";"RRAS17";35174;"VALE PARAIBA REGIAO SERRANA";"Quedas";993,88379204893
"355000";2024;24;4;28738,29;1197,42875;166,666666666667;"Municipio";2705;"SAO LUIZ DO PARAITINGA";"RRAS17";35174;"VALE PARAIBA REGIAO SERRANA";"Quedas";887,24584103512
"355000";2025;24;2;58604,12;2441,83833333333;83,3333333333333;"Municipio";;"SAO LUIZ DO PARAITINGA";"RRAS17";35174;"VALE PARAIBA REGIAO SERRANA";"Quedas";
"355010";2015;29;2;61885,02;2133,96620689655;68,9655172413793;"Municipio";5965;"SAO MANUEL";"RRAS09";35063;"POLO CUESTA";"Quedas";486,169321039396
"355010";2016;38;3;78202,74;2057,96684210526;78,9473684210526;"Municipio";6103;"SAO MANUEL";"RRAS09";35063;"POLO CUESTA";"Quedas";622,644601015894
"355010";2017;28;3;72097,05;2574,89464285714;107,142857142857;"Municipio";6252;"SAO MANUEL";"RRAS09";35063;"POLO CUESTA";"Quedas";447,856685860525
"355010";2018;34;4;74944,72;2204,25647058824;117,647058823529;"Municipio";6413;"SAO MANUEL";"RRAS09";35063;"POLO CUESTA";"Quedas";530,173085919227
"355010";2019;44;3;78920,39;1793,64522727273;68,1818181818182;"Municipio";6573;"SAO MANUEL";"RRAS09";35063;"POLO CUESTA";"Quedas";669,405142248593
"355010";2020;49;4;123585,85;2522,16020408163;81,6326530612245;"Municipio";6721;"SAO MANUEL";"RRAS09";35063;"POLO CUESTA";"Quedas";729,058175866686
"355010";2021;29;2;52703,91;1817,37620689655;68,9655172413793;"Municipio";6836;"SAO MANUEL";"RRAS09";35063;"POLO CUESTA";"Quedas";424,224692802809
"355010";2022;55;7;93005,31;1691,00563636364;127,272727272727;"Municipio";6953;"SAO MANUEL";"RRAS09";35063;"POLO CUESTA";"Quedas";791,025456637423
"355010";2023;47;0;80830,37;1719,79510638298;0;"Municipio";7116;"SAO MANUEL";"RRAS09";35063;"POLO CUESTA";"Quedas";660,483417650365
"355010";2024;46;2;140207,86;3047,99695652174;43,4782608695652;"Municipio";7300;"SAO MANUEL";"RRAS09";35063;"POLO CUESTA";"Quedas";630,13698630137
"355010";2025;48;3;131777,68;2745,36833333333;62,5;"Municipio";;"SAO MANUEL";"RRAS09";35063;"POLO CUESTA";"Quedas";
"355020";2015;23;1;30745,94;1336,78;43,4782608695652;"Municipio";4530;"SAO MIGUEL ARCANJO";"RRAS08";35161;"ITAPETININGA";"Quedas";507,726269315673
"355020";2016;38;4;52732,79;1387,705;105,263157894737;"Municipio";4687;"SAO MIGUEL ARCANJO";"RRAS08";35161;"ITAPETININGA";"Quedas";810,753147002347
"355020";2017;30;1;21748,02;724,934;33,3333333333333;"Municipio";4848;"SAO MIGUEL ARCANJO";"RRAS08";35161;"ITAPETININGA";"Quedas";618,811881188119
"355020";2018;46;3;76682,21;1667,00456521739;65,2173913043478;"Municipio";5021;"SAO MIGUEL ARCANJO";"RRAS08";35161;"ITAPETININGA";"Quedas";916,152160924119
"355020";2019;42;3;34369,82;818,329047619048;71,4285714285714;"Municipio";5194;"SAO MIGUEL ARCANJO";"RRAS08";35161;"ITAPETININGA";"Quedas";808,625336927224
"355020";2020;39;2;48103,74;1233,42923076923;51,2820512820513;"Municipio";5367;"SAO MIGUEL ARCANJO";"RRAS08";35161;"ITAPETININGA";"Quedas";726,66294019005
"355020";2021;44;4;63819,54;1450,44409090909;90,9090909090909;"Municipio";5519;"SAO MIGUEL ARCANJO";"RRAS08";35161;"ITAPETININGA";"Quedas";797,245877876427
"355020";2022;57;4;97027,67;1702,2398245614;70,1754385964912;"Municipio";5669;"SAO MIGUEL ARCANJO";"RRAS08";35161;"ITAPETININGA";"Quedas";1005,4683365673
"355020";2023;53;2;80958,56;1527,52;37,7358490566038;"Municipio";5853;"SAO MIGUEL ARCANJO";"RRAS08";35161;"ITAPETININGA";"Quedas";905,518537502136
"355020";2024;51;4;74406,59;1458,95274509804;78,4313725490196;"Municipio";6053;"SAO MIGUEL ARCANJO";"RRAS08";35161;"ITAPETININGA";"Quedas";842,557409548984
"355020";2025;77;6;161820,37;2101,56324675325;77,9220779220779;"Municipio";;"SAO MIGUEL ARCANJO";"RRAS08";35161;"ITAPETININGA";"Quedas";
"355030";2015;6986;476;10834777,9;1550,92726882336;68,1362725450902;"Municipio";1732923;"SAO PAULO";"RRAS06";35016;"SAO PAULO";"Quedas";403,133895735702
"355030";2016;7335;523;11469593,63;1563,6801131561;71,3019768234492;"Municipio";1792192;"SAO PAULO";"RRAS06";35016;"SAO PAULO";"Quedas";409,275345498697
"355030";2017;7721;592;12669660,73;1640,93520657946;76,6740059577775;"Municipio";1851960;"SAO PAULO";"RRAS06";35016;"SAO PAULO";"Quedas";416,909652476295
"355030";2018;7811;654;12899990,91;1651,51592753809;83,7280757905518;"Municipio";1912059;"SAO PAULO";"RRAS06";35016;"SAO PAULO";"Quedas";408,512498829796
"355030";2019;8740;656;14439416,74;1652,1071784897;75,0572082379863;"Municipio";1971416;"SAO PAULO";"RRAS06";35016;"SAO PAULO";"Quedas";443,336160404501
"355030";2020;7427;657;13442493,03;1809,94924330147;88,4610206005116;"Municipio";2026877;"SAO PAULO";"RRAS06";35016;"SAO PAULO";"Quedas";366,425787060586
"355030";2021;7865;673;14563339,57;1851,66428099174;85,5689764780674;"Municipio";2073189;"SAO PAULO";"RRAS06";35016;"SAO PAULO";"Quedas";379,367245340391
"355030";2022;8696;734;17297217,75;1989,10047723091;84,4066237350506;"Municipio";2118705;"SAO PAULO";"RRAS06";35016;"SAO PAULO";"Quedas";410,439395762978
"355030";2023;8963;683;17636920,17;1967,74742496932;76,2021644538659;"Municipio";2174351;"SAO PAULO";"RRAS06";35016;"SAO PAULO";"Quedas";412,21495517513
"355030";2024;9036;720;18640569,53;2062,92270141656;79,6812749003984;"Municipio";2232478;"SAO PAULO";"RRAS06";35016;"SAO PAULO";"Quedas";404,752028911371
"355030";2025;9031;697;22164723,12;2454,29333628613;77,1786070202635;"Municipio";;"SAO PAULO";"RRAS06";35016;"SAO PAULO";"Quedas";
"355040";2015;43;2;72653,68;1689,62046511628;46,5116279069767;"Municipio";6472;"SAO PEDRO";"RRAS14";35103;"PIRACICABA";"Quedas";664,400494437577
"355040";2016;23;2;43061,62;1872,24434782609;86,9565217391304;"Municipio";6743;"SAO PEDRO";"RRAS14";35103;"PIRACICABA";"Quedas";341,094468337535
"355040";2017;41;2;109817,74;2678,48146341463;48,780487804878;"Municipio";7033;"SAO PEDRO";"RRAS14";35103;"PIRACICABA";"Quedas";582,966017346794
"355040";2018;24;2;78831,77;3284,65708333333;83,3333333333333;"Municipio";7337;"SAO PEDRO";"RRAS14";35103;"PIRACICABA";"Quedas";327,109172686384
"355040";2019;29;1;76630,23;2642,42172413793;34,4827586206897;"Municipio";7655;"SAO PEDRO";"RRAS14";35103;"PIRACICABA";"Quedas";378,837361201829
"355040";2020;40;2;69320,09;1733,00225;50;"Municipio";7976;"SAO PEDRO";"RRAS14";35103;"PIRACICABA";"Quedas";501,504513540622
"355040";2021;72;5;98046,05;1361,75069444444;69,4444444444444;"Municipio";8253;"SAO PEDRO";"RRAS14";35103;"PIRACICABA";"Quedas";872,410032715376
"355040";2022;57;5;113659,37;1994,02403508772;87,719298245614;"Municipio";8522;"SAO PEDRO";"RRAS14";35103;"PIRACICABA";"Quedas";668,857075803802
"355040";2023;32;3;92908,63;2903,3946875;93,75;"Municipio";8817;"SAO PEDRO";"RRAS14";35103;"PIRACICABA";"Quedas";362,935238743337
"355040";2024;37;2;141204,32;3816,33297297297;54,0540540540541;"Municipio";9127;"SAO PEDRO";"RRAS14";35103;"PIRACICABA";"Quedas";405,390599320697
"355040";2025;34;3;176775,46;5199,27823529412;88,2352941176471;"Municipio";;"SAO PEDRO";"RRAS14";35103;"PIRACICABA";"Quedas";
"355050";2015;5;1;15108,21;3021,642;200;"Municipio";1180;"SAO PEDRO DO TURVO";"RRAS10";35094;"OURINHOS";"Quedas";423,728813559322
"355050";2016;5;0;5253,92;1050,784;0;"Municipio";1211;"SAO PEDRO DO TURVO";"RRAS10";35094;"OURINHOS";"Quedas";412,881915772089
"355050";2017;10;0;12271,64;1227,164;0;"Municipio";1232;"SAO PEDRO DO TURVO";"RRAS10";35094;"OURINHOS";"Quedas";811,688311688312
"355050";2018;10;2;16206,44;1620,644;200;"Municipio";1259;"SAO PEDRO DO TURVO";"RRAS10";35094;"OURINHOS";"Quedas";794,28117553614
"355050";2019;6;1;6999,91;1166,65166666667;166,666666666667;"Municipio";1288;"SAO PEDRO DO TURVO";"RRAS10";35094;"OURINHOS";"Quedas";465,83850931677
"355050";2020;9;0;9974,24;1108,24888888889;0;"Municipio";1319;"SAO PEDRO DO TURVO";"RRAS10";35094;"OURINHOS";"Quedas";682,335102350265
"355050";2021;15;1;32526,92;2168,46133333333;66,6666666666667;"Municipio";1339;"SAO PEDRO DO TURVO";"RRAS10";35094;"OURINHOS";"Quedas";1120,23898431665
"355050";2022;11;0;23897,88;2172,53454545455;0;"Municipio";1365;"SAO PEDRO DO TURVO";"RRAS10";35094;"OURINHOS";"Quedas";805,860805860806
"355050";2023;9;1;23551,32;2616,81333333333;111,111111111111;"Municipio";1398;"SAO PEDRO DO TURVO";"RRAS10";35094;"OURINHOS";"Quedas";643,776824034335
"355050";2024;17;5;70473,99;4145,52882352941;294,117647058824;"Municipio";1445;"SAO PEDRO DO TURVO";"RRAS10";35094;"OURINHOS";"Quedas";1176,47058823529
"355050";2025;6;0;9248,78;1541,46333333333;0;"Municipio";;"SAO PEDRO DO TURVO";"RRAS10";35094;"OURINHOS";"Quedas";
"355060";2015;74;5;139816,98;1889,41864864865;67,5675675675676;"Municipio";12710;"SAO ROQUE";"RRAS08";35163;"SOROCABA";"Quedas";582,218725413061
"355060";2016;69;9;113778,78;1648,96782608696;130,434782608696;"Municipio";13143;"SAO ROQUE";"RRAS08";35163;"SOROCABA";"Quedas";524,994293540288
"355060";2017;72;8;94376,39;1310,78319444444;111,111111111111;"Municipio";13585;"SAO ROQUE";"RRAS08";35163;"SOROCABA";"Quedas";529,996319470004
"355060";2018;83;7;80854,35;974,148795180723;84,3373493975904;"Municipio";14029;"SAO ROQUE";"RRAS08";35163;"SOROCABA";"Quedas";591,631620215268
"355060";2019;99;2;99632,02;1006,38404040404;20,2020202020202;"Municipio";14467;"SAO ROQUE";"RRAS08";35163;"SOROCABA";"Quedas";684,316029584572
"355060";2020;98;4;105569,53;1077,24010204082;40,8163265306122;"Municipio";14879;"SAO ROQUE";"RRAS08";35163;"SOROCABA";"Quedas";658,646414409571
"355060";2021;110;7;113530,42;1032,09472727273;63,6363636363636;"Municipio";15212;"SAO ROQUE";"RRAS08";35163;"SOROCABA";"Quedas";723,113331580331
"355060";2022;111;4;123409,33;1111,79576576577;36,036036036036;"Municipio";15536;"SAO ROQUE";"RRAS08";35163;"SOROCABA";"Quedas";714,469618949537
"355060";2023;134;9;191730,84;1430,8271641791;67,1641791044776;"Municipio";15917;"SAO ROQUE";"RRAS08";35163;"SOROCABA";"Quedas";841,867186027518
"355060";2024;161;4;169642,09;1053,67757763975;24,8447204968944;"Municipio";16309;"SAO ROQUE";"RRAS08";35163;"SOROCABA";"Quedas";987,184989882887
"355060";2025;133;9;187477,75;1409,60714285714;67,6691729323308;"Municipio";;"SAO ROQUE";"RRAS08";35163;"SOROCABA";"Quedas";
"355070";2015;27;0;19887,39;736,57;0;"Municipio";8413;"SAO SEBASTIAO";"RRAS17";35173;"LITORAL NORTE";"Quedas";320,931891120884
"355070";2016;50;2;72164,81;1443,2962;40;"Municipio";8834;"SAO SEBASTIAO";"RRAS17";35173;"LITORAL NORTE";"Quedas";565,995019243831
"355070";2017;44;2;64851,21;1473,89113636364;45,4545454545455;"Municipio";9274;"SAO SEBASTIAO";"RRAS17";35173;"LITORAL NORTE";"Quedas";474,444684062972
"355070";2018;32;3;43003,05;1343,8453125;93,75;"Municipio";9721;"SAO SEBASTIAO";"RRAS17";35173;"LITORAL NORTE";"Quedas";329,184240304495
"355070";2019;36;2;65841,41;1828,92805555556;55,5555555555556;"Municipio";10181;"SAO SEBASTIAO";"RRAS17";35173;"LITORAL NORTE";"Quedas";353,599842844514
"355070";2020;48;1;59004,73;1229,26520833333;20,8333333333333;"Municipio";10631;"SAO SEBASTIAO";"RRAS17";35173;"LITORAL NORTE";"Quedas";451,509735678676
"355070";2021;40;2;79111,97;1977,79925;50;"Municipio";11043;"SAO SEBASTIAO";"RRAS17";35173;"LITORAL NORTE";"Quedas";362,220411120167
"355070";2022;97;7;151079,41;1557,51969072165;72,1649484536082;"Municipio";11464;"SAO SEBASTIAO";"RRAS17";35173;"LITORAL NORTE";"Quedas";846,12700628053
"355070";2023;92;6;143981,83;1565,01989130435;65,2173913043478;"Municipio";11947;"SAO SEBASTIAO";"RRAS17";35173;"LITORAL NORTE";"Quedas";770,06779944756
"355070";2024;109;7;228863,18;2099,66220183486;64,2201834862385;"Municipio";12446;"SAO SEBASTIAO";"RRAS17";35173;"LITORAL NORTE";"Quedas";875,78338421983
"355070";2025;119;4;235804,29;1981,54865546218;33,6134453781513;"Municipio";;"SAO SEBASTIAO";"RRAS17";35173;"LITORAL NORTE";"Quedas";
"355080";2015;25;0;31521,26;1260,8504;0;"Municipio";1965;"SAO SEBASTIAO DA GRAMA";"RRAS15";35143;"RIO PARDO";"Quedas";1272,26463104326
"355080";2016;21;0;19688,04;937,525714285714;0;"Municipio";2015;"SAO SEBASTIAO DA GRAMA";"RRAS15";35143;"RIO PARDO";"Quedas";1042,18362282878
"355080";2017;26;0;17867,43;687,208846153846;0;"Municipio";2059;"SAO SEBASTIAO DA GRAMA";"RRAS15";35143;"RIO PARDO";"Quedas";1262,74890723652
"355080";2018;32;2;41285,59;1290,1746875;62,5;"Municipio";2100;"SAO SEBASTIAO DA GRAMA";"RRAS15";35143;"RIO PARDO";"Quedas";1523,80952380952
"355080";2019;21;0;21203,19;1009,67571428571;0;"Municipio";2151;"SAO SEBASTIAO DA GRAMA";"RRAS15";35143;"RIO PARDO";"Quedas";976,29009762901
"355080";2020;31;0;25666,18;827,941290322581;0;"Municipio";2186;"SAO SEBASTIAO DA GRAMA";"RRAS15";35143;"RIO PARDO";"Quedas";1418,11527904849
"355080";2021;24;0;11947,06;497,794166666667;0;"Municipio";2210;"SAO SEBASTIAO DA GRAMA";"RRAS15";35143;"RIO PARDO";"Quedas";1085,97285067873
"355080";2022;31;1;17049,02;549,968387096774;32,258064516129;"Municipio";2246;"SAO SEBASTIAO DA GRAMA";"RRAS15";35143;"RIO PARDO";"Quedas";1380,23152270703
"355080";2023;44;0;41150,99;935,249772727273;0;"Municipio";2289;"SAO SEBASTIAO DA GRAMA";"RRAS15";35143;"RIO PARDO";"Quedas";1922,23678462211
"355080";2024;29;2;18560,02;640,000689655172;68,9655172413793;"Municipio";2343;"SAO SEBASTIAO DA GRAMA";"RRAS15";35143;"RIO PARDO";"Quedas";1237,72940674349
"355080";2025;28;0;21713,41;775,478928571429;0;"Municipio";;"SAO SEBASTIAO DA GRAMA";"RRAS15";35143;"RIO PARDO";"Quedas";
"355090";2015;21;0;25020,74;1191,46380952381;0;"Municipio";2523;"SAO SIMAO";"RRAS13";35132;"AQUIFERO GUARANI";"Quedas";832,342449464923
"355090";2016;18;1;25320,84;1406,71333333333;55,5555555555556;"Municipio";2585;"SAO SIMAO";"RRAS13";35132;"AQUIFERO GUARANI";"Quedas";696,324951644101
"355090";2017;22;2;31744,45;1442,92954545455;90,9090909090909;"Municipio";2657;"SAO SIMAO";"RRAS13";35132;"AQUIFERO GUARANI";"Quedas";828,001505457283
"355090";2018;30;2;25744,56;858,152;66,6666666666667;"Municipio";2724;"SAO SIMAO";"RRAS13";35132;"AQUIFERO GUARANI";"Quedas";1101,32158590308
"355090";2019;10;1;19289,1;1928,91;100;"Municipio";2799;"SAO SIMAO";"RRAS13";35132;"AQUIFERO GUARANI";"Quedas";357,270453733476
"355090";2020;13;0;37989,46;2922,26615384615;0;"Municipio";2870;"SAO SIMAO";"RRAS13";35132;"AQUIFERO GUARANI";"Quedas";452,961672473868
"355090";2021;19;2;27780,04;1462,10736842105;105,263157894737;"Municipio";2932;"SAO SIMAO";"RRAS13";35132;"AQUIFERO GUARANI";"Quedas";648,021828103683
"355090";2022;14;1;54504,45;3893,175;71,4285714285714;"Municipio";2983;"SAO SIMAO";"RRAS13";35132;"AQUIFERO GUARANI";"Quedas";469,326181696279
"355090";2023;10;0;28501,74;2850,174;0;"Municipio";3053;"SAO SIMAO";"RRAS13";35132;"AQUIFERO GUARANI";"Quedas";327,546675401245
"355090";2024;14;0;22355,71;1596,83642857143;0;"Municipio";3128;"SAO SIMAO";"RRAS13";35132;"AQUIFERO GUARANI";"Quedas";447,570332480818
"355090";2025;12;0;25575,47;2131,28916666667;0;"Municipio";;"SAO SIMAO";"RRAS13";35132;"AQUIFERO GUARANI";"Quedas";
"355100";2015;143;14;223756,35;1564,72972027972;97,9020979020979;"Municipio";48010;"SAO VICENTE";"RRAS07";35041;"BAIXADA SANTISTA";"Quedas";297,854613622162
"355100";2016;124;11;142000,32;1145,16387096774;88,7096774193548;"Municipio";49628;"SAO VICENTE";"RRAS07";35041;"BAIXADA SANTISTA";"Quedas";249,858950592407
"355100";2017;117;12;157021,9;1342,06752136752;102,564102564103;"Municipio";51271;"SAO VICENTE";"RRAS07";35041;"BAIXADA SANTISTA";"Quedas";228,199176922627
"355100";2018;127;12;215120,57;1693,86275590551;94,488188976378;"Municipio";52906;"SAO VICENTE";"RRAS07";35041;"BAIXADA SANTISTA";"Quedas";240,048387706498
"355100";2019;116;8;228302,24;1968,12275862069;68,9655172413793;"Municipio";54527;"SAO VICENTE";"RRAS07";35041;"BAIXADA SANTISTA";"Quedas";212,738643240963
"355100";2020;116;16;175276,98;1511,00844827586;137,931034482759;"Municipio";56039;"SAO VICENTE";"RRAS07";35041;"BAIXADA SANTISTA";"Quedas";206,998697335784
"355100";2021;159;19;346055,49;2176,44962264151;119,496855345912;"Municipio";57276;"SAO VICENTE";"RRAS07";35041;"BAIXADA SANTISTA";"Quedas";277,603184579929
"355100";2022;174;14;328201,43;1886,21511494253;80,4597701149425;"Municipio";58531;"SAO VICENTE";"RRAS07";35041;"BAIXADA SANTISTA";"Quedas";297,27836531069
"355100";2023;197;14;434331,82;2204,73005076142;71,0659898477157;"Municipio";60064;"SAO VICENTE";"RRAS07";35041;"BAIXADA SANTISTA";"Quedas";327,983484283431
"355100";2024;223;14;476392,71;2136,2901793722;62,780269058296;"Municipio";61732;"SAO VICENTE";"RRAS07";35041;"BAIXADA SANTISTA";"Quedas";361,238903648027
"355100";2025;190;10;535840,2;2820,21157894737;52,6315789473684;"Municipio";;"SAO VICENTE";"RRAS07";35041;"BAIXADA SANTISTA";"Quedas";
"355110";2015;12;2;21591,37;1799,28083333333;166,666666666667;"Municipio";1469;"SARAPUI";"RRAS08";35161;"ITAPETININGA";"Quedas";816,882232811436
"355110";2016;12;2;18098,63;1508,21916666667;166,666666666667;"Municipio";1533;"SARAPUI";"RRAS08";35161;"ITAPETININGA";"Quedas";782,778864970646
"355110";2017;9;2;20027,76;2225,30666666667;222,222222222222;"Municipio";1600;"SARAPUI";"RRAS08";35161;"ITAPETININGA";"Quedas";562,5
"355110";2018;4;1;1926,23;481,5575;250;"Municipio";1679;"SARAPUI";"RRAS08";35161;"ITAPETININGA";"Quedas";238,237045860631
"355110";2019;12;1;26040,65;2170,05416666667;83,3333333333333;"Municipio";1761;"SARAPUI";"RRAS08";35161;"ITAPETININGA";"Quedas";681,431005110733
"355110";2020;6;0;9979,46;1663,24333333333;0;"Municipio";1841;"SARAPUI";"RRAS08";35161;"ITAPETININGA";"Quedas";325,909831613254
"355110";2021;12;1;27799,27;2316,60583333333;83,3333333333333;"Municipio";1916;"SARAPUI";"RRAS08";35161;"ITAPETININGA";"Quedas";626,304801670146
"355110";2022;11;0;33481,08;3043,73454545455;0;"Municipio";1981;"SARAPUI";"RRAS08";35161;"ITAPETININGA";"Quedas";555,275113579001
"355110";2023;26;2;63799,53;2453,82807692308;76,9230769230769;"Municipio";2059;"SARAPUI";"RRAS08";35161;"ITAPETININGA";"Quedas";1262,74890723652
"355110";2024;22;1;41031,11;1865,05045454545;45,4545454545455;"Municipio";2132;"SARAPUI";"RRAS08";35161;"ITAPETININGA";"Quedas";1031,89493433396
"355110";2025;17;2;42674,63;2510,27235294118;117,647058823529;"Municipio";;"SARAPUI";"RRAS08";35161;"ITAPETININGA";"Quedas";
"355120";2015;13;0;4351,69;334,745384615385;0;"Municipio";642;"SARUTAIA";"RRAS09";35061;"VALE DO JURUMIRIM";"Quedas";2024,92211838006
"355120";2016;9;1;6127,08;680,786666666667;111,111111111111;"Municipio";658;"SARUTAIA";"RRAS09";35061;"VALE DO JURUMIRIM";"Quedas";1367,7811550152
"355120";2017;8;0;5965,58;745,6975;0;"Municipio";680;"SARUTAIA";"RRAS09";35061;"VALE DO JURUMIRIM";"Quedas";1176,47058823529
"355120";2018;6;1;4259,04;709,84;166,666666666667;"Municipio";691;"SARUTAIA";"RRAS09";35061;"VALE DO JURUMIRIM";"Quedas";868,306801736614
"355120";2019;7;0;4621,31;660,187142857143;0;"Municipio";707;"SARUTAIA";"RRAS09";35061;"VALE DO JURUMIRIM";"Quedas";990,09900990099
"355120";2020;11;0;10786,64;980,603636363636;0;"Municipio";734;"SARUTAIA";"RRAS09";35061;"VALE DO JURUMIRIM";"Quedas";1498,63760217984
"355120";2021;10;1;8199,12;819,912;100;"Municipio";746;"SARUTAIA";"RRAS09";35061;"VALE DO JURUMIRIM";"Quedas";1340,48257372654
"355120";2022;1;0;1756,31;1756,31;0;"Municipio";765;"SARUTAIA";"RRAS09";35061;"VALE DO JURUMIRIM";"Quedas";130,718954248366
"355120";2023;12;0;48486,81;4040,5675;0;"Municipio";780;"SARUTAIA";"RRAS09";35061;"VALE DO JURUMIRIM";"Quedas";1538,46153846154
"355120";2024;6;0;12131,01;2021,835;0;"Municipio";800;"SARUTAIA";"RRAS09";35061;"VALE DO JURUMIRIM";"Quedas";750
"355120";2025;6;0;24346,08;4057,68;0;"Municipio";;"SARUTAIA";"RRAS09";35061;"VALE DO JURUMIRIM";"Quedas";
"355130";2015;2;0;1020,84;510,42;0;"Municipio";591;"SEBASTIANOPOLIS DO SUL";"RRAS12";35157;"VOTUPORANGA";"Quedas";338,409475465313
"355130";2016;5;2;20077,88;4015,576;400;"Municipio";610;"SEBASTIANOPOLIS DO SUL";"RRAS12";35157;"VOTUPORANGA";"Quedas";819,672131147541
"355130";2017;9;0;12460,88;1384,54222222222;0;"Municipio";630;"SEBASTIANOPOLIS DO SUL";"RRAS12";35157;"VOTUPORANGA";"Quedas";1428,57142857143
"355130";2018;3;0;4017,14;1339,04666666667;0;"Municipio";647;"SEBASTIANOPOLIS DO SUL";"RRAS12";35157;"VOTUPORANGA";"Quedas";463,678516228748
"355130";2019;4;0;5547,63;1386,9075;0;"Municipio";671;"SEBASTIANOPOLIS DO SUL";"RRAS12";35157;"VOTUPORANGA";"Quedas";596,125186289121
"355130";2020;8;0;14173,37;1771,67125;0;"Municipio";694;"SEBASTIANOPOLIS DO SUL";"RRAS12";35157;"VOTUPORANGA";"Quedas";1152,73775216138
"355130";2021;4;1;3596,21;899,0525;250;"Municipio";711;"SEBASTIANOPOLIS DO SUL";"RRAS12";35157;"VOTUPORANGA";"Quedas";562,587904360056
"355130";2022;9;2;23345,15;2593,90555555556;222,222222222222;"Municipio";727;"SEBASTIANOPOLIS DO SUL";"RRAS12";35157;"VOTUPORANGA";"Quedas";1237,96423658872
"355130";2023;10;1;14376,77;1437,677;100;"Municipio";737;"SEBASTIANOPOLIS DO SUL";"RRAS12";35157;"VOTUPORANGA";"Quedas";1356,85210312076
"355130";2024;10;2;45392,89;4539,289;200;"Municipio";767;"SEBASTIANOPOLIS DO SUL";"RRAS12";35157;"VOTUPORANGA";"Quedas";1303,78096479791
"355130";2025;14;0;28331,69;2023,69214285714;0;"Municipio";;"SEBASTIANOPOLIS DO SUL";"RRAS12";35157;"VOTUPORANGA";"Quedas";
"355140";2015;11;0;25912,99;2355,72636363636;0;"Municipio";1333;"SERRA AZUL";"RRAS13";35132;"AQUIFERO GUARANI";"Quedas";825,206301575394
"355140";2016;11;0;19864,91;1805,90090909091;0;"Municipio";1387;"SERRA AZUL";"RRAS13";35132;"AQUIFERO GUARANI";"Quedas";793,078586878154
"355140";2017;14;1;24183,84;1727,41714285714;71,4285714285714;"Municipio";1445;"SERRA AZUL";"RRAS13";35132;"AQUIFERO GUARANI";"Quedas";968,858131487889
"355140";2018;9;0;12813,9;1423,76666666667;0;"Municipio";1505;"SERRA AZUL";"RRAS13";35132;"AQUIFERO GUARANI";"Quedas";598,006644518272
"355140";2019;11;1;14601;1327,36363636364;90,9090909090909;"Municipio";1565;"SERRA AZUL";"RRAS13";35132;"AQUIFERO GUARANI";"Quedas";702,875399361022
"355140";2020;8;0;10995,06;1374,3825;0;"Municipio";1629;"SERRA AZUL";"RRAS13";35132;"AQUIFERO GUARANI";"Quedas";491,09883364027
"355140";2021;9;0;17042,42;1893,60222222222;0;"Municipio";1681;"SERRA AZUL";"RRAS13";35132;"AQUIFERO GUARANI";"Quedas";535,395597858418
"355140";2022;4;0;6746,29;1686,5725;0;"Municipio";1737;"SERRA AZUL";"RRAS13";35132;"AQUIFERO GUARANI";"Quedas";230,28209556707
"355140";2023;10;0;39749,41;3974,941;0;"Municipio";1800;"SERRA AZUL";"RRAS13";35132;"AQUIFERO GUARANI";"Quedas";555,555555555556
"355140";2024;14;0;22803,32;1628,80857142857;0;"Municipio";1873;"SERRA AZUL";"RRAS13";35132;"AQUIFERO GUARANI";"Quedas";747,463961558996
"355140";2025;6;0;18410,63;3068,43833333333;0;"Municipio";;"SERRA AZUL";"RRAS13";35132;"AQUIFERO GUARANI";"Quedas";
"355150";2015;25;1;43955,58;1758,2232;40;"Municipio";4276;"SERRANA";"RRAS13";35132;"AQUIFERO GUARANI";"Quedas";584,65855940131
"355150";2016;28;1;41431,1;1479,68214285714;35,7142857142857;"Municipio";4491;"SERRANA";"RRAS13";35132;"AQUIFERO GUARANI";"Quedas";623,469160543309
"355150";2017;34;2;59365,51;1746,04441176471;58,8235294117647;"Municipio";4706;"SERRANA";"RRAS13";35132;"AQUIFERO GUARANI";"Quedas";722,481937951551
"355150";2018;44;5;133306,7;3029,69772727273;113,636363636364;"Municipio";4936;"SERRANA";"RRAS13";35132;"AQUIFERO GUARANI";"Quedas";891,410048622366
"355150";2019;40;1;89163,41;2229,08525;25;"Municipio";5173;"SERRANA";"RRAS13";35132;"AQUIFERO GUARANI";"Quedas";773,2456988208
"355150";2020;35;1;63016,12;1800,46057142857;28,5714285714286;"Municipio";5403;"SERRANA";"RRAS13";35132;"AQUIFERO GUARANI";"Quedas";647,788265778271
"355150";2021;42;4;80558,74;1918,06523809524;95,2380952380952;"Municipio";5623;"SERRANA";"RRAS13";35132;"AQUIFERO GUARANI";"Quedas";746,932242575138
"355150";2022;31;4;86999,11;2806,42290322581;129,032258064516;"Municipio";5849;"SERRANA";"RRAS13";35132;"AQUIFERO GUARANI";"Quedas";530,005129081894
"355150";2023;32;1;77908,64;2434,645;31,25;"Municipio";6108;"SERRANA";"RRAS13";35132;"AQUIFERO GUARANI";"Quedas";523,903077930583
"355150";2024;24;0;64563,6;2690,15;0;"Municipio";6382;"SERRANA";"RRAS13";35132;"AQUIFERO GUARANI";"Quedas";376,057662174867
"355150";2025;22;1;74991,53;3408,70590909091;45,4545454545455;"Municipio";;"SERRANA";"RRAS13";35132;"AQUIFERO GUARANI";"Quedas";
"355160";2015;28;0;32612,7;1164,73928571429;0;"Municipio";5652;"SERRA NEGRA";"RRAS15";35074;"CIRCUITO DAS AGUAS";"Quedas";495,399858457183
"355160";2016;17;0;40915,89;2406,81705882353;0;"Municipio";5855;"SERRA NEGRA";"RRAS15";35074;"CIRCUITO DAS AGUAS";"Quedas";290,350128095645
"355160";2017;31;0;61414,13;1981,10096774194;0;"Municipio";6064;"SERRA NEGRA";"RRAS15";35074;"CIRCUITO DAS AGUAS";"Quedas";511,213720316623
"355160";2018;43;3;68691,35;1597,47325581395;69,7674418604651;"Municipio";6284;"SERRA NEGRA";"RRAS15";35074;"CIRCUITO DAS AGUAS";"Quedas";684,277530235519
"355160";2019;43;2;47546,16;1105,72465116279;46,5116279069767;"Municipio";6503;"SERRA NEGRA";"RRAS15";35074;"CIRCUITO DAS AGUAS";"Quedas";661,2332769491
"355160";2020;53;1;87660,76;1653,97660377358;18,8679245283019;"Municipio";6717;"SERRA NEGRA";"RRAS15";35074;"CIRCUITO DAS AGUAS";"Quedas";789,042727408069
"355160";2021;41;3;49691,91;1211,99780487805;73,1707317073171;"Municipio";6889;"SERRA NEGRA";"RRAS15";35074;"CIRCUITO DAS AGUAS";"Quedas";595,151691101756
"355160";2022;82;3;69585,18;848,599756097561;36,5853658536585;"Municipio";7058;"SERRA NEGRA";"RRAS15";35074;"CIRCUITO DAS AGUAS";"Quedas";1161,80221025786
"355160";2023;70;4;96787,26;1382,67514285714;57,1428571428571;"Municipio";7254;"SERRA NEGRA";"RRAS15";35074;"CIRCUITO DAS AGUAS";"Quedas";964,984835952578
"355160";2024;79;3;91118,29;1153,39607594937;37,9746835443038;"Municipio";7458;"SERRA NEGRA";"RRAS15";35074;"CIRCUITO DAS AGUAS";"Quedas";1059,26521855725
"355160";2025;59;0;75707,86;1283,18406779661;0;"Municipio";;"SERRA NEGRA";"RRAS15";35074;"CIRCUITO DAS AGUAS";"Quedas";
"355170";2015;8;0;11437,03;1429,62875;0;"Municipio";15054;"SERTAOZINHO";"RRAS13";35131;"HORIZONTE VERDE";"Quedas";53,1420220539392
"355170";2016;11;1;29027,28;2638,84363636364;90,9090909090909;"Municipio";15731;"SERTAOZINHO";"RRAS13";35131;"HORIZONTE VERDE";"Quedas";69,9256245629648
"355170";2017;15;1;31097,11;2073,14066666667;66,6666666666667;"Municipio";16438;"SERTAOZINHO";"RRAS13";35131;"HORIZONTE VERDE";"Quedas";91,2519771261711
"355170";2018;18;1;31005,35;1722,51944444444;55,5555555555556;"Municipio";17169;"SERTAOZINHO";"RRAS13";35131;"HORIZONTE VERDE";"Quedas";104,840118818801
"355170";2019;6;0;13443,25;2240,54166666667;0;"Municipio";17918;"SERTAOZINHO";"RRAS13";35131;"HORIZONTE VERDE";"Quedas";33,4858801205492
"355170";2020;8;0;17026,05;2128,25625;0;"Municipio";18647;"SERTAOZINHO";"RRAS13";35131;"HORIZONTE VERDE";"Quedas";42,9023435405159
"355170";2021;13;3;31009,84;2385,37230769231;230,769230769231;"Municipio";19297;"SERTAOZINHO";"RRAS13";35131;"HORIZONTE VERDE";"Quedas";67,3679846608281
"355170";2022;15;1;35063,92;2337,59466666667;66,6666666666667;"Municipio";19962;"SERTAOZINHO";"RRAS13";35131;"HORIZONTE VERDE";"Quedas";75,1427712654043
"355170";2023;14;0;30977,79;2212,69928571429;0;"Municipio";20720;"SERTAOZINHO";"RRAS13";35131;"HORIZONTE VERDE";"Quedas";67,5675675675676
"355170";2024;14;2;27104,81;1936,05785714286;142,857142857143;"Municipio";21483;"SERTAOZINHO";"RRAS13";35131;"HORIZONTE VERDE";"Quedas";65,167807103291
"355170";2025;13;0;27014,49;2078,03769230769;0;"Municipio";;"SERTAOZINHO";"RRAS13";35131;"HORIZONTE VERDE";"Quedas";
"355180";2015;11;1;34338,38;3121,67090909091;90,9090909090909;"Municipio";2057;"SETE BARRAS";"RRAS07";35121;"VALE DO RIBEIRA";"Quedas";534,75935828877
"355180";2016;4;0;3911,63;977,9075;0;"Municipio";2121;"SETE BARRAS";"RRAS07";35121;"VALE DO RIBEIRA";"Quedas";188,590287600189
"355180";2017;11;0;12508,94;1137,17636363636;0;"Municipio";2177;"SETE BARRAS";"RRAS07";35121;"VALE DO RIBEIRA";"Quedas";505,282498851631
"355180";2018;10;1;15039,32;1503,932;100;"Municipio";2235;"SETE BARRAS";"RRAS07";35121;"VALE DO RIBEIRA";"Quedas";447,427293064877
"355180";2019;11;0;12792,32;1162,93818181818;0;"Municipio";2293;"SETE BARRAS";"RRAS07";35121;"VALE DO RIBEIRA";"Quedas";479,720889664195
"355180";2020;7;0;7571,58;1081,65428571429;0;"Municipio";2349;"SETE BARRAS";"RRAS07";35121;"VALE DO RIBEIRA";"Quedas";297,999148573861
"355180";2021;7;1;8663,71;1237,67285714286;142,857142857143;"Municipio";2391;"SETE BARRAS";"RRAS07";35121;"VALE DO RIBEIRA";"Quedas";292,764533667921
"355180";2022;12;1;23483,98;1956,99833333333;83,3333333333333;"Municipio";2432;"SETE BARRAS";"RRAS07";35121;"VALE DO RIBEIRA";"Quedas";493,421052631579
"355180";2023;11;0;15176,96;1379,72363636364;0;"Municipio";2488;"SETE BARRAS";"RRAS07";35121;"VALE DO RIBEIRA";"Quedas";442,122186495177
"355180";2024;23;0;38359,49;1667,80391304348;0;"Municipio";2552;"SETE BARRAS";"RRAS07";35121;"VALE DO RIBEIRA";"Quedas";901,253918495298
"355180";2025;24;0;56963,93;2373,49708333333;0;"Municipio";;"SETE BARRAS";"RRAS07";35121;"VALE DO RIBEIRA";"Quedas";
"355190";2015;13;4;19571,08;1505,46769230769;307,692307692308;"Municipio";1929;"SEVERINIA";"RRAS13";35051;"NORTE BARRETOS";"Quedas";673,924313115604
"355190";2016;21;2;25088,37;1194,68428571429;95,2380952380952;"Municipio";1998;"SEVERINIA";"RRAS13";35051;"NORTE BARRETOS";"Quedas";1051,05105105105
"355190";2017;14;2;24457,63;1746,97357142857;142,857142857143;"Municipio";2064;"SEVERINIA";"RRAS13";35051;"NORTE BARRETOS";"Quedas";678,294573643411
"355190";2018;25;3;23875,53;955,0212;120;"Municipio";2140;"SEVERINIA";"RRAS13";35051;"NORTE BARRETOS";"Quedas";1168,22429906542
"355190";2019;28;5;75408,71;2693,16821428571;178,571428571429;"Municipio";2215;"SEVERINIA";"RRAS13";35051;"NORTE BARRETOS";"Quedas";1264,10835214447
"355190";2020;23;1;54755,18;2380,66;43,4782608695652;"Municipio";2290;"SEVERINIA";"RRAS13";35051;"NORTE BARRETOS";"Quedas";1004,36681222707
"355190";2021;12;1;16889,75;1407,47916666667;83,3333333333333;"Municipio";2354;"SEVERINIA";"RRAS13";35051;"NORTE BARRETOS";"Quedas";509,770603228547
"355190";2022;13;0;49046,17;3772,78230769231;0;"Municipio";2423;"SEVERINIA";"RRAS13";35051;"NORTE BARRETOS";"Quedas";536,524969046636
"355190";2023;26;3;71267,17;2741,045;115,384615384615;"Municipio";2501;"SEVERINIA";"RRAS13";35051;"NORTE BARRETOS";"Quedas";1039,58416633347
"355190";2024;22;2;54406,65;2473,02954545455;90,9090909090909;"Municipio";2577;"SEVERINIA";"RRAS13";35051;"NORTE BARRETOS";"Quedas";853,705859526581
"355190";2025;19;4;72639,57;3823,13526315789;210,526315789474;"Municipio";;"SEVERINIA";"RRAS13";35051;"NORTE BARRETOS";"Quedas";
"355200";2015;7;0;5256,03;750,861428571429;0;"Municipio";965;"SILVEIRAS";"RRAS17";35172;"CIRCUITO DA FE VALE HISTORICO";"Quedas";725,388601036269
"355200";2016;20;1;19548,2;977,41;50;"Municipio";995;"SILVEIRAS";"RRAS17";35172;"CIRCUITO DA FE VALE HISTORICO";"Quedas";2010,05025125628
"355200";2017;3;1;1732,47;577,49;333,333333333333;"Municipio";1027;"SILVEIRAS";"RRAS17";35172;"CIRCUITO DA FE VALE HISTORICO";"Quedas";292,112950340798
"355200";2018;2;0;978,26;489,13;0;"Municipio";1062;"SILVEIRAS";"RRAS17";35172;"CIRCUITO DA FE VALE HISTORICO";"Quedas";188,323917137476
"355200";2019;4;1;7790,71;1947,6775;250;"Municipio";1104;"SILVEIRAS";"RRAS17";35172;"CIRCUITO DA FE VALE HISTORICO";"Quedas";362,31884057971
"355200";2020;11;1;19588,11;1780,73727272727;90,9090909090909;"Municipio";1143;"SILVEIRAS";"RRAS17";35172;"CIRCUITO DA FE VALE HISTORICO";"Quedas";962,379702537183
"355200";2021;11;0;18922,5;1720,22727272727;0;"Municipio";1177;"SILVEIRAS";"RRAS17";35172;"CIRCUITO DA FE VALE HISTORICO";"Quedas";934,579439252336
"355200";2022;12;0;25059,03;2088,2525;0;"Municipio";1209;"SILVEIRAS";"RRAS17";35172;"CIRCUITO DA FE VALE HISTORICO";"Quedas";992,555831265509
"355200";2023;2;0;4994,47;2497,235;0;"Municipio";1250;"SILVEIRAS";"RRAS17";35172;"CIRCUITO DA FE VALE HISTORICO";"Quedas";160
"355200";2024;4;0;2486,65;621,6625;0;"Municipio";1280;"SILVEIRAS";"RRAS17";35172;"CIRCUITO DA FE VALE HISTORICO";"Quedas";312,5
"355200";2025;14;0;41437,09;2959,79214285714;0;"Municipio";;"SILVEIRAS";"RRAS17";35172;"CIRCUITO DA FE VALE HISTORICO";"Quedas";
"355210";2015;7;1;11050,38;1578,62571428571;142,857142857143;"Municipio";7848;"SOCORRO";"RRAS16";35071;"BRAGANCA";"Quedas";89,1946992864424
"355210";2016;17;0;32769,14;1927,59647058824;0;"Municipio";8108;"SOCORRO";"RRAS16";35071;"BRAGANCA";"Quedas";209,669462259497
"355210";2017;15;2;56554,9;3770,32666666667;133,333333333333;"Municipio";8381;"SOCORRO";"RRAS16";35071;"BRAGANCA";"Quedas";178,976255816728
"355210";2018;19;3;69071,69;3635,35210526316;157,894736842105;"Municipio";8655;"SOCORRO";"RRAS16";35071;"BRAGANCA";"Quedas";219,526285384171
"355210";2019;17;0;26853,3;1579,60588235294;0;"Municipio";8931;"SOCORRO";"RRAS16";35071;"BRAGANCA";"Quedas";190,348225282723
"355210";2020;26;5;104747,15;4028,73653846154;192,307692307692;"Municipio";9184;"SOCORRO";"RRAS16";35071;"BRAGANCA";"Quedas";283,101045296167
"355210";2021;13;7;40395,03;3107,31;538,461538461538;"Municipio";9399;"SOCORRO";"RRAS16";35071;"BRAGANCA";"Quedas";138,312586445367
"355210";2022;17;4;71326,92;4195,70117647059;235,294117647059;"Municipio";9601;"SOCORRO";"RRAS16";35071;"BRAGANCA";"Quedas";177,064889074055
"355210";2023;6;2;21127,29;3521,215;333,333333333333;"Municipio";9850;"SOCORRO";"RRAS16";35071;"BRAGANCA";"Quedas";60,9137055837563
"355210";2024;12;1;34156,81;2846,40083333333;83,3333333333333;"Municipio";10128;"SOCORRO";"RRAS16";35071;"BRAGANCA";"Quedas";118,483412322275
"355210";2025;61;4;223192,97;3658,90114754098;65,5737704918033;"Municipio";;"SOCORRO";"RRAS16";35071;"BRAGANCA";"Quedas";
"355220";2015;569;21;959493,52;1686,28035149385;36,9068541300527;"Municipio";87115;"SOROCABA";"RRAS08";35163;"SOROCABA";"Quedas";653,159616598749
"355220";2016;550;46;1078712,4;1961,29527272727;83,6363636363636;"Municipio";91271;"SOROCABA";"RRAS08";35163;"SOROCABA";"Quedas";602,601045238904
"355220";2017;474;39;971640,36;2049,87417721519;82,2784810126582;"Municipio";95627;"SOROCABA";"RRAS08";35163;"SOROCABA";"Quedas";495,675907432001
"355220";2018;494;27;1030923,45;2086,88957489879;54,6558704453441;"Municipio";100158;"SOROCABA";"RRAS08";35163;"SOROCABA";"Quedas";493,220711276184
"355220";2019;478;45;1086286,93;2272,56679916318;94,1422594142259;"Municipio";104821;"SOROCABA";"RRAS08";35163;"SOROCABA";"Quedas";456,015493078677
"355220";2020;454;51;993779,08;2188,94070484582;112,334801762115;"Municipio";109393;"SOROCABA";"RRAS08";35163;"SOROCABA";"Quedas";415,017414276965
"355220";2021;505;37;1138048,54;2253,56146534653;73,2673267326733;"Municipio";113534;"SOROCABA";"RRAS08";35163;"SOROCABA";"Quedas";444,800676449346
"355220";2022;579;45;1697432,64;2931,66259067358;77,720207253886;"Municipio";117740;"SOROCABA";"RRAS08";35163;"SOROCABA";"Quedas";491,761508408357
"355220";2023;645;48;1821730,7;2824,38868217054;74,4186046511628;"Municipio";122482;"SOROCABA";"RRAS08";35163;"SOROCABA";"Quedas";526,607991378325
"355220";2024;597;54;1589779,77;2662,94768844221;90,4522613065327;"Municipio";127412;"SOROCABA";"RRAS08";35163;"SOROCABA";"Quedas";468,558691489028
"355220";2025;718;75;2542864,49;3541,59399721448;104,456824512535;"Municipio";;"SOROCABA";"RRAS08";35163;"SOROCABA";"Quedas";
"355230";2015;4;0;10967,83;2741,9575;0;"Municipio";1158;"SUD MENNUCCI";"RRAS19";35022;"LAGOS DO DRS II";"Quedas";345,423143350604
"355230";2016;8;1;13035,15;1629,39375;125;"Municipio";1197;"SUD MENNUCCI";"RRAS19";35022;"LAGOS DO DRS II";"Quedas";668,337510442774
"355230";2017;8;1;6911,25;863,90625;125;"Municipio";1241;"SUD MENNUCCI";"RRAS19";35022;"LAGOS DO DRS II";"Quedas";644,64141821112
"355230";2018;4;0;7520,31;1880,0775;0;"Municipio";1290;"SUD MENNUCCI";"RRAS19";35022;"LAGOS DO DRS II";"Quedas";310,077519379845
"355230";2019;6;0;7641,74;1273,62333333333;0;"Municipio";1333;"SUD MENNUCCI";"RRAS19";35022;"LAGOS DO DRS II";"Quedas";450,112528132033
"355230";2020;4;0;3032,44;758,11;0;"Municipio";1377;"SUD MENNUCCI";"RRAS19";35022;"LAGOS DO DRS II";"Quedas";290,486564996369
"355230";2021;7;0;12312,84;1758,97714285714;0;"Municipio";1416;"SUD MENNUCCI";"RRAS19";35022;"LAGOS DO DRS II";"Quedas";494,350282485876
"355230";2022;5;0;9719,5;1943,9;0;"Municipio";1455;"SUD MENNUCCI";"RRAS19";35022;"LAGOS DO DRS II";"Quedas";343,642611683849
"355230";2023;2;0;4661,38;2330,69;0;"Municipio";1505;"SUD MENNUCCI";"RRAS19";35022;"LAGOS DO DRS II";"Quedas";132,890365448505
"355230";2024;11;1;21359,38;1941,76181818182;90,9090909090909;"Municipio";1552;"SUD MENNUCCI";"RRAS19";35022;"LAGOS DO DRS II";"Quedas";708,762886597938
"355230";2025;13;1;50438,41;3879,87769230769;76,9230769230769;"Municipio";;"SUD MENNUCCI";"RRAS19";35022;"LAGOS DO DRS II";"Quedas";
"355240";2015;140;9;268123,9;1915,17071428571;64,2857142857143;"Municipio";28685;"SUMARE";"RRAS15";35072;"REG METRO CAMPINAS";"Quedas";488,059961652432
"355240";2016;172;6;425821,9;2475,70872093023;34,8837209302326;"Municipio";30222;"SUMARE";"RRAS15";35072;"REG METRO CAMPINAS";"Quedas";569,121831778175
"355240";2017;174;15;388384,27;2232,09350574713;86,2068965517241;"Municipio";31810;"SUMARE";"RRAS15";35072;"REG METRO CAMPINAS";"Quedas";546,99779943414
"355240";2018;164;8;409263,87;2495,51140243902;48,780487804878;"Municipio";33426;"SUMARE";"RRAS15";35072;"REG METRO CAMPINAS";"Quedas";490,636031831508
"355240";2019;168;4;387981,65;2309,41458333333;23,8095238095238;"Municipio";35086;"SUMARE";"RRAS15";35072;"REG METRO CAMPINAS";"Quedas";478,823462349655
"355240";2020;178;11;428064,2;2404,85505617978;61,7977528089888;"Municipio";36704;"SUMARE";"RRAS15";35072;"REG METRO CAMPINAS";"Quedas";484,960767218832
"355240";2021;191;11;471587,67;2469,04539267016;57,5916230366492;"Municipio";38179;"SUMARE";"RRAS15";35072;"REG METRO CAMPINAS";"Quedas";500,275020299117
"355240";2022;238;11;675082,74;2836,48210084034;46,218487394958;"Municipio";39676;"SUMARE";"RRAS15";35072;"REG METRO CAMPINAS";"Quedas";599,858856739591
"355240";2023;231;10;677665,3;2933,61601731602;43,2900432900433;"Municipio";41355;"SUMARE";"RRAS15";35072;"REG METRO CAMPINAS";"Quedas";558,578164671745
"355240";2024;233;12;604447,74;2594,19630901288;51,5021459227468;"Municipio";43146;"SUMARE";"RRAS15";35072;"REG METRO CAMPINAS";"Quedas";540,026885458675
"355240";2025;265;11;738627,7;2787,27433962264;41,5094339622641;"Municipio";;"SUMARE";"RRAS15";35072;"REG METRO CAMPINAS";"Quedas";
"355250";2015;292;17;389528,58;1334,00198630137;58,2191780821918;"Municipio";31941;"SUZANO";"RRAS02";35011;"ALTO DO TIETE";"Quedas";914,185529570145
"355250";2016;244;17;305838,16;1253,43508196721;69,672131147541;"Municipio";33543;"SUZANO";"RRAS02";35011;"ALTO DO TIETE";"Quedas";727,424499895656
"355250";2017;199;6;250608,08;1259,33708542714;30,1507537688442;"Municipio";35209;"SUZANO";"RRAS02";35011;"ALTO DO TIETE";"Quedas";565,196398648073
"355250";2018;166;10;231885,67;1396,90162650602;60,2409638554217;"Municipio";36911;"SUZANO";"RRAS02";35011;"ALTO DO TIETE";"Quedas";449,73043266235
"355250";2019;178;14;255815,63;1437,16646067416;78,6516853932584;"Municipio";38645;"SUZANO";"RRAS02";35011;"ALTO DO TIETE";"Quedas";460,602924052271
"355250";2020;182;14;346030,93;1901,26884615385;76,9230769230769;"Municipio";40334;"SUZANO";"RRAS02";35011;"ALTO DO TIETE";"Quedas";451,232211037834
"355250";2021;207;8;299657,67;1447,6215942029;38,6473429951691;"Municipio";41860;"SUZANO";"RRAS02";35011;"ALTO DO TIETE";"Quedas";494,505494505494
"355250";2022;211;13;320127,31;1517,19104265403;61,6113744075829;"Municipio";43432;"SUZANO";"RRAS02";35011;"ALTO DO TIETE";"Quedas";485,81690919138
"355250";2023;297;17;470001,13;1582,49538720539;57,2390572390572;"Municipio";45212;"SUZANO";"RRAS02";35011;"ALTO DO TIETE";"Quedas";656,905246394762
"355250";2024;288;19;485010,44;1684,06402777778;65,9722222222222;"Municipio";47103;"SUZANO";"RRAS02";35011;"ALTO DO TIETE";"Quedas";611,426023820139
"355250";2025;247;15;396560,57;1605,5083805668;60,7287449392713;"Municipio";;"SUZANO";"RRAS02";35011;"ALTO DO TIETE";"Quedas";
"355255";2015;6;2;6654,35;1109,05833333333;333,333333333333;"Municipio";571;"SUZANAPOLIS";"RRAS19";35022;"LAGOS DO DRS II";"Quedas";1050,7880910683
"355255";2016;4;0;7480,13;1870,0325;0;"Municipio";590;"SUZANAPOLIS";"RRAS19";35022;"LAGOS DO DRS II";"Quedas";677,966101694915
"355255";2017;3;0;6591,57;2197,19;0;"Municipio";604;"SUZANAPOLIS";"RRAS19";35022;"LAGOS DO DRS II";"Quedas";496,688741721854
"355255";2018;5;0;8986,89;1797,378;0;"Municipio";623;"SUZANAPOLIS";"RRAS19";35022;"LAGOS DO DRS II";"Quedas";802,568218298555
"355255";2019;6;1;2546,83;424,471666666667;166,666666666667;"Municipio";646;"SUZANAPOLIS";"RRAS19";35022;"LAGOS DO DRS II";"Quedas";928,792569659443
"355255";2020;4;0;6410,05;1602,5125;0;"Municipio";667;"SUZANAPOLIS";"RRAS19";35022;"LAGOS DO DRS II";"Quedas";599,700149925037
"355255";2021;3;0;6670,81;2223,60333333333;0;"Municipio";686;"SUZANAPOLIS";"RRAS19";35022;"LAGOS DO DRS II";"Quedas";437,31778425656
"355255";2022;3;0;3072,58;1024,19333333333;0;"Municipio";701;"SUZANAPOLIS";"RRAS19";35022;"LAGOS DO DRS II";"Quedas";427,960057061341
"355255";2023;8;1;8720,7;1090,0875;125;"Municipio";721;"SUZANAPOLIS";"RRAS19";35022;"LAGOS DO DRS II";"Quedas";1109,57004160888
"355255";2024;5;0;8014,76;1602,952;0;"Municipio";750;"SUZANAPOLIS";"RRAS19";35022;"LAGOS DO DRS II";"Quedas";666,666666666667
"355255";2025;7;1;3420,05;488,578571428571;142,857142857143;"Municipio";;"SUZANAPOLIS";"RRAS19";35022;"LAGOS DO DRS II";"Quedas";
"355260";2015;13;2;26819,83;2063,06384615385;153,846153846154;"Municipio";2151;"TABAPUA";"RRAS12";35151;"CATANDUVA";"Quedas";604,370060437006
"355260";2016;14;0;23273,3;1662,37857142857;0;"Municipio";2209;"TABAPUA";"RRAS12";35151;"CATANDUVA";"Quedas";633,7709370756
"355260";2017;13;1;31506,08;2423,54461538462;76,9230769230769;"Municipio";2264;"TABAPUA";"RRAS12";35151;"CATANDUVA";"Quedas";574,204946996466
"355260";2018;25;3;48222,62;1928,9048;120;"Municipio";2324;"TABAPUA";"RRAS12";35151;"CATANDUVA";"Quedas";1075,73149741824
"355260";2019;26;3;46506,79;1788,72269230769;115,384615384615;"Municipio";2387;"TABAPUA";"RRAS12";35151;"CATANDUVA";"Quedas";1089,23334729786
"355260";2020;20;0;29676,53;1483,8265;0;"Municipio";2446;"TABAPUA";"RRAS12";35151;"CATANDUVA";"Quedas";817,661488143908
"355260";2021;26;4;68207,48;2623,36461538462;153,846153846154;"Municipio";2491;"TABAPUA";"RRAS12";35151;"CATANDUVA";"Quedas";1043,75752709755
"355260";2022;25;1;59857,85;2394,314;40;"Municipio";2537;"TABAPUA";"RRAS12";35151;"CATANDUVA";"Quedas";985,415845486795
"355260";2023;22;0;45191,24;2054,14727272727;0;"Municipio";2598;"TABAPUA";"RRAS12";35151;"CATANDUVA";"Quedas";846,805234795997
"355260";2024;20;0;45195,54;2259,777;0;"Municipio";2673;"TABAPUA";"RRAS12";35151;"CATANDUVA";"Quedas";748,222970445193
"355260";2025;26;2;60049,06;2309,57923076923;76,9230769230769;"Municipio";;"TABAPUA";"RRAS12";35151;"CATANDUVA";"Quedas";
"355270";2015;12;0;6194,46;516,205;0;"Municipio";2163;"TABATINGA";"RRAS18";35033;"NOROESTE DRS III";"Quedas";554,785020804438
"355270";2016;25;2;23003,26;920,1304;80;"Municipio";2239;"TABATINGA";"RRAS18";35033;"NOROESTE DRS III";"Quedas";1116,56989727557
"355270";2017;19;0;11200,01;589,474210526316;0;"Municipio";2327;"TABATINGA";"RRAS18";35033;"NOROESTE DRS III";"Quedas";816,501933820369
"355270";2018;13;0;12452,47;957,882307692308;0;"Municipio";2403;"TABATINGA";"RRAS18";35033;"NOROESTE DRS III";"Quedas";540,990428630878
"355270";2019;5;1;4578,07;915,614;200;"Municipio";2485;"TABATINGA";"RRAS18";35033;"NOROESTE DRS III";"Quedas";201,207243460765
"355270";2020;5;2;19729,59;3945,918;400;"Municipio";2563;"TABATINGA";"RRAS18";35033;"NOROESTE DRS III";"Quedas";195,083886071011
"355270";2021;1;0;888,55;888,55;0;"Municipio";2626;"TABATINGA";"RRAS18";35033;"NOROESTE DRS III";"Quedas";38,0807311500381
"355270";2022;3;0;3206,43;1068,81;0;"Municipio";2682;"TABATINGA";"RRAS18";35033;"NOROESTE DRS III";"Quedas";111,856823266219
"355270";2023;9;2;19565,66;2173,96222222222;222,222222222222;"Municipio";2749;"TABATINGA";"RRAS18";35033;"NOROESTE DRS III";"Quedas";327,391778828665
"355270";2024;8;1;21508,57;2688,57125;125;"Municipio";2826;"TABATINGA";"RRAS18";35033;"NOROESTE DRS III";"Quedas";283,085633404105
"355270";2025;7;0;26241,44;3748,77714285714;0;"Municipio";;"TABATINGA";"RRAS18";35033;"NOROESTE DRS III";"Quedas";
"355280";2015;131;12;256969,55;1961,59961832061;91,6030534351145;"Municipio";27789;"TABOAO DA SERRA";"RRAS04";35013;"MANANCIAIS";"Quedas";471,409550541581
"355280";2016;152;14;241324,41;1587,66059210526;92,1052631578947;"Municipio";29299;"TABOAO DA SERRA";"RRAS04";35013;"MANANCIAIS";"Quedas";518,789037168504
"355280";2017;170;16;283539,49;1667,87935294118;94,1176470588235;"Municipio";30849;"TABOAO DA SERRA";"RRAS04";35013;"MANANCIAIS";"Quedas";551,071347531524
"355280";2018;133;14;256258,8;1926,75789473684;105,263157894737;"Municipio";32429;"TABOAO DA SERRA";"RRAS04";35013;"MANANCIAIS";"Quedas";410,126738413149
"355280";2019;128;11;236158,82;1844,99078125;85,9375;"Municipio";34035;"TABOAO DA SERRA";"RRAS04";35013;"MANANCIAIS";"Quedas";376,08344351403
"355280";2020;151;21;338617,09;2242,49728476821;139,072847682119;"Municipio";35603;"TABOAO DA SERRA";"RRAS04";35013;"MANANCIAIS";"Quedas";424,121562789653
"355280";2021;150;8;265056,84;1767,0456;53,3333333333333;"Municipio";37048;"TABOAO DA SERRA";"RRAS04";35013;"MANANCIAIS";"Quedas";404,88015547398
"355280";2022;188;12;323619,78;1721,38180851064;63,8297872340425;"Municipio";38531;"TABOAO DA SERRA";"RRAS04";35013;"MANANCIAIS";"Quedas";487,918818613584
"355280";2023;185;19;437257,08;2363,55178378378;102,702702702703;"Municipio";40207;"TABOAO DA SERRA";"RRAS04";35013;"MANANCIAIS";"Quedas";460,118884771308
"355280";2024;143;9;235277,18;1645,29496503497;62,9370629370629;"Municipio";41971;"TABOAO DA SERRA";"RRAS04";35013;"MANANCIAIS";"Quedas";340,71144361583
"355280";2025;184;17;473595,2;2573,88695652174;92,3913043478261;"Municipio";;"TABOAO DA SERRA";"RRAS04";35013;"MANANCIAIS";"Quedas";
"355290";2015;7;0;9919,04;1417,00571428571;0;"Municipio";891;"TACIBA";"RRAS11";35112;"ALTA SOROCABANA";"Quedas";785,634118967452
"355290";2016;4;2;11876,1;2969,025;500;"Municipio";913;"TACIBA";"RRAS11";35112;"ALTA SOROCABANA";"Quedas";438,116100766703
"355290";2017;2;0;4152,54;2076,27;0;"Municipio";939;"TACIBA";"RRAS11";35112;"ALTA SOROCABANA";"Quedas";212,992545260916
"355290";2018;2;0;2295,83;1147,915;0;"Municipio";967;"TACIBA";"RRAS11";35112;"ALTA SOROCABANA";"Quedas";206,825232678387
"355290";2021;2;0;3608,76;1804,38;0;"Municipio";1048;"TACIBA";"RRAS11";35112;"ALTA SOROCABANA";"Quedas";190,839694656489
"355290";2022;9;0;24875,48;2763,94222222222;0;"Municipio";1084;"TACIBA";"RRAS11";35112;"ALTA SOROCABANA";"Quedas";830,258302583026
"355290";2023;11;0;15952,82;1450,25636363636;0;"Municipio";1123;"TACIBA";"RRAS11";35112;"ALTA SOROCABANA";"Quedas";979,519145146928
"355290";2024;7;0;4210,62;601,517142857143;0;"Municipio";1164;"TACIBA";"RRAS11";35112;"ALTA SOROCABANA";"Quedas";601,374570446735
"355290";2025;9;0;33894,39;3766,04333333333;0;"Municipio";;"TACIBA";"RRAS11";35112;"ALTA SOROCABANA";"Quedas";
"355300";2015;16;2;31190,83;1949,426875;125;"Municipio";1453;"TAGUAI";"RRAS09";35061;"VALE DO JURUMIRIM";"Quedas";1101,16999311769
"355300";2016;9;2;9861,96;1095,77333333333;222,222222222222;"Municipio";1512;"TAGUAI";"RRAS09";35061;"VALE DO JURUMIRIM";"Quedas";595,238095238095
"355300";2017;17;2;13781,45;810,673529411765;117,647058823529;"Municipio";1575;"TAGUAI";"RRAS09";35061;"VALE DO JURUMIRIM";"Quedas";1079,36507936508
"355300";2018;30;2;27970,49;932,349666666667;66,6666666666667;"Municipio";1642;"TAGUAI";"RRAS09";35061;"VALE DO JURUMIRIM";"Quedas";1827,04019488429
"355300";2019;6;0;2766,26;461,043333333333;0;"Municipio";1714;"TAGUAI";"RRAS09";35061;"VALE DO JURUMIRIM";"Quedas";350,058343057176
"355300";2020;20;1;26809,12;1340,456;50;"Municipio";1778;"TAGUAI";"RRAS09";35061;"VALE DO JURUMIRIM";"Quedas";1124,85939257593
"355300";2021;28;2;57857,79;2066,34964285714;71,4285714285714;"Municipio";1839;"TAGUAI";"RRAS09";35061;"VALE DO JURUMIRIM";"Quedas";1522,56661228929
"355300";2022;15;2;23331,1;1555,40666666667;133,333333333333;"Municipio";1901;"TAGUAI";"RRAS09";35061;"VALE DO JURUMIRIM";"Quedas";789,058390320884
"355300";2023;15;0;42588,09;2839,206;0;"Municipio";1971;"TAGUAI";"RRAS09";35061;"VALE DO JURUMIRIM";"Quedas";761,03500761035
"355300";2024;21;0;33456,75;1593,17857142857;0;"Municipio";2042;"TAGUAI";"RRAS09";35061;"VALE DO JURUMIRIM";"Quedas";1028,40352595495
"355300";2025;34;0;67526,43;1986,07147058824;0;"Municipio";;"TAGUAI";"RRAS09";35061;"VALE DO JURUMIRIM";"Quedas";
"355310";2015;3;0;2732,46;910,82;0;"Municipio";998;"TAIACU";"RRAS13";35052;"SUL BARRETOS";"Quedas";300,60120240481
"355310";2016;6;0;6944,32;1157,38666666667;0;"Municipio";1014;"TAIACU";"RRAS13";35052;"SUL BARRETOS";"Quedas";591,715976331361
"355310";2017;7;0;8394,04;1199,14857142857;0;"Municipio";1033;"TAIACU";"RRAS13";35052;"SUL BARRETOS";"Quedas";677,637947725073
"355310";2018;6;0;4076,7;679,45;0;"Municipio";1053;"TAIACU";"RRAS13";35052;"SUL BARRETOS";"Quedas";569,80056980057
"355310";2019;10;1;10379,97;1037,997;100;"Municipio";1080;"TAIACU";"RRAS13";35052;"SUL BARRETOS";"Quedas";925,925925925926
"355310";2020;9;0;8372,37;930,263333333333;0;"Municipio";1103;"TAIACU";"RRAS13";35052;"SUL BARRETOS";"Quedas";815,956482320943
"355310";2021;6;1;10353,13;1725,52166666667;166,666666666667;"Municipio";1115;"TAIACU";"RRAS13";35052;"SUL BARRETOS";"Quedas";538,116591928251
"355310";2022;8;1;14087,49;1760,93625;125;"Municipio";1138;"TAIACU";"RRAS13";35052;"SUL BARRETOS";"Quedas";702,98769771529
"355310";2023;23;3;29415,62;1278,94;130,434782608696;"Municipio";1168;"TAIACU";"RRAS13";35052;"SUL BARRETOS";"Quedas";1969,17808219178
"355310";2024;16;0;22819,33;1426,208125;0;"Municipio";1198;"TAIACU";"RRAS13";35052;"SUL BARRETOS";"Quedas";1335,5592654424
"355310";2025;15;1;43320,61;2888,04066666667;66,6666666666667;"Municipio";;"TAIACU";"RRAS13";35052;"SUL BARRETOS";"Quedas";
"355320";2015;5;0;5982,96;1196,592;0;"Municipio";1104;"TAIUVA";"RRAS13";35052;"SUL BARRETOS";"Quedas";452,898550724638
"355320";2016;10;0;14825,37;1482,537;0;"Municipio";1131;"TAIUVA";"RRAS13";35052;"SUL BARRETOS";"Quedas";884,173297966401
"355320";2017;7;1;5404,18;772,025714285714;142,857142857143;"Municipio";1164;"TAIUVA";"RRAS13";35052;"SUL BARRETOS";"Quedas";601,374570446735
"355320";2018;10;0;16799,78;1679,978;0;"Municipio";1198;"TAIUVA";"RRAS13";35052;"SUL BARRETOS";"Quedas";834,724540901502
"355320";2019;13;3;31392,22;2414,78615384615;230,769230769231;"Municipio";1226;"TAIUVA";"RRAS13";35052;"SUL BARRETOS";"Quedas";1060,35889070147
"355320";2020;4;0;1845,14;461,285;0;"Municipio";1254;"TAIUVA";"RRAS13";35052;"SUL BARRETOS";"Quedas";318,979266347687
"355320";2021;12;2;15315,5;1276,29166666667;166,666666666667;"Municipio";1273;"TAIUVA";"RRAS13";35052;"SUL BARRETOS";"Quedas";942,655145326002
"355320";2022;9;0;4437;493;0;"Municipio";1290;"TAIUVA";"RRAS13";35052;"SUL BARRETOS";"Quedas";697,674418604651
"355320";2023;9;2;17977,13;1997,45888888889;222,222222222222;"Municipio";1314;"TAIUVA";"RRAS13";35052;"SUL BARRETOS";"Quedas";684,931506849315
"355320";2024;22;0;28270,87;1285,03954545455;0;"Municipio";1342;"TAIUVA";"RRAS13";35052;"SUL BARRETOS";"Quedas";1639,34426229508
"355320";2025;12;2;13612,2;1134,35;166,666666666667;"Municipio";;"TAIUVA";"RRAS13";35052;"SUL BARRETOS";"Quedas";
"355330";2015;34;1;44383,81;1305,40617647059;29,4117647058824;"Municipio";3733;"TAMBAU";"RRAS15";35142;"MANTIQUEIRA";"Quedas";910,795606750603
"355330";2016;30;3;23462,07;782,069;100;"Municipio";3838;"TAMBAU";"RRAS15";35142;"MANTIQUEIRA";"Quedas";781,657113079729
"355330";2017;37;1;31203,86;843,347567567568;27,027027027027;"Municipio";3940;"TAMBAU";"RRAS15";35142;"MANTIQUEIRA";"Quedas";939,086294416244
"355330";2018;37;3;51456,95;1390,72837837838;81,0810810810811;"Municipio";4051;"TAMBAU";"RRAS15";35142;"MANTIQUEIRA";"Quedas";913,354727227845
"355330";2019;33;0;21173,01;641,606363636364;0;"Municipio";4160;"TAMBAU";"RRAS15";35142;"MANTIQUEIRA";"Quedas";793,269230769231
"355330";2020;30;3;23327,65;777,588333333333;100;"Municipio";4263;"TAMBAU";"RRAS15";35142;"MANTIQUEIRA";"Quedas";703,729767769177
"355330";2021;53;4;61900,97;1167,94283018868;75,4716981132075;"Municipio";4348;"TAMBAU";"RRAS15";35142;"MANTIQUEIRA";"Quedas";1218,95124195032
"355330";2022;39;0;42024,9;1077,56153846154;0;"Municipio";4429;"TAMBAU";"RRAS15";35142;"MANTIQUEIRA";"Quedas";880,559945811696
"355330";2023;39;0;40447,69;1037,12025641026;0;"Municipio";4535;"TAMBAU";"RRAS15";35142;"MANTIQUEIRA";"Quedas";859,977949283352
"355330";2024;52;3;36819,26;708,062692307692;57,6923076923077;"Municipio";4642;"TAMBAU";"RRAS15";35142;"MANTIQUEIRA";"Quedas";1120,2068074106
"355330";2025;48;2;141219,55;2942,07395833333;41,6666666666667;"Municipio";;"TAMBAU";"RRAS15";35142;"MANTIQUEIRA";"Quedas";
"355340";2015;39;3;61351,46;1573,11435897436;76,9230769230769;"Municipio";4662;"TANABI";"RRAS12";35155;"SAO JOSE DO RIO PRETO";"Quedas";836,550836550837
"355340";2016;46;1;74511,52;1619,81565217391;21,7391304347826;"Municipio";4792;"TANABI";"RRAS12";35155;"SAO JOSE DO RIO PRETO";"Quedas";959,933222036728
"355340";2017;49;4;96749,86;1974,48693877551;81,6326530612245;"Municipio";4933;"TANABI";"RRAS12";35155;"SAO JOSE DO RIO PRETO";"Quedas";993,310358808028
"355340";2018;44;2;105649,01;2401,11386363636;45,4545454545455;"Municipio";5070;"TANABI";"RRAS12";35155;"SAO JOSE DO RIO PRETO";"Quedas";867,850098619329
"355340";2019;63;12;213735,62;3392,62888888889;190,47619047619;"Municipio";5212;"TANABI";"RRAS12";35155;"SAO JOSE DO RIO PRETO";"Quedas";1208,74904067536
"355340";2020;62;4;195136,39;3147,36112903226;64,5161290322581;"Municipio";5338;"TANABI";"RRAS12";35155;"SAO JOSE DO RIO PRETO";"Quedas";1161,48370176096
"355340";2021;55;6;156483,24;2845,14981818182;109,090909090909;"Municipio";5442;"TANABI";"RRAS12";35155;"SAO JOSE DO RIO PRETO";"Quedas";1010,65784638001
"355340";2022;60;8;308537,68;5142,29466666667;133,333333333333;"Municipio";5551;"TANABI";"RRAS12";35155;"SAO JOSE DO RIO PRETO";"Quedas";1080,88632678797
"355340";2023;74;6;242669,95;3279,32364864865;81,0810810810811;"Municipio";5696;"TANABI";"RRAS12";35155;"SAO JOSE DO RIO PRETO";"Quedas";1299,15730337079
"355340";2024;54;6;139561,29;2584,46833333333;111,111111111111;"Municipio";5838;"TANABI";"RRAS12";35155;"SAO JOSE DO RIO PRETO";"Quedas";924,97430626927
"355340";2025;58;3;237845,96;4100,7924137931;51,7241379310345;"Municipio";;"TANABI";"RRAS12";35155;"SAO JOSE DO RIO PRETO";"Quedas";
"355350";2015;10;0;21976,03;2197,603;0;"Municipio";1185;"TAPIRAI";"RRAS08";35163;"SOROCABA";"Quedas";843,881856540084
"355350";2016;5;0;16249,71;3249,942;0;"Municipio";1219;"TAPIRAI";"RRAS08";35163;"SOROCABA";"Quedas";410,172272354389
"355350";2017;3;0;12383,48;4127,82666666667;0;"Municipio";1255;"TAPIRAI";"RRAS08";35163;"SOROCABA";"Quedas";239,043824701195
"355350";2018;4;0;3454,46;863,615;0;"Municipio";1292;"TAPIRAI";"RRAS08";35163;"SOROCABA";"Quedas";309,597523219814
"355350";2019;7;1;21191,41;3027,34428571429;142,857142857143;"Municipio";1330;"TAPIRAI";"RRAS08";35163;"SOROCABA";"Quedas";526,315789473684
"355350";2020;1;0;1991,4;1991,4;0;"Municipio";1363;"TAPIRAI";"RRAS08";35163;"SOROCABA";"Quedas";73,3675715333822
"355350";2021;14;1;23966,85;1711,91785714286;71,4285714285714;"Municipio";1394;"TAPIRAI";"RRAS08";35163;"SOROCABA";"Quedas";1004,30416068867
"355350";2022;14;1;64795,39;4628,24214285714;71,4285714285714;"Municipio";1424;"TAPIRAI";"RRAS08";35163;"SOROCABA";"Quedas";983,14606741573
"355350";2023;12;2;37825,62;3152,135;166,666666666667;"Municipio";1460;"TAPIRAI";"RRAS08";35163;"SOROCABA";"Quedas";821,917808219178
"355350";2024;10;0;22765,99;2276,599;0;"Municipio";1487;"TAPIRAI";"RRAS08";35163;"SOROCABA";"Quedas";672,494956287828
"355350";2025;8;1;37580,4;4697,55;125;"Municipio";;"TAPIRAI";"RRAS08";35163;"SOROCABA";"Quedas";
"355360";2015;10;0;8157,98;815,798;0;"Municipio";2084;"TAPIRATIBA";"RRAS15";35143;"RIO PARDO";"Quedas";479,846449136276
"355360";2016;13;1;17514,97;1347,30538461538;76,9230769230769;"Municipio";2152;"TAPIRATIBA";"RRAS15";35143;"RIO PARDO";"Quedas";604,089219330855
"355360";2017;11;0;16915,23;1537,74818181818;0;"Municipio";2224;"TAPIRATIBA";"RRAS15";35143;"RIO PARDO";"Quedas";494,604316546763
"355360";2018;27;1;42750,63;1583,35666666667;37,037037037037;"Municipio";2300;"TAPIRATIBA";"RRAS15";35143;"RIO PARDO";"Quedas";1173,91304347826
"355360";2019;23;2;33792,18;1469,2252173913;86,9565217391304;"Municipio";2382;"TAPIRATIBA";"RRAS15";35143;"RIO PARDO";"Quedas";965,575146935348
"355360";2020;20;1;23910,24;1195,512;50;"Municipio";2461;"TAPIRATIBA";"RRAS15";35143;"RIO PARDO";"Quedas";812,677773262901
"355360";2021;19;1;30078,92;1583,10105263158;52,6315789473684;"Municipio";2528;"TAPIRATIBA";"RRAS15";35143;"RIO PARDO";"Quedas";751,582278481013
"355360";2022;17;0;21319,1;1254,06470588235;0;"Municipio";2592;"TAPIRATIBA";"RRAS15";35143;"RIO PARDO";"Quedas";655,864197530864
"355360";2023;22;0;21564,81;980,218636363636;0;"Municipio";2672;"TAPIRATIBA";"RRAS15";35143;"RIO PARDO";"Quedas";823,353293413174
"355360";2024;20;1;14546,39;727,3195;50;"Municipio";2751;"TAPIRATIBA";"RRAS15";35143;"RIO PARDO";"Quedas";727,008360596147
"355360";2025;14;0;12374,96;883,925714285714;0;"Municipio";;"TAPIRATIBA";"RRAS15";35143;"RIO PARDO";"Quedas";
"355365";2015;2;0;988,43;494,215;0;"Municipio";458;"TAQUARAL";"RRAS13";35052;"SUL BARRETOS";"Quedas";436,681222707424
"355365";2016;10;0;15242,37;1524,237;0;"Municipio";471;"TAQUARAL";"RRAS13";35052;"SUL BARRETOS";"Quedas";2123,14225053079
"355365";2017;4;0;3912,33;978,0825;0;"Municipio";486;"TAQUARAL";"RRAS13";35052;"SUL BARRETOS";"Quedas";823,045267489712
"355365";2018;3;0;3601,03;1200,34333333333;0;"Municipio";499;"TAQUARAL";"RRAS13";35052;"SUL BARRETOS";"Quedas";601,202404809619
"355365";2020;1;0;111,24;111,24;0;"Municipio";534;"TAQUARAL";"RRAS13";35052;"SUL BARRETOS";"Quedas";187,265917602996
"355365";2021;4;0;7994,65;1998,6625;0;"Municipio";548;"TAQUARAL";"RRAS13";35052;"SUL BARRETOS";"Quedas";729,92700729927
"355365";2022;9;0;19617,25;2179,69444444444;0;"Municipio";559;"TAQUARAL";"RRAS13";35052;"SUL BARRETOS";"Quedas";1610,01788908766
"355365";2023;5;1;6982,38;1396,476;200;"Municipio";564;"TAQUARAL";"RRAS13";35052;"SUL BARRETOS";"Quedas";886,524822695035
"355365";2024;7;0;9516,59;1359,51285714286;0;"Municipio";581;"TAQUARAL";"RRAS13";35052;"SUL BARRETOS";"Quedas";1204,81927710843
"355365";2025;7;0;26666,68;3809,52571428571;0;"Municipio";;"TAQUARAL";"RRAS13";35052;"SUL BARRETOS";"Quedas";
"355370";2015;62;3;50485,19;814,277258064516;48,3870967741935;"Municipio";9119;"TAQUARITINGA";"RRAS18";35033;"NOROESTE DRS III";"Quedas";679,899111744709
"355370";2016;63;2;36722,17;582,891587301587;31,7460317460317;"Municipio";9352;"TAQUARITINGA";"RRAS18";35033;"NOROESTE DRS III";"Quedas";673,652694610778
"355370";2017;48;0;24501,2;510,441666666667;0;"Municipio";9593;"TAQUARITINGA";"RRAS18";35033;"NOROESTE DRS III";"Quedas";500,364849369332
"355370";2018;44;1;35245,08;801,024545454545;22,7272727272727;"Municipio";9846;"TAQUARITINGA";"RRAS18";35033;"NOROESTE DRS III";"Quedas";446,881982530977
"355370";2019;39;6;33371,47;855,678717948718;153,846153846154;"Municipio";10106;"TAQUARITINGA";"RRAS18";35033;"NOROESTE DRS III";"Quedas";385,909360775777
"355370";2020;61;3;60838,8;997,35737704918;49,1803278688525;"Municipio";10347;"TAQUARITINGA";"RRAS18";35033;"NOROESTE DRS III";"Quedas";589,542862665507
"355370";2021;45;1;42969,69;954,882;22,2222222222222;"Municipio";10543;"TAQUARITINGA";"RRAS18";35033;"NOROESTE DRS III";"Quedas";426,823484776629
"355370";2022;99;3;105897;1069,66666666667;30,3030303030303;"Municipio";10738;"TAQUARITINGA";"RRAS18";35033;"NOROESTE DRS III";"Quedas";921,959396535668
"355370";2023;83;9;113350,58;1365,66963855422;108,433734939759;"Municipio";10990;"TAQUARITINGA";"RRAS18";35033;"NOROESTE DRS III";"Quedas";755,23202911738
"355370";2024;101;4;61882,23;612,695346534653;39,6039603960396;"Municipio";11263;"TAQUARITINGA";"RRAS18";35033;"NOROESTE DRS III";"Quedas";896,741543105744
"355370";2025;127;9;152960,56;1204,41385826772;70,8661417322835;"Municipio";;"TAQUARITINGA";"RRAS18";35033;"NOROESTE DRS III";"Quedas";
"355380";2015;42;1;31557,09;751,359285714286;23,8095238095238;"Municipio";3372;"TAQUARITUBA";"RRAS09";35061;"VALE DO JURUMIRIM";"Quedas";1245,55160142349
"355380";2016;38;0;33182,65;873,227631578947;0;"Municipio";3487;"TAQUARITUBA";"RRAS09";35061;"VALE DO JURUMIRIM";"Quedas";1089,76197304273
"355380";2017;52;1;54467,25;1047,44711538462;19,2307692307692;"Municipio";3600;"TAQUARITUBA";"RRAS09";35061;"VALE DO JURUMIRIM";"Quedas";1444,44444444444
"355380";2018;52;1;55016,86;1058,01653846154;19,2307692307692;"Municipio";3720;"TAQUARITUBA";"RRAS09";35061;"VALE DO JURUMIRIM";"Quedas";1397,84946236559
"355380";2019;47;1;55914,55;1189,67127659574;21,2765957446809;"Municipio";3839;"TAQUARITUBA";"RRAS09";35061;"VALE DO JURUMIRIM";"Quedas";1224,27715550925
"355380";2020;47;1;61466,64;1307,80085106383;21,2765957446809;"Municipio";3950;"TAQUARITUBA";"RRAS09";35061;"VALE DO JURUMIRIM";"Quedas";1189,87341772152
"355380";2021;56;4;75307,31;1344,77339285714;71,4285714285714;"Municipio";4046;"TAQUARITUBA";"RRAS09";35061;"VALE DO JURUMIRIM";"Quedas";1384,0830449827
"355380";2022;70;3;118999,81;1699,99728571429;42,8571428571429;"Municipio";4140;"TAQUARITUBA";"RRAS09";35061;"VALE DO JURUMIRIM";"Quedas";1690,82125603865
"355380";2023;58;2;77817,27;1341,67706896552;34,4827586206897;"Municipio";4253;"TAQUARITUBA";"RRAS09";35061;"VALE DO JURUMIRIM";"Quedas";1363,74324006584
"355380";2024;75;0;79937,6;1065,83466666667;0;"Municipio";4373;"TAQUARITUBA";"RRAS09";35061;"VALE DO JURUMIRIM";"Quedas";1715,06974616968
"355380";2025;66;0;141939,08;2150,59212121212;0;"Municipio";;"TAQUARITUBA";"RRAS09";35061;"VALE DO JURUMIRIM";"Quedas";
"355385";2015;10;1;9376,09;937,609;100;"Municipio";585;"TAQUARIVAI";"RRAS08";35162;"ITAPEVA";"Quedas";1709,40170940171
"355385";2016;5;0;11568,47;2313,694;0;"Municipio";625;"TAQUARIVAI";"RRAS08";35162;"ITAPEVA";"Quedas";800
"355385";2017;6;0;3186,31;531,051666666667;0;"Municipio";673;"TAQUARIVAI";"RRAS08";35162;"ITAPEVA";"Quedas";891,530460624071
"355385";2018;10;1;13647,9;1364,79;100;"Municipio";725;"TAQUARIVAI";"RRAS08";35162;"ITAPEVA";"Quedas";1379,31034482759
"355385";2019;3;1;6005,71;2001,90333333333;333,333333333333;"Municipio";777;"TAQUARIVAI";"RRAS08";35162;"ITAPEVA";"Quedas";386,100386100386
"355385";2020;7;0;5535,32;790,76;0;"Municipio";830;"TAQUARIVAI";"RRAS08";35162;"ITAPEVA";"Quedas";843,373493975904
"355385";2021;6;0;8457,92;1409,65333333333;0;"Municipio";879;"TAQUARIVAI";"RRAS08";35162;"ITAPEVA";"Quedas";682,59385665529
"355385";2022;9;2;17741,99;1971,33222222222;222,222222222222;"Municipio";931;"TAQUARIVAI";"RRAS08";35162;"ITAPEVA";"Quedas";966,702470461869
"355385";2023;6;1;6388,4;1064,73333333333;166,666666666667;"Municipio";979;"TAQUARIVAI";"RRAS08";35162;"ITAPEVA";"Quedas";612,870275791624
"355385";2024;1;0;272,43;272,43;0;"Municipio";1033;"TAQUARIVAI";"RRAS08";35162;"ITAPEVA";"Quedas";96,8054211035818
"355385";2025;11;0;42808,31;3891,66454545455;0;"Municipio";;"TAQUARIVAI";"RRAS08";35162;"ITAPEVA";"Quedas";
"355390";2015;6;0;6951,67;1158,61166666667;0;"Municipio";910;"TARABAI";"RRAS11";35112;"ALTA SOROCABANA";"Quedas";659,340659340659
"355390";2016;9;1;12973,46;1441,49555555556;111,111111111111;"Municipio";934;"TARABAI";"RRAS11";35112;"ALTA SOROCABANA";"Quedas";963,597430406852
"355390";2017;8;0;5401,84;675,23;0;"Municipio";964;"TARABAI";"RRAS11";35112;"ALTA SOROCABANA";"Quedas";829,875518672199
"355390";2018;8;1;18116,42;2264,5525;125;"Municipio";994;"TARABAI";"RRAS11";35112;"ALTA SOROCABANA";"Quedas";804,828973843058
"355390";2019;2;0;2716,95;1358,475;0;"Municipio";1023;"TARABAI";"RRAS11";35112;"ALTA SOROCABANA";"Quedas";195,503421309873
"355390";2020;6;0;7584,9;1264,15;0;"Municipio";1065;"TARABAI";"RRAS11";35112;"ALTA SOROCABANA";"Quedas";563,380281690141
"355390";2021;5;0;8589,16;1717,832;0;"Municipio";1095;"TARABAI";"RRAS11";35112;"ALTA SOROCABANA";"Quedas";456,62100456621
"355390";2022;7;0;14088,35;2012,62142857143;0;"Municipio";1133;"TARABAI";"RRAS11";35112;"ALTA SOROCABANA";"Quedas";617,828773168579
"355390";2023;10;0;14439,06;1443,906;0;"Municipio";1176;"TARABAI";"RRAS11";35112;"ALTA SOROCABANA";"Quedas";850,340136054422
"355390";2024;10;2;24093,26;2409,326;200;"Municipio";1214;"TARABAI";"RRAS11";35112;"ALTA SOROCABANA";"Quedas";823,723228995058
"355390";2025;10;1;22134,21;2213,421;100;"Municipio";;"TARABAI";"RRAS11";35112;"ALTA SOROCABANA";"Quedas";
"355395";2015;9;1;10358,14;1150,90444444444;111,111111111111;"Municipio";1619;"TARUMA";"RRAS10";35092;"ASSIS";"Quedas";555,898702903027
"355395";2016;21;3;40098,33;1909,44428571429;142,857142857143;"Municipio";1693;"TARUMA";"RRAS10";35092;"ASSIS";"Quedas";1240,40165386887
"355395";2017;16;1;51089,94;3193,12125;62,5;"Municipio";1784;"TARUMA";"RRAS10";35092;"ASSIS";"Quedas";896,860986547085
"355395";2018;18;3;33974,48;1887,47111111111;166,666666666667;"Municipio";1875;"TARUMA";"RRAS10";35092;"ASSIS";"Quedas";960
"355395";2019;17;0;29462,91;1733,11235294118;0;"Municipio";1971;"TARUMA";"RRAS10";35092;"ASSIS";"Quedas";862,506341958397
"355395";2020;20;0;40061,61;2003,0805;0;"Municipio";2067;"TARUMA";"RRAS10";35092;"ASSIS";"Quedas";967,585873246251
"355395";2021;25;2;76739,87;3069,5948;80;"Municipio";2158;"TARUMA";"RRAS10";35092;"ASSIS";"Quedas";1158,48007414272
"355395";2022;13;0;39309,23;3023,78692307692;0;"Municipio";2252;"TARUMA";"RRAS10";35092;"ASSIS";"Quedas";577,264653641208
"355395";2023;21;2;55619,71;2648,55761904762;95,2380952380952;"Municipio";2363;"TARUMA";"RRAS10";35092;"ASSIS";"Quedas";888,700804062632
"355395";2024;13;0;29388,37;2260,64384615385;0;"Municipio";2469;"TARUMA";"RRAS10";35092;"ASSIS";"Quedas";526,52895909275
"355395";2025;23;1;55986,75;2434,20652173913;43,4782608695652;"Municipio";;"TARUMA";"RRAS10";35092;"ASSIS";"Quedas";
"355400";2015;20;1;61869,95;3093,4975;50;"Municipio";16287;"TATUI";"RRAS08";35161;"ITAPETININGA";"Quedas";122,797323018358
"355400";2016;65;8;126567,53;1947,19276923077;123,076923076923;"Municipio";16903;"TATUI";"RRAS08";35161;"ITAPETININGA";"Quedas";384,547121812696
"355400";2017;78;9;134023,25;1718,24679487179;115,384615384615;"Municipio";17550;"TATUI";"RRAS08";35161;"ITAPETININGA";"Quedas";444,444444444444
"355400";2018;101;7;188350,42;1864,85564356436;69,3069306930693;"Municipio";18230;"TATUI";"RRAS08";35161;"ITAPETININGA";"Quedas";554,031815688426
"355400";2019;77;2;135021,19;1753,52194805195;25,974025974026;"Municipio";18933;"TATUI";"RRAS08";35161;"ITAPETININGA";"Quedas";406,697301008821
"355400";2020;101;8;186564,68;1847,17504950495;79,2079207920792;"Municipio";19617;"TATUI";"RRAS08";35161;"ITAPETININGA";"Quedas";514,859560585207
"355400";2021;105;7;202747,8;1930,93142857143;66,6666666666667;"Municipio";20210;"TATUI";"RRAS08";35161;"ITAPETININGA";"Quedas";519,544779811974
"355400";2022;146;6;228305,26;1563,73465753425;41,0958904109589;"Municipio";20821;"TATUI";"RRAS08";35161;"ITAPETININGA";"Quedas";701,215119350656
"355400";2023;151;3;233814,76;1548,4421192053;19,8675496688742;"Municipio";21521;"TATUI";"RRAS08";35161;"ITAPETININGA";"Quedas";701,640258352307
"355400";2024;129;2;307649,55;2384,88023255814;15,5038759689922;"Municipio";22263;"TATUI";"RRAS08";35161;"ITAPETININGA";"Quedas";579,436733593855
"355400";2025;155;7;308406,22;1989,7175483871;45,1612903225806;"Municipio";;"TATUI";"RRAS08";35161;"ITAPETININGA";"Quedas";
"355410";2015;226;18;462441,31;2046,20048672566;79,646017699115;"Municipio";42769;"TAUBATE";"RRAS17";35174;"VALE PARAIBA REGIAO SERRANA";"Quedas";528,420117374734
"355410";2016;234;17;524064,82;2239,59324786325;72,6495726495727;"Municipio";44705;"TAUBATE";"RRAS17";35174;"VALE PARAIBA REGIAO SERRANA";"Quedas";523,431383514148
"355410";2017;280;20;605516,46;2162,55878571429;71,4285714285714;"Municipio";46693;"TAUBATE";"RRAS17";35174;"VALE PARAIBA REGIAO SERRANA";"Quedas";599,661619514702
"355410";2018;319;27;735169,41;2304,60630094044;84,6394984326019;"Municipio";48731;"TAUBATE";"RRAS17";35174;"VALE PARAIBA REGIAO SERRANA";"Quedas";654,614106010548
"355410";2019;400;28;758227,92;1895,5698;70;"Municipio";50803;"TAUBATE";"RRAS17";35174;"VALE PARAIBA REGIAO SERRANA";"Quedas";787,355077456056
"355410";2020;370;21;801365,96;2165,85394594595;56,7567567567568;"Municipio";52803;"TAUBATE";"RRAS17";35174;"VALE PARAIBA REGIAO SERRANA";"Quedas";700,717762248357
"355410";2021;382;30;840053,23;2199,09222513089;78,5340314136126;"Municipio";54585;"TAUBATE";"RRAS17";35174;"VALE PARAIBA REGIAO SERRANA";"Quedas";699,825959512687
"355410";2022;435;23;1030553,61;2369,08875862069;52,8735632183908;"Municipio";56377;"TAUBATE";"RRAS17";35174;"VALE PARAIBA REGIAO SERRANA";"Quedas";771,591251751601
"355410";2023;432;22;1020424,73;2362,09428240741;50,9259259259259;"Municipio";58417;"TAUBATE";"RRAS17";35174;"VALE PARAIBA REGIAO SERRANA";"Quedas";739,510758854443
"355410";2024;452;28;1322540,15;2925,97378318584;61,9469026548673;"Municipio";60577;"TAUBATE";"RRAS17";35174;"VALE PARAIBA REGIAO SERRANA";"Quedas";746,157782656784
"355410";2025;524;35;1690300,22;3225,76377862595;66,793893129771;"Municipio";;"TAUBATE";"RRAS17";35174;"VALE PARAIBA REGIAO SERRANA";"Quedas";
"355420";2015;2;0;465,89;232,945;0;"Municipio";690;"TEJUPA";"RRAS09";35061;"VALE DO JURUMIRIM";"Quedas";289,855072463768
"355420";2016;3;0;2357,35;785,783333333333;0;"Municipio";709;"TEJUPA";"RRAS09";35061;"VALE DO JURUMIRIM";"Quedas";423,131170662906
"355420";2017;6;0;6404,12;1067,35333333333;0;"Municipio";727;"TEJUPA";"RRAS09";35061;"VALE DO JURUMIRIM";"Quedas";825,309491059147
"355420";2018;8;0;3795,81;474,47625;0;"Municipio";742;"TEJUPA";"RRAS09";35061;"VALE DO JURUMIRIM";"Quedas";1078,16711590296
"355420";2019;5;0;6279,84;1255,968;0;"Municipio";756;"TEJUPA";"RRAS09";35061;"VALE DO JURUMIRIM";"Quedas";661,375661375661
"355420";2020;13;0;47368,35;3643,71923076923;0;"Municipio";773;"TEJUPA";"RRAS09";35061;"VALE DO JURUMIRIM";"Quedas";1681,75937904269
"355420";2021;7;0;11941,02;1705,86;0;"Municipio";778;"TEJUPA";"RRAS09";35061;"VALE DO JURUMIRIM";"Quedas";899,74293059126
"355420";2022;5;0;9410,65;1882,13;0;"Municipio";791;"TEJUPA";"RRAS09";35061;"VALE DO JURUMIRIM";"Quedas";632,111251580278
"355420";2023;4;0;2714,51;678,6275;0;"Municipio";800;"TEJUPA";"RRAS09";35061;"VALE DO JURUMIRIM";"Quedas";500
"355420";2024;7;0;7980,79;1140,11285714286;0;"Municipio";818;"TEJUPA";"RRAS09";35061;"VALE DO JURUMIRIM";"Quedas";855,745721271394
"355420";2025;8;1;11830,75;1478,84375;125;"Municipio";;"TEJUPA";"RRAS09";35061;"VALE DO JURUMIRIM";"Quedas";
"355430";2015;42;2;34982,58;832,918571428571;47,6190476190476;"Municipio";2851;"TEODORO SAMPAIO";"RRAS11";35115;"PONTAL DO PARANAPANEMA";"Quedas";1473,16730971589
"355430";2016;43;3;40851,3;950,03023255814;69,7674418604651;"Municipio";2953;"TEODORO SAMPAIO";"RRAS11";35115;"PONTAL DO PARANAPANEMA";"Quedas";1456,14629190654
"355430";2017;40;0;25621,75;640,54375;0;"Municipio";3057;"TEODORO SAMPAIO";"RRAS11";35115;"PONTAL DO PARANAPANEMA";"Quedas";1308,47235852143
"355430";2018;30;1;23239,84;774,661333333333;33,3333333333333;"Municipio";3168;"TEODORO SAMPAIO";"RRAS11";35115;"PONTAL DO PARANAPANEMA";"Quedas";946,969696969697
"355430";2019;31;0;29644,03;956,259032258065;0;"Municipio";3283;"TEODORO SAMPAIO";"RRAS11";35115;"PONTAL DO PARANAPANEMA";"Quedas";944,258300335059
"355430";2020;21;0;14433,1;687,290476190476;0;"Municipio";3395;"TEODORO SAMPAIO";"RRAS11";35115;"PONTAL DO PARANAPANEMA";"Quedas";618,556701030928
"355430";2021;41;0;38457,06;937,977073170732;0;"Municipio";3490;"TEODORO SAMPAIO";"RRAS11";35115;"PONTAL DO PARANAPANEMA";"Quedas";1174,78510028653
"355430";2022;43;1;41775,18;971,515813953488;23,2558139534884;"Municipio";3597;"TEODORO SAMPAIO";"RRAS11";35115;"PONTAL DO PARANAPANEMA";"Quedas";1195,44064498193
"355430";2023;22;0;21504,9;977,495454545455;0;"Municipio";3727;"TEODORO SAMPAIO";"RRAS11";35115;"PONTAL DO PARANAPANEMA";"Quedas";590,287094177623
"355430";2024;60;2;38593,91;643,231833333333;33,3333333333333;"Municipio";3865;"TEODORO SAMPAIO";"RRAS11";35115;"PONTAL DO PARANAPANEMA";"Quedas";1552,39327296248
"355430";2025;53;3;78388,76;1479,03320754717;56,6037735849057;"Municipio";;"TEODORO SAMPAIO";"RRAS11";35115;"PONTAL DO PARANAPANEMA";"Quedas";
"355440";2015;7;1;11672,06;1667,43714285714;142,857142857143;"Municipio";1334;"TERRA ROXA";"RRAS13";35052;"SUL BARRETOS";"Quedas";524,737631184408
"355440";2016;11;1;13679,93;1243,63;90,9090909090909;"Municipio";1371;"TERRA ROXA";"RRAS13";35052;"SUL BARRETOS";"Quedas";802,334062727936
"355440";2017;10;2;14170,82;1417,082;200;"Municipio";1410;"TERRA ROXA";"RRAS13";35052;"SUL BARRETOS";"Quedas";709,219858156028
"355440";2018;9;0;10282,36;1142,48444444444;0;"Municipio";1457;"TERRA ROXA";"RRAS13";35052;"SUL BARRETOS";"Quedas";617,70761839396
"355440";2019;18;1;32334,97;1796,38722222222;55,5555555555556;"Municipio";1502;"TERRA ROXA";"RRAS13";35052;"SUL BARRETOS";"Quedas";1198,40213049268
"355440";2020;24;3;33195,21;1383,13375;125;"Municipio";1546;"TERRA ROXA";"RRAS13";35052;"SUL BARRETOS";"Quedas";1552,39327296248
"355440";2021;12;0;20207,77;1683,98083333333;0;"Municipio";1576;"TERRA ROXA";"RRAS13";35052;"SUL BARRETOS";"Quedas";761,421319796954
"355440";2022;14;1;20486,27;1463,305;71,4285714285714;"Municipio";1609;"TERRA ROXA";"RRAS13";35052;"SUL BARRETOS";"Quedas";870,105655686762
"355440";2023;15;2;28258,69;1883,91266666667;133,333333333333;"Municipio";1650;"TERRA ROXA";"RRAS13";35052;"SUL BARRETOS";"Quedas";909,090909090909
"355440";2024;24;2;34097,04;1420,71;83,3333333333333;"Municipio";1697;"TERRA ROXA";"RRAS13";35052;"SUL BARRETOS";"Quedas";1414,26045963465
"355440";2025;21;0;50574,79;2408,32333333333;0;"Municipio";;"TERRA ROXA";"RRAS13";35052;"SUL BARRETOS";"Quedas";
"355450";2015;27;0;30117,42;1115,46;0;"Municipio";6015;"TIETE";"RRAS08";35163;"SOROCABA";"Quedas";448,877805486284
"355450";2016;45;4;38995,12;866,558222222222;88,8888888888889;"Municipio";6195;"TIETE";"RRAS08";35163;"SOROCABA";"Quedas";726,392251815981
"355450";2017;21;2;22358,59;1064,69476190476;95,2380952380952;"Municipio";6387;"TIETE";"RRAS08";35163;"SOROCABA";"Quedas";328,792860497886
"355450";2018;29;0;46515,02;1603,96620689655;0;"Municipio";6585;"TIETE";"RRAS08";35163;"SOROCABA";"Quedas";440,39483675019
"355450";2019;26;1;30332,39;1166,63038461538;38,4615384615385;"Municipio";6789;"TIETE";"RRAS08";35163;"SOROCABA";"Quedas";382,972455442628
"355450";2020;19;3;34400,69;1810,56263157895;157,894736842105;"Municipio";6985;"TIETE";"RRAS08";35163;"SOROCABA";"Quedas";272,011453113815
"355450";2021;36;4;56182;1560,61111111111;111,111111111111;"Municipio";7144;"TIETE";"RRAS08";35163;"SOROCABA";"Quedas";503,919372900336
"355450";2022;33;2;70954,89;2150,14818181818;60,6060606060606;"Municipio";7303;"TIETE";"RRAS08";35163;"SOROCABA";"Quedas";451,86909489251
"355450";2023;36;3;69572,76;1932,57666666667;83,3333333333333;"Municipio";7501;"TIETE";"RRAS08";35163;"SOROCABA";"Quedas";479,936008532196
"355450";2024;45;2;62808,31;1395,74022222222;44,4444444444444;"Municipio";7707;"TIETE";"RRAS08";35163;"SOROCABA";"Quedas";583,884780070066
"355450";2025;55;1;32542,33;591,678727272727;18,1818181818182;"Municipio";;"TIETE";"RRAS08";35163;"SOROCABA";"Quedas";
"355460";2015;7;0;9004,01;1286,28714285714;0;"Municipio";542;"TIMBURI";"RRAS10";35094;"OURINHOS";"Quedas";1291,51291512915
"355460";2016;4;0;4009,63;1002,4075;0;"Municipio";557;"TIMBURI";"RRAS10";35094;"OURINHOS";"Quedas";718,132854578097
"355460";2017;8;0;10186,08;1273,26;0;"Municipio";578;"TIMBURI";"RRAS10";35094;"OURINHOS";"Quedas";1384,0830449827
"355460";2018;5;1;5868,75;1173,75;200;"Municipio";598;"TIMBURI";"RRAS10";35094;"OURINHOS";"Quedas";836,120401337793
"355460";2019;4;0;4299,36;1074,84;0;"Municipio";618;"TIMBURI";"RRAS10";35094;"OURINHOS";"Quedas";647,249190938511
"355460";2020;5;1;3609,01;721,802;200;"Municipio";635;"TIMBURI";"RRAS10";35094;"OURINHOS";"Quedas";787,40157480315
"355460";2021;8;0;11941,74;1492,7175;0;"Municipio";648;"TIMBURI";"RRAS10";35094;"OURINHOS";"Quedas";1234,56790123457
"355460";2022;3;0;17622,79;5874,26333333333;0;"Municipio";664;"TIMBURI";"RRAS10";35094;"OURINHOS";"Quedas";451,807228915663
"355460";2023;2;1;3485,24;1742,62;500;"Municipio";673;"TIMBURI";"RRAS10";35094;"OURINHOS";"Quedas";297,176820208024
"355460";2024;6;0;13256,5;2209,41666666667;0;"Municipio";692;"TIMBURI";"RRAS10";35094;"OURINHOS";"Quedas";867,052023121387
"355460";2025;3;0;8026,86;2675,62;0;"Municipio";;"TIMBURI";"RRAS10";35094;"OURINHOS";"Quedas";
"355465";2015;1;0;2396,03;2396,03;0;"Municipio";445;"TORRE DE PEDRA";"RRAS09";35063;"POLO CUESTA";"Quedas";224,719101123596
"355465";2016;1;0;1814,59;1814,59;0;"Municipio";450;"TORRE DE PEDRA";"RRAS09";35063;"POLO CUESTA";"Quedas";222,222222222222
"355465";2017;2;0;2974,18;1487,09;0;"Municipio";460;"TORRE DE PEDRA";"RRAS09";35063;"POLO CUESTA";"Quedas";434,782608695652
"355465";2018;6;1;11102,02;1850,33666666667;166,666666666667;"Municipio";470;"TORRE DE PEDRA";"RRAS09";35063;"POLO CUESTA";"Quedas";1276,59574468085
"355465";2019;4;0;8826,21;2206,5525;0;"Municipio";478;"TORRE DE PEDRA";"RRAS09";35063;"POLO CUESTA";"Quedas";836,820083682008
"355465";2021;1;0;2472,6;2472,6;0;"Municipio";497;"TORRE DE PEDRA";"RRAS09";35063;"POLO CUESTA";"Quedas";201,207243460765
"355465";2022;4;1;7719,81;1929,9525;250;"Municipio";506;"TORRE DE PEDRA";"RRAS09";35063;"POLO CUESTA";"Quedas";790,513833992095
"355465";2023;4;0;9000,15;2250,0375;0;"Municipio";505;"TORRE DE PEDRA";"RRAS09";35063;"POLO CUESTA";"Quedas";792,079207920792
"355465";2024;8;0;9772,03;1221,50375;0;"Municipio";524;"TORRE DE PEDRA";"RRAS09";35063;"POLO CUESTA";"Quedas";1526,71755725191
"355465";2025;6;0;10558,75;1759,79166666667;0;"Municipio";;"TORRE DE PEDRA";"RRAS09";35063;"POLO CUESTA";"Quedas";
"355470";2015;12;0;37171,26;3097,605;0;"Municipio";1790;"TORRINHA";"RRAS09";35064;"JAU";"Quedas";670,391061452514
"355470";2016;9;2;17513,56;1945,95111111111;222,222222222222;"Municipio";1835;"TORRINHA";"RRAS09";35064;"JAU";"Quedas";490,463215258856
"355470";2017;18;2;41672,76;2315,15333333333;111,111111111111;"Municipio";1883;"TORRINHA";"RRAS09";35064;"JAU";"Quedas";955,921402018056
"355470";2018;21;0;41654,55;1983,55;0;"Municipio";1931;"TORRINHA";"RRAS09";35064;"JAU";"Quedas";1087,51941998964
"355470";2019;18;1;33611,11;1867,28388888889;55,5555555555556;"Municipio";1976;"TORRINHA";"RRAS09";35064;"JAU";"Quedas";910,931174089069
"355470";2020;18;3;25753,11;1430,72833333333;166,666666666667;"Municipio";2020;"TORRINHA";"RRAS09";35064;"JAU";"Quedas";891,089108910891
"355470";2021;13;1;15738,88;1210,68307692308;76,9230769230769;"Municipio";2055;"TORRINHA";"RRAS09";35064;"JAU";"Quedas";632,603406326034
"355470";2022;23;2;59884,39;2603,66913043478;86,9565217391304;"Municipio";2093;"TORRINHA";"RRAS09";35064;"JAU";"Quedas";1098,9010989011
"355470";2023;31;2;45533,14;1468,81096774194;64,5161290322581;"Municipio";2140;"TORRINHA";"RRAS09";35064;"JAU";"Quedas";1448,59813084112
"355470";2024;22;1;34058,3;1548,10454545455;45,4545454545455;"Municipio";2187;"TORRINHA";"RRAS09";35064;"JAU";"Quedas";1005,94421582076
"355470";2025;14;1;30331,34;2166,52428571429;71,4285714285714;"Municipio";;"TORRINHA";"RRAS09";35064;"JAU";"Quedas";
"355475";2015;2;0;954,71;477,355;0;"Municipio";239;"TRABIJU";"RRAS18";35031;"CENTRAL DO DRS III";"Quedas";836,820083682008
"355475";2016;1;0;297,58;297,58;0;"Municipio";242;"TRABIJU";"RRAS18";35031;"CENTRAL DO DRS III";"Quedas";413,223140495868
"355475";2017;2;0;5395,42;2697,71;0;"Municipio";247;"TRABIJU";"RRAS18";35031;"CENTRAL DO DRS III";"Quedas";809,716599190283
"355475";2019;2;0;3558,21;1779,105;0;"Municipio";263;"TRABIJU";"RRAS18";35031;"CENTRAL DO DRS III";"Quedas";760,456273764259
"355475";2020;1;0;2283,79;2283,79;0;"Municipio";262;"TRABIJU";"RRAS18";35031;"CENTRAL DO DRS III";"Quedas";381,679389312977
"355475";2021;2;0;1959,45;979,725;0;"Municipio";266;"TRABIJU";"RRAS18";35031;"CENTRAL DO DRS III";"Quedas";751,87969924812
"355475";2022;2;0;5186,1;2593,05;0;"Municipio";275;"TRABIJU";"RRAS18";35031;"CENTRAL DO DRS III";"Quedas";727,272727272727
"355475";2023;2;0;3179,33;1589,665;0;"Municipio";279;"TRABIJU";"RRAS18";35031;"CENTRAL DO DRS III";"Quedas";716,845878136201
"355475";2024;3;0;10091,96;3363,98666666667;0;"Municipio";293;"TRABIJU";"RRAS18";35031;"CENTRAL DO DRS III";"Quedas";1023,89078498294
"355480";2015;31;3;66243,74;2136,89483870968;96,7741935483871;"Municipio";5654;"TREMEMBE";"RRAS17";35174;"VALE PARAIBA REGIAO SERRANA";"Quedas";548,284400424478
"355480";2016;27;1;42122,8;1560,1037037037;37,037037037037;"Municipio";5970;"TREMEMBE";"RRAS17";35174;"VALE PARAIBA REGIAO SERRANA";"Quedas";452,261306532663
"355480";2017;23;1;42743,88;1858,42956521739;43,4782608695652;"Municipio";6297;"TREMEMBE";"RRAS17";35174;"VALE PARAIBA REGIAO SERRANA";"Quedas";365,253295219946
"355480";2018;40;6;83676,61;2091,91525;150;"Municipio";6625;"TREMEMBE";"RRAS17";35174;"VALE PARAIBA REGIAO SERRANA";"Quedas";603,77358490566
"355480";2019;39;2;59664,76;1529,86564102564;51,2820512820513;"Municipio";6974;"TREMEMBE";"RRAS17";35174;"VALE PARAIBA REGIAO SERRANA";"Quedas";559,219959850875
"355480";2020;24;3;59619,45;2484,14375;125;"Municipio";7319;"TREMEMBE";"RRAS17";35174;"VALE PARAIBA REGIAO SERRANA";"Quedas";327,913649405656
"355480";2021;43;7;117629,4;2735,56744186046;162,790697674419;"Municipio";7638;"TREMEMBE";"RRAS17";35174;"VALE PARAIBA REGIAO SERRANA";"Quedas";562,974600680806
"355480";2022;48;2;128785,38;2683,02875;41,6666666666667;"Municipio";7967;"TREMEMBE";"RRAS17";35174;"VALE PARAIBA REGIAO SERRANA";"Quedas";602,48525166311
"355480";2023;56;4;137597,45;2457,09732142857;71,4285714285714;"Municipio";8332;"TREMEMBE";"RRAS17";35174;"VALE PARAIBA REGIAO SERRANA";"Quedas";672,107537205953
"355480";2024;48;4;144944,91;3019,685625;83,3333333333333;"Municipio";8701;"TREMEMBE";"RRAS17";35174;"VALE PARAIBA REGIAO SERRANA";"Quedas";551,660728651879
"355480";2025;61;2;166693,56;2732,68131147541;32,7868852459016;"Municipio";;"TREMEMBE";"RRAS17";35174;"VALE PARAIBA REGIAO SERRANA";"Quedas";
"355490";2015;9;1;22510,81;2501,20111111111;111,111111111111;"Municipio";1217;"TRES FRONTEIRAS";"RRAS12";35152;"SANTA FE DO SUL";"Quedas";739,523418241578
"355490";2016;11;2;30975,33;2815,93909090909;181,818181818182;"Municipio";1249;"TRES FRONTEIRAS";"RRAS12";35152;"SANTA FE DO SUL";"Quedas";880,704563650921
"355490";2017;12;1;27740,56;2311,71333333333;83,3333333333333;"Municipio";1288;"TRES FRONTEIRAS";"RRAS12";35152;"SANTA FE DO SUL";"Quedas";931,67701863354
"355490";2018;7;0;7658,37;1094,05285714286;0;"Municipio";1322;"TRES FRONTEIRAS";"RRAS12";35152;"SANTA FE DO SUL";"Quedas";529,500756429652
"355490";2019;14;2;34886,17;2491,86928571429;142,857142857143;"Municipio";1362;"TRES FRONTEIRAS";"RRAS12";35152;"SANTA FE DO SUL";"Quedas";1027,90014684288
"355490";2020;10;1;20259,34;2025,934;100;"Municipio";1402;"TRES FRONTEIRAS";"RRAS12";35152;"SANTA FE DO SUL";"Quedas";713,266761768902
"355490";2021;14;0;30371,35;2169,38214285714;0;"Municipio";1429;"TRES FRONTEIRAS";"RRAS12";35152;"SANTA FE DO SUL";"Quedas";979,706088173548
"355490";2022;21;0;53119,14;2529,48285714286;0;"Municipio";1463;"TRES FRONTEIRAS";"RRAS12";35152;"SANTA FE DO SUL";"Quedas";1435,40669856459
"355490";2023;29;0;63218,27;2179,94034482759;0;"Municipio";1504;"TRES FRONTEIRAS";"RRAS12";35152;"SANTA FE DO SUL";"Quedas";1928,1914893617
"355490";2024;18;0;45094,88;2505,27111111111;0;"Municipio";1541;"TRES FRONTEIRAS";"RRAS12";35152;"SANTA FE DO SUL";"Quedas";1168,07268007787
"355490";2025;18;0;65641,48;3646,74888888889;0;"Municipio";;"TRES FRONTEIRAS";"RRAS12";35152;"SANTA FE DO SUL";"Quedas";
"355495";2015;4;1;12728,24;3182,06;250;"Municipio";1303;"TUIUTI";"RRAS16";35071;"BRAGANCA";"Quedas";306,983883346124
"355495";2016;4;1;9214,29;2303,5725;250;"Municipio";1360;"TUIUTI";"RRAS16";35071;"BRAGANCA";"Quedas";294,117647058824
"355495";2017;3;1;10244,34;3414,78;333,333333333333;"Municipio";1415;"TUIUTI";"RRAS16";35071;"BRAGANCA";"Quedas";212,014134275618
"355495";2018;2;1;4937,32;2468,66;500;"Municipio";1476;"TUIUTI";"RRAS16";35071;"BRAGANCA";"Quedas";135,50135501355
"355495";2019;3;0;7409,22;2469,74;0;"Municipio";1534;"TUIUTI";"RRAS16";35071;"BRAGANCA";"Quedas";195,567144719687
"355495";2020;3;0;10058,07;3352,69;0;"Municipio";1584;"TUIUTI";"RRAS16";35071;"BRAGANCA";"Quedas";189,393939393939
"355495";2021;4;2;13502,83;3375,7075;500;"Municipio";1635;"TUIUTI";"RRAS16";35071;"BRAGANCA";"Quedas";244,648318042813
"355495";2022;3;1;26409,29;8803,09666666667;333,333333333333;"Municipio";1678;"TUIUTI";"RRAS16";35071;"BRAGANCA";"Quedas";178,784266984505
"355495";2023;1;0;2420,03;2420,03;0;"Municipio";1727;"TUIUTI";"RRAS16";35071;"BRAGANCA";"Quedas";57,9038795599305
"355495";2024;3;1;22912,17;7637,39;333,333333333333;"Municipio";1774;"TUIUTI";"RRAS16";35071;"BRAGANCA";"Quedas";169,109357384442
"355500";2015;137;9;203148,15;1482,83321167883;65,6934306569343;"Municipio";12955;"TUPA";"RRAS10";35095;"TUPA";"Quedas";1057,50675414898
"355500";2016;138;4;211579;1533,18115942029;28,9855072463768;"Municipio";13225;"TUPA";"RRAS10";35095;"TUPA";"Quedas";1043,47826086957
"355500";2017;161;15;218987,03;1360,16788819876;93,167701863354;"Municipio";13506;"TUPA";"RRAS10";35095;"TUPA";"Quedas";1192,06278690952
"355500";2018;160;6;250224,55;1563,9034375;37,5;"Municipio";13800;"TUPA";"RRAS10";35095;"TUPA";"Quedas";1159,42028985507
"355500";2019;150;11;272592,24;1817,2816;73,3333333333333;"Municipio";14098;"TUPA";"RRAS10";35095;"TUPA";"Quedas";1063,98070648319
"355500";2020;140;10;250821,94;1791,58528571429;71,4285714285714;"Municipio";14364;"TUPA";"RRAS10";35095;"TUPA";"Quedas";974,658869395711
"355500";2021;140;8;209413,47;1495,8105;57,1428571428571;"Municipio";14565;"TUPA";"RRAS10";35095;"TUPA";"Quedas";961,208376244422
"355500";2022;181;5;291012,44;1607,8035359116;27,6243093922652;"Municipio";14771;"TUPA";"RRAS10";35095;"TUPA";"Quedas";1225,37404373434
"355500";2023;146;7;274093,9;1877,35547945205;47,945205479452;"Municipio";15048;"TUPA";"RRAS10";35095;"TUPA";"Quedas";970,228601807549
"355500";2024;165;9;347230,34;2104,4263030303;54,5454545454545;"Municipio";15347;"TUPA";"RRAS10";35095;"TUPA";"Quedas";1075,12868964618
"355500";2025;152;5;464680,52;3057,10868421053;32,8947368421053;"Municipio";;"TUPA";"RRAS10";35095;"TUPA";"Quedas";
"355510";2015;13;2;39670,85;3051,60384615385;153,846153846154;"Municipio";3175;"TUPI PAULISTA";"RRAS11";35111;"ALTA PAULISTA";"Quedas";409,448818897638
"355510";2016;19;2;44094,57;2320,76684210526;105,263157894737;"Municipio";3268;"TUPI PAULISTA";"RRAS11";35111;"ALTA PAULISTA";"Quedas";581,395348837209
"355510";2017;13;0;15910,37;1223,87461538462;0;"Municipio";3354;"TUPI PAULISTA";"RRAS11";35111;"ALTA PAULISTA";"Quedas";387,596899224806
"355510";2018;15;1;32202,16;2146,81066666667;66,6666666666667;"Municipio";3447;"TUPI PAULISTA";"RRAS11";35111;"ALTA PAULISTA";"Quedas";435,161009573542
"355510";2019;22;0;53817,82;2446,26454545455;0;"Municipio";3550;"TUPI PAULISTA";"RRAS11";35111;"ALTA PAULISTA";"Quedas";619,718309859155
"355510";2020;17;0;30312,11;1783,06529411765;0;"Municipio";3639;"TUPI PAULISTA";"RRAS11";35111;"ALTA PAULISTA";"Quedas";467,161308051663
"355510";2021;19;0;38532,2;2028,01052631579;0;"Municipio";3720;"TUPI PAULISTA";"RRAS11";35111;"ALTA PAULISTA";"Quedas";510,752688172043
"355510";2022;19;0;54664,56;2877,08210526316;0;"Municipio";3788;"TUPI PAULISTA";"RRAS11";35111;"ALTA PAULISTA";"Quedas";501,583949313622
"355510";2023;23;2;67929,69;2953,4647826087;86,9565217391304;"Municipio";3873;"TUPI PAULISTA";"RRAS11";35111;"ALTA PAULISTA";"Quedas";593,854892847922
"355510";2024;17;0;42186,8;2481,57647058824;0;"Municipio";3952;"TUPI PAULISTA";"RRAS11";35111;"ALTA PAULISTA";"Quedas";430,161943319838
"355510";2025;21;1;55361,66;2636,26952380952;47,6190476190476;"Municipio";;"TUPI PAULISTA";"RRAS11";35111;"ALTA PAULISTA";"Quedas";
"355520";2015;5;0;1634,42;326,884;0;"Municipio";458;"TURIUBA";"RRAS19";35023;"CONSORCIOS DO DRS II";"Quedas";1091,70305676856
"355520";2016;3;2;2408,18;802,726666666667;666,666666666667;"Municipio";468;"TURIUBA";"RRAS19";35023;"CONSORCIOS DO DRS II";"Quedas";641,025641025641
"355520";2018;2;0;19614,63;9807,315;0;"Municipio";487;"TURIUBA";"RRAS19";35023;"CONSORCIOS DO DRS II";"Quedas";410,677618069815
"355520";2019;3;1;5915,67;1971,89;333,333333333333;"Municipio";496;"TURIUBA";"RRAS19";35023;"CONSORCIOS DO DRS II";"Quedas";604,838709677419
"355520";2020;8;1;9608,93;1201,11625;125;"Municipio";508;"TURIUBA";"RRAS19";35023;"CONSORCIOS DO DRS II";"Quedas";1574,8031496063
"355520";2021;3;0;3012,01;1004,00333333333;0;"Municipio";513;"TURIUBA";"RRAS19";35023;"CONSORCIOS DO DRS II";"Quedas";584,795321637427
"355520";2022;5;0;5544,77;1108,954;0;"Municipio";520;"TURIUBA";"RRAS19";35023;"CONSORCIOS DO DRS II";"Quedas";961,538461538462
"355520";2023;4;0;12497,18;3124,295;0;"Municipio";523;"TURIUBA";"RRAS19";35023;"CONSORCIOS DO DRS II";"Quedas";764,818355640535
"355520";2024;6;0;9063,59;1510,59833333333;0;"Municipio";545;"TURIUBA";"RRAS19";35023;"CONSORCIOS DO DRS II";"Quedas";1100,91743119266
"355520";2025;7;0;17695,37;2527,91;0;"Municipio";;"TURIUBA";"RRAS19";35023;"CONSORCIOS DO DRS II";"Quedas";
"355530";2015;3;0;4370,07;1456,69;0;"Municipio";492;"TURMALINA";"RRAS12";35154;"FERNANDOPOLIS";"Quedas";609,756097560976
"355530";2016;4;1;9463,55;2365,8875;250;"Municipio";502;"TURMALINA";"RRAS12";35154;"FERNANDOPOLIS";"Quedas";796,812749003984
"355530";2017;1;0;1725,13;1725,13;0;"Municipio";508;"TURMALINA";"RRAS12";35154;"FERNANDOPOLIS";"Quedas";196,850393700787
"355530";2018;4;1;10531,15;2632,7875;250;"Municipio";520;"TURMALINA";"RRAS12";35154;"FERNANDOPOLIS";"Quedas";769,230769230769
"355530";2019;4;0;11324,56;2831,14;0;"Municipio";533;"TURMALINA";"RRAS12";35154;"FERNANDOPOLIS";"Quedas";750,46904315197
"355530";2020;5;0;1470;294;0;"Municipio";545;"TURMALINA";"RRAS12";35154;"FERNANDOPOLIS";"Quedas";917,431192660551
"355530";2021;2;1;712,46;356,23;500;"Municipio";558;"TURMALINA";"RRAS12";35154;"FERNANDOPOLIS";"Quedas";358,4229390681
"355530";2022;3;0;3411,67;1137,22333333333;0;"Municipio";573;"TURMALINA";"RRAS12";35154;"FERNANDOPOLIS";"Quedas";523,560209424084
"355530";2023;9;1;21712,27;2412,47444444444;111,111111111111;"Municipio";578;"TURMALINA";"RRAS12";35154;"FERNANDOPOLIS";"Quedas";1557,09342560554
"355530";2024;9;0;18125,06;2013,89555555556;0;"Municipio";601;"TURMALINA";"RRAS12";35154;"FERNANDOPOLIS";"Quedas";1497,50415973378
"355530";2025;8;0;24332,46;3041,5575;0;"Municipio";;"TURMALINA";"RRAS12";35154;"FERNANDOPOLIS";"Quedas";
"355535";2015;8;2;16216,06;2027,0075;250;"Municipio";682;"UBARANA";"RRAS12";35156;"JOSE BONIFACIO";"Quedas";1173,02052785924
"355535";2016;6;1;10405,53;1734,255;166,666666666667;"Municipio";712;"UBARANA";"RRAS12";35156;"JOSE BONIFACIO";"Quedas";842,696629213483
"355535";2017;6;0;14576,6;2429,43333333333;0;"Municipio";741;"UBARANA";"RRAS12";35156;"JOSE BONIFACIO";"Quedas";809,716599190283
"355535";2018;8;2;8561,56;1070,195;250;"Municipio";767;"UBARANA";"RRAS12";35156;"JOSE BONIFACIO";"Quedas";1043,02477183833
"355535";2019;8;1;36420,25;4552,53125;125;"Municipio";789;"UBARANA";"RRAS12";35156;"JOSE BONIFACIO";"Quedas";1013,94169835234
"355535";2020;7;1;26850,46;3835,78;142,857142857143;"Municipio";809;"UBARANA";"RRAS12";35156;"JOSE BONIFACIO";"Quedas";865,265760197775
"355535";2021;14;1;68135,49;4866,82071428571;71,4285714285714;"Municipio";826;"UBARANA";"RRAS12";35156;"JOSE BONIFACIO";"Quedas";1694,91525423729
"355535";2022;18;4;78926,98;4384,83222222222;222,222222222222;"Municipio";848;"UBARANA";"RRAS12";35156;"JOSE BONIFACIO";"Quedas";2122,64150943396
"355535";2023;13;0;36024,43;2771,11;0;"Municipio";879;"UBARANA";"RRAS12";35156;"JOSE BONIFACIO";"Quedas";1478,95335608646
"355535";2024;11;3;42678,11;3879,82818181818;272,727272727273;"Municipio";911;"UBARANA";"RRAS12";35156;"JOSE BONIFACIO";"Quedas";1207,46432491767
"355535";2025;6;1;15851,55;2641,925;166,666666666667;"Municipio";;"UBARANA";"RRAS12";35156;"JOSE BONIFACIO";"Quedas";
"355540";2015;68;7;79284,19;1165,94397058824;102,941176470588;"Municipio";10431;"UBATUBA";"RRAS17";35173;"LITORAL NORTE";"Quedas";651,902981497459
"355540";2016;71;5;83676,56;1178,54309859155;70,4225352112676;"Municipio";10949;"UBATUBA";"RRAS17";35173;"LITORAL NORTE";"Quedas";648,461046670929
"355540";2017;74;3;85500,66;1155,41432432432;40,5405405405405;"Municipio";11493;"UBATUBA";"RRAS17";35173;"LITORAL NORTE";"Quedas";643,870181849822
"355540";2018;74;2;83523,98;1128,70243243243;27,027027027027;"Municipio";12061;"UBATUBA";"RRAS17";35173;"LITORAL NORTE";"Quedas";613,547798689993
"355540";2019;95;3;100144,85;1054,15631578947;31,5789473684211;"Municipio";12653;"UBATUBA";"RRAS17";35173;"LITORAL NORTE";"Quedas";750,810084564925
"355540";2020;85;5;137557,94;1618,32870588235;58,8235294117647;"Municipio";13232;"UBATUBA";"RRAS17";35173;"LITORAL NORTE";"Quedas";642,382103990326
"355540";2021;77;3;115100;1494,80519480519;38,961038961039;"Municipio";13766;"UBATUBA";"RRAS17";35173;"LITORAL NORTE";"Quedas";559,34912102281
"355540";2022;126;7;207544,51;1647,17865079365;55,5555555555556;"Municipio";14320;"UBATUBA";"RRAS17";35173;"LITORAL NORTE";"Quedas";879,888268156424
"355540";2023;156;7;236579,59;1516,53583333333;44,8717948717949;"Municipio";14948;"UBATUBA";"RRAS17";35173;"LITORAL NORTE";"Quedas";1043,61787530104
"355540";2024;162;10;283119,69;1747,65240740741;61,7283950617284;"Municipio";15619;"UBATUBA";"RRAS17";35173;"LITORAL NORTE";"Quedas";1037,19828414111
"355540";2025;203;6;291415,23;1435,54300492611;29,5566502463054;"Municipio";;"UBATUBA";"RRAS17";35173;"LITORAL NORTE";"Quedas";
"355550";2015;3;0;3241,93;1080,64333333333;0;"Municipio";749;"UBIRAJARA";"RRAS10";35093;"MARILIA";"Quedas";400,534045393858
"355550";2016;2;1;3667,31;1833,655;500;"Municipio";769;"UBIRAJARA";"RRAS10";35093;"MARILIA";"Quedas";260,078023407022
"355550";2017;11;3;23236,78;2112,43454545455;272,727272727273;"Municipio";788;"UBIRAJARA";"RRAS10";35093;"MARILIA";"Quedas";1395,93908629442
"355550";2018;5;1;13431,08;2686,216;200;"Municipio";807;"UBIRAJARA";"RRAS10";35093;"MARILIA";"Quedas";619,578686493185
"355550";2019;14;1;14840,16;1060,01142857143;71,4285714285714;"Municipio";828;"UBIRAJARA";"RRAS10";35093;"MARILIA";"Quedas";1690,82125603865
"355550";2020;10;1;22399,99;2239,999;100;"Municipio";851;"UBIRAJARA";"RRAS10";35093;"MARILIA";"Quedas";1175,08813160987
"355550";2021;6;1;10457,83;1742,97166666667;166,666666666667;"Municipio";863;"UBIRAJARA";"RRAS10";35093;"MARILIA";"Quedas";695,249130938586
"355550";2022;1;1;2200,12;2200,12;1000;"Municipio";885;"UBIRAJARA";"RRAS10";35093;"MARILIA";"Quedas";112,994350282486
"355550";2023;4;0;11555,42;2888,855;0;"Municipio";906;"UBIRAJARA";"RRAS10";35093;"MARILIA";"Quedas";441,501103752759
"355550";2024;1;0;5069,59;5069,59;0;"Municipio";936;"UBIRAJARA";"RRAS10";35093;"MARILIA";"Quedas";106,837606837607
"355550";2025;8;0;14907,54;1863,4425;0;"Municipio";;"UBIRAJARA";"RRAS10";35093;"MARILIA";"Quedas";
"355560";2015;23;1;39840,7;1732,20434782609;43,4782608695652;"Municipio";1907;"UCHOA";"RRAS12";35155;"SAO JOSE DO RIO PRETO";"Quedas";1206,08285264814
"355560";2016;34;6;80062,33;2354,77441176471;176,470588235294;"Municipio";1967;"UCHOA";"RRAS12";35155;"SAO JOSE DO RIO PRETO";"Quedas";1728,52058973055
"355560";2017;11;1;25014,69;2274,06272727273;90,9090909090909;"Municipio";2026;"UCHOA";"RRAS12";35155;"SAO JOSE DO RIO PRETO";"Quedas";542,94175715696
"355560";2018;13;1;14354,51;1104,19307692308;76,9230769230769;"Municipio";2089;"UCHOA";"RRAS12";35155;"SAO JOSE DO RIO PRETO";"Quedas";622,307324078506
"355560";2019;17;4;42776,7;2516,27647058824;235,294117647059;"Municipio";2160;"UCHOA";"RRAS12";35155;"SAO JOSE DO RIO PRETO";"Quedas";787,037037037037
"355560";2020;17;1;51128,67;3007,56882352941;58,8235294117647;"Municipio";2222;"UCHOA";"RRAS12";35155;"SAO JOSE DO RIO PRETO";"Quedas";765,076507650765
"355560";2021;9;1;22987,27;2554,14111111111;111,111111111111;"Municipio";2270;"UCHOA";"RRAS12";35155;"SAO JOSE DO RIO PRETO";"Quedas";396,47577092511
"355560";2022;22;1;65866,25;2993,92045454545;45,4545454545455;"Municipio";2329;"UCHOA";"RRAS12";35155;"SAO JOSE DO RIO PRETO";"Quedas";944,61142121082
"355560";2023;30;3;93222,99;3107,433;100;"Municipio";2392;"UCHOA";"RRAS12";35155;"SAO JOSE DO RIO PRETO";"Quedas";1254,18060200669
"355560";2024;25;0;82617,21;3304,6884;0;"Municipio";2459;"UCHOA";"RRAS12";35155;"SAO JOSE DO RIO PRETO";"Quedas";1016,67344448963
"355560";2025;26;1;94274,94;3625,95923076923;38,4615384615385;"Municipio";;"UCHOA";"RRAS12";35155;"SAO JOSE DO RIO PRETO";"Quedas";
"355570";2015;9;1;10279,13;1142,12555555556;111,111111111111;"Municipio";256;"UNIAO PAULISTA";"RRAS12";35156;"JOSE BONIFACIO";"Quedas";3515,625
"355570";2016;8;1;18156,16;2269,52;125;"Municipio";259;"UNIAO PAULISTA";"RRAS12";35156;"JOSE BONIFACIO";"Quedas";3088,80308880309
"355570";2017;4;1;5047,32;1261,83;250;"Municipio";263;"UNIAO PAULISTA";"RRAS12";35156;"JOSE BONIFACIO";"Quedas";1520,91254752852
"355570";2018;4;0;3121,5;780,375;0;"Municipio";265;"UNIAO PAULISTA";"RRAS12";35156;"JOSE BONIFACIO";"Quedas";1509,43396226415
"355570";2019;3;0;13223,73;4407,91;0;"Municipio";266;"UNIAO PAULISTA";"RRAS12";35156;"JOSE BONIFACIO";"Quedas";1127,81954887218
"355570";2020;6;1;29212,76;4868,79333333333;166,666666666667;"Municipio";272;"UNIAO PAULISTA";"RRAS12";35156;"JOSE BONIFACIO";"Quedas";2205,88235294118
"355570";2021;4;0;9827,8;2456,95;0;"Municipio";272;"UNIAO PAULISTA";"RRAS12";35156;"JOSE BONIFACIO";"Quedas";1470,58823529412
"355570";2022;3;1;7207,41;2402,47;333,333333333333;"Municipio";274;"UNIAO PAULISTA";"RRAS12";35156;"JOSE BONIFACIO";"Quedas";1094,89051094891
"355570";2024;5;0;19149,72;3829,944;0;"Municipio";288;"UNIAO PAULISTA";"RRAS12";35156;"JOSE BONIFACIO";"Quedas";1736,11111111111
"355570";2025;1;0;2344,21;2344,21;0;"Municipio";;"UNIAO PAULISTA";"RRAS12";35156;"JOSE BONIFACIO";"Quedas";
"355580";2015;23;0;34392,2;1495,31304347826;0;"Municipio";1857;"URANIA";"RRAS12";35153;"JALES";"Quedas";1238,55681206247
"355580";2016;16;0;13290,37;830,648125;0;"Municipio";1904;"URANIA";"RRAS12";35153;"JALES";"Quedas";840,336134453781
"355580";2017;25;1;43483,04;1739,3216;40;"Municipio";1952;"URANIA";"RRAS12";35153;"JALES";"Quedas";1280,73770491803
"355580";2018;15;0;23515,45;1567,69666666667;0;"Municipio";2001;"URANIA";"RRAS12";35153;"JALES";"Quedas";749,625187406297
"355580";2019;36;2;60533,17;1681,47694444444;55,5555555555556;"Municipio";2053;"URANIA";"RRAS12";35153;"JALES";"Quedas";1753,5314174379
"355580";2020;27;4;49921,31;1848,93740740741;148,148148148148;"Municipio";2099;"URANIA";"RRAS12";35153;"JALES";"Quedas";1286,32682229633
"355580";2021;29;1;66079,28;2278,59586206897;34,4827586206897;"Municipio";2137;"URANIA";"RRAS12";35153;"JALES";"Quedas";1357,04258306037
"355580";2022;18;4;43828,83;2434,935;222,222222222222;"Municipio";2173;"URANIA";"RRAS12";35153;"JALES";"Quedas";828,347906120571
"355580";2023;26;1;47517,56;1827,59846153846;38,4615384615385;"Municipio";2218;"URANIA";"RRAS12";35153;"JALES";"Quedas";1172,22723174031
"355580";2024;33;1;66773,69;2023,44515151515;30,3030303030303;"Municipio";2262;"URANIA";"RRAS12";35153;"JALES";"Quedas";1458,88594164456
"355580";2025;23;1;80863,29;3515,7952173913;43,4782608695652;"Municipio";;"URANIA";"RRAS12";35153;"JALES";"Quedas";
"355590";2015;2;0;1506,96;753,48;0;"Municipio";266;"URU";"RRAS09";35065;"LINS";"Quedas";751,87969924812
"355590";2016;6;0;10630,26;1771,71;0;"Municipio";275;"URU";"RRAS09";35065;"LINS";"Quedas";2181,81818181818
"355590";2017;2;1;581,71;290,855;500;"Municipio";294;"URU";"RRAS09";35065;"LINS";"Quedas";680,272108843537
"355590";2019;1;1;4307,29;4307,29;1000;"Municipio";321;"URU";"RRAS09";35065;"LINS";"Quedas";311,526479750779
"355590";2020;1;0;1357,8;1357,8;0;"Municipio";338;"URU";"RRAS09";35065;"LINS";"Quedas";295,85798816568
"355590";2021;1;0;207,33;207,33;0;"Municipio";347;"URU";"RRAS09";35065;"LINS";"Quedas";288,184438040346
"355590";2022;6;1;11575,57;1929,26166666667;166,666666666667;"Municipio";360;"URU";"RRAS09";35065;"LINS";"Quedas";1666,66666666667
"355590";2023;1;0;165,73;165,73;0;"Municipio";366;"URU";"RRAS09";35065;"LINS";"Quedas";273,224043715847
"355590";2024;2;0;407,76;203,88;0;"Municipio";383;"URU";"RRAS09";35065;"LINS";"Quedas";522,193211488251
"355590";2025;2;0;2538,7;1269,35;0;"Municipio";;"URU";"RRAS09";35065;"LINS";"Quedas";
"355600";2015;11;0;20551,64;1868,33090909091;0;"Municipio";2655;"URUPES";"RRAS12";35151;"CATANDUVA";"Quedas";414,312617702448
"355600";2016;10;1;37511,56;3751,156;100;"Municipio";2729;"URUPES";"RRAS12";35151;"CATANDUVA";"Quedas";366,434591425431
"355600";2017;29;4;64736,12;2232,28;137,931034482759;"Municipio";2809;"URUPES";"RRAS12";35151;"CATANDUVA";"Quedas";1032,39587041652
"355600";2018;23;4;55684,38;2421,06;173,913043478261;"Municipio";2885;"URUPES";"RRAS12";35151;"CATANDUVA";"Quedas";797,227036395147
"355600";2019;16;3;42303,65;2643,978125;187,5;"Municipio";2965;"URUPES";"RRAS12";35151;"CATANDUVA";"Quedas";539,629005059022
"355600";2020;23;1;47289,14;2056,04956521739;43,4782608695652;"Municipio";3038;"URUPES";"RRAS12";35151;"CATANDUVA";"Quedas";757,07702435813
"355600";2021;24;3;69199,3;2883,30416666667;125;"Municipio";3093;"URUPES";"RRAS12";35151;"CATANDUVA";"Quedas";775,945683802134
"355600";2022;22;5;79194,04;3599,72909090909;227,272727272727;"Municipio";3160;"URUPES";"RRAS12";35151;"CATANDUVA";"Quedas";696,20253164557
"355600";2023;24;3;55269,33;2302,88875;125;"Municipio";3239;"URUPES";"RRAS12";35151;"CATANDUVA";"Quedas";740,969435010806
"355600";2024;21;2;33443,09;1592,5280952381;95,2380952380952;"Municipio";3320;"URUPES";"RRAS12";35151;"CATANDUVA";"Quedas";632,530120481928
"355600";2025;26;3;79435,61;3055,21576923077;115,384615384615;"Municipio";;"URUPES";"RRAS12";35151;"CATANDUVA";"Quedas";
"355610";2015;10;0;12624,46;1262,446;0;"Municipio";1802;"VALENTIM GENTIL";"RRAS12";35157;"VOTUPORANGA";"Quedas";554,938956714761
"355610";2016;11;1;9878,51;898,046363636364;90,9090909090909;"Municipio";1884;"VALENTIM GENTIL";"RRAS12";35157;"VOTUPORANGA";"Quedas";583,864118895966
"355610";2017;16;0;35443,19;2215,199375;0;"Municipio";1974;"VALENTIM GENTIL";"RRAS12";35157;"VOTUPORANGA";"Quedas";810,536980749747
"355610";2018;18;1;40145,54;2230,30777777778;55,5555555555556;"Municipio";2060;"VALENTIM GENTIL";"RRAS12";35157;"VOTUPORANGA";"Quedas";873,78640776699
"355610";2019;13;1;29732,02;2287,07846153846;76,9230769230769;"Municipio";2160;"VALENTIM GENTIL";"RRAS12";35157;"VOTUPORANGA";"Quedas";601,851851851852
"355610";2020;25;1;73262;2930,48;40;"Municipio";2256;"VALENTIM GENTIL";"RRAS12";35157;"VOTUPORANGA";"Quedas";1108,15602836879
"355610";2021;19;2;49706,28;2616,12;105,263157894737;"Municipio";2340;"VALENTIM GENTIL";"RRAS12";35157;"VOTUPORANGA";"Quedas";811,965811965812
"355610";2022;30;1;65238,17;2174,60566666667;33,3333333333333;"Municipio";2415;"VALENTIM GENTIL";"RRAS12";35157;"VOTUPORANGA";"Quedas";1242,23602484472
"355610";2023;25;2;72165,91;2886,6364;80;"Municipio";2503;"VALENTIM GENTIL";"RRAS12";35157;"VOTUPORANGA";"Quedas";998,801438274071
"355610";2024;31;1;53337,26;1720,55677419355;32,258064516129;"Municipio";2601;"VALENTIM GENTIL";"RRAS12";35157;"VOTUPORANGA";"Quedas";1191,8492887351
"355610";2025;45;0;79783,35;1772,96333333333;0;"Municipio";;"VALENTIM GENTIL";"RRAS12";35157;"VOTUPORANGA";"Quedas";
"355620";2015;3;0;3078,34;1026,11333333333;0;"Municipio";17487;"VALINHOS";"RRAS15";35072;"REG METRO CAMPINAS";"Quedas";17,1556013038257
"355620";2016;2;0;4866,13;2433,065;0;"Municipio";18347;"VALINHOS";"RRAS15";35072;"REG METRO CAMPINAS";"Quedas";10,9009647353791
"355620";2017;4;0;3828,75;957,1875;0;"Municipio";19252;"VALINHOS";"RRAS15";35072;"REG METRO CAMPINAS";"Quedas";20,7770621234157
"355620";2018;2;0;5412,68;2706,34;0;"Municipio";20196;"VALINHOS";"RRAS15";35072;"REG METRO CAMPINAS";"Quedas";9,90295107942167
"355620";2019;5;0;4873,56;974,712;0;"Municipio";21173;"VALINHOS";"RRAS15";35072;"REG METRO CAMPINAS";"Quedas";23,6149813441647
"355620";2020;4;0;4217,99;1054,4975;0;"Municipio";22138;"VALINHOS";"RRAS15";35072;"REG METRO CAMPINAS";"Quedas";18,0684795374469
"355620";2021;5;0;7291,87;1458,374;0;"Municipio";23024;"VALINHOS";"RRAS15";35072;"REG METRO CAMPINAS";"Quedas";21,7164697706741
"355620";2022;11;0;55850,77;5077,34272727273;0;"Municipio";23942;"VALINHOS";"RRAS15";35072;"REG METRO CAMPINAS";"Quedas";45,9443655500794
"355620";2023;11;2;48723,44;4429,40363636364;181,818181818182;"Municipio";24997;"VALINHOS";"RRAS15";35072;"REG METRO CAMPINAS";"Quedas";44,005280633676
"355620";2024;4;0;15761,75;3940,4375;0;"Municipio";26087;"VALINHOS";"RRAS15";35072;"REG METRO CAMPINAS";"Quedas";15,3333077778204
"355620";2025;24;2;53674,14;2236,4225;83,3333333333333;"Municipio";;"VALINHOS";"RRAS15";35072;"REG METRO CAMPINAS";"Quedas";
"355630";2015;24;1;43404,11;1808,50458333333;41,6666666666667;"Municipio";2939;"VALPARAISO";"RRAS19";35021;"CENTRAL DO DRS II";"Quedas";816,604287172508
"355630";2016;24;3;61881,56;2578,39833333333;125;"Municipio";3025;"VALPARAISO";"RRAS19";35021;"CENTRAL DO DRS II";"Quedas";793,388429752066
"355630";2017;17;0;27077,72;1592,80705882353;0;"Municipio";3123;"VALPARAISO";"RRAS19";35021;"CENTRAL DO DRS II";"Quedas";544,348382965098
"355630";2018;25;1;44621,4;1784,856;40;"Municipio";3234;"VALPARAISO";"RRAS19";35021;"CENTRAL DO DRS II";"Quedas";773,036487322202
"355630";2019;19;0;38976,22;2051,38;0;"Municipio";3347;"VALPARAISO";"RRAS19";35021;"CENTRAL DO DRS II";"Quedas";567,672542575441
"355630";2020;19;3;48569,3;2556,27894736842;157,894736842105;"Municipio";3462;"VALPARAISO";"RRAS19";35021;"CENTRAL DO DRS II";"Quedas";548,815713460428
"355630";2021;37;3;93289,18;2521,32918918919;81,0810810810811;"Municipio";3562;"VALPARAISO";"RRAS19";35021;"CENTRAL DO DRS II";"Quedas";1038,74227961819
"355630";2022;31;3;63572,87;2050,73774193548;96,7741935483871;"Municipio";3666;"VALPARAISO";"RRAS19";35021;"CENTRAL DO DRS II";"Quedas";845,608292416803
"355630";2023;43;3;86029,39;2000,68348837209;69,7674418604651;"Municipio";3800;"VALPARAISO";"RRAS19";35021;"CENTRAL DO DRS II";"Quedas";1131,57894736842
"355630";2024;28;2;52082,1;1860,075;71,4285714285714;"Municipio";3936;"VALPARAISO";"RRAS19";35021;"CENTRAL DO DRS II";"Quedas";711,382113821138
"355630";2025;43;8;85267,14;1982,95674418605;186,046511627907;"Municipio";;"VALPARAISO";"RRAS19";35021;"CENTRAL DO DRS II";"Quedas";
"355635";2015;5;1;19788,5;3957,7;200;"Municipio";1574;"VARGEM";"RRAS16";35071;"BRAGANCA";"Quedas";317,662007623888
"355635";2016;5;0;4100,2;820,04;0;"Municipio";1619;"VARGEM";"RRAS16";35071;"BRAGANCA";"Quedas";308,832612723904
"355635";2017;1;0;20025,61;20025,61;0;"Municipio";1665;"VARGEM";"RRAS16";35071;"BRAGANCA";"Quedas";60,0600600600601
"355635";2018;1;1;3351,6;3351,6;1000;"Municipio";1716;"VARGEM";"RRAS16";35071;"BRAGANCA";"Quedas";58,2750582750583
"355635";2019;5;1;14038,76;2807,752;200;"Municipio";1765;"VARGEM";"RRAS16";35071;"BRAGANCA";"Quedas";283,28611898017
"355635";2020;3;0;5376,76;1792,25333333333;0;"Municipio";1822;"VARGEM";"RRAS16";35071;"BRAGANCA";"Quedas";164,654226125137
"355635";2021;1;0;1353,9;1353,9;0;"Municipio";1862;"VARGEM";"RRAS16";35071;"BRAGANCA";"Quedas";53,7056928034372
"355635";2022;4;0;17213,22;4303,305;0;"Municipio";1902;"VARGEM";"RRAS16";35071;"BRAGANCA";"Quedas";210,304942166141
"355635";2023;1;0;372,28;372,28;0;"Municipio";1955;"VARGEM";"RRAS16";35071;"BRAGANCA";"Quedas";51,150895140665
"355635";2024;2;0;4051,74;2025,87;0;"Municipio";2008;"VARGEM";"RRAS16";35071;"BRAGANCA";"Quedas";99,601593625498
"355635";2025;4;1;4005,34;1001,335;250;"Municipio";;"VARGEM";"RRAS16";35071;"BRAGANCA";"Quedas";
"355640";2015;68;4;119561,85;1758,2625;58,8235294117647;"Municipio";6357;"VARGEM GRANDE DO SUL";"RRAS15";35142;"MANTIQUEIRA";"Quedas";1069,68695925751
"355640";2016;63;5;87381,32;1387,00507936508;79,3650793650794;"Municipio";6557;"VARGEM GRANDE DO SUL";"RRAS15";35142;"MANTIQUEIRA";"Quedas";960,805246301662
"355640";2017;43;3;66079,56;1536,73395348837;69,7674418604651;"Municipio";6772;"VARGEM GRANDE DO SUL";"RRAS15";35142;"MANTIQUEIRA";"Quedas";634,967513290018
"355640";2018;37;1;65385,34;1767,17135135135;27,027027027027;"Municipio";6992;"VARGEM GRANDE DO SUL";"RRAS15";35142;"MANTIQUEIRA";"Quedas";529,176201372998
"355640";2019;41;3;61810,92;1507,58341463415;73,1707317073171;"Municipio";7222;"VARGEM GRANDE DO SUL";"RRAS15";35142;"MANTIQUEIRA";"Quedas";567,709775685406
"355640";2020;59;2;94225,66;1597,04508474576;33,8983050847458;"Municipio";7438;"VARGEM GRANDE DO SUL";"RRAS15";35142;"MANTIQUEIRA";"Quedas";793,223984942189
"355640";2021;50;8;65721,43;1314,4286;160;"Municipio";7621;"VARGEM GRANDE DO SUL";"RRAS15";35142;"MANTIQUEIRA";"Quedas";656,081879018501
"355640";2022;59;4;78797,87;1335,55711864407;67,7966101694915;"Municipio";7809;"VARGEM GRANDE DO SUL";"RRAS15";35142;"MANTIQUEIRA";"Quedas";755,538481239595
"355640";2023;55;2;100240,83;1822,56054545455;36,3636363636364;"Municipio";8033;"VARGEM GRANDE DO SUL";"RRAS15";35142;"MANTIQUEIRA";"Quedas";684,675712685174
"355640";2024;56;4;83364,7;1488,65535714286;71,4285714285714;"Municipio";8271;"VARGEM GRANDE DO SUL";"RRAS15";35142;"MANTIQUEIRA";"Quedas";677,064442026357
"355640";2025;68;5;169263,9;2489,175;73,5294117647059;"Municipio";;"VARGEM GRANDE DO SUL";"RRAS15";35142;"MANTIQUEIRA";"Quedas";
"355645";2015;22;2;23818,16;1082,64363636364;90,9090909090909;"Municipio";5478;"VARGEM GRANDE PAULISTA";"RRAS04";35013;"MANANCIAIS";"Quedas";401,606425702811
"355645";2016;29;4;35342,33;1218,70103448276;137,931034482759;"Municipio";5803;"VARGEM GRANDE PAULISTA";"RRAS04";35013;"MANANCIAIS";"Quedas";499,741513010512
"355645";2017;38;3;47618,77;1253,12552631579;78,9473684210526;"Municipio";6144;"VARGEM GRANDE PAULISTA";"RRAS04";35013;"MANANCIAIS";"Quedas";618,489583333333
"355645";2018;39;2;48443,12;1242,13128205128;51,2820512820513;"Municipio";6497;"VARGEM GRANDE PAULISTA";"RRAS04";35013;"MANANCIAIS";"Quedas";600,277050946591
"355645";2019;31;1;37349,33;1204,81709677419;32,258064516129;"Municipio";6857;"VARGEM GRANDE PAULISTA";"RRAS04";35013;"MANANCIAIS";"Quedas";452,092751932332
"355645";2020;28;4;52886,27;1888,79535714286;142,857142857143;"Municipio";7215;"VARGEM GRANDE PAULISTA";"RRAS04";35013;"MANANCIAIS";"Quedas";388,080388080388
"355645";2021;51;6;70186,39;1376,2037254902;117,647058823529;"Municipio";7551;"VARGEM GRANDE PAULISTA";"RRAS04";35013;"MANANCIAIS";"Quedas";675,407230830354
"355645";2022;56;6;107705,13;1923,30589285714;107,142857142857;"Municipio";7889;"VARGEM GRANDE PAULISTA";"RRAS04";35013;"MANANCIAIS";"Quedas";709,849157054126
"355645";2023;55;7;110554,04;2010,07345454545;127,272727272727;"Municipio";8261;"VARGEM GRANDE PAULISTA";"RRAS04";35013;"MANANCIAIS";"Quedas";665,77896138482
"355645";2024;53;6;77108,3;1454,87358490566;113,207547169811;"Municipio";8634;"VARGEM GRANDE PAULISTA";"RRAS04";35013;"MANANCIAIS";"Quedas";613,852212184387
"355645";2025;57;4;157633,75;2765,50438596491;70,1754385964912;"Municipio";;"VARGEM GRANDE PAULISTA";"RRAS04";35013;"MANANCIAIS";"Quedas";
"355650";2015;2;0;2891,63;1445,815;0;"Municipio";12157;"VARZEA PAULISTA";"RRAS16";35073;"JUNDIAI";"Quedas";16,4514271613062
"355650";2017;1;0;7328,07;7328,07;0;"Municipio";13558;"VARZEA PAULISTA";"RRAS16";35073;"JUNDIAI";"Quedas";7,37571913261543
"355650";2018;2;1;24801,41;12400,705;500;"Municipio";14265;"VARZEA PAULISTA";"RRAS16";35073;"JUNDIAI";"Quedas";14,0203294777427
"355650";2019;3;0;2319,8;773,266666666667;0;"Municipio";14982;"VARZEA PAULISTA";"RRAS16";35073;"JUNDIAI";"Quedas";20,0240288346015
"355650";2021;3;0;5646,99;1882,33;0;"Municipio";16307;"VARZEA PAULISTA";"RRAS16";35073;"JUNDIAI";"Quedas";18,3970074201263
"355650";2023;1;0;44,22;44,22;0;"Municipio";17625;"VARZEA PAULISTA";"RRAS16";35073;"JUNDIAI";"Quedas";5,67375886524823
"355650";2025;2;0;709,57;354,785;0;"Municipio";;"VARZEA PAULISTA";"RRAS16";35073;"JUNDIAI";"Quedas";
"355660";2015;12;1;40079,12;3339,92666666667;83,3333333333333;"Municipio";2092;"VERA CRUZ";"RRAS10";35093;"MARILIA";"Quedas";573,613766730402
"355660";2016;13;2;22245,66;1711,20461538462;153,846153846154;"Municipio";2134;"VERA CRUZ";"RRAS10";35093;"MARILIA";"Quedas";609,184629803187
"355660";2017;13;1;28105,85;2161,98846153846;76,9230769230769;"Municipio";2180;"VERA CRUZ";"RRAS10";35093;"MARILIA";"Quedas";596,330275229358
"355660";2018;23;3;51808,72;2252,55304347826;130,434782608696;"Municipio";2224;"VERA CRUZ";"RRAS10";35093;"MARILIA";"Quedas";1034,1726618705
"355660";2019;12;1;26867,6;2238,96666666667;83,3333333333333;"Municipio";2275;"VERA CRUZ";"RRAS10";35093;"MARILIA";"Quedas";527,472527472527
"355660";2020;17;0;53008,32;3118,13647058824;0;"Municipio";2321;"VERA CRUZ";"RRAS10";35093;"MARILIA";"Quedas";732,442912537699
"355660";2021;6;3;19245,8;3207,63333333333;500;"Municipio";2352;"VERA CRUZ";"RRAS10";35093;"MARILIA";"Quedas";255,102040816327
"355660";2022;17;2;28051,71;1650,10058823529;117,647058823529;"Municipio";2392;"VERA CRUZ";"RRAS10";35093;"MARILIA";"Quedas";710,702341137124
"355660";2023;11;1;31139,61;2830,87363636364;90,9090909090909;"Municipio";2440;"VERA CRUZ";"RRAS10";35093;"MARILIA";"Quedas";450,819672131148
"355660";2024;13;0;33128,37;2548,33615384615;0;"Municipio";2500;"VERA CRUZ";"RRAS10";35093;"MARILIA";"Quedas";520
"355660";2025;23;3;69707,05;3030,74130434783;130,434782608696;"Municipio";;"VERA CRUZ";"RRAS10";35093;"MARILIA";"Quedas";
"355670";2015;10;1;11177,93;1117,793;100;"Municipio";10044;"VINHEDO";"RRAS15";35072;"REG METRO CAMPINAS";"Quedas";99,5619275189168
"355670";2016;32;0;25698,47;803,0771875;0;"Municipio";10575;"VINHEDO";"RRAS15";35072;"REG METRO CAMPINAS";"Quedas";302,600472813239
"355670";2017;81;4;73601,79;908,664074074074;49,3827160493827;"Municipio";11127;"VINHEDO";"RRAS15";35072;"REG METRO CAMPINAS";"Quedas";727,959018603397
"355670";2018;78;1;81287,46;1042,14692307692;12,8205128205128;"Municipio";11696;"VINHEDO";"RRAS15";35072;"REG METRO CAMPINAS";"Quedas";666,894664842681
"355670";2019;80;4;85633,69;1070,421125;50;"Municipio";12281;"VINHEDO";"RRAS15";35072;"REG METRO CAMPINAS";"Quedas";651,412751404609
"355670";2020;77;3;67233,26;873,159220779221;38,961038961039;"Municipio";12860;"VINHEDO";"RRAS15";35072;"REG METRO CAMPINAS";"Quedas";598,755832037325
"355670";2021;92;6;92885,78;1009,62804347826;65,2173913043478;"Municipio";13392;"VINHEDO";"RRAS15";35072;"REG METRO CAMPINAS";"Quedas";686,977299880526
"355670";2022;90;6;127597,25;1417,74722222222;66,6666666666667;"Municipio";13916;"VINHEDO";"RRAS15";35072;"REG METRO CAMPINAS";"Quedas";646,737568266743
"355670";2023;88;5;104765,23;1190,51397727273;56,8181818181818;"Municipio";14503;"VINHEDO";"RRAS15";35072;"REG METRO CAMPINAS";"Quedas";606,771012893884
"355670";2024;107;4;166336,55;1554,54719626168;37,3831775700935;"Municipio";15102;"VINHEDO";"RRAS15";35072;"REG METRO CAMPINAS";"Quedas";708,515428420077
"355670";2025;110;3;172599,49;1569,08627272727;27,2727272727273;"Municipio";;"VINHEDO";"RRAS15";35072;"REG METRO CAMPINAS";"Quedas";
"355680";2015;25;2;39554,04;1582,1616;80;"Municipio";2689;"VIRADOURO";"RRAS13";35052;"SUL BARRETOS";"Quedas";929,713648196356
"355680";2016;12;0;11638,86;969,905;0;"Municipio";2755;"VIRADOURO";"RRAS13";35052;"SUL BARRETOS";"Quedas";435,57168784029
"355680";2017;19;2;34026,46;1790,86631578947;105,263157894737;"Municipio";2822;"VIRADOURO";"RRAS13";35052;"SUL BARRETOS";"Quedas";673,281360737066
"355680";2018;23;3;63640,34;2766,97130434783;130,434782608696;"Municipio";2897;"VIRADOURO";"RRAS13";35052;"SUL BARRETOS";"Quedas";793,924749741112
"355680";2019;25;3;34407,53;1376,3012;120;"Municipio";2974;"VIRADOURO";"RRAS13";35052;"SUL BARRETOS";"Quedas";840,618695359785
"355680";2020;26;2;70868,68;2725,71846153846;76,9230769230769;"Municipio";3041;"VIRADOURO";"RRAS13";35052;"SUL BARRETOS";"Quedas";854,98191384413
"355680";2021;17;1;29372,14;1727,77294117647;58,8235294117647;"Municipio";3097;"VIRADOURO";"RRAS13";35052;"SUL BARRETOS";"Quedas";548,918308040039
"355680";2022;31;0;37253,39;1201,72225806452;0;"Municipio";3152;"VIRADOURO";"RRAS13";35052;"SUL BARRETOS";"Quedas";983,502538071066
"355680";2023;40;2;39150,76;978,769;50;"Municipio";3226;"VIRADOURO";"RRAS13";35052;"SUL BARRETOS";"Quedas";1239,92560446373
"355680";2024;32;1;21805,58;681,424375;31,25;"Municipio";3305;"VIRADOURO";"RRAS13";35052;"SUL BARRETOS";"Quedas";968,229954614221
"355680";2025;24;1;32408,99;1350,37458333333;41,6666666666667;"Municipio";;"VIRADOURO";"RRAS13";35052;"SUL BARRETOS";"Quedas";
"355690";2015;1;0;567,9;567,9;0;"Municipio";937;"VISTA ALEGRE DO ALTO";"RRAS13";35052;"SUL BARRETOS";"Quedas";106,723585912487
"355690";2016;4;0;6806,79;1701,6975;0;"Municipio";967;"VISTA ALEGRE DO ALTO";"RRAS13";35052;"SUL BARRETOS";"Quedas";413,650465356774
"355690";2017;7;0;8587,8;1226,82857142857;0;"Municipio";1006;"VISTA ALEGRE DO ALTO";"RRAS13";35052;"SUL BARRETOS";"Quedas";695,825049701789
"355690";2018;9;0;7596,14;844,015555555556;0;"Municipio";1036;"VISTA ALEGRE DO ALTO";"RRAS13";35052;"SUL BARRETOS";"Quedas";868,725868725869
"355690";2019;11;1;17891,68;1626,51636363636;90,9090909090909;"Municipio";1071;"VISTA ALEGRE DO ALTO";"RRAS13";35052;"SUL BARRETOS";"Quedas";1027,07749766573
"355690";2020;11;1;29492,38;2681,12545454545;90,9090909090909;"Municipio";1104;"VISTA ALEGRE DO ALTO";"RRAS13";35052;"SUL BARRETOS";"Quedas";996,376811594203
"355690";2021;17;2;34158,6;2009,32941176471;117,647058823529;"Municipio";1125;"VISTA ALEGRE DO ALTO";"RRAS13";35052;"SUL BARRETOS";"Quedas";1511,11111111111
"355690";2022;17;0;16666,45;980,379411764706;0;"Municipio";1158;"VISTA ALEGRE DO ALTO";"RRAS13";35052;"SUL BARRETOS";"Quedas";1468,04835924007
"355690";2023;10;2;23365,73;2336,573;200;"Municipio";1198;"VISTA ALEGRE DO ALTO";"RRAS13";35052;"SUL BARRETOS";"Quedas";834,724540901502
"355690";2024;16;2;24237,72;1514,8575;125;"Municipio";1237;"VISTA ALEGRE DO ALTO";"RRAS13";35052;"SUL BARRETOS";"Quedas";1293,45189975748
"355690";2025;12;0;12148,25;1012,35416666667;0;"Municipio";;"VISTA ALEGRE DO ALTO";"RRAS13";35052;"SUL BARRETOS";"Quedas";
"355695";2015;5;0;9580,79;1916,158;0;"Municipio";321;"VITORIA BRASIL";"RRAS12";35153;"JALES";"Quedas";1557,63239875389
"355695";2016;3;0;6494,09;2164,69666666667;0;"Municipio";322;"VITORIA BRASIL";"RRAS12";35153;"JALES";"Quedas";931,67701863354
"355695";2017;2;0;1494,51;747,255;0;"Municipio";333;"VITORIA BRASIL";"RRAS12";35153;"JALES";"Quedas";600,600600600601
"355695";2018;5;0;6455,04;1291,008;0;"Municipio";340;"VITORIA BRASIL";"RRAS12";35153;"JALES";"Quedas";1470,58823529412
"355695";2019;3;0;2708,86;902,953333333333;0;"Municipio";348;"VITORIA BRASIL";"RRAS12";35153;"JALES";"Quedas";862,068965517241
"355695";2020;1;1;3746,25;3746,25;1000;"Municipio";349;"VITORIA BRASIL";"RRAS12";35153;"JALES";"Quedas";286,532951289398
"355695";2021;2;0;5409,42;2704,71;0;"Municipio";355;"VITORIA BRASIL";"RRAS12";35153;"JALES";"Quedas";563,380281690141
"355695";2022;3;0;3252,38;1084,12666666667;0;"Municipio";362;"VITORIA BRASIL";"RRAS12";35153;"JALES";"Quedas";828,729281767956
"355695";2023;5;1;12207,16;2441,432;200;"Municipio";364;"VITORIA BRASIL";"RRAS12";35153;"JALES";"Quedas";1373,62637362637
"355695";2024;8;1;20449,96;2556,245;125;"Municipio";381;"VITORIA BRASIL";"RRAS12";35153;"JALES";"Quedas";2099,7375328084
"355695";2025;6;0;20416,3;3402,71666666667;0;"Municipio";;"VITORIA BRASIL";"RRAS12";35153;"JALES";"Quedas";
"355700";2015;54;6;103870,8;1923,53333333333;111,111111111111;"Municipio";14415;"VOTORANTIM";"RRAS08";35163;"SOROCABA";"Quedas";374,609781477627
"355700";2016;47;8;115148,92;2449,9770212766;170,212765957447;"Municipio";15121;"VOTORANTIM";"RRAS08";35163;"SOROCABA";"Quedas";310,826003571192
"355700";2017;79;8;148143,35;1875,23227848101;101,26582278481;"Municipio";15864;"VOTORANTIM";"RRAS08";35163;"SOROCABA";"Quedas";497,98285426122
"355700";2018;66;6;120667,26;1828,29181818182;90,9090909090909;"Municipio";16623;"VOTORANTIM";"RRAS08";35163;"SOROCABA";"Quedas";397,040245443061
"355700";2019;84;4;153563,34;1828,135;47,6190476190476;"Municipio";17407;"VOTORANTIM";"RRAS08";35163;"SOROCABA";"Quedas";482,564485551789
"355700";2020;74;10;129913,95;1755,59391891892;135,135135135135;"Municipio";18174;"VOTORANTIM";"RRAS08";35163;"SOROCABA";"Quedas";407,175085286673
"355700";2021;100;7;160218,89;1602,1889;70;"Municipio";18864;"VOTORANTIM";"RRAS08";35163;"SOROCABA";"Quedas";530,11026293469
"355700";2022;91;2;170942,94;1878,49384615385;21,978021978022;"Municipio";19572;"VOTORANTIM";"RRAS08";35163;"SOROCABA";"Quedas";464,949928469242
"355700";2023;123;7;239148,16;1944,29398373984;56,9105691056911;"Municipio";20357;"VOTORANTIM";"RRAS08";35163;"SOROCABA";"Quedas";604,214766419414
"355700";2024;131;5;243300,5;1857,25572519084;38,1679389312977;"Municipio";21157;"VOTORANTIM";"RRAS08";35163;"SOROCABA";"Quedas";619,180413102047
"355700";2025;113;7;316313,39;2799,23353982301;61,9469026548673;"Municipio";;"VOTORANTIM";"RRAS08";35163;"SOROCABA";"Quedas";
"355710";2015;108;10;221310,76;2049,1737037037;92,5925925925926;"Municipio";15832;"VOTUPORANGA";"RRAS12";35157;"VOTUPORANGA";"Quedas";682,162708438605
"355710";2016;108;6;214079,74;1982,21981481481;55,5555555555556;"Municipio";16401;"VOTUPORANGA";"RRAS12";35157;"VOTUPORANGA";"Quedas";658,49643314432
"355710";2017;121;9;294698,83;2435,52752066116;74,3801652892562;"Municipio";16971;"VOTUPORANGA";"RRAS12";35157;"VOTUPORANGA";"Quedas";712,98096753285
"355710";2018;124;11;237254,66;1913,34403225806;88,7096774193548;"Municipio";17569;"VOTUPORANGA";"RRAS12";35157;"VOTUPORANGA";"Quedas";705,788604929137
"355710";2019;125;10;279982,58;2239,86064;80;"Municipio";18164;"VOTUPORANGA";"RRAS12";35157;"VOTUPORANGA";"Quedas";688,174410922704
"355710";2020;118;7;256289,58;2171,94559322034;59,3220338983051;"Municipio";18726;"VOTUPORANGA";"RRAS12";35157;"VOTUPORANGA";"Quedas";630,139912421233
"355710";2021;118;13;242966,59;2059,03889830508;110,169491525424;"Municipio";19209;"VOTUPORANGA";"RRAS12";35157;"VOTUPORANGA";"Quedas";614,295382372846
"355710";2022;142;12;353987,7;2492,87112676056;84,5070422535211;"Municipio";19684;"VOTUPORANGA";"RRAS12";35157;"VOTUPORANGA";"Quedas";721,398089819142
"355710";2023;212;12;542579,64;2559,3379245283;56,6037735849057;"Municipio";20251;"VOTUPORANGA";"RRAS12";35157;"VOTUPORANGA";"Quedas";1046,86188336378
"355710";2024;201;15;459721,45;2287,17139303483;74,6268656716418;"Municipio";20836;"VOTUPORANGA";"RRAS12";35157;"VOTUPORANGA";"Quedas";964,67652140526
"355710";2025;350;14;503027,27;1437,22077142857;40;"Municipio";;"VOTUPORANGA";"RRAS12";35157;"VOTUPORANGA";"Quedas";
"355715";2015;4;0;5560,9;1390,225;0;"Municipio";454;"ZACARIAS";"RRAS12";35156;"JOSE BONIFACIO";"Quedas";881,057268722467
"355715";2016;6;2;17618,07;2936,345;333,333333333333;"Municipio";474;"ZACARIAS";"RRAS12";35156;"JOSE BONIFACIO";"Quedas";1265,82278481013
"355715";2017;11;1;29820,4;2710,94545454545;90,9090909090909;"Municipio";495;"ZACARIAS";"RRAS12";35156;"JOSE BONIFACIO";"Quedas";2222,22222222222
"355715";2018;9;1;24652,53;2739,17;111,111111111111;"Municipio";514;"ZACARIAS";"RRAS12";35156;"JOSE BONIFACIO";"Quedas";1750,97276264591
"355715";2019;2;0;668,28;334,14;0;"Municipio";538;"ZACARIAS";"RRAS12";35156;"JOSE BONIFACIO";"Quedas";371,747211895911
"355715";2020;7;0;21483,46;3069,06571428571;0;"Municipio";561;"ZACARIAS";"RRAS12";35156;"JOSE BONIFACIO";"Quedas";1247,77183600713
"355715";2021;7;1;13786,96;1969,56571428571;142,857142857143;"Municipio";582;"ZACARIAS";"RRAS12";35156;"JOSE BONIFACIO";"Quedas";1202,74914089347
"355715";2022;10;2;48776,71;4877,671;200;"Municipio";603;"ZACARIAS";"RRAS12";35156;"JOSE BONIFACIO";"Quedas";1658,37479270315
"355715";2023;9;0;14235,99;1581,77666666667;0;"Municipio";616;"ZACARIAS";"RRAS12";35156;"JOSE BONIFACIO";"Quedas";1461,03896103896
"355715";2024;5;0;6105,41;1221,082;0;"Municipio";648;"ZACARIAS";"RRAS12";35156;"JOSE BONIFACIO";"Quedas";771,604938271605
"355715";2025;6;1;41105,63;6850,93833333333;166,666666666667;"Municipio";;"ZACARIAS";"RRAS12";35156;"JOSE BONIFACIO";"Quedas";
"355720";2015;13;2;16812,59;1293,27615384615;153,846153846154;"Municipio";2003;"CHAVANTES";"RRAS10";35094;"OURINHOS";"Quedas";649,026460309536
"355720";2016;13;1;17556,67;1350,51307692308;76,9230769230769;"Municipio";2060;"CHAVANTES";"RRAS10";35094;"OURINHOS";"Quedas";631,067961165048
"355720";2017;14;1;13288,15;949,153571428571;71,4285714285714;"Municipio";2124;"CHAVANTES";"RRAS10";35094;"OURINHOS";"Quedas";659,133709981168
"355720";2018;15;3;28805,63;1920,37533333333;200;"Municipio";2180;"CHAVANTES";"RRAS10";35094;"OURINHOS";"Quedas";688,073394495413
"355720";2019;18;0;32358,99;1797,72166666667;0;"Municipio";2241;"CHAVANTES";"RRAS10";35094;"OURINHOS";"Quedas";803,212851405622
"355720";2020;13;1;13871,32;1067,02461538462;76,9230769230769;"Municipio";2295;"CHAVANTES";"RRAS10";35094;"OURINHOS";"Quedas";566,448801742919
"355720";2021;19;3;23268,55;1224,66052631579;157,894736842105;"Municipio";2338;"CHAVANTES";"RRAS10";35094;"OURINHOS";"Quedas";812,660393498717
"355720";2022;15;1;34203,89;2280,25933333333;66,6666666666667;"Municipio";2387;"CHAVANTES";"RRAS10";35094;"OURINHOS";"Quedas";628,403854210306
"355720";2023;19;1;42618,47;2243,07736842105;52,6315789473684;"Municipio";2446;"CHAVANTES";"RRAS10";35094;"OURINHOS";"Quedas";776,778413736713
"355720";2024;31;5;59169,62;1908,69741935484;161,290322580645;"Municipio";2511;"CHAVANTES";"RRAS10";35094;"OURINHOS";"Quedas";1234,56790123457
"355720";2025;17;3;53814,79;3165,57588235294;176,470588235294;"Municipio";;"CHAVANTES";"RRAS10";35094;"OURINHOS";"Quedas";
"355730";2015;10;0;12365,92;1236,592;0;"Municipio";1380;"ESTIVA GERBI";"RRAS15";35141;"BAIXA MOGIANA";"Quedas";724,63768115942
"355730";2016;9;0;7653,02;850,335555555556;0;"Municipio";1450;"ESTIVA GERBI";"RRAS15";35141;"BAIXA MOGIANA";"Quedas";620,689655172414
"355730";2017;15;3;21785,27;1452,35133333333;200;"Municipio";1521;"ESTIVA GERBI";"RRAS15";35141;"BAIXA MOGIANA";"Quedas";986,193293885602
"355730";2018;13;1;23468,16;1805,24307692308;76,9230769230769;"Municipio";1595;"ESTIVA GERBI";"RRAS15";35141;"BAIXA MOGIANA";"Quedas";815,047021943574
"355730";2019;11;1;15399,95;1399,99545454545;90,9090909090909;"Municipio";1671;"ESTIVA GERBI";"RRAS15";35141;"BAIXA MOGIANA";"Quedas";658,288450029922
"355730";2020;17;0;22714,18;1336,12823529412;0;"Municipio";1749;"ESTIVA GERBI";"RRAS15";35141;"BAIXA MOGIANA";"Quedas";971,983990851915
"355730";2021;24;1;35582,37;1482,59875;41,6666666666667;"Municipio";1814;"ESTIVA GERBI";"RRAS15";35141;"BAIXA MOGIANA";"Quedas";1323,04299889746
"355730";2022;26;3;45704,02;1757,84692307692;115,384615384615;"Municipio";1888;"ESTIVA GERBI";"RRAS15";35141;"BAIXA MOGIANA";"Quedas";1377,1186440678
"355730";2023;12;1;26206,29;2183,8575;83,3333333333333;"Municipio";1965;"ESTIVA GERBI";"RRAS15";35141;"BAIXA MOGIANA";"Quedas";610,687022900763
"355730";2024;20;1;33477,3;1673,865;50;"Municipio";2048;"ESTIVA GERBI";"RRAS15";35141;"BAIXA MOGIANA";"Quedas";976,5625
"355730";2025;27;3;70102,61;2596,39296296296;111,111111111111;"Municipio";;"ESTIVA GERBI";"RRAS15";35141;"BAIXA MOGIANA";"Quedas";
;2015;30774;2094;48504897,56;1596,91975850968;68,044453109768;"Estado SP";6229692;;;;;"Quedas";493,98910893187
;2016;33407;2392;54233912,79;1676,22991960297;71,6017601101565;"Estado SP";6459793;;;;;"Quedas";517,152794214923
;2017;34465;2447;57293384,65;1758,10213543731;70,9995647758596;"Estado SP";6723602;;;;;"Quedas";512,597265572828
;2018;35577;2588;60028991,7;1745,54087386889;72,743626500267;"Estado SP";6981496;;;;;"Quedas";509,589921701595
;2019;38425;2682;65158076,1;1750,69009603682;69,7983083929733;"Estado SP";7237240;;;;;"Quedas";530,934444622536
;2020;36961;2721;66752361,46;1800,28404134256;73,6181380373908;"Estado SP";7470873;;;;;"Quedas";494,734684955828
;2021;38537;2832;71129059,35;1897,59142358278;73,4878169032358;"Estado SP";7697626;;;;;"Quedas";500,634871062845
;2022;43081;2835;86275495,58;2063,94403596471;65,8062719064089;"Estado SP";7903709;;;;;"Quedas";545,073205503897
;2023;45849;2933;89803429,46;1998,27695703926;63,9708608693756;"Estado SP";8169108;;;;;"Quedas";561,248547577043
;2024;46798;3057;93619697,97;2044,59811457861;65,3233044147186;"Estado SP";8422983;;;;;"Quedas";555,598889372091
;2025;49669;3181;123649814,56;2643,3620518099;64,0439710886066;"Estado SP";0;;;;;"Quedas";Inf
;2015;1371;124;2415696,04;1691,84482331406;90,4449307075128;"RRAS";375514;;"RRAS01";;;"Quedas";365,099570189127
;2016;1766;138;3173603,6;1665,70218778948;78,1426953567384;"RRAS";391647;;"RRAS01";;;"Quedas";450,916258773845
;2017;1813;143;2718324,7;1425,63375429031;78,8747931605075;"RRAS";408078;;"RRAS01";;;"Quedas";444,277809634433
;2018;1718;136;2894712,75;1704,02940965122;79,1618160651921;"RRAS";424610;;"RRAS01";;;"Quedas";404,606580155908
;2019;1950;111;3057937,81;1527,18899043425;56,9230769230769;"RRAS";441156;;"RRAS01";;;"Quedas";442,020509751652
;2020;1944;161;3606697,14;1845,60932383978;82,8189300411523;"RRAS";457037;;"RRAS01";;;"Quedas";425,348494760818
;2021;2085;117;3502482,95;1723,97616353877;56,1151079136691;"RRAS";470957;;"RRAS01";;;"Quedas";442,715577005969
;2022;2166;117;4044423,83;1980,68368901588;54,016620498615;"RRAS";485045;;"RRAS01";;;"Quedas";446,55650506654
;2023;2420;117;4066887,06;1823,23248135016;48,3471074380165;"RRAS";501400;;"RRAS01";;;"Quedas";482,648583964898
;2024;2931;151;4795263,28;1659,14063090443;51,5182531559195;"RRAS";518427;;"RRAS01";;;"Quedas";565,364072473077
;2025;2737;152;5934354,64;2324,19807175517;55,5352575812934;"RRAS";0;;"RRAS01";;;"Quedas";Inf
;2015;1615;124;2220769,75;1378,44574144556;76,7801857585139;"RRAS";314040;;"RRAS02";;;"Quedas";514,265698637116
;2016;1693;150;2345618,14;1255,53229175302;88,6001181334909;"RRAS";329728;;"RRAS02";;;"Quedas";513,453513198758
;2017;1926;167;2615336,79;1324,49364703364;86,7082035306334;"RRAS";345905;;"RRAS02";;;"Quedas";556,800277532849
;2018;1970;131;2635413,21;1317,31805220153;66,497461928934;"RRAS";362445;;"RRAS02";;;"Quedas";543,530742595428
;2019;2104;184;2806084,94;1306,63516385961;87,4524714828897;"RRAS";379228;;"RRAS02";;;"Quedas";554,811353592034
;2020;1976;181;3106838,91;1427,67927535755;91,5991902834008;"RRAS";395618;;"RRAS02";;;"Quedas";499,471712611661
;2021;2180;209;3436679,21;1510,86097019493;95,8715596330275;"RRAS";410455;;"RRAS02";;;"Quedas";531,117905738753
;2022;2329;171;3856267,67;1636,36596494626;73,4220695577501;"RRAS";425644;;"RRAS02";;;"Quedas";547,170875191475
;2023;2489;178;3904624,76;1472,09733838443;71,5146645239052;"RRAS";442868;;"RRAS02";;;"Quedas";562,018479546953
;2024;2419;190;3802432,57;1566,43783298286;78,5448532451426;"RRAS";460994;;"RRAS02";;;"Quedas";524,735679857005
;2025;2684;203;5599878,42;2019,99484733686;75,6333830104322;"RRAS";0;;"RRAS02";;;"Quedas";Inf
;2015;283;16;290508,96;1192,57071227801;56,5371024734982;"RRAS";57051;;"RRAS03";;;"Quedas";496,047396189374
;2016;332;17;449144,14;1417,96045272928;51,2048192771084;"RRAS";60342;;"RRAS03";;;"Quedas";550,197209240662
;2017;319;34;545035,57;1685,10673767333;106,583072100313;"RRAS";63737;;"RRAS03";;;"Quedas";500,494218428856
;2018;317;37;567062;1825,5576715357;116,719242902208;"RRAS";67163;;"RRAS03";;;"Quedas";471,986063755341
;2019;373;38;602258,64;1572,67755412411;101,876675603217;"RRAS";70650;;"RRAS03";;;"Quedas";527,954706298655
;2020;438;39;669722,28;1539,44079601547;89,041095890411;"RRAS";74081;;"RRAS03";;;"Quedas";591,244718618809
;2021;515;27;631293,43;1322,70995841067;52,4271844660194;"RRAS";77210;;"RRAS03";;;"Quedas";667,012045071882
;2022;532;21;710349,72;1393,74048638332;39,4736842105263;"RRAS";80409;;"RRAS03";;;"Quedas";661,617480630278
;2023;637;39;563732,5;885,823894653547;61,2244897959184;"RRAS";83950;;"RRAS03";;;"Quedas";758,784991066111
;2024;700;35;651476,92;1015,64687062397;50;"RRAS";87684;;"RRAS03";;;"Quedas";798,321244468774
;2025;719;34;739444,17;1181,5034168513;47,2878998609179;"RRAS";0;;"RRAS03";;;"Quedas";Inf
;2015;496;45;821866,78;1440,9744757691;90,7258064516129;"RRAS";111159;;"RRAS04";;;"Quedas";446,207684487986
;2016;707;58;974944,56;1368,42539020448;82,036775106082;"RRAS";117335;;"RRAS04";;;"Quedas";602,548259257681
;2017;719;62;981572,55;1292,40776338697;86,230876216968;"RRAS";123677;;"RRAS04";;;"Quedas";581,353040581515
;2018;675;57;1008151,68;1389,0938481582;84,4444444444444;"RRAS";130114;;"RRAS04";;;"Quedas";518,775842722536
;2019;694;52;1026135,78;1424,75682630425;74,9279538904899;"RRAS";136652;;"RRAS04";;;"Quedas";507,859380031028
;2020;681;73;1265740,54;1882,91037687126;107,1953010279;"RRAS";143066;;"RRAS04";;;"Quedas";476,004082032069
;2021;798;67;1331060,01;1500,76953675801;83,9598997493734;"RRAS";148967;;"RRAS04";;;"Quedas";535,689112353743
;2022;916;80;1642035,11;1750,83419331072;87,3362445414847;"RRAS";155006;;"RRAS04";;;"Quedas";590,944866650323
;2023;1006;80;1727955,87;1582,19675868413;79,5228628230616;"RRAS";161789;;"RRAS04";;;"Quedas";621,797526407852
;2024;868;83;1439500,18;1427,63617070108;95,6221198156682;"RRAS";168963;;"RRAS04";;;"Quedas";513,721939122766
;2025;983;86;2135609,68;2149,85247652873;87,4872838250254;"RRAS";0;;"RRAS04";;;"Quedas";Inf
;2015;995;67;1441437,26;1170,64949141868;67,3366834170854;"RRAS";200555;;"RRAS05";;;"Quedas";496,123257959163
;2016;1256;101;1944437,28;1431,74978607185;80,4140127388535;"RRAS";211116;;"RRAS05";;;"Quedas";594,933591011577
;2017;1250;92;1971398,8;1516,0603260916;73,6;"RRAS";221990;;"RRAS05";;;"Quedas";563,08842740664
;2018;1381;114;2145762,56;1667,42186777711;82,5488776249095;"RRAS";233038;;"RRAS05";;;"Quedas";592,607214274067
;2019;1283;109;2078165,6;1472,81810922586;84,9571317225253;"RRAS";244252;;"RRAS05";;;"Quedas";525,277172756006
;2020;1122;93;2087853,77;1862,43916706995;82,8877005347594;"RRAS";255229;;"RRAS05";;;"Quedas";439,605217275466
;2021;1124;128;1974028,09;1662,53452853104;113,879003558719;"RRAS";265259;;"RRAS05";;;"Quedas";423,736800636359
;2022;1086;106;2213954,51;1904,58534221922;97,6058931860037;"RRAS";275554;;"RRAS05";;;"Quedas";394,115128069271
;2023;1312;114;2519602,48;1957,87104298443;86,890243902439;"RRAS";287169;;"RRAS05";;;"Quedas";456,873826910286
;2024;1312;124;2478125,11;1744,5396062898;94,5121951219512;"RRAS";299360;;"RRAS05";;;"Quedas";438,268305718867
;2025;1453;142;4059754,22;2708,54513115531;97,7288368891948;"RRAS";0;;"RRAS05";;;"Quedas";Inf
;2015;6986;476;10834777,9;1550,92726882336;68,1362725450902;"RRAS";1732923;;"RRAS06";;;"Quedas";403,133895735702
;2016;7335;523;11469593,63;1563,6801131561;71,3019768234492;"RRAS";1792192;;"RRAS06";;;"Quedas";409,275345498697
;2017;7721;592;12669660,73;1640,93520657946;76,6740059577775;"RRAS";1851960;;"RRAS06";;;"Quedas";416,909652476295
;2018;7811;654;12899990,91;1651,51592753809;83,7280757905518;"RRAS";1912059;;"RRAS06";;;"Quedas";408,512498829796
;2019;8740;656;14439416,74;1652,1071784897;75,0572082379863;"RRAS";1971416;;"RRAS06";;;"Quedas";443,336160404501
;2020;7427;657;13442493,03;1809,94924330147;88,4610206005116;"RRAS";2026877;;"RRAS06";;;"Quedas";366,425787060586
;2021;7865;673;14563339,57;1851,66428099174;85,5689764780674;"RRAS";2073189;;"RRAS06";;;"Quedas";379,367245340391
;2022;8696;734;17297217,75;1989,10047723091;84,4066237350506;"RRAS";2118705;;"RRAS06";;;"Quedas";410,439395762978
;2023;8963;683;17636920,17;1967,74742496932;76,2021644538659;"RRAS";2174351;;"RRAS06";;;"Quedas";412,21495517513
;2024;9036;720;18640569,53;2062,92270141656;79,6812749003984;"RRAS";2232478;;"RRAS06";;;"Quedas";404,752028911371
;2025;9031;697;22164723,12;2454,29333628613;77,1786070202635;"RRAS";0;;"RRAS06";;;"Quedas";Inf
;2015;1074;82;1612463,32;1469,71628972982;76,3500931098696;"RRAS";325298;;"RRAS07";;;"Quedas";330,158808231222
;2016;1025;74;1526825,14;1360,19449031694;72,1951219512195;"RRAS";337345;;"RRAS07";;;"Quedas";303,843246528035
;2017;935;55;1400270,67;1503,38896682199;58,8235294117647;"RRAS";349825;;"RRAS07";;;"Quedas";267,276495390552
;2018;1166;87;1761819,42;1354,73913555054;74,6140651801029;"RRAS";362556;;"RRAS07";;;"Quedas";321,605489910524
;2019;1220;78;2000606,01;1430,49213521071;63,9344262295082;"RRAS";375502;;"RRAS07";;;"Quedas";324,898402671624
;2020;1170;96;2022813,01;1563,66411944186;82,0512820512821;"RRAS";387886;;"RRAS07";;;"Quedas";301,635016473912
;2021;1378;98;2581591,23;1596,58599220396;71,1175616835994;"RRAS";398528;;"RRAS07";;;"Quedas";345,772442588727
;2022;1581;89;3484096,92;1857,9275587841;56,2934851359899;"RRAS";409235;;"RRAS07";;;"Quedas";386,330592446883
;2023;1780;138;3837805,11;1937,83748555629;77,5280898876405;"RRAS";421798;;"RRAS07";;;"Quedas";422,002949279039
;2024;1985;123;4090373,9;1727,91287748214;61,9647355163728;"RRAS";435324;;"RRAS07";;;"Quedas";455,982210950924
;2025;2230;138;5693039,33;2159,04791551636;61,8834080717489;"RRAS";0;;"RRAS07";;;"Quedas";Inf
;2015;1777;112;2865058,62;1602,6467485035;63,0275745638717;"RRAS";326176;;"RRAS08";;;"Quedas";544,797900519965
;2016;1803;150;3425805,43;1790,88319782825;83,1946755407654;"RRAS";340877;;"RRAS08";;;"Quedas";528,929789924225
;2017;1769;132;3304193,16;1870,26966064863;74,6184284906727;"RRAS";355336;;"RRAS08";;;"Quedas";497,83866537587
;2018;1989;133;3517242,55;1584,89608082725;66,8677727501257;"RRAS";370443;;"RRAS08";;;"Quedas";536,924709064552
;2019;2206;142;3749535,13;1624,02628841155;64,3699002719855;"RRAS";385979;;"RRAS08";;;"Quedas";571,533684475062
;2020;2126;166;3575780,45;1599,38644693568;78,0809031044215;"RRAS";400507;;"RRAS08";;;"Quedas";530,827176553718
;2021;2298;162;4012310,38;1584,02528319653;70,4960835509138;"RRAS";414615;;"RRAS08";;;"Quedas";554,249122680077
;2022;2693;146;5320320,31;1852,31187504488;54,2146305235797;"RRAS";428304;;"RRAS08";;;"Quedas";628,759012290336
;2023;2843;159;5696265,61;1926,86356726048;55,9268378473444;"RRAS";443925;;"RRAS08";;;"Quedas";640,423494959734
;2024;2777;163;5674212,1;1985,78494325544;58,6964350018005;"RRAS";460287;;"RRAS08";;;"Quedas";603,319233434792
;2025;3042;230;8044824,99;2618,35505405645;75,6081525312295;"RRAS";0;;"RRAS08";;;"Quedas";Inf
;2015;2145;118;3433362,61;1753,92698060653;55,011655011655;"RRAS";264896;;"RRAS09";;;"Quedas";809,751751630829
;2016;2305;140;3700842,86;1663,50935577522;60,7375271149675;"RRAS";274034;;"RRAS09";;;"Quedas";841,136501310056
;2017;2329;128;3684688,59;1581,97534608417;54,9592099613568;"RRAS";283016;;"RRAS09";;;"Quedas";822,921672272946
;2018;2443;138;3988134,17;1584,88115780657;56,4879246827671;"RRAS";292912;;"RRAS09";;;"Quedas";834,038892227017
;2019;2680;158;4290843,54;1708,41896424081;58,955223880597;"RRAS";302627;;"RRAS09";;;"Quedas";885,578616580808
;2020;2792;128;4435267,24;1655,2491102635;45,8452722063037;"RRAS";311774;;"RRAS09";;;"Quedas";895,520473163253
;2021;2703;137;4820086,69;1626,84452690896;50,6844247132815;"RRAS";320058;;"RRAS09";;;"Quedas";844,534428134901
;2022;3010;139;5528712,4;1820,37623509201;46,1794019933555;"RRAS";327907;;"RRAS09";;;"Quedas";917,943197308993
;2023;3206;147;5878536,03;1844,81903756942;45,8515283842795;"RRAS";337122;;"RRAS09";;;"Quedas";950,991035886118
;2024;3401;184;6335109,14;1740,36821650756;54,1017347838871;"RRAS";346894;;"RRAS09";;;"Quedas";980,414766470449
;2025;3544;173;8019455,27;2257,15805736703;48,8148984198646;"RRAS";0;;"RRAS09";;;"Quedas";Inf
;2015;1472;91;2195052,48;1435,33224880304;61,820652173913;"RRAS";187735;;"RRAS10";;;"Quedas";784,083948118358
;2016;1540;105;2531070,78;1741,13237621571;68,1818181818182;"RRAS";193132;;"RRAS10";;;"Quedas";797,382101360727
;2017;1703;120;2972299,55;1815,49772635395;70,4638872577804;"RRAS";199472;;"RRAS10";;;"Quedas";853,753910323253
;2018;1684;113;2747514,36;1742,57616511134;67,1021377672209;"RRAS";205162;;"RRAS10";;;"Quedas";820,814770766516
;2019;1755;120;3081754,71;1737,26958463099;68,3760683760684;"RRAS";210402;;"RRAS10";;;"Quedas";834,117546411156
;2020;1856;94;3158083,76;1842,19076116501;50,6465517241379;"RRAS";216660;;"RRAS10";;;"Quedas";856,641742822856
;2021;1827;120;3418461,28;1914,91994455445;65,6814449917898;"RRAS";220892;;"RRAS10";;;"Quedas";827,101026746102
;2022;1987;117;3839204,27;2022,23139573717;58,8827377956719;"RRAS";225466;;"RRAS10";;;"Quedas";881,285870153371
;2023;2167;137;4295060,76;2055,57645336383;63,2210429164744;"RRAS";231188;;"RRAS10";;;"Quedas";937,332387494161
;2024;2117;124;4150210,49;2266,40706259112;58,5734529995276;"RRAS";237315;;"RRAS10";;;"Quedas";892,063291405937
;2025;2285;102;5710182,25;2766,07407426673;44,6389496717724;"RRAS";0;;"RRAS10";;;"Quedas";Inf
;2015;678;41;970562,76;1615,81987140145;60,4719764011799;"RRAS";124350;;"RRAS11";;;"Quedas";545,235223160434
;2016;762;56;1067403,34;1590,50604190743;73,490813648294;"RRAS";128461;;"RRAS11";;;"Quedas";593,176139061661
;2017;748;47;1179217,92;1731,1844764627;62,8342245989305;"RRAS";129585;;"RRAS11";;;"Quedas";577,227302542733
;2018;759;62;1261146,27;1847,60753041514;81,6864295125165;"RRAS";137013;;"RRAS11";;;"Quedas";553,962032799807
;2019;740;41;1091715,38;1663,98055985173;55,4054054054054;"RRAS";139913;;"RRAS11";;;"Quedas";528,900102206371
;2020;771;61;1240320,33;1583,07276484908;79,1180285343709;"RRAS";144370;;"RRAS11";;;"Quedas";534,044469072522
;2021;861;52;1260684,96;1579,45225493814;60,3948896631823;"RRAS";149677;;"RRAS11";;;"Quedas";575,238680625614
;2022;1023;48;1543764,27;1674,0826572078;46,9208211143695;"RRAS";152873;;"RRAS11";;;"Quedas";669,182916538565
;2023;1069;51;1654201,74;1850,28172502359;47,7081384471469;"RRAS";157878;;"RRAS11";;;"Quedas";677,10510647462
;2024;1172;50;1699214,99;1537,5743155223;42,6621160409556;"RRAS";161511;;"RRAS11";;;"Quedas";725,647169542632
;2025;1230;56;2446873,08;2099,92166564795;45,5284552845528;"RRAS";0;;"RRAS11";;;"Quedas";Inf
;2015;2171;144;3856387,17;1765,58184815211;66,3288807001382;"RRAS";270791;;"RRAS12";;;"Quedas";801,725315833983
;2016;2291;195;4511638,05;1900,7980737696;85,1156700130947;"RRAS";280532;;"RRAS12";;;"Quedas";816,662626723511
;2017;2296;206;4849190,27;2134,83526047523;89,7212543554007;"RRAS";289209;;"RRAS12";;;"Quedas";793,889540090384
;2018;2377;212;5056271,95;1998,46308794401;89,1880521665965;"RRAS";299257;;"RRAS12";;;"Quedas";794,300551031388
;2019;2527;223;5469431,22;2217,51470976153;88,2469331222794;"RRAS";308672;;"RRAS12";;;"Quedas";818,668359941945
;2020;2452;223;5886216,4;2379,08771778333;90,9461663947798;"RRAS";318332;;"RRAS12";;;"Quedas";770,265006345576
;2021;2423;219;6075645,41;2563,65468693373;90,3838217086257;"RRAS";326071;;"RRAS12";;;"Quedas";743,089695189085
;2022;2818;221;7594009,22;2651,08179350765;78,4244144783534;"RRAS";333959;;"RRAS12";;;"Quedas";843,816157073174
;2023;3378;216;7878777,76;2396,73893259664;63,943161634103;"RRAS";342990;;"RRAS12";;;"Quedas";984,86836350914
;2024;3344;224;8278087,5;2532,78374460283;66,9856459330144;"RRAS";353399;;"RRAS12";;;"Quedas";946,239236670166
;2025;4151;240;11253648,63;2983,4655623602;57,8173933991809;"RRAS";0;;"RRAS12";;;"Quedas";Inf
;2015;2269;138;3692898,83;1493,27583999073;60,8197443807845;"RRAS";372462;;"RRAS13";;;"Quedas";609,189662301121
;2016;2619;172;4127626,74;1559,55929546982;65,6739213440244;"RRAS";385071;;"RRAS13";;;"Quedas";680,134312892947
;2017;2639;131;3945056,14;1447,68153888526;49,6400151572565;"RRAS";399797;;"RRAS13";;;"Quedas";660,084993134015
;2018;2830;138;4563321,47;1584,19966408374;48,7632508833922;"RRAS";414007;;"RRAS13";;;"Quedas";683,563321393117
;2019;2904;178;4916006,66;1702,07997606216;61,2947658402204;"RRAS";428001;;"RRAS13";;;"Quedas";678,503087609608
;2020;2554;142;4394912,39;1680,57473213511;55,5990602975724;"RRAS";442398;;"RRAS13";;;"Quedas";577,308215679094
;2021;2669;165;4678291,79;1755,03764686894;61,8209067066317;"RRAS";453698;;"RRAS13";;;"Quedas";588,276783234663
;2022;2886;142;5343325,48;1888,13875094468;49,2030492030492;"RRAS";465542;;"RRAS13";;;"Quedas";619,922584858079
;2023;3009;177;5409339,08;1741,02577601171;58,8235294117647;"RRAS";480083;;"RRAS13";;;"Quedas";626,766621605014
;2024;3279;174;6180453,64;1882,16581236512;53,0649588289113;"RRAS";494769;;"RRAS13";;;"Quedas";662,733518066007
;2025;3286;177;8165538,78;2463,89856629762;53,8648813146683;"RRAS";0;;"RRAS13";;;"Quedas";Inf
;2015;964;53;1785758,15;2058,39976857494;54,9792531120332;"RRAS";218984;;"RRAS14";;;"Quedas";440,214810214445
;2016;948;55;1855181,24;2860,35382326438;58,0168776371308;"RRAS";226158;;"RRAS14";;;"Quedas";419,175974318839
;2017;1028;68;2257626,95;2156,29932223166;66,147859922179;"RRAS";232999;;"RRAS14";;;"Quedas";441,203610315924
;2018;1001;84;2072229,3;1912,32869171576;83,9160839160839;"RRAS";245397;;"RRAS14";;;"Quedas";407,910447152981
;2019;1149;82;2328446,8;2033,94736311318;71,3664055700609;"RRAS";252371;;"RRAS14";;;"Quedas";455,282104520725
;2020;1074;52;2064348,84;1765,2780154215;48,4171322160149;"RRAS";262851;;"RRAS14";;;"Quedas";408,596505244416
;2021;1214;69;2377318,35;1952,50002015749;56,836902800659;"RRAS";271320;;"RRAS14";;;"Quedas";447,442134748636
;2022;1404;79;3091689;2184,95060648589;56,2678062678063;"RRAS";276595;;"RRAS14";;;"Quedas";507,601366619064
;2023;1434;88;3237177,48;2043,85700259081;61,3668061366806;"RRAS";289318;;"RRAS14";;;"Quedas";495,64838689608
;2024;1468;81;3639857,55;2724,34439284822;55,1771117166213;"RRAS";300409;;"RRAS14";;;"Quedas";488,6671171636
;2025;1438;77;4360138,31;3193,60272620618;53,5465924895688;"RRAS";0;;"RRAS14";;;"Quedas";Inf
;2015;2967;175;4686552,46;1673,26442830703;58,9821368385575;"RRAS";572397;;"RRAS15";;;"Quedas";518,346532214529
;2016;3041;170;4837736,32;1546,25932530765;55,9026635975008;"RRAS";596613;;"RRAS15";;;"Quedas";509,710649952314
;2017;3208;201;5470999,01;1592,4308093096;62,6558603491272;"RRAS";621619;;"RRAS15";;;"Quedas";516,071741693867
;2018;3342;197;5765788,28;1719,62257448873;58,9467384799521;"RRAS";647210;;"RRAS15";;;"Quedas";516,37026621962
;2019;3481;195;6175808,42;1621,68103247585;56,0183855214019;"RRAS";673194;;"RRAS15";;;"Quedas";517,087199232316
;2020;4113;269;7536876,79;1631,78130639239;65,4023826890348;"RRAS";698249;;"RRAS15";;;"Quedas";589,044882269792
;2021;3870;246;7342951,89;1953,76656728933;63,5658914728682;"RRAS";720219;;"RRAS15";;;"Quedas";537,336560129627
;2022;4376;259;8472771,29;1928,67795969295;59,1864716636197;"RRAS";742355;;"RRAS15";;;"Quedas";589,47538576557
;2023;4486;247;9016510,02;1904,06749162882;55,0601872492198;"RRAS";767755;;"RRAS15";;;"Quedas";584,300981432879
;2024;4302;260;8865973,6;1816,72044578346;60,4370060437006;"RRAS";794406;;"RRAS15";;;"Quedas";541,53669534218
;2025;4637;282;11107306,23;2482,56309905416;60,81518222989;"RRAS";0;;"RRAS15";;;"Quedas";Inf
;2015;276;29;446913,24;1691,28519099493;105,072463768116;"RRAS";166896;;"RRAS16";;;"Quedas";165,372447512223
;2016;306;27;509165,29;1717,67458657942;88,2352941176471;"RRAS";160473;;"RRAS16";;;"Quedas";190,686283673889
;2017;273;20;462206,72;3001,75366456074;73,2600732600733;"RRAS";186673;;"RRAS16";;;"Quedas";146,245038114778
;2018;263;26;500181,51;2484,19079802874;98,8593155893536;"RRAS";193660;;"RRAS16";;;"Quedas";135,805019105649
;2019;293;25;550433,15;1752,68049502439;85,3242320819113;"RRAS";203350;;"RRAS16";;;"Quedas";144,086550282764
;2020;284;27;644093,78;2102,54586990266;95,0704225352113;"RRAS";195858;;"RRAS16";;;"Quedas";145,003012386525
;2021;318;35;618404,4;2046,22950827625;110,062893081761;"RRAS";213597;;"RRAS16";;;"Quedas";148,878495484487
;2022;368;45;894601,8;2882,33255185591;122,282608695652;"RRAS";215523;;"RRAS16";;;"Quedas";170,747437628467
;2023;390;30;968513,94;2209,62133099317;76,9230769230769;"RRAS";235330;;"RRAS16";;;"Quedas";165,724726979136
;2024;465;48;1061106,97;2710,27654844642;103,225806451613;"RRAS";232029;;"RRAS16";;;"Quedas";200,405983734792
;2025;516;46;1489952;2635,29336356339;89,1472868217054;"RRAS";0;;"RRAS16";;;"Quedas";Inf
;2015;1526;118;2436381,46;1520,11225499492;77,3263433813893;"RRAS";335590;;"RRAS17";;;"Quedas";454,721535206651
;2016;1780;118;2841158,5;1473,33488069702;66,2921348314607;"RRAS";350655;;"RRAS17";;;"Quedas";507,621451284026
;2017;1957;128;3465321,27;1858,17343690734;65,4062340316812;"RRAS";367234;;"RRAS17";;;"Quedas";532,902726871695
;2018;2056;143;3782703,49;1971,83270379354;69,5525291828794;"RRAS";382510;;"RRAS17";;;"Quedas";537,502287521895
;2019;2352;147;4281617,42;1943,39083520352;62,5;"RRAS";400099;;"RRAS17";;;"Quedas";587,854506009763
;2020;2170;124;3913180,28;1673,56795174719;57,1428571428571;"RRAS";416186;;"RRAS17";;;"Quedas";521,401488757431
;2021;2372;155;4494808,36;1999,92845846495;65,3456998313659;"RRAS";430481;;"RRAS17";;;"Quedas";551,01154290201
;2022;2750;155;6223228,55;2278,99573308;56,3636363636364;"RRAS";444910;;"RRAS17";;;"Quedas";618,102537591873
;2023;2885;148;6506129,44;2281,55756450856;51,2998266897747;"RRAS";461193;;"RRAS17";;;"Quedas";625,551558675002
;2024;2924;179;7317013,99;2305,24485157882;61,2175102599179;"RRAS";478115;;"RRAS17";;;"Quedas";611,568346527509
;2025;3178;179;10043114,65;3705,761849037;56,3247325361863;"RRAS";0;;"RRAS17";;;"Quedas";Inf
;2015;779;57;1212880,8;1350,70487521344;73,1707317073171;"RRAS";148988;;"RRAS18";;;"Quedas";522,860901549118
;2016;909;56;1433840,09;1536,75702652205;61,6061606160616;"RRAS";154834;;"RRAS18";;;"Quedas";587,080357027526
;2017;964;59;1551293,56;1483,98636330147;61,2033195020747;"RRAS";160345;;"RRAS18";;;"Quedas";601,203654619726
;2018;882;48;1412595,44;1367,78555188411;54,421768707483;"RRAS";165767;;"RRAS18";;;"Quedas";532,072125332545
;2019;946;52;1539601,63;1572,06261712383;54,9682875264271;"RRAS";171855;;"RRAS18";;;"Quedas";550,464053999011
;2020;1003;62;1937990,78;1754,39749048325;61,814556331007;"RRAS";177415;;"RRAS18";;;"Quedas";565,341149282755
;2021;949;60;1774759,07;1574,5059475259;63,2244467860906;"RRAS";182165;;"RRAS18";;;"Quedas";520,956275903714
;2022;1191;76;2303897,67;2121,00808735812;63,8119227539882;"RRAS";186966;;"RRAS18";;;"Quedas";637,014216488559
;2023;1136;69;2276847,35;1944,33592378973;60,7394366197183;"RRAS";190931;;"RRAS18";;;"Quedas";594,979338085486
;2024;1117;55;2065004,14;2092,62300857432;49,2390331244405;"RRAS";198490;;"RRAS18";;;"Quedas";562,748753085798
;2025;1323;72;2976974,53;2696,21373945475;54,421768707483;"RRAS";0;;"RRAS18";;;"Quedas";Inf
;2015;930;84;1285568,97;1406,61147109772;90,3225806451613;"RRAS";123887;;"RRAS19";;;"Quedas";750,684091147578
;2016;989;87;1508277,66;1362,86154707574;87,9676440849343;"RRAS";129248;;"RRAS19";;;"Quedas";765,195592968557
;2017;868;62;1249691,7;1410,10871060317;71,4285714285714;"RRAS";133145;;"RRAS19";;;"Quedas";651,920838183935
;2018;913;78;1448950,38;1786,97003915294;85,4326396495071;"RRAS";136173;;"RRAS19";;;"Quedas";670,470651303856
;2019;1028;91;1672276,52;1371,89889508536;88,5214007782101;"RRAS";141921;;"RRAS19";;;"Quedas";724,346643555217
;2020;1008;73;1763131,74;1641,67407700045;72,4206349206349;"RRAS";146479;;"RRAS19";;;"Quedas";688,15325063661
;2021;1088;93;2234862,28;2050,90649361616;85,4779411764706;"RRAS";150268;;"RRAS19";;;"Quedas";724,039715707935
;2022;1269;90;2871625,81;1932,0427626128;70,9219858156028;"RRAS";153711;;"RRAS19";;;"Quedas";825,575267872826
;2023;1239;115;2728542,3;2024,5172057397;92,816787732042;"RRAS";158070;;"RRAS19";;;"Quedas";783,82994875688
;2024;1181;89;2455712,37;1779,49127488107;75,3598645215919;"RRAS";162129;;"RRAS19";;;"Quedas";728,432297738221
;2025;1202;95;3705002,26;2738,01500342947;79,0349417637271;"RRAS";0;;"RRAS19";;;"Quedas";Inf
