"ANO";"NOME";"Notificacoes_Estupro";"nivel_geografico";"total_72h";"casos_72h";"Oportunidade_72h";"total_pep";"casos_72h_pep";"PEP_72h";"total_contr";"casos_72h_contr";"Contracepção_72h_MIF";"COD_6_mun"
2015;"AGUAI";1;"Município";1;1;100;0;0;0;0;0;0;"350030"
2015;"AGUAS DE LINDOIA";3;"Município";3;3;100;2;2;100;1;1;100;"350050"
2015;"AGUDOS";4;"Município";4;4;100;3;3;100;2;2;100;"350070"
2015;"ALUMINIO";1;"Município";1;0;0;0;0;0;0;0;0;"350115"
2015;"AMERICANA";18;"Município";18;18;100;10;10;100;3;3;100;"350160"
2015;"AMERICO BRASILIENSE";2;"Município";2;2;100;0;0;0;0;0;0;"350170"
2015;"AMERICO DE CAMPOS";1;"Município";1;1;100;1;1;100;1;1;100;"350180"
2015;"AMPARO";6;"Município";6;5;83,33;2;2;100;1;1;100;"350190"
2015;"ANDRADINA";7;"Município";7;7;100;3;3;100;1;1;100;"350210"
2015;"ANHEMBI";1;"Município";1;1;100;1;1;100;0;0;0;"350230"
2015;"APARECIDA";5;"Município";5;5;100;3;3;100;3;3;100;"350250"
2015;"APIAI";2;"Município";2;0;0;0;0;0;0;0;0;"350270"
2015;"ARACARIGUAMA";10;"Município";10;7;70;0;0;0;0;0;0;"350275"
2015;"ARACATUBA";7;"Município";7;7;100;7;7;100;2;2;100;"350280"
2015;"ARAMINA";1;"Município";1;1;100;1;1;100;1;1;100;"350300"
2015;"ARARAQUARA";14;"Município";14;14;100;6;6;100;3;3;100;"350320"
2015;"ARARAS";2;"Município";2;2;100;0;0;0;0;0;0;"350330"
2015;"AREIOPOLIS";3;"Município";3;3;100;3;3;100;0;0;0;"350360"
2015;"ARTUR NOGUEIRA";4;"Município";4;4;100;2;2;100;1;1;100;"350380"
2015;"ARUJA";10;"Município";10;10;100;0;0;0;0;0;0;"350390"
2015;"ASSIS";8;"Município";8;8;100;7;7;100;2;2;100;"350400"
2015;"ATIBAIA";5;"Município";5;5;100;3;3;100;1;1;100;"350410"
2015;"AVARE";2;"Município";2;1;50;2;1;50;0;0;0;"350450"
2015;"BADY BASSITT";3;"Município";3;2;66,67;3;2;66,67;0;0;0;"350460"
2015;"BALSAMO";2;"Município";2;2;100;0;0;0;0;0;0;"350480"
2015;"BARIRI";1;"Município";1;1;100;1;1;100;0;0;0;"350520"
2015;"BARRA DO TURVO";1;"Município";1;0;0;0;0;0;0;0;0;"350540"
2015;"BARRETOS";5;"Município";5;5;100;3;3;100;2;2;100;"350550"
2015;"BARRINHA";4;"Município";4;4;100;3;3;100;3;3;100;"350560"
2015;"BARUERI";37;"Município";37;30;81,08;1;0;0;0;0;0;"350570"
2015;"BATATAIS";2;"Município";2;2;100;0;0;0;0;0;0;"350590"
2015;"BAURU";33;"Município";33;31;93,94;23;23;100;17;16;94,12;"350600"
2015;"BEBEDOURO";2;"Município";2;2;100;2;2;100;1;1;100;"350610"
2015;"BERTIOGA";6;"Município";6;6;100;3;3;100;0;0;0;"350635"
2015;"BIRIGUI";7;"Município";7;7;100;2;2;100;1;1;100;"350650"
2015;"BIRITIBA MIRIM";1;"Município";1;1;100;0;0;0;0;0;0;"350660"
2015;"BOA ESPERANCA DO SUL";1;"Município";1;1;100;1;1;100;1;1;100;"350670"
2015;"BOITUVA";9;"Município";9;7;77,78;2;2;100;1;1;100;"350700"
2015;"BOM JESUS DOS PERDOES";1;"Município";1;1;100;0;0;0;1;1;100;"350710"
2015;"BORBOREMA";1;"Município";1;1;100;1;1;100;1;1;100;"350740"
2015;"BOTUCATU";34;"Município";34;29;85,29;19;19;100;3;3;100;"350750"
2015;"BRAGANCA PAULISTA";31;"Município";31;31;100;14;14;100;7;7;100;"350760"
2015;"BRODOWSKI";2;"Município";2;2;100;1;1;100;1;1;100;"350780"
2015;"BURI";4;"Município";4;4;100;2;2;100;1;1;100;"350800"
2015;"CABREUVA";3;"Município";3;3;100;3;3;100;3;3;100;"350840"
2015;"CACAPAVA";9;"Município";9;9;100;3;3;100;3;3;100;"350850"
2015;"CACHOEIRA PAULISTA";4;"Município";4;4;100;2;2;100;0;0;0;"350860"
2015;"CACONDE";1;"Município";1;1;100;1;1;100;1;1;100;"350870"
2015;"CAIEIRAS";2;"Município";2;2;100;1;1;100;0;0;0;"350900"
2015;"CAJAMAR";3;"Município";3;3;100;1;1;100;0;0;0;"350920"
2015;"CAJATI";4;"Município";4;4;100;1;1;100;1;1;100;"350925"
2015;"CAJURU";1;"Município";1;1;100;1;1;100;1;1;100;"350940"
2015;"CAMPINAS";221;"Município";221;191;86,43;100;96;96;73;70;95,89;"350950"
2015;"CAMPO LIMPO PAULISTA";7;"Município";7;7;100;3;3;100;1;1;100;"350960"
2015;"CAMPOS DO JORDAO";7;"Município";7;6;85,71;4;4;100;3;3;100;"350970"
2015;"CAMPOS NOVOS PAULISTA";1;"Município";1;1;100;0;0;0;0;0;0;"350980"
2015;"CANANEIA";4;"Município";4;3;75;1;1;100;3;3;100;"350990"
2015;"CANDIDO MOTA";1;"Município";1;1;100;1;1;100;1;1;100;"351000"
2015;"CAPAO BONITO";2;"Município";2;1;50;1;1;100;1;1;100;"351020"
2015;"CAPELA DO ALTO";2;"Município";2;1;50;0;0;0;0;0;0;"351030"
2015;"CARAGUATATUBA";13;"Município";13;13;100;3;3;100;1;1;100;"351050"
2015;"CARAPICUIBA";23;"Município";23;11;47,83;2;2;100;0;0;0;"351060"
2015;"CARDOSO";1;"Município";1;1;100;1;1;100;0;0;0;"351070"
2015;"CASA BRANCA";2;"Município";2;2;100;2;2;100;0;0;0;"351080"
2015;"CASTILHO";1;"Município";1;1;100;1;1;100;1;1;100;"351100"
2015;"CATANDUVA";14;"Município";14;14;100;9;9;100;5;5;100;"351110"
2015;"CEDRAL";3;"Município";3;3;100;1;1;100;2;2;100;"351130"
2015;"CERQUILHO";3;"Município";3;3;100;2;2;100;1;1;100;"351150"
2015;"CESARIO LANGE";1;"Município";1;1;100;1;1;100;1;1;100;"351160"
2015;"CHARQUEADA";1;"Município";1;1;100;0;0;0;0;0;0;"351170"
2015;"CONCHAL";1;"Município";1;1;100;0;0;0;0;0;0;"351220"
2015;"CONCHAS";2;"Município";2;2;100;1;1;100;0;0;0;"351230"
2015;"CORONEL MACEDO";2;"Município";2;2;100;2;2;100;0;0;0;"351260"
2015;"COSMOPOLIS";1;"Município";1;1;100;0;0;0;0;0;0;"351280"
2015;"COTIA";42;"Município";42;41;97,62;11;11;100;7;7;100;"351300"
2015;"CRAVINHOS";3;"Município";3;3;100;3;3;100;0;0;0;"351310"
2015;"CRISTAIS PAULISTA";1;"Município";1;1;100;1;1;100;0;0;0;"351320"
2015;"CUBATAO";6;"Município";6;6;100;2;2;100;2;2;100;"351350"
2015;"DIADEMA";64;"Município";64;62;96,88;15;15;100;8;8;100;"351380"
2015;"DOURADO";1;"Município";1;1;100;0;0;0;0;0;0;"351430"
2015;"DUMONT";3;"Município";3;2;66,67;1;1;100;1;1;100;"351460"
2015;"ELDORADO";2;"Município";2;2;100;2;2;100;0;0;0;"351480"
2015;"ELISIARIO";2;"Município";2;2;100;2;2;100;1;1;100;"351492"
2015;"EMBU DAS ARTES";13;"Município";13;12;92,31;7;7;100;3;3;100;"351500"
2015;"EMBU GUACU";3;"Município";3;3;100;1;1;100;1;1;100;"351510"
2015;"ESPIRITO SANTO DO PINHAL";1;"Município";1;1;100;1;1;100;0;0;0;"351518"
2015;"ESPIRITO SANTO DO TURVO";1;"Município";1;1;100;0;0;0;0;0;0;"351519"
2015;"ESTIVA GERBI";2;"Município";2;2;100;2;2;100;1;1;100;"355730"
2015;"ESTRELA DO NORTE";1;"Município";1;0;0;0;0;0;0;0;0;"351530"
2015;"FARTURA";1;"Município";1;1;100;0;0;0;0;0;0;"351540"
2015;"FERNANDOPOLIS";6;"Município";6;6;100;3;3;100;1;1;100;"351550"
2015;"FERRAZ DE VASCONCELOS";10;"Município";10;8;80;3;3;100;2;2;100;"351570"
2015;"FLORINEA";1;"Município";1;1;100;0;0;0;0;0;0;"351610"
2015;"FRANCA";4;"Município";4;4;100;3;3;100;2;2;100;"351620"
2015;"FRANCISCO MORATO";49;"Município";49;44;89,8;8;8;100;6;6;100;"351630"
2015;"FRANCO DA ROCHA";9;"Município";9;8;88,89;0;0;0;0;0;0;"351640"
2015;"GALIA";1;"Município";1;1;100;0;0;0;0;0;0;"351660"
2015;"GARCA";7;"Município";7;5;71,43;4;4;100;2;2;100;"351670"
2015;"GENERAL SALGADO";1;"Município";1;1;100;0;0;0;0;0;0;"351690"
2015;"GUAICARA";1;"Município";1;1;100;1;1;100;0;0;0;"351720"
2015;"GUAIRA";2;"Município";2;2;100;0;0;0;0;0;0;"351740"
2015;"GUAPIACU";4;"Município";4;4;100;2;2;100;1;1;100;"351750"
2015;"GUARACAI";1;"Município";1;1;100;0;0;0;0;0;0;"351780"
2015;"GUARANI DOESTE";1;"Município";1;1;100;0;0;0;0;0;0;"351800"
2015;"GUARARAPES";1;"Município";1;1;100;0;0;0;0;0;0;"351820"
2015;"GUARAREMA";2;"Município";2;2;100;0;0;0;0;0;0;"351830"
2015;"GUARATINGUETA";5;"Município";5;5;100;3;3;100;2;2;100;"351840"
2015;"GUAREI";1;"Município";1;1;100;0;0;0;0;0;0;"351850"
2015;"GUARUJA";6;"Município";6;5;83,33;4;4;100;3;3;100;"351870"
2015;"GUARULHOS";102;"Município";102;91;89,22;19;19;100;7;7;100;"351880"
2015;"HOLAMBRA";1;"Município";1;1;100;1;1;100;0;0;0;"351905"
2015;"HORTOLANDIA";28;"Município";28;28;100;10;10;100;6;6;100;"351907"
2015;"IARAS";2;"Município";2;2;100;2;2;100;2;2;100;"351925"
2015;"IBIRA";1;"Município";1;1;100;0;0;0;0;0;0;"351940"
2015;"IBIRAREMA";1;"Município";1;1;100;0;0;0;0;0;0;"351950"
2015;"IBITINGA";3;"Município";3;3;100;1;1;100;0;0;0;"351960"
2015;"IBIUNA";3;"Município";3;2;66,67;2;2;100;0;0;0;"351970"
2015;"IGARACU DO TIETE";1;"Município";1;0;0;0;0;0;0;0;0;"352000"
2015;"IGARAPAVA";1;"Município";1;1;100;0;0;0;0;0;0;"352010"
2015;"IGUAPE";5;"Município";5;5;100;3;3;100;3;3;100;"352030"
2015;"ILHA COMPRIDA";5;"Município";5;4;80;4;3;75;3;3;100;"352042"
2015;"ILHA SOLTEIRA";1;"Município";1;1;100;1;1;100;0;0;0;"352044"
2015;"ILHABELA";6;"Município";6;6;100;4;4;100;1;1;100;"352040"
2015;"INDAIATUBA";11;"Município";11;11;100;5;5;100;5;5;100;"352050"
2015;"IPERO";2;"Município";2;2;100;1;1;100;0;0;0;"352100"
2015;"IPORANGA";2;"Município";2;2;100;2;2;100;1;1;100;"352120"
2015;"IRACEMAPOLIS";1;"Município";1;1;100;1;1;100;1;1;100;"352140"
2015;"ITABERA";4;"Município";4;4;100;4;4;100;4;4;100;"352170"
2015;"ITAI";2;"Município";2;2;100;2;2;100;0;0;0;"352180"
2015;"ITAJOBI";2;"Município";2;2;100;1;1;100;0;0;0;"352190"
2015;"ITANHAEM";18;"Município";18;17;94,44;12;11;91,67;7;7;100;"352210"
2015;"ITAPECERICA DA SERRA";21;"Município";21;18;85,71;2;2;100;0;0;0;"352220"
2015;"ITAPETININGA";25;"Município";25;17;68;1;1;100;0;0;0;"352230"
2015;"ITAPEVA";20;"Município";20;15;75;7;7;100;6;6;100;"352240"
2015;"ITAPEVI";17;"Município";17;16;94,12;1;1;100;0;0;0;"352250"
2015;"ITAPIRA";7;"Município";7;7;100;3;3;100;2;2;100;"352260"
2015;"ITAPOLIS";5;"Município";5;5;100;2;2;100;1;1;100;"352270"
2015;"ITAPORANGA";1;"Município";1;1;100;0;0;0;0;0;0;"352280"
2015;"ITAPUI";1;"Município";1;1;100;0;0;0;0;0;0;"352290"
2015;"ITAQUAQUECETUBA";34;"Município";34;31;91,18;12;11;91,67;4;4;100;"352310"
2015;"ITARIRI";1;"Município";1;1;100;0;0;0;0;0;0;"352330"
2015;"ITATIBA";22;"Município";22;16;72,73;8;8;100;4;4;100;"352340"
2015;"ITATINGA";2;"Município";2;2;100;1;1;100;0;0;0;"352350"
2015;"ITOBI";1;"Município";1;1;100;1;1;100;1;1;100;"352380"
2015;"ITU";2;"Município";2;1;50;0;0;0;0;0;0;"352390"
2015;"ITUPEVA";6;"Município";6;6;100;4;4;100;4;4;100;"352400"
2015;"JABOTICABAL";3;"Município";3;3;100;3;3;100;1;1;100;"352430"
2015;"JACAREI";30;"Município";30;24;80;5;5;100;2;2;100;"352440"
2015;"JAGUARIUNA";8;"Município";8;7;87,5;4;4;100;2;2;100;"352470"
2015;"JALES";3;"Município";3;2;66,67;2;2;100;1;1;100;"352480"
2015;"JANDIRA";3;"Município";3;3;100;0;0;0;0;0;0;"352500"
2015;"JARDINOPOLIS";8;"Município";8;7;87,5;5;5;100;3;3;100;"352510"
2015;"JARINU";3;"Município";3;3;100;1;1;100;0;0;0;"352520"
2015;"JAU";2;"Município";2;1;50;0;0;0;0;0;0;"352530"
2015;"JOANOPOLIS";1;"Município";1;1;100;0;0;0;0;0;0;"352550"
2015;"JOSE BONIFACIO";2;"Município";2;2;100;2;2;100;1;1;100;"352570"
2015;"JULIO MESQUITA";1;"Município";1;1;100;1;1;100;1;1;100;"352580"
2015;"JUNDIAI";70;"Município";70;65;92,86;19;19;100;11;11;100;"352590"
2015;"JUNQUEIROPOLIS";1;"Município";1;0;0;0;0;0;0;0;0;"352600"
2015;"JUQUIA";2;"Município";2;2;100;2;2;100;1;1;100;"352610"
2015;"JUQUITIBA";5;"Município";5;4;80;1;1;100;1;1;100;"352620"
2015;"LARANJAL PAULISTA";1;"Município";1;1;100;1;1;100;0;0;0;"352640"
2015;"LEME";8;"Município";8;7;87,5;3;3;100;1;1;100;"352670"
2015;"LENCOIS PAULISTA";2;"Município";2;2;100;2;2;100;0;0;0;"352680"
2015;"LIMEIRA";10;"Município";10;9;90;7;7;100;3;3;100;"352690"
2015;"LINDOIA";1;"Município";1;1;100;0;0;0;0;0;0;"352700"
2015;"LINS";16;"Município";16;15;93,75;9;9;100;4;4;100;"352710"
2015;"LORENA";1;"Município";1;1;100;0;0;0;0;0;0;"352720"
2015;"LOUVEIRA";4;"Município";4;4;100;3;3;100;2;2;100;"352730"
2015;"LUIS ANTONIO";2;"Município";2;2;100;2;2;100;1;1;100;"352760"
2015;"MACEDONIA";1;"Município";1;1;100;0;0;0;0;0;0;"352820"
2015;"MAIRINQUE";8;"Município";8;7;87,5;2;2;100;0;0;0;"352840"
2015;"MAIRIPORA";3;"Município";3;3;100;1;1;100;0;0;0;"352850"
2015;"MARACAI";2;"Município";2;2;100;1;1;100;0;0;0;"352880"
2015;"MARILIA";16;"Município";16;13;81,25;11;10;90,91;5;5;100;"352900"
2015;"MARTINOPOLIS";3;"Município";3;0;0;0;0;0;0;0;0;"352920"
2015;"MAUA";110;"Município";110;95;86,36;9;9;100;5;5;100;"352940"
2015;"MENDONCA";1;"Município";1;1;100;1;1;100;0;0;0;"352950"
2015;"MIGUELOPOLIS";1;"Município";1;1;100;1;1;100;1;1;100;"352970"
2015;"MINEIROS DO TIETE";1;"Município";1;1;100;0;0;0;0;0;0;"352980"
2015;"MIRACATU";1;"Município";1;0;0;0;0;0;0;0;0;"352990"
2015;"MIRASSOL";7;"Município";7;7;100;4;4;100;1;1;100;"353030"
2015;"MIRASSOLANDIA";2;"Município";2;2;100;0;0;0;0;0;0;"353040"
2015;"MOGI DAS CRUZES";79;"Município";79;71;89,87;3;3;100;1;1;100;"353060"
2015;"MOGI GUACU";7;"Município";7;4;57,14;2;2;100;0;0;0;"353070"
2015;"MOGI MIRIM";4;"Município";4;4;100;0;0;0;0;0;0;"353080"
2015;"MONGAGUA";5;"Município";5;5;100;3;3;100;2;2;100;"353110"
2015;"MONTE APRAZIVEL";4;"Município";4;4;100;4;4;100;0;0;0;"353140"
2015;"MONTE MOR";9;"Município";9;7;77,78;4;3;75;4;3;75;"353180"
2015;"MORRO AGUDO";2;"Município";2;1;50;1;0;0;0;0;0;"353190"
2015;"MURUTINGA DO SUL";1;"Município";1;1;100;0;0;0;0;0;0;"353210"
2015;"NAZARE PAULISTA";1;"Município";1;1;100;0;0;0;0;0;0;"353240"
2015;"NEVES PAULISTA";1;"Município";1;1;100;0;0;0;0;0;0;"353250"
2015;"NOVA ALIANCA";1;"Município";1;0;0;0;0;0;0;0;0;"353280"
2015;"NOVA GRANADA";3;"Município";3;3;100;3;3;100;0;0;0;"353300"
2015;"NOVA INDEPENDENCIA";1;"Município";1;1;100;0;0;0;0;0;0;"353320"
2015;"NOVA ODESSA";5;"Município";5;5;100;3;3;100;2;2;100;"353340"
2015;"NOVAIS";1;"Município";1;1;100;1;1;100;1;1;100;"353325"
2015;"OLIMPIA";1;"Município";1;1;100;1;1;100;1;1;100;"353390"
2015;"ONDA VERDE";1;"Município";1;1;100;0;0;0;0;0;0;"353400"
2015;"OSASCO";83;"Município";83;60;72,29;6;2;33,33;0;0;0;"353440"
2015;"OURINHOS";18;"Município";18;18;100;5;5;100;2;2;100;"353470"
2015;"OUROESTE";2;"Município";2;2;100;1;1;100;0;0;0;"353475"
2015;"PALMARES PAULISTA";1;"Município";1;1;100;1;1;100;0;0;0;"353510"
2015;"PALMITAL";1;"Município";1;1;100;0;0;0;0;0;0;"353530"
2015;"PARAGUACU PAULISTA";6;"Município";6;6;100;1;1;100;0;0;0;"353550"
2015;"PARANAPANEMA";2;"Município";2;2;100;2;2;100;0;0;0;"353580"
2015;"PARIQUERA ACU";5;"Município";5;5;100;1;1;100;2;2;100;"353620"
2015;"PAULINIA";9;"Município";9;7;77,78;5;5;100;4;4;100;"353650"
2015;"PEDRA BELA";1;"Município";1;1;100;0;0;0;0;0;0;"353680"
2015;"PEDREIRA";1;"Município";1;1;100;0;0;0;0;0;0;"353710"
2015;"PEDRO DE TOLEDO";3;"Município";3;3;100;1;1;100;0;0;0;"353720"
2015;"PENAPOLIS";1;"Município";1;1;100;1;1;100;0;0;0;"353730"
2015;"PEREIRA BARRETO";4;"Município";4;4;100;4;4;100;2;2;100;"353740"
2015;"PERUIBE";5;"Município";5;5;100;3;3;100;3;3;100;"353760"
2015;"PIEDADE";5;"Município";5;3;60;1;1;100;0;0;0;"353780"
2015;"PILAR DO SUL";1;"Município";1;1;100;1;1;100;1;1;100;"353790"
2015;"PINDAMONHANGABA";14;"Município";14;14;100;12;12;100;5;5;100;"353800"
2015;"PIQUETE";1;"Município";1;1;100;0;0;0;0;0;0;"353850"
2015;"PIRACAIA";1;"Município";1;1;100;0;0;0;1;1;100;"353860"
2015;"PIRACICABA";26;"Município";26;26;100;13;13;100;10;10;100;"353870"
2015;"PIRAJUI";1;"Município";1;1;100;0;0;0;0;0;0;"353890"
2015;"PIRAPOZINHO";3;"Município";3;2;66,67;2;2;100;0;0;0;"353920"
2015;"PIRASSUNUNGA";4;"Município";4;4;100;3;3;100;3;3;100;"353930"
2015;"PITANGUEIRAS";1;"Município";1;1;100;0;0;0;0;0;0;"353950"
2015;"PLATINA";3;"Município";3;3;100;0;0;0;0;0;0;"353970"
2015;"POA";2;"Município";2;2;100;0;0;0;0;0;0;"353980"
2015;"POLONI";1;"Município";1;1;100;0;0;0;0;0;0;"353990"
2015;"PONTAL";1;"Município";1;1;100;1;1;100;1;1;100;"354020"
2015;"PONTALINDA";4;"Município";4;4;100;1;1;100;0;0;0;"354025"
2015;"PONTES GESTAL";1;"Município";1;1;100;1;1;100;0;0;0;"354030"
2015;"PORTO FELIZ";4;"Município";4;3;75;1;1;100;0;0;0;"354060"
2015;"PORTO FERREIRA";4;"Município";4;4;100;1;1;100;0;0;0;"354070"
2015;"POTIRENDABA";3;"Município";3;3;100;3;3;100;0;0;0;"354080"
2015;"PRADOPOLIS";2;"Município";2;2;100;2;2;100;1;1;100;"354090"
2015;"PRAIA GRANDE";20;"Município";20;18;90;9;9;100;3;3;100;"354100"
2015;"PRATANIA";3;"Município";3;2;66,67;2;2;100;0;0;0;"354105"
2015;"PRESIDENTE ALVES";1;"Município";1;1;100;1;1;100;1;1;100;"354110"
2015;"PRESIDENTE EPITACIO";3;"Município";3;3;100;2;2;100;1;1;100;"354130"
2015;"PRESIDENTE PRUDENTE";10;"Município";10;7;70;5;5;100;2;2;100;"354140"
2015;"PRESIDENTE VENCESLAU";1;"Município";1;1;100;0;0;0;0;0;0;"354150"
2015;"PROMISSAO";3;"Município";3;3;100;1;1;100;1;1;100;"354160"
2015;"RANCHARIA";3;"Município";3;3;100;2;2;100;0;0;0;"354220"
2015;"REGENTE FEIJO";1;"Município";1;1;100;1;1;100;0;0;0;"354240"
2015;"REGISTRO";6;"Município";6;6;100;3;3;100;2;2;100;"354260"
2015;"RIBEIRAO BRANCO";3;"Município";3;2;66,67;0;0;0;0;0;0;"354300"
2015;"RIBEIRAO CORRENTE";1;"Município";1;1;100;1;1;100;1;1;100;"354310"
2015;"RIBEIRAO DO SUL";1;"Município";1;1;100;1;1;100;0;0;0;"354320"
2015;"RIBEIRAO PIRES";18;"Município";18;16;88,89;5;5;100;4;4;100;"354330"
2015;"RIBEIRAO PRETO";102;"Município";102;89;87,25;53;51;96,23;31;31;100;"354340"
2015;"RIO CLARO";11;"Município";11;11;100;5;5;100;3;3;100;"354390"
2015;"RIO DAS PEDRAS";2;"Município";2;1;50;0;0;0;0;0;0;"354400"
2015;"RIO GRANDE DA SERRA";4;"Município";4;4;100;1;1;100;0;0;0;"354410"
2015;"RIOLANDIA";1;"Município";1;1;100;1;1;100;1;1;100;"354420"
2015;"RIVERSUL";1;"Município";1;1;100;0;0;0;1;1;100;"354350"
2015;"ROSANA";1;"Município";1;1;100;1;1;100;1;1;100;"354425"
2015;"SALES";1;"Município";1;1;100;0;0;0;0;0;0;"354480"
2015;"SALES OLIVEIRA";1;"Município";1;1;100;0;0;0;0;0;0;"354490"
2015;"SALTINHO";1;"Município";1;1;100;0;0;0;0;0;0;"354515"
2015;"SALTO";3;"Município";3;3;100;1;1;100;0;0;0;"354520"
2015;"SALTO DE PIRAPORA";3;"Município";3;1;33,33;0;0;0;0;0;0;"354530"
2015;"SANTA BARBARA DOESTE";6;"Município";6;6;100;1;1;100;1;1;100;"354580"
2015;"SANTA CRUZ DO RIO PARDO";8;"Município";8;8;100;6;6;100;4;4;100;"354640"
2015;"SANTA FE DO SUL";2;"Município";2;2;100;2;2;100;0;0;0;"354660"
2015;"SANTA GERTRUDES";1;"Município";1;1;100;0;0;0;0;0;0;"354670"
2015;"SANTA ISABEL";2;"Município";2;2;100;0;0;0;0;0;0;"354680"
2015;"SANTA LUCIA";1;"Município";1;1;100;0;0;0;0;0;0;"354690"
2015;"SANTA RITA DO PASSA QUATRO";1;"Município";1;1;100;1;1;100;1;1;100;"354750"
2015;"SANTA ROSA DE VITERBO";2;"Município";2;2;100;0;0;0;0;0;0;"354760"
2015;"SANTANA DE PARNAIBA";15;"Município";15;12;80;0;0;0;0;0;0;"354730"
2015;"SANTO ANDRE";214;"Município";214;172;80,37;33;33;100;19;19;100;"354780"
2015;"SANTO ANTONIO DA ALEGRIA";2;"Município";2;1;50;0;0;0;0;0;0;"354790"
2015;"SANTOS";61;"Município";61;55;90,16;17;17;100;9;9;100;"354850"
2015;"SAO BENTO DO SAPUCAI";2;"Município";2;2;100;0;0;0;0;0;0;"354860"
2015;"SAO BERNARDO DO CAMPO";187;"Município";187;163;87,17;32;31;96,88;12;11;91,67;"354870"
2015;"SAO CAETANO DO SUL";3;"Município";3;3;100;2;2;100;0;0;0;"354880"
2015;"SAO CARLOS";14;"Município";14;14;100;9;9;100;4;4;100;"354890"
2015;"SAO JOAO DA BOA VISTA";7;"Município";7;7;100;2;2;100;1;1;100;"354910"
2015;"SAO JOAQUIM DA BARRA";1;"Município";1;1;100;1;1;100;0;0;0;"354940"
2015;"SAO JOSE DO RIO PARDO";1;"Município";1;1;100;1;1;100;1;1;100;"354970"
2015;"SAO JOSE DO RIO PRETO";84;"Município";84;76;90,48;29;28;96,55;13;13;100;"354980"
2015;"SAO JOSE DOS CAMPOS";95;"Município";95;88;92,63;35;34;97,14;18;18;100;"354990"
2015;"SAO LOURENCO DA SERRA";5;"Município";5;4;80;2;2;100;2;2;100;"354995"
2015;"SAO LUIZ DO PARAITINGA";1;"Município";1;0;0;1;0;0;0;0;0;"355000"
2015;"SAO MANUEL";8;"Município";8;7;87,5;6;6;100;1;1;100;"355010"
2015;"SAO MIGUEL ARCANJO";1;"Município";1;1;100;1;1;100;0;0;0;"355020"
2015;"SAO PAULO";509;"Município";509;331;65,03;82;66;80,49;46;42;91,3;"355030"
2015;"SAO PEDRO";1;"Município";1;1;100;1;1;100;1;1;100;"355040"
2015;"SAO PEDRO DO TURVO";1;"Município";1;0;0;0;0;0;0;0;0;"355050"
2015;"SAO ROQUE";1;"Município";1;1;100;1;1;100;1;1;100;"355060"
2015;"SAO SEBASTIAO";6;"Município";6;5;83,33;4;4;100;2;2;100;"355070"
2015;"SAO VICENTE";24;"Município";24;21;87,5;14;13;92,86;7;6;85,71;"355100"
2015;"SERRA AZUL";3;"Município";3;3;100;2;2;100;1;1;100;"355140"
2015;"SERRA NEGRA";1;"Município";1;0;0;0;0;0;0;0;0;"355160"
2015;"SERRANA";9;"Município";9;9;100;5;5;100;5;5;100;"355150"
2015;"SERTAOZINHO";17;"Município";17;17;100;7;7;100;4;4;100;"355170"
2015;"SETE BARRAS";1;"Município";1;0;0;1;0;0;0;0;0;"355180"
2015;"SEVERINIA";1;"Município";1;1;100;0;0;0;0;0;0;"355190"
2015;"SOCORRO";2;"Município";2;2;100;0;0;0;0;0;0;"355210"
2015;"SOROCABA";26;"Município";26;15;57,69;6;4;66,67;3;3;100;"355220"
2015;"SUMARE";42;"Município";42;40;95,24;22;21;95,45;13;12;92,31;"355240"
2015;"SUZANO";31;"Município";31;29;93,55;3;3;100;3;3;100;"355250"
2015;"TABATINGA";1;"Município";1;1;100;1;1;100;1;1;100;"355270"
2015;"TABOAO DA SERRA";13;"Município";13;12;92,31;1;1;100;1;1;100;"355280"
2015;"TACIBA";1;"Município";1;1;100;1;1;100;1;1;100;"355290"
2015;"TAMBAU";2;"Município";2;2;100;2;2;100;2;2;100;"355330"
2015;"TANABI";4;"Município";4;3;75;4;3;75;3;2;66,67;"355340"
2015;"TAQUARITINGA";2;"Município";2;2;100;2;2;100;1;1;100;"355370"
2015;"TAQUARITUBA";1;"Município";1;1;100;1;1;100;1;1;100;"355380"
2015;"TARUMA";1;"Município";1;1;100;0;0;0;0;0;0;"355395"
2015;"TATUI";2;"Município";2;1;50;0;0;0;0;0;0;"355400"
2015;"TAUBATE";17;"Município";17;13;76,47;9;9;100;7;7;100;"355410"
2015;"TREMEMBE";2;"Município";2;1;50;1;1;100;0;0;0;"355480"
2015;"TRES FRONTEIRAS";1;"Município";1;1;100;0;0;0;0;0;0;"355490"
2015;"TUPI PAULISTA";1;"Município";1;1;100;0;0;0;0;0;0;"355510"
2015;"UBARANA";6;"Município";6;6;100;3;3;100;1;1;100;"355535"
2015;"UBATUBA";10;"Município";10;7;70;1;1;100;0;0;0;"355540"
2015;"UCHOA";2;"Município";2;2;100;0;0;0;0;0;0;"355560"
2015;"URUPES";1;"Município";1;1;100;0;0;0;0;0;0;"355600"
2015;"VALINHOS";1;"Município";1;1;100;0;0;0;0;0;0;"355620"
2015;"VALPARAISO";2;"Município";2;2;100;0;0;0;0;0;0;"355630"
2015;"VARGEM GRANDE PAULISTA";13;"Município";13;13;100;2;2;100;1;1;100;"355645"
2015;"VARZEA PAULISTA";8;"Município";8;7;87,5;3;3;100;2;2;100;"355650"
2015;"VERA CRUZ";1;"Município";1;1;100;1;1;100;0;0;0;"355660"
2015;"VINHEDO";6;"Município";6;5;83,33;2;2;100;2;2;100;"355670"
2015;"VIRADOURO";1;"Município";1;1;100;0;0;0;0;0;0;"355680"
2015;"VISTA ALEGRE DO ALTO";2;"Município";2;2;100;2;2;100;2;2;100;"355690"
2015;"VITORIA BRASIL";1;"Município";1;1;100;0;0;0;0;0;0;"355695"
2015;"VOTORANTIM";8;"Município";8;5;62,5;1;1;100;1;1;100;"355700"
2015;"VOTUPORANGA";6;"Município";6;6;100;5;5;100;2;2;100;"355710"
2015;NA;19;"Município";19;14;73,68;7;6;85,71;4;3;75;NA
2016;"AGUAI";2;"Município";2;1;50;0;0;0;0;0;0;"350030"
2016;"AGUAS DE LINDOIA";2;"Município";2;1;50;2;1;50;2;1;50;"350050"
2016;"AGUDOS";1;"Município";1;1;100;1;1;100;1;1;100;"350070"
2016;"ALTINOPOLIS";1;"Município";1;0;0;0;0;0;0;0;0;"350100"
2016;"ALUMINIO";3;"Município";3;1;33,33;0;0;0;0;0;0;"350115"
2016;"ALVARES MACHADO";1;"Município";1;0;0;1;0;0;0;0;0;"350130"
2016;"ALVINLANDIA";1;"Município";1;0;0;0;0;0;0;0;0;"350150"
2016;"AMERICANA";29;"Município";29;26;89,66;9;8;88,89;5;4;80;"350160"
2016;"AMERICO BRASILIENSE";3;"Município";3;2;66,67;2;2;100;2;2;100;"350170"
2016;"AMPARO";4;"Município";4;2;50;0;0;0;0;0;0;"350190"
2016;"ANDRADINA";5;"Município";5;5;100;3;3;100;3;3;100;"350210"
2016;"ANGATUBA";2;"Município";2;1;50;0;0;0;0;0;0;"350220"
2016;"ANHEMBI";1;"Município";1;0;0;0;0;0;0;0;0;"350230"
2016;"APARECIDA";4;"Município";4;3;75;2;2;100;2;2;100;"350250"
2016;"APIAI";4;"Município";4;0;0;0;0;0;0;0;0;"350270"
2016;"ARACARIGUAMA";6;"Município";6;2;33,33;2;1;50;0;0;0;"350275"
2016;"ARACATUBA";2;"Município";2;2;100;1;1;100;1;1;100;"350280"
2016;"ARACOIABA DA SERRA";3;"Município";3;0;0;0;0;0;0;0;0;"350290"
2016;"ARARAQUARA";7;"Município";7;2;28,57;3;2;66,67;1;1;100;"350320"
2016;"ARARAS";3;"Município";3;2;66,67;2;1;50;1;1;100;"350330"
2016;"ARIRANHA";1;"Município";1;1;100;0;0;0;0;0;0;"350370"
2016;"ARUJA";4;"Município";4;4;100;0;0;0;0;0;0;"350390"
2016;"ASSIS";10;"Município";10;7;70;8;7;87,5;5;5;100;"350400"
2016;"ATIBAIA";12;"Município";12;9;75;8;8;100;7;7;100;"350410"
2016;"AVARE";1;"Município";1;0;0;0;0;0;0;0;0;"350450"
2016;"BADY BASSITT";8;"Município";8;8;100;3;3;100;0;0;0;"350460"
2016;"BANANAL";2;"Município";2;2;100;2;2;100;2;2;100;"350490"
2016;"BARRA BONITA";1;"Município";1;1;100;0;0;0;0;0;0;"350530"
2016;"BARRA DO TURVO";1;"Município";1;0;0;0;0;0;0;0;0;"350540"
2016;"BARRETOS";2;"Município";2;1;50;1;0;0;1;0;0;"350550"
2016;"BARRINHA";4;"Município";4;4;100;3;3;100;3;3;100;"350560"
2016;"BARUERI";51;"Município";51;29;56,86;2;2;100;1;1;100;"350570"
2016;"BASTOS";4;"Município";4;4;100;2;2;100;0;0;0;"350580"
2016;"BATATAIS";2;"Município";2;0;0;0;0;0;1;0;0;"350590"
2016;"BAURU";33;"Município";33;27;81,82;22;22;100;10;10;100;"350600"
2016;"BEBEDOURO";4;"Município";4;4;100;3;3;100;2;2;100;"350610"
2016;"BENTO DE ABREU";1;"Município";1;0;0;0;0;0;0;0;0;"350620"
2016;"BERTIOGA";14;"Município";14;12;85,71;7;7;100;6;6;100;"350635"
2016;"BIRIGUI";2;"Município";2;2;100;1;1;100;0;0;0;"350650"
2016;"BIRITIBA MIRIM";2;"Município";2;1;50;0;0;0;0;0;0;"350660"
2016;"BOCAINA";1;"Município";1;1;100;1;1;100;0;0;0;"350680"
2016;"BOFETE";3;"Município";3;3;100;2;2;100;1;1;100;"350690"
2016;"BOITUVA";6;"Município";6;4;66,67;1;1;100;1;1;100;"350700"
2016;"BOM JESUS DOS PERDOES";3;"Município";3;3;100;2;2;100;2;2;100;"350710"
2016;"BOREBI";1;"Município";1;1;100;1;1;100;1;1;100;"350745"
2016;"BOTUCATU";29;"Município";29;6;20,69;17;4;23,53;8;5;62,5;"350750"
2016;"BRAGANCA PAULISTA";14;"Município";14;10;71,43;7;6;85,71;3;3;100;"350760"
2016;"BRAUNA";1;"Município";1;1;100;0;0;0;0;0;0;"350770"
2016;"BREJO ALEGRE";1;"Município";1;1;100;1;1;100;0;0;0;"350775"
2016;"BRODOWSKI";5;"Município";5;3;60;1;1;100;1;1;100;"350780"
2016;"BROTAS";2;"Município";2;1;50;0;0;0;0;0;0;"350790"
2016;"BURI";1;"Município";1;1;100;0;0;0;0;0;0;"350800"
2016;"BURITAMA";1;"Município";1;1;100;1;1;100;1;1;100;"350810"
2016;"CABRALIA PAULISTA";1;"Município";1;1;100;1;1;100;1;1;100;"350830"
2016;"CABREUVA";6;"Município";6;3;50;1;1;100;1;1;100;"350840"
2016;"CACAPAVA";7;"Município";7;7;100;3;3;100;2;2;100;"350850"
2016;"CACONDE";1;"Município";1;1;100;0;0;0;0;0;0;"350870"
2016;"CAFELANDIA";1;"Município";1;0;0;0;0;0;0;0;0;"350880"
2016;"CAIEIRAS";1;"Município";1;1;100;1;1;100;0;0;0;"350900"
2016;"CAJAMAR";4;"Município";4;2;50;2;1;50;2;1;50;"350920"
2016;"CAJATI";13;"Município";13;9;69,23;7;4;57,14;4;3;75;"350925"
2016;"CAJOBI";1;"Município";1;1;100;0;0;0;0;0;0;"350930"
2016;"CAMPINAS";204;"Município";204;74;36,27;83;56;67,47;61;43;70,49;"350950"
2016;"CAMPO LIMPO PAULISTA";4;"Município";4;2;50;2;1;50;0;0;0;"350960"
2016;"CAMPOS DO JORDAO";8;"Município";8;5;62,5;3;3;100;2;2;100;"350970"
2016;"CAMPOS NOVOS PAULISTA";1;"Município";1;1;100;1;1;100;0;0;0;"350980"
2016;"CANDIDO MOTA";8;"Município";8;4;50;3;1;33,33;1;1;100;"351000"
2016;"CAPAO BONITO";2;"Município";2;2;100;1;1;100;1;1;100;"351020"
2016;"CAPELA DO ALTO";1;"Município";1;1;100;1;1;100;0;0;0;"351030"
2016;"CAPIVARI";1;"Município";1;0;0;0;0;0;0;0;0;"351040"
2016;"CARAGUATATUBA";14;"Município";14;6;42,86;6;5;83,33;1;1;100;"351050"
2016;"CARAPICUIBA";24;"Município";24;13;54,17;4;2;50;1;0;0;"351060"
2016;"CARDOSO";2;"Município";2;2;100;2;2;100;2;2;100;"351070"
2016;"CASA BRANCA";2;"Município";2;2;100;2;2;100;2;2;100;"351080"
2016;"CASSIA DOS COQUEIROS";1;"Município";1;1;100;1;1;100;0;0;0;"351090"
2016;"CASTILHO";3;"Município";3;2;66,67;2;2;100;1;1;100;"351100"
2016;"CATANDUVA";11;"Município";11;7;63,64;7;5;71,43;4;3;75;"351110"
2016;"CEDRAL";1;"Município";1;1;100;1;1;100;1;1;100;"351130"
2016;"CERQUEIRA CESAR";1;"Município";1;0;0;0;0;0;0;0;0;"351140"
2016;"CERQUILHO";2;"Município";2;0;0;0;0;0;0;0;0;"351150"
2016;"CHARQUEADA";2;"Município";2;2;100;1;1;100;0;0;0;"351170"
2016;"COLINA";2;"Município";2;2;100;0;0;0;1;1;100;"351200"
2016;"CONCHAL";9;"Município";9;3;33,33;2;1;50;1;0;0;"351220"
2016;"CONCHAS";3;"Município";3;2;66,67;0;0;0;0;0;0;"351230"
2016;"CORDEIROPOLIS";4;"Município";4;3;75;2;2;100;2;2;100;"351240"
2016;"COROADOS";1;"Município";1;1;100;0;0;0;0;0;0;"351250"
2016;"COSMOPOLIS";2;"Município";2;1;50;1;1;100;1;1;100;"351280"
2016;"COSMORAMA";3;"Município";3;3;100;3;3;100;3;3;100;"351290"
2016;"COTIA";35;"Município";35;15;42,86;8;4;50;6;2;33,33;"351300"
2016;"CRAVINHOS";4;"Município";4;3;75;4;3;75;1;1;100;"351310"
2016;"CRISTAIS PAULISTA";2;"Município";2;1;50;1;0;0;0;0;0;"351320"
2016;"CRUZEIRO";1;"Município";1;1;100;1;1;100;0;0;0;"351340"
2016;"CUBATAO";4;"Município";4;1;25;3;1;33,33;2;1;50;"351350"
2016;"DESCALVADO";2;"Município";2;1;50;2;1;50;0;0;0;"351370"
2016;"DIADEMA";79;"Município";79;44;55,7;9;4;44,44;6;3;50;"351380"
2016;"ECHAPORA";1;"Município";1;0;0;0;0;0;0;0;0;"351470"
2016;"ELDORADO";1;"Município";1;1;100;1;1;100;0;0;0;"351480"
2016;"EMBU DAS ARTES";46;"Município";46;24;52,17;13;7;53,85;5;3;60;"351500"
2016;"EMBU GUACU";3;"Município";3;3;100;1;1;100;0;0;0;"351510"
2016;"ENGENHEIRO COELHO";1;"Município";1;0;0;1;0;0;1;0;0;"351515"
2016;"ESPIRITO SANTO DO PINHAL";2;"Município";2;0;0;1;0;0;1;0;0;"351518"
2016;"FERNANDO PRESTES";1;"Município";1;0;0;0;0;0;0;0;0;"351560"
2016;"FERNANDOPOLIS";5;"Município";5;5;100;2;2;100;3;3;100;"351550"
2016;"FERRAZ DE VASCONCELOS";10;"Município";10;3;30;4;0;0;1;0;0;"351570"
2016;"FLORIDA PAULISTA";1;"Município";1;1;100;1;1;100;0;0;0;"351600"
2016;"FRANCA";9;"Município";9;5;55,56;4;2;50;3;2;66,67;"351620"
2016;"FRANCISCO MORATO";25;"Município";25;3;12;2;0;0;1;0;0;"351630"
2016;"FRANCO DA ROCHA";14;"Município";14;6;42,86;2;0;0;0;0;0;"351640"
2016;"GARCA";4;"Município";4;3;75;4;3;75;2;2;100;"351670"
2016;"GASTAO VIDIGAL";1;"Município";1;1;100;1;1;100;1;1;100;"351680"
2016;"GUAIMBE";1;"Município";1;0;0;1;0;0;0;0;0;"351730"
2016;"GUAIRA";2;"Município";2;2;100;0;0;0;0;0;0;"351740"
2016;"GUAPIARA";1;"Município";1;1;100;1;1;100;1;1;100;"351760"
2016;"GUARACAI";1;"Município";1;1;100;1;1;100;1;1;100;"351780"
2016;"GUARANI DOESTE";3;"Município";3;1;33,33;1;1;100;1;1;100;"351800"
2016;"GUARARAPES";2;"Município";2;2;100;2;2;100;0;0;0;"351820"
2016;"GUARAREMA";4;"Município";4;2;50;0;0;0;0;0;0;"351830"
2016;"GUARATINGUETA";12;"Município";12;12;100;10;10;100;6;6;100;"351840"
2016;"GUAREI";2;"Município";2;2;100;1;1;100;1;1;100;"351850"
2016;"GUARIBA";1;"Município";1;0;0;1;0;0;0;0;0;"351860"
2016;"GUARUJA";4;"Município";4;3;75;0;0;0;0;0;0;"351870"
2016;"GUARULHOS";123;"Município";123;62;50,41;19;12;63,16;5;5;100;"351880"
2016;"GUATAPARA";3;"Município";3;1;33,33;1;0;0;1;0;0;"351885"
2016;"HERCULANDIA";1;"Município";1;1;100;1;1;100;0;0;0;"351900"
2016;"HOLAMBRA";1;"Município";1;0;0;0;0;0;0;0;0;"351905"
2016;"HORTOLANDIA";56;"Município";56;38;67,86;22;18;81,82;19;16;84,21;"351907"
2016;"IBIRA";1;"Município";1;1;100;1;1;100;0;0;0;"351940"
2016;"IBITINGA";1;"Município";1;1;100;1;1;100;0;0;0;"351960"
2016;"IBIUNA";7;"Município";7;2;28,57;2;2;100;1;1;100;"351970"
2016;"ICEM";1;"Município";1;0;0;0;0;0;0;0;0;"351980"
2016;"IGARAPAVA";2;"Município";2;2;100;1;1;100;1;1;100;"352010"
2016;"IGUAPE";6;"Município";6;4;66,67;3;2;66,67;1;1;100;"352030"
2016;"ILHA COMPRIDA";2;"Município";2;2;100;2;2;100;2;2;100;"352042"
2016;"ILHA SOLTEIRA";2;"Município";2;2;100;2;2;100;1;1;100;"352044"
2016;"ILHABELA";2;"Município";2;2;100;2;2;100;0;0;0;"352040"
2016;"INDAIATUBA";16;"Município";16;10;62,5;10;7;70;5;3;60;"352050"
2016;"IPERO";2;"Município";2;1;50;1;1;100;0;0;0;"352100"
2016;"IPIGUA";1;"Município";1;0;0;0;0;0;0;0;0;"352115"
2016;"IPUA";1;"Município";1;0;0;1;0;0;1;0;0;"352130"
2016;"IRACEMAPOLIS";2;"Município";2;2;100;1;1;100;1;1;100;"352140"
2016;"ITABERA";3;"Município";3;3;100;2;2;100;2;2;100;"352170"
2016;"ITANHAEM";21;"Município";21;10;47,62;7;4;57,14;1;1;100;"352210"
2016;"ITAOCA";2;"Município";2;1;50;1;1;100;1;1;100;"352215"
2016;"ITAPECERICA DA SERRA";27;"Município";27;11;40,74;7;2;28,57;3;1;33,33;"352220"
2016;"ITAPETININGA";27;"Município";27;12;44,44;7;6;85,71;5;5;100;"352230"
2016;"ITAPEVA";17;"Município";17;7;41,18;4;3;75;1;1;100;"352240"
2016;"ITAPEVI";16;"Município";16;14;87,5;5;4;80;2;2;100;"352250"
2016;"ITAPIRA";4;"Município";4;3;75;1;0;0;0;0;0;"352260"
2016;"ITAPIRAPUA PAULISTA";2;"Município";2;2;100;0;0;0;2;2;100;"352265"
2016;"ITAPORANGA";5;"Município";5;4;80;4;4;100;1;1;100;"352280"
2016;"ITAQUAQUECETUBA";20;"Município";20;10;50;8;4;50;3;1;33,33;"352310"
2016;"ITARARE";4;"Município";4;2;50;1;1;100;1;1;100;"352320"
2016;"ITARIRI";2;"Município";2;2;100;1;1;100;1;1;100;"352330"
2016;"ITATIBA";17;"Município";17;5;29,41;4;3;75;3;2;66,67;"352340"
2016;"ITATINGA";5;"Município";5;2;40;4;2;50;1;1;100;"352350"
2016;"ITIRAPINA";1;"Município";1;1;100;1;1;100;0;0;0;"352360"
2016;"ITU";12;"Município";12;6;50;5;5;100;2;2;100;"352390"
2016;"ITUPEVA";6;"Município";6;4;66,67;4;3;75;4;3;75;"352400"
2016;"ITUVERAVA";1;"Município";1;0;0;0;0;0;0;0;0;"352410"
2016;"JABORANDI";1;"Município";1;1;100;0;0;0;0;0;0;"352420"
2016;"JABOTICABAL";2;"Município";2;2;100;2;2;100;0;0;0;"352430"
2016;"JACAREI";50;"Município";50;27;54;10;7;70;2;0;0;"352440"
2016;"JACUPIRANGA";1;"Município";1;0;0;0;0;0;1;0;0;"352460"
2016;"JAGUARIUNA";5;"Município";5;2;40;2;2;100;2;2;100;"352470"
2016;"JALES";2;"Município";2;1;50;0;0;0;0;0;0;"352480"
2016;"JANDIRA";2;"Município";2;2;100;0;0;0;0;0;0;"352500"
2016;"JARDINOPOLIS";8;"Município";8;5;62,5;3;2;66,67;2;2;100;"352510"
2016;"JARINU";4;"Município";4;3;75;1;1;100;0;0;0;"352520"
2016;"JAU";2;"Município";2;2;100;1;1;100;0;0;0;"352530"
2016;"JUNDIAI";68;"Município";68;29;42,65;16;13;81,25;7;7;100;"352590"
2016;"JUNQUEIROPOLIS";1;"Município";1;1;100;1;1;100;1;1;100;"352600"
2016;"JUQUITIBA";9;"Município";9;6;66,67;3;3;100;1;1;100;"352620"
2016;"LEME";4;"Município";4;0;0;2;0;0;1;0;0;"352670"
2016;"LENCOIS PAULISTA";2;"Município";2;1;50;1;1;100;0;0;0;"352680"
2016;"LIMEIRA";2;"Município";2;1;50;0;0;0;0;0;0;"352690"
2016;"LINDOIA";1;"Município";1;1;100;1;1;100;1;1;100;"352700"
2016;"LINS";5;"Município";5;4;80;3;3;100;2;2;100;"352710"
2016;"LORENA";1;"Município";1;1;100;1;1;100;0;0;0;"352720"
2016;"LOUVEIRA";1;"Município";1;0;0;1;0;0;0;0;0;"352730"
2016;"LUCIANOPOLIS";1;"Município";1;0;0;0;0;0;0;0;0;"352750"
2016;"LUIS ANTONIO";2;"Município";2;2;100;2;2;100;2;2;100;"352760"
2016;"MAIRINQUE";9;"Município";9;4;44,44;2;1;50;1;0;0;"352840"
2016;"MAIRIPORA";5;"Município";5;4;80;1;1;100;0;0;0;"352850"
2016;"MARABA PAULISTA";1;"Município";1;0;0;0;0;0;0;0;0;"352870"
2016;"MARACAI";2;"Município";2;1;50;0;0;0;0;0;0;"352880"
2016;"MARILIA";28;"Município";28;14;50;11;8;72,73;7;7;100;"352900"
2016;"MARTINOPOLIS";4;"Município";4;0;0;1;0;0;0;0;0;"352920"
2016;"MATAO";3;"Município";3;1;33,33;3;1;33,33;2;0;0;"352930"
2016;"MAUA";114;"Município";114;48;42,11;9;5;55,56;4;1;25;"352940"
2016;"MERIDIANO";1;"Município";1;1;100;0;0;0;0;0;0;"352960"
2016;"MIGUELOPOLIS";1;"Município";1;1;100;1;1;100;0;0;0;"352970"
2016;"MIRACATU";3;"Município";3;2;66,67;3;2;66,67;3;2;66,67;"352990"
2016;"MIRANDOPOLIS";2;"Município";2;2;100;1;1;100;1;1;100;"353010"
2016;"MIRANTE DO PARANAPANEMA";1;"Município";1;0;0;0;0;0;0;0;0;"353020"
2016;"MIRASSOL";6;"Município";6;3;50;4;3;75;2;2;100;"353030"
2016;"MOGI DAS CRUZES";70;"Município";70;37;52,86;8;7;87,5;5;5;100;"353060"
2016;"MOGI GUACU";12;"Município";12;1;8,33;3;1;33,33;2;0;0;"353070"
2016;"MOGI MIRIM";10;"Município";10;8;80;5;5;100;1;1;100;"353080"
2016;"MOMBUCA";1;"Município";1;1;100;0;0;0;0;0;0;"353090"
2016;"MONCOES";2;"Município";2;0;0;0;0;0;0;0;0;"353100"
2016;"MONGAGUA";2;"Município";2;2;100;2;2;100;2;2;100;"353110"
2016;"MONTE APRAZIVEL";2;"Município";2;1;50;1;0;0;0;0;0;"353140"
2016;"MONTE MOR";8;"Município";8;6;75;4;4;100;1;1;100;"353180"
2016;"MONTEIRO LOBATO";3;"Município";3;2;66,67;2;2;100;1;1;100;"353170"
2016;"MORRO AGUDO";5;"Município";5;3;60;1;1;100;1;1;100;"353190"
2016;"MORUNGABA";1;"Município";1;0;0;0;0;0;0;0;0;"353200"
2016;"NATIVIDADE DA SERRA";1;"Município";1;1;100;0;0;0;0;0;0;"353230"
2016;"NAZARE PAULISTA";3;"Município";3;1;33,33;0;0;0;0;0;0;"353240"
2016;"NHANDEARA";1;"Município";1;0;0;0;0;0;0;0;0;"353260"
2016;"NOVA ALIANCA";1;"Município";1;0;0;0;0;0;0;0;0;"353280"
2016;"NOVA CAMPINA";1;"Município";1;1;100;1;1;100;1;1;100;"353282"
2016;"NOVA EUROPA";1;"Município";1;0;0;0;0;0;0;0;0;"353290"
2016;"NOVA GRANADA";1;"Município";1;1;100;0;0;0;0;0;0;"353300"
2016;"NOVA LUZITANIA";1;"Município";1;0;0;0;0;0;0;0;0;"353330"
2016;"NOVA ODESSA";7;"Município";7;6;85,71;4;4;100;3;3;100;"353340"
2016;"OLIMPIA";1;"Município";1;1;100;1;1;100;0;0;0;"353390"
2016;"ORLANDIA";1;"Município";1;0;0;1;0;0;0;0;0;"353430"
2016;"OSASCO";82;"Município";82;17;20,73;15;3;20;2;1;50;"353440"
2016;"OSVALDO CRUZ";1;"Município";1;1;100;0;0;0;0;0;0;"353460"
2016;"OURINHOS";12;"Município";12;6;50;4;3;75;0;0;0;"353470"
2016;"PACAEMBU";1;"Município";1;1;100;1;1;100;0;0;0;"353490"
2016;"PALMITAL";1;"Município";1;1;100;1;1;100;0;0;0;"353530"
2016;"PANORAMA";1;"Município";1;1;100;0;0;0;0;0;0;"353540"
2016;"PARAGUACU PAULISTA";2;"Município";2;1;50;0;0;0;0;0;0;"353550"
2016;"PARIQUERA ACU";1;"Município";1;1;100;1;1;100;1;1;100;"353620"
2016;"PAULICEIA";2;"Município";2;2;100;2;2;100;0;0;0;"353640"
2016;"PAULINIA";24;"Município";24;9;37,5;11;4;36,36;7;3;42,86;"353650"
2016;"PEDREIRA";5;"Município";5;4;80;1;1;100;1;1;100;"353710"
2016;"PENAPOLIS";2;"Município";2;2;100;2;2;100;1;1;100;"353730"
2016;"PEREIRA BARRETO";1;"Município";1;0;0;0;0;0;0;0;0;"353740"
2016;"PEREIRAS";1;"Município";1;1;100;1;1;100;1;1;100;"353750"
2016;"PERUIBE";3;"Município";3;1;33,33;2;0;0;1;0;0;"353760"
2016;"PIEDADE";3;"Município";3;2;66,67;1;1;100;1;1;100;"353780"
2016;"PILAR DO SUL";1;"Município";1;1;100;0;0;0;0;0;0;"353790"
2016;"PINDAMONHANGABA";11;"Município";11;8;72,73;4;3;75;0;0;0;"353800"
2016;"PIRACAIA";1;"Município";1;1;100;0;0;0;0;0;0;"353860"
2016;"PIRACICABA";42;"Município";42;34;80,95;33;30;90,91;16;15;93,75;"353870"
2016;"PIRAJU";4;"Município";4;2;50;0;0;0;0;0;0;"353880"
2016;"PIRASSUNUNGA";3;"Município";3;0;0;1;0;0;0;0;0;"353930"
2016;"PIRATININGA";1;"Município";1;1;100;1;1;100;1;1;100;"353940"
2016;"PITANGUEIRAS";4;"Município";4;3;75;1;1;100;1;1;100;"353950"
2016;"PLATINA";1;"Município";1;0;0;1;0;0;0;0;0;"353970"
2016;"POA";6;"Município";6;1;16,67;1;1;100;1;1;100;"353980"
2016;"PONTAL";3;"Município";3;2;66,67;1;1;100;1;1;100;"354020"
2016;"POPULINA";1;"Município";1;1;100;0;0;0;0;0;0;"354040"
2016;"PORANGABA";1;"Município";1;1;100;0;0;0;0;0;0;"354050"
2016;"PORTO FERREIRA";4;"Município";4;3;75;3;2;66,67;3;2;66,67;"354070"
2016;"PRACINHA";1;"Município";1;0;0;1;0;0;0;0;0;"354085"
2016;"PRAIA GRANDE";27;"Município";27;18;66,67;12;10;83,33;6;5;83,33;"354100"
2016;"PRATANIA";1;"Município";1;1;100;1;1;100;1;1;100;"354105"
2016;"PRESIDENTE PRUDENTE";13;"Município";13;4;30,77;3;3;100;2;2;100;"354140"
2016;"PRESIDENTE VENCESLAU";1;"Município";1;1;100;1;1;100;1;1;100;"354150"
2016;"PROMISSAO";3;"Município";3;1;33,33;1;0;0;1;0;0;"354160"
2016;"QUATA";2;"Município";2;1;50;1;0;0;1;0;0;"354170"
2016;"QUELUZ";1;"Município";1;1;100;1;1;100;0;0;0;"354190"
2016;"QUINTANA";1;"Município";1;0;0;0;0;0;0;0;0;"354200"
2016;"RAFARD";1;"Município";1;1;100;0;0;0;0;0;0;"354210"
2016;"RANCHARIA";1;"Município";1;1;100;1;1;100;1;1;100;"354220"
2016;"REGENTE FEIJO";1;"Município";1;1;100;1;1;100;1;1;100;"354240"
2016;"REGISTRO";15;"Município";15;7;46,67;7;3;42,86;6;3;50;"354260"
2016;"RIBEIRAO BONITO";1;"Município";1;0;0;1;0;0;1;0;0;"354290"
2016;"RIBEIRAO BRANCO";5;"Município";5;3;60;1;1;100;1;1;100;"354300"
2016;"RIBEIRAO CORRENTE";1;"Município";1;0;0;0;0;0;0;0;0;"354310"
2016;"RIBEIRAO PIRES";20;"Município";20;13;65;8;5;62,5;4;2;50;"354330"
2016;"RIBEIRAO PRETO";101;"Município";101;61;60,4;48;36;75;28;20;71,43;"354340"
2016;"RIO CLARO";10;"Município";10;6;60;5;3;60;2;2;100;"354390"
2016;"RIO DAS PEDRAS";2;"Município";2;2;100;2;2;100;2;2;100;"354400"
2016;"RIO GRANDE DA SERRA";7;"Município";7;5;71,43;2;2;100;1;1;100;"354410"
2016;"ROSANA";1;"Município";1;1;100;1;1;100;0;0;0;"354425"
2016;"SABINO";1;"Município";1;1;100;1;1;100;0;0;0;"354460"
2016;"SALES OLIVEIRA";2;"Município";2;2;100;1;1;100;0;0;0;"354490"
2016;"SALTO";4;"Município";4;2;50;0;0;0;0;0;0;"354520"
2016;"SALTO DE PIRAPORA";3;"Município";3;1;33,33;0;0;0;0;0;0;"354530"
2016;"SANTA ADELIA";3;"Município";3;2;66,67;0;0;0;0;0;0;"354560"
2016;"SANTA ALBERTINA";2;"Município";2;1;50;1;1;100;2;1;50;"354570"
2016;"SANTA BARBARA DOESTE";4;"Município";4;3;75;0;0;0;0;0;0;"354580"
2016;"SANTA CRUZ DA CONCEICAO";1;"Município";1;0;0;1;0;0;0;0;0;"354620"
2016;"SANTA CRUZ DAS PALMEIRAS";5;"Município";5;2;40;3;2;66,67;3;2;66,67;"354630"
2016;"SANTA CRUZ DO RIO PARDO";8;"Município";8;6;75;4;3;75;1;1;100;"354640"
2016;"SANTA FE DO SUL";4;"Município";4;3;75;3;2;66,67;1;1;100;"354660"
2016;"SANTA GERTRUDES";1;"Município";1;1;100;1;1;100;0;0;0;"354670"
2016;"SANTA ISABEL";4;"Município";4;3;75;2;2;100;0;0;0;"354680"
2016;"SANTA RITA DO PASSA QUATRO";1;"Município";1;1;100;1;1;100;0;0;0;"354750"
2016;"SANTA ROSA DE VITERBO";3;"Município";3;2;66,67;2;1;50;2;1;50;"354760"
2016;"SANTANA DE PARNAIBA";7;"Município";7;1;14,29;3;0;0;0;0;0;"354730"
2016;"SANTO ANDRE";192;"Município";192;77;40,1;43;24;55,81;24;12;50;"354780"
2016;"SANTO ANTONIO DA ALEGRIA";2;"Município";2;2;100;1;1;100;0;0;0;"354790"
2016;"SANTO ANTONIO DO PINHAL";1;"Município";1;1;100;0;0;0;0;0;0;"354820"
2016;"SANTOS";41;"Município";41;17;41,46;11;10;90,91;4;4;100;"354850"
2016;"SAO BENTO DO SAPUCAI";4;"Município";4;3;75;3;2;66,67;1;1;100;"354860"
2016;"SAO BERNARDO DO CAMPO";196;"Município";196;118;60,2;38;32;84,21;19;17;89,47;"354870"
2016;"SAO CAETANO DO SUL";3;"Município";3;2;66,67;2;2;100;1;1;100;"354880"
2016;"SAO CARLOS";13;"Município";13;10;76,92;7;5;71,43;1;0;0;"354890"
2016;"SAO FRANCISCO";1;"Município";1;0;0;0;0;0;0;0;0;"354900"
2016;"SAO JOAO DA BOA VISTA";8;"Município";8;4;50;5;3;60;2;2;100;"354910"
2016;"SAO JOSE DO RIO PRETO";87;"Município";87;61;70,11;29;24;82,76;16;13;81,25;"354980"
2016;"SAO JOSE DOS CAMPOS";127;"Município";127;82;64,57;44;40;90,91;33;32;96,97;"354990"
2016;"SAO LOURENCO DA SERRA";3;"Município";3;2;66,67;0;0;0;0;0;0;"354995"
2016;"SAO LUIZ DO PARAITINGA";1;"Município";1;1;100;1;1;100;1;1;100;"355000"
2016;"SAO MANUEL";3;"Município";3;1;33,33;2;1;50;1;1;100;"355010"
2016;"SAO PAULO";878;"Município";878;397;45,22;182;103;56,59;92;59;64,13;"355030"
2016;"SAO PEDRO";4;"Município";4;3;75;4;3;75;2;2;100;"355040"
2016;"SAO ROQUE";16;"Município";16;11;68,75;6;3;50;1;1;100;"355060"
2016;"SAO SEBASTIAO";2;"Município";2;2;100;1;1;100;1;1;100;"355070"
2016;"SAO SIMAO";2;"Município";2;0;0;1;0;0;0;0;0;"355090"
2016;"SAO VICENTE";23;"Município";23;11;47,83;9;7;77,78;2;2;100;"355100"
2016;"SARAPUI";2;"Município";2;2;100;0;0;0;0;0;0;"355110"
2016;"SERRA AZUL";2;"Município";2;0;0;1;0;0;0;0;0;"355140"
2016;"SERRA NEGRA";1;"Município";1;0;0;0;0;0;0;0;0;"355160"
2016;"SERRANA";7;"Município";7;3;42,86;4;1;25;3;1;33,33;"355150"
2016;"SERTAOZINHO";21;"Município";21;10;47,62;6;4;66,67;4;2;50;"355170"
2016;"SETE BARRAS";3;"Município";3;1;33,33;2;1;50;1;1;100;"355180"
2016;"SOCORRO";2;"Município";2;2;100;1;1;100;1;1;100;"355210"
2016;"SOROCABA";45;"Município";45;13;28,89;10;8;80;5;4;80;"355220"
2016;"SUMARE";36;"Município";36;30;83,33;24;22;91,67;17;16;94,12;"355240"
2016;"SUZANO";41;"Município";41;26;63,41;2;1;50;2;1;50;"355250"
2016;"TABOAO DA SERRA";18;"Município";18;10;55,56;4;4;100;1;1;100;"355280"
2016;"TAIACU";2;"Município";2;1;50;2;1;50;0;0;0;"355310"
2016;"TAMBAU";5;"Município";5;3;60;3;3;100;2;2;100;"355330"
2016;"TAPIRAI";2;"Município";2;1;50;1;1;100;0;0;0;"355350"
2016;"TAQUARITINGA";1;"Município";1;1;100;0;0;0;0;0;0;"355370"
2016;"TARUMA";1;"Município";1;1;100;1;1;100;1;1;100;"355395"
2016;"TATUI";12;"Município";12;10;83,33;9;9;100;5;5;100;"355400"
2016;"TAUBATE";29;"Município";29;23;79,31;17;15;88,24;7;6;85,71;"355410"
2016;"TEODORO SAMPAIO";1;"Município";1;1;100;1;1;100;0;0;0;"355430"
2016;"TIETE";3;"Município";3;0;0;1;0;0;0;0;0;"355450"
2016;"TREMEMBE";2;"Município";2;0;0;0;0;0;1;0;0;"355480"
2016;"TUPA";1;"Município";1;1;100;0;0;0;0;0;0;"355500"
2016;"TUPI PAULISTA";1;"Município";1;1;100;1;1;100;0;0;0;"355510"
2016;"UBATUBA";14;"Município";14;3;21,43;3;1;33,33;2;2;100;"355540"
2016;"VALENTIM GENTIL";1;"Município";1;1;100;1;1;100;1;1;100;"355610"
2016;"VALINHOS";8;"Município";8;3;37,5;5;2;40;4;2;50;"355620"
2016;"VALPARAISO";4;"Município";4;2;50;0;0;0;0;0;0;"355630"
2016;"VARGEM GRANDE DO SUL";1;"Município";1;1;100;1;1;100;1;1;100;"355640"
2016;"VARGEM GRANDE PAULISTA";7;"Município";7;5;71,43;1;1;100;0;0;0;"355645"
2016;"VARZEA PAULISTA";14;"Município";14;6;42,86;5;5;100;2;2;100;"355650"
2016;"VERA CRUZ";1;"Município";1;1;100;1;1;100;0;0;0;"355660"
2016;"VINHEDO";6;"Município";6;5;83,33;1;1;100;1;1;100;"355670"
2016;"VIRADOURO";1;"Município";1;0;0;0;0;0;0;0;0;"355680"
2016;"VITORIA BRASIL";1;"Município";1;1;100;1;1;100;0;0;0;"355695"
2016;"VOTORANTIM";16;"Município";16;7;43,75;6;5;83,33;3;3;100;"355700"
2016;"VOTUPORANGA";11;"Município";11;9;81,82;8;7;87,5;5;4;80;"355710"
2016;NA;24;"Município";24;12;50;2;2;100;1;1;100;NA
2017;"ADAMANTINA";1;"Município";1;0;0;1;0;0;0;0;0;"350010"
2017;"AGUAI";4;"Município";4;3;75;1;1;100;1;1;100;"350030"
2017;"AGUAS DA PRATA";3;"Município";3;0;0;1;0;0;1;0;0;"350040"
2017;"AGUDOS";1;"Município";1;1;100;1;1;100;1;1;100;"350070"
2017;"ALTINOPOLIS";3;"Município";3;2;66,67;2;1;50;0;0;0;"350100"
2017;"ALVARES FLORENCE";1;"Município";1;1;100;1;1;100;1;1;100;"350120"
2017;"ALVARO DE CARVALHO";1;"Município";1;1;100;1;1;100;1;1;100;"350140"
2017;"AMERICANA";14;"Município";14;9;64,29;5;4;80;4;4;100;"350160"
2017;"AMERICO BRASILIENSE";1;"Município";1;0;0;0;0;0;0;0;0;"350170"
2017;"AMPARO";7;"Município";7;4;57,14;2;2;100;2;1;50;"350190"
2017;"ANDRADINA";3;"Município";3;3;100;2;2;100;1;1;100;"350210"
2017;"ANGATUBA";2;"Município";2;1;50;1;1;100;0;0;0;"350220"
2017;"APARECIDA";4;"Município";4;4;100;2;2;100;0;0;0;"350250"
2017;"APARECIDA DOESTE";1;"Município";1;1;100;1;1;100;0;0;0;"350260"
2017;"APIAI";2;"Município";2;1;50;0;0;0;0;0;0;"350270"
2017;"ARACARIGUAMA";7;"Município";7;5;71,43;2;2;100;1;1;100;"350275"
2017;"ARACATUBA";8;"Município";8;6;75;4;4;100;3;3;100;"350280"
2017;"ARACOIABA DA SERRA";3;"Município";3;2;66,67;2;2;100;0;0;0;"350290"
2017;"ARARAQUARA";27;"Município";27;16;59,26;16;11;68,75;12;7;58,33;"350320"
2017;"ARARAS";4;"Município";4;2;50;0;0;0;1;1;100;"350330"
2017;"AREIOPOLIS";2;"Município";2;1;50;2;1;50;1;1;100;"350360"
2017;"ARIRANHA";1;"Município";1;0;0;0;0;0;0;0;0;"350370"
2017;"ARTUR NOGUEIRA";8;"Município";8;3;37,5;7;3;42,86;5;3;60;"350380"
2017;"ARUJA";3;"Município";3;3;100;0;0;0;0;0;0;"350390"
2017;"ASPASIA";1;"Município";1;1;100;0;0;0;0;0;0;"350395"
2017;"ASSIS";10;"Município";10;5;50;5;5;100;3;3;100;"350400"
2017;"ATIBAIA";11;"Município";11;8;72,73;7;6;85,71;6;5;83,33;"350410"
2017;"AVARE";7;"Município";7;4;57,14;4;2;50;0;0;0;"350450"
2017;"BADY BASSITT";1;"Município";1;1;100;0;0;0;0;0;0;"350460"
2017;"BARRA BONITA";1;"Município";1;1;100;1;1;100;0;0;0;"350530"
2017;"BARRA DO TURVO";5;"Município";5;2;40;1;0;0;0;0;0;"350540"
2017;"BARRETOS";6;"Município";6;5;83,33;2;1;50;3;2;66,67;"350550"
2017;"BARRINHA";4;"Município";4;2;50;3;1;33,33;2;1;50;"350560"
2017;"BARUERI";76;"Município";76;43;56,58;5;3;60;0;0;0;"350570"
2017;"BASTOS";2;"Município";2;2;100;2;2;100;0;0;0;"350580"
2017;"BATATAIS";12;"Município";12;9;75;5;3;60;5;4;80;"350590"
2017;"BAURU";34;"Município";34;26;76,47;21;19;90,48;15;15;100;"350600"
2017;"BEBEDOURO";6;"Município";6;5;83,33;4;3;75;1;1;100;"350610"
2017;"BERNARDINO DE CAMPOS";2;"Município";2;1;50;2;1;50;1;0;0;"350630"
2017;"BERTIOGA";9;"Município";9;4;44,44;4;3;75;4;3;75;"350635"
2017;"BIRIGUI";7;"Município";7;5;71,43;2;1;50;0;0;0;"350650"
2017;"BIRITIBA MIRIM";3;"Município";3;1;33,33;0;0;0;1;0;0;"350660"
2017;"BOA ESPERANCA DO SUL";3;"Município";3;2;66,67;2;2;100;1;1;100;"350670"
2017;"BOITUVA";8;"Município";8;6;75;3;3;100;2;2;100;"350700"
2017;"BOM JESUS DOS PERDOES";9;"Município";9;8;88,89;5;5;100;3;3;100;"350710"
2017;"BOM SUCESSO DE ITARARE";1;"Município";1;1;100;1;1;100;0;0;0;"350715"
2017;"BORBOREMA";1;"Município";1;1;100;1;1;100;0;0;0;"350740"
2017;"BOTUCATU";31;"Município";31;14;45,16;23;11;47,83;9;9;100;"350750"
2017;"BRAGANCA PAULISTA";8;"Município";8;2;25;4;1;25;1;0;0;"350760"
2017;"BRODOWSKI";1;"Município";1;1;100;1;1;100;1;1;100;"350780"
2017;"BROTAS";3;"Município";3;3;100;1;1;100;1;1;100;"350790"
2017;"BURI";1;"Município";1;0;0;0;0;0;0;0;0;"350800"
2017;"BURITAMA";2;"Município";2;2;100;0;0;0;0;0;0;"350810"
2017;"CABREUVA";10;"Município";10;10;100;5;5;100;4;4;100;"350840"
2017;"CACAPAVA";3;"Município";3;1;33,33;1;1;100;0;0;0;"350850"
2017;"CACONDE";2;"Município";2;2;100;1;1;100;0;0;0;"350870"
2017;"CAIEIRAS";1;"Município";1;0;0;0;0;0;0;0;0;"350900"
2017;"CAJAMAR";6;"Município";6;2;33,33;1;0;0;0;0;0;"350920"
2017;"CAJATI";4;"Município";4;0;0;1;0;0;1;0;0;"350925"
2017;"CAJOBI";1;"Município";1;0;0;0;0;0;0;0;0;"350930"
2017;"CAJURU";1;"Município";1;1;100;1;1;100;1;1;100;"350940"
2017;"CAMPINAS";208;"Município";208;74;35,58;88;54;61,36;66;45;68,18;"350950"
2017;"CAMPO LIMPO PAULISTA";5;"Município";5;2;40;1;1;100;1;1;100;"350960"
2017;"CAMPOS DO JORDAO";11;"Município";11;8;72,73;3;3;100;2;2;100;"350970"
2017;"CANAS";1;"Município";1;1;100;1;1;100;1;1;100;"350995"
2017;"CANDIDO MOTA";2;"Município";2;2;100;1;1;100;1;1;100;"351000"
2017;"CAPAO BONITO";6;"Município";6;3;50;3;3;100;3;3;100;"351020"
2017;"CAPELA DO ALTO";3;"Município";3;3;100;2;2;100;0;0;0;"351030"
2017;"CAPIVARI";1;"Município";1;0;0;0;0;0;0;0;0;"351040"
2017;"CARAGUATATUBA";14;"Município";14;8;57,14;5;5;100;1;1;100;"351050"
2017;"CARAPICUIBA";23;"Município";23;12;52,17;6;3;50;4;3;75;"351060"
2017;"CASA BRANCA";4;"Município";4;1;25;2;1;50;1;1;100;"351080"
2017;"CASTILHO";2;"Município";2;2;100;2;2;100;2;2;100;"351100"
2017;"CATANDUVA";6;"Município";6;2;33,33;3;1;33,33;1;0;0;"351110"
2017;"CATIGUA";2;"Município";2;1;50;1;1;100;1;1;100;"351120"
2017;"CEDRAL";1;"Município";1;1;100;1;1;100;1;1;100;"351130"
2017;"CERQUEIRA CESAR";1;"Município";1;0;0;0;0;0;0;0;0;"351140"
2017;"CERQUILHO";3;"Município";3;2;66,67;2;2;100;1;1;100;"351150"
2017;"CESARIO LANGE";1;"Município";1;1;100;1;1;100;1;1;100;"351160"
2017;"CHARQUEADA";1;"Município";1;1;100;0;0;0;0;0;0;"351170"
2017;"CONCHAL";3;"Município";3;0;0;0;0;0;1;0;0;"351220"
2017;"CONCHAS";2;"Município";2;2;100;2;2;100;1;1;100;"351230"
2017;"CORDEIROPOLIS";1;"Município";1;0;0;0;0;0;0;0;0;"351240"
2017;"CORONEL MACEDO";1;"Município";1;0;0;0;0;0;0;0;0;"351260"
2017;"COSMOPOLIS";6;"Município";6;4;66,67;6;4;66,67;5;4;80;"351280"
2017;"COSMORAMA";1;"Município";1;0;0;1;0;0;1;0;0;"351290"
2017;"COTIA";42;"Município";42;28;66,67;9;7;77,78;6;5;83,33;"351300"
2017;"CRAVINHOS";1;"Município";1;0;0;1;0;0;1;0;0;"351310"
2017;"CRUZEIRO";3;"Município";3;2;66,67;1;1;100;0;0;0;"351340"
2017;"CUBATAO";4;"Município";4;0;0;3;0;0;2;0;0;"351350"
2017;"CUNHA";2;"Município";2;2;100;2;2;100;2;2;100;"351360"
2017;"DESCALVADO";2;"Município";2;2;100;2;2;100;2;2;100;"351370"
2017;"DIADEMA";52;"Município";52;31;59,62;13;8;61,54;4;3;75;"351380"
2017;"DOIS CORREGOS";5;"Município";5;4;80;3;3;100;1;1;100;"351410"
2017;"DOURADO";2;"Município";2;0;0;0;0;0;0;0;0;"351430"
2017;"DUARTINA";2;"Município";2;2;100;2;2;100;2;2;100;"351450"
2017;"DUMONT";2;"Município";2;0;0;1;0;0;1;0;0;"351460"
2017;"ELDORADO";1;"Município";1;0;0;0;0;0;0;0;0;"351480"
2017;"EMBU DAS ARTES";23;"Município";23;14;60,87;10;9;90;5;4;80;"351500"
2017;"EMBU GUACU";13;"Município";13;11;84,62;3;3;100;2;1;50;"351510"
2017;"ENGENHEIRO COELHO";1;"Município";1;0;0;1;0;0;1;0;0;"351515"
2017;"ESPIRITO SANTO DO PINHAL";2;"Município";2;2;100;0;0;0;0;0;0;"351518"
2017;"ESTIVA GERBI";3;"Município";3;2;66,67;3;2;66,67;1;1;100;"355730"
2017;"EUCLIDES DA CUNHA PAULISTA";1;"Município";1;1;100;1;1;100;0;0;0;"351535"
2017;"FARTURA";1;"Município";1;0;0;0;0;0;0;0;0;"351540"
2017;"FERNANDOPOLIS";2;"Município";2;2;100;2;2;100;1;1;100;"351550"
2017;"FERRAZ DE VASCONCELOS";15;"Município";15;8;53,33;6;4;66,67;2;1;50;"351570"
2017;"FLOREAL";2;"Município";2;1;50;1;1;100;1;1;100;"351590"
2017;"FRANCA";13;"Município";13;7;53,85;3;2;66,67;0;0;0;"351620"
2017;"FRANCISCO MORATO";21;"Município";21;17;80,95;1;1;100;0;0;0;"351630"
2017;"FRANCO DA ROCHA";9;"Município";9;1;11,11;2;1;50;1;0;0;"351640"
2017;"GALIA";2;"Município";2;2;100;0;0;0;0;0;0;"351660"
2017;"GARCA";4;"Município";4;4;100;2;2;100;1;1;100;"351670"
2017;"GASTAO VIDIGAL";1;"Município";1;1;100;0;0;0;0;0;0;"351680"
2017;"GUAICARA";2;"Município";2;2;100;2;2;100;1;1;100;"351720"
2017;"GUAIRA";2;"Município";2;1;50;0;0;0;0;0;0;"351740"
2017;"GUAPIACU";2;"Município";2;0;0;0;0;0;0;0;0;"351750"
2017;"GUAPIARA";2;"Município";2;0;0;0;0;0;0;0;0;"351760"
2017;"GUARACAI";1;"Município";1;0;0;0;0;0;1;0;0;"351780"
2017;"GUARARAPES";1;"Município";1;0;0;1;0;0;1;0;0;"351820"
2017;"GUARAREMA";2;"Município";2;2;100;0;0;0;0;0;0;"351830"
2017;"GUARATINGUETA";4;"Município";4;3;75;3;3;100;0;0;0;"351840"
2017;"GUARUJA";15;"Município";15;11;73,33;7;6;85,71;2;2;100;"351870"
2017;"GUARULHOS";150;"Município";150;76;50,67;25;20;80;11;9;81,82;"351880"
2017;"GUATAPARA";1;"Município";1;1;100;1;1;100;1;1;100;"351885"
2017;"HERCULANDIA";1;"Município";1;1;100;1;1;100;0;0;0;"351900"
2017;"HORTOLANDIA";42;"Município";42;30;71,43;11;8;72,73;6;4;66,67;"351907"
2017;"IARAS";2;"Município";2;0;0;0;0;0;1;0;0;"351925"
2017;"IBIRAREMA";3;"Município";3;1;33,33;0;0;0;0;0;0;"351950"
2017;"IBITINGA";3;"Município";3;1;33,33;1;1;100;0;0;0;"351960"
2017;"IBIUNA";3;"Município";3;2;66,67;0;0;0;0;0;0;"351970"
2017;"ICEM";2;"Município";2;1;50;1;1;100;0;0;0;"351980"
2017;"IGARACU DO TIETE";5;"Município";5;3;60;3;3;100;0;0;0;"352000"
2017;"IGARAPAVA";3;"Município";3;3;100;1;1;100;0;0;0;"352010"
2017;"IGUAPE";7;"Município";7;2;28,57;5;2;40;4;2;50;"352030"
2017;"ILHA COMPRIDA";8;"Município";8;4;50;4;3;75;1;1;100;"352042"
2017;"ILHA SOLTEIRA";5;"Município";5;2;40;4;1;25;1;1;100;"352044"
2017;"ILHABELA";6;"Município";6;5;83,33;4;4;100;2;2;100;"352040"
2017;"INDAIATUBA";7;"Município";7;5;71,43;3;2;66,67;3;2;66,67;"352050"
2017;"IPERO";1;"Município";1;1;100;1;1;100;1;1;100;"352100"
2017;"IPORANGA";3;"Município";3;2;66,67;2;1;50;0;0;0;"352120"
2017;"IRAPUA";1;"Município";1;0;0;0;0;0;0;0;0;"352150"
2017;"ITABERA";4;"Município";4;3;75;2;2;100;2;2;100;"352170"
2017;"ITAJOBI";2;"Município";2;2;100;1;1;100;0;0;0;"352190"
2017;"ITANHAEM";24;"Município";24;9;37,5;18;7;38,89;4;3;75;"352210"
2017;"ITAPECERICA DA SERRA";19;"Município";19;9;47,37;4;1;25;2;0;0;"352220"
2017;"ITAPETININGA";22;"Município";22;7;31,82;3;3;100;1;1;100;"352230"
2017;"ITAPEVA";19;"Município";19;5;26,32;9;5;55,56;7;3;42,86;"352240"
2017;"ITAPEVI";9;"Município";9;3;33,33;3;1;33,33;1;1;100;"352250"
2017;"ITAPIRA";3;"Município";3;3;100;1;1;100;1;1;100;"352260"
2017;"ITAPOLIS";2;"Município";2;2;100;2;2;100;2;2;100;"352270"
2017;"ITAPURA";1;"Município";1;0;0;0;0;0;0;0;0;"352300"
2017;"ITAQUAQUECETUBA";52;"Município";52;43;82,69;2;1;50;0;0;0;"352310"
2017;"ITARARE";10;"Município";10;8;80;7;6;85,71;5;4;80;"352320"
2017;"ITARIRI";2;"Município";2;2;100;0;0;0;0;0;0;"352330"
2017;"ITATIBA";19;"Município";19;6;31,58;4;1;25;3;1;33,33;"352340"
2017;"ITATINGA";3;"Município";3;3;100;2;2;100;0;0;0;"352350"
2017;"ITIRAPINA";3;"Município";3;2;66,67;1;1;100;0;0;0;"352360"
2017;"ITOBI";1;"Município";1;1;100;0;0;0;1;1;100;"352380"
2017;"ITU";17;"Município";17;9;52,94;3;2;66,67;0;0;0;"352390"
2017;"ITUPEVA";7;"Município";7;5;71,43;3;2;66,67;2;1;50;"352400"
2017;"ITUVERAVA";4;"Município";4;2;50;0;0;0;0;0;0;"352410"
2017;"JABOTICABAL";3;"Município";3;2;66,67;2;1;50;0;0;0;"352430"
2017;"JACAREI";46;"Município";46;24;52,17;13;10;76,92;3;3;100;"352440"
2017;"JACUPIRANGA";2;"Município";2;1;50;2;1;50;2;1;50;"352460"
2017;"JAGUARIUNA";8;"Município";8;6;75;5;4;80;4;3;75;"352470"
2017;"JALES";4;"Município";4;3;75;2;2;100;0;0;0;"352480"
2017;"JANDIRA";1;"Município";1;0;0;0;0;0;0;0;0;"352500"
2017;"JARDINOPOLIS";6;"Município";6;4;66,67;3;2;66,67;2;1;50;"352510"
2017;"JARINU";10;"Município";10;8;80;6;6;100;6;6;100;"352520"
2017;"JAU";6;"Município";6;5;83,33;6;5;83,33;1;1;100;"352530"
2017;"JOSE BONIFACIO";3;"Município";3;1;33,33;1;0;0;1;0;0;"352570"
2017;"JULIO MESQUITA";1;"Município";1;0;0;1;0;0;1;0;0;"352580"
2017;"JUNDIAI";94;"Município";94;42;44,68;24;21;87,5;19;18;94,74;"352590"
2017;"JUQUIA";2;"Município";2;1;50;1;0;0;0;0;0;"352610"
2017;"JUQUITIBA";14;"Município";14;12;85,71;1;1;100;0;0;0;"352620"
2017;"LARANJAL PAULISTA";1;"Município";1;1;100;0;0;0;0;0;0;"352640"
2017;"LEME";3;"Município";3;0;0;1;0;0;0;0;0;"352670"
2017;"LENCOIS PAULISTA";2;"Município";2;2;100;2;2;100;0;0;0;"352680"
2017;"LIMEIRA";14;"Município";14;11;78,57;7;6;85,71;3;3;100;"352690"
2017;"LINS";10;"Município";10;3;30;5;3;60;3;3;100;"352710"
2017;"LOUVEIRA";4;"Município";4;2;50;2;2;100;0;0;0;"352730"
2017;"LUCELIA";2;"Município";2;0;0;0;0;0;0;0;0;"352740"
2017;"LUIS ANTONIO";2;"Município";2;1;50;1;0;0;0;0;0;"352760"
2017;"MACATUBA";1;"Município";1;1;100;0;0;0;0;0;0;"352800"
2017;"MACAUBAL";3;"Município";3;3;100;3;3;100;3;3;100;"352810"
2017;"MAIRINQUE";5;"Município";5;3;60;3;2;66,67;3;2;66,67;"352840"
2017;"MAIRIPORA";2;"Município";2;2;100;1;1;100;1;1;100;"352850"
2017;"MARACAI";2;"Município";2;0;0;1;0;0;0;0;0;"352880"
2017;"MARAPOAMA";1;"Município";1;1;100;1;1;100;1;1;100;"352885"
2017;"MARILIA";41;"Município";41;27;65,85;20;14;70;14;10;71,43;"352900"
2017;"MARTINOPOLIS";1;"Município";1;0;0;1;0;0;0;0;0;"352920"
2017;"MATAO";3;"Município";3;1;33,33;2;1;50;0;0;0;"352930"
2017;"MAUA";187;"Município";187;105;56,15;18;13;72,22;9;6;66,67;"352940"
2017;"MERIDIANO";1;"Município";1;0;0;1;0;0;0;0;0;"352960"
2017;"MINEIROS DO TIETE";2;"Município";2;1;50;0;0;0;0;0;0;"352980"
2017;"MIRA ESTRELA";1;"Município";1;1;100;0;0;0;0;0;0;"353000"
2017;"MIRACATU";1;"Município";1;1;100;0;0;0;0;0;0;"352990"
2017;"MIRANTE DO PARANAPANEMA";4;"Município";4;4;100;0;0;0;0;0;0;"353020"
2017;"MIRASSOL";6;"Município";6;5;83,33;3;3;100;2;2;100;"353030"
2017;"MIRASSOLANDIA";1;"Município";1;1;100;1;1;100;0;0;0;"353040"
2017;"MOCOCA";2;"Município";2;2;100;1;1;100;0;0;0;"353050"
2017;"MOGI DAS CRUZES";159;"Município";159;87;54,72;53;43;81,13;24;20;83,33;"353060"
2017;"MOGI GUACU";8;"Município";8;7;87,5;6;5;83,33;6;5;83,33;"353070"
2017;"MOGI MIRIM";8;"Município";8;4;50;3;3;100;2;2;100;"353080"
2017;"MONGAGUA";4;"Município";4;1;25;2;1;50;0;0;0;"353110"
2017;"MONTE ALTO";2;"Município";2;0;0;0;0;0;0;0;0;"353130"
2017;"MONTE APRAZIVEL";2;"Município";2;1;50;0;0;0;0;0;0;"353140"
2017;"MONTE MOR";6;"Município";6;2;33,33;2;0;0;2;0;0;"353180"
2017;"MORRO AGUDO";2;"Município";2;2;100;1;1;100;0;0;0;"353190"
2017;"NAZARE PAULISTA";1;"Município";1;1;100;1;1;100;0;0;0;"353240"
2017;"NEVES PAULISTA";1;"Município";1;0;0;1;0;0;0;0;0;"353250"
2017;"NOVA ALIANCA";1;"Município";1;0;0;0;0;0;0;0;0;"353280"
2017;"NOVA GRANADA";2;"Município";2;1;50;0;0;0;0;0;0;"353300"
2017;"NOVA ODESSA";2;"Município";2;0;0;1;0;0;0;0;0;"353340"
2017;"NOVO HORIZONTE";1;"Município";1;1;100;0;0;0;0;0;0;"353350"
2017;"OCAUCU";3;"Município";3;3;100;2;2;100;2;2;100;"353370"
2017;"OLEO";1;"Município";1;1;100;0;0;0;0;0;0;"353380"
2017;"OLIMPIA";4;"Município";4;2;50;1;0;0;2;1;50;"353390"
2017;"ORINDIUVA";1;"Município";1;1;100;1;1;100;0;0;0;"353420"
2017;"ORLANDIA";1;"Município";1;1;100;1;1;100;1;1;100;"353430"
2017;"OSASCO";112;"Município";112;18;16,07;36;9;25;7;4;57,14;"353440"
2017;"OSVALDO CRUZ";1;"Município";1;1;100;0;0;0;0;0;0;"353460"
2017;"OURINHOS";13;"Município";13;6;46,15;8;4;50;3;2;66,67;"353470"
2017;"OUROESTE";1;"Município";1;1;100;0;0;0;0;0;0;"353475"
2017;"PALESTINA";2;"Município";2;1;50;0;0;0;0;0;0;"353500"
2017;"PALMEIRA DOESTE";1;"Município";1;0;0;0;0;0;0;0;0;"353520"
2017;"PANORAMA";1;"Município";1;1;100;0;0;0;0;0;0;"353540"
2017;"PARAGUACU PAULISTA";5;"Município";5;2;40;1;1;100;0;0;0;"353550"
2017;"PARAIBUNA";1;"Município";1;1;100;1;1;100;0;0;0;"353560"
2017;"PARAISO";1;"Município";1;1;100;0;0;0;0;0;0;"353570"
2017;"PARANAPANEMA";2;"Município";2;2;100;1;1;100;0;0;0;"353580"
2017;"PARAPUA";1;"Município";1;1;100;1;1;100;0;0;0;"353600"
2017;"PARDINHO";1;"Município";1;0;0;0;0;0;0;0;0;"353610"
2017;"PARIQUERA ACU";6;"Município";6;2;33,33;3;1;33,33;0;0;0;"353620"
2017;"PATROCINIO PAULISTA";2;"Município";2;1;50;2;1;50;1;0;0;"353630"
2017;"PAULINIA";22;"Município";22;6;27,27;7;2;28,57;7;3;42,86;"353650"
2017;"PAULO DE FARIA";1;"Município";1;1;100;1;1;100;1;1;100;"353660"
2017;"PEDREIRA";6;"Município";6;6;100;4;4;100;1;1;100;"353710"
2017;"PEDRO DE TOLEDO";2;"Município";2;1;50;1;0;0;1;0;0;"353720"
2017;"PENAPOLIS";2;"Município";2;2;100;1;1;100;1;1;100;"353730"
2017;"PEREIRA BARRETO";2;"Município";2;2;100;1;1;100;0;0;0;"353740"
2017;"PERUIBE";6;"Município";6;1;16,67;0;0;0;2;1;50;"353760"
2017;"PIEDADE";7;"Município";7;5;71,43;1;1;100;0;0;0;"353780"
2017;"PILAR DO SUL";5;"Município";5;2;40;1;1;100;0;0;0;"353790"
2017;"PINDAMONHANGABA";15;"Município";15;13;86,67;6;5;83,33;3;3;100;"353800"
2017;"PINDORAMA";1;"Município";1;1;100;1;1;100;1;1;100;"353810"
2017;"PIRACAIA";1;"Município";1;1;100;1;1;100;0;0;0;"353860"
2017;"PIRACICABA";35;"Município";35;26;74,29;21;19;90,48;10;10;100;"353870"
2017;"PIRAJUI";1;"Município";1;1;100;1;1;100;0;0;0;"353890"
2017;"PIRANGI";1;"Município";1;1;100;1;1;100;0;0;0;"353900"
2017;"PIRAPORA DO BOM JESUS";4;"Município";4;1;25;0;0;0;0;0;0;"353910"
2017;"PIRASSUNUNGA";5;"Município";5;3;60;3;3;100;1;1;100;"353930"
2017;"PITANGUEIRAS";6;"Município";6;4;66,67;5;3;60;2;1;50;"353950"
2017;"POA";9;"Município";9;7;77,78;1;1;100;0;0;0;"353980"
2017;"POLONI";1;"Município";1;1;100;1;1;100;1;1;100;"353990"
2017;"POMPEIA";2;"Município";2;0;0;1;0;0;1;0;0;"354000"
2017;"PONTAL";3;"Município";3;1;33,33;2;1;50;0;0;0;"354020"
2017;"PORANGABA";2;"Município";2;2;100;1;1;100;1;1;100;"354050"
2017;"PORTO FELIZ";2;"Município";2;1;50;0;0;0;0;0;0;"354060"
2017;"PORTO FERREIRA";5;"Município";5;5;100;3;3;100;2;2;100;"354070"
2017;"POTIM";3;"Município";3;3;100;3;3;100;3;3;100;"354075"
2017;"POTIRENDABA";2;"Município";2;2;100;0;0;0;0;0;0;"354080"
2017;"PRADOPOLIS";1;"Município";1;0;0;0;0;0;0;0;0;"354090"
2017;"PRAIA GRANDE";24;"Município";24;20;83,33;15;15;100;11;11;100;"354100"
2017;"PRATANIA";2;"Município";2;1;50;1;1;100;0;0;0;"354105"
2017;"PRESIDENTE BERNARDES";2;"Município";2;1;50;1;1;100;0;0;0;"354120"
2017;"PRESIDENTE EPITACIO";2;"Município";2;1;50;1;1;100;0;0;0;"354130"
2017;"PRESIDENTE PRUDENTE";17;"Município";17;3;17,65;2;2;100;2;2;100;"354140"
2017;"PROMISSAO";2;"Município";2;2;100;2;2;100;1;1;100;"354160"
2017;"QUATA";2;"Município";2;2;100;1;1;100;1;1;100;"354170"
2017;"QUINTANA";1;"Município";1;1;100;1;1;100;1;1;100;"354200"
2017;"RANCHARIA";1;"Município";1;1;100;1;1;100;0;0;0;"354220"
2017;"REDENCAO DA SERRA";1;"Município";1;1;100;1;1;100;1;1;100;"354230"
2017;"REGISTRO";2;"Município";2;0;0;0;0;0;0;0;0;"354260"
2017;"RIBEIRAO BRANCO";16;"Município";16;1;6,25;1;1;100;1;1;100;"354300"
2017;"RIBEIRAO PIRES";23;"Município";23;10;43,48;4;1;25;0;0;0;"354330"
2017;"RIBEIRAO PRETO";86;"Município";86;34;39,53;43;19;44,19;21;10;47,62;"354340"
2017;"RIFAINA";1;"Município";1;1;100;1;1;100;0;0;0;"354360"
2017;"RINOPOLIS";1;"Município";1;1;100;1;1;100;1;1;100;"354380"
2017;"RIO CLARO";10;"Município";10;10;100;3;3;100;0;0;0;"354390"
2017;"RIO DAS PEDRAS";1;"Município";1;1;100;1;1;100;0;0;0;"354400"
2017;"RIO GRANDE DA SERRA";5;"Município";5;3;60;1;1;100;0;0;0;"354410"
2017;"ROSANA";6;"Município";6;4;66,67;3;3;100;1;1;100;"354425"
2017;"SALESOPOLIS";2;"Município";2;0;0;0;0;0;0;0;0;"354500"
2017;"SALTO";15;"Município";15;8;53,33;9;5;55,56;2;2;100;"354520"
2017;"SALTO DE PIRAPORA";5;"Município";5;5;100;4;4;100;1;1;100;"354530"
2017;"SANTA BARBARA DOESTE";8;"Município";8;8;100;2;2;100;1;1;100;"354580"
2017;"SANTA BRANCA";2;"Município";2;2;100;0;0;0;0;0;0;"354600"
2017;"SANTA CRUZ DAS PALMEIRAS";2;"Município";2;1;50;1;1;100;0;0;0;"354630"
2017;"SANTA CRUZ DO RIO PARDO";6;"Município";6;5;83,33;2;2;100;1;1;100;"354640"
2017;"SANTA FE DO SUL";4;"Município";4;4;100;1;1;100;0;0;0;"354660"
2017;"SANTA GERTRUDES";2;"Município";2;2;100;1;1;100;0;0;0;"354670"
2017;"SANTA ISABEL";8;"Município";8;8;100;3;3;100;0;0;0;"354680"
2017;"SANTA LUCIA";1;"Município";1;1;100;1;1;100;1;1;100;"354690"
2017;"SANTA MARIA DA SERRA";1;"Município";1;1;100;1;1;100;1;1;100;"354700"
2017;"SANTA ROSA DE VITERBO";3;"Município";3;2;66,67;2;2;100;2;2;100;"354760"
2017;"SANTANA DA PONTE PENSA";1;"Município";1;1;100;0;0;0;0;0;0;"354720"
2017;"SANTANA DE PARNAIBA";48;"Município";48;22;45,83;3;2;66,67;1;0;0;"354730"
2017;"SANTO ANDRE";165;"Município";165;70;42,42;35;25;71,43;21;15;71,43;"354780"
2017;"SANTO ANTONIO DE POSSE";1;"Município";1;0;0;0;0;0;0;0;0;"354800"
2017;"SANTO ANTONIO DO PINHAL";1;"Município";1;0;0;0;0;0;0;0;0;"354820"
2017;"SANTOS";68;"Município";68;33;48,53;22;18;81,82;10;8;80;"354850"
2017;"SAO BENTO DO SAPUCAI";2;"Município";2;0;0;1;0;0;1;0;0;"354860"
2017;"SAO BERNARDO DO CAMPO";163;"Município";163;91;55,83;41;35;85,37;28;25;89,29;"354870"
2017;"SAO CAETANO DO SUL";17;"Município";17;7;41,18;3;2;66,67;2;1;50;"354880"
2017;"SAO CARLOS";21;"Município";21;16;76,19;14;11;78,57;7;5;71,43;"354890"
2017;"SAO JOAO DA BOA VISTA";14;"Município";14;2;14,29;6;1;16,67;3;1;33,33;"354910"
2017;"SAO JOAQUIM DA BARRA";1;"Município";1;1;100;0;0;0;0;0;0;"354940"
2017;"SAO JOSE DO RIO PARDO";6;"Município";6;6;100;3;3;100;1;1;100;"354970"
2017;"SAO JOSE DO RIO PRETO";85;"Município";85;50;58,82;35;28;80;20;19;95;"354980"
2017;"SAO JOSE DOS CAMPOS";133;"Município";133;79;59,4;27;21;77,78;16;14;87,5;"354990"
2017;"SAO LOURENCO DA SERRA";1;"Município";1;1;100;0;0;0;0;0;0;"354995"
2017;"SAO MANUEL";10;"Município";10;5;50;7;5;71,43;4;4;100;"355010"
2017;"SAO MIGUEL ARCANJO";4;"Município";4;2;50;3;1;33,33;0;0;0;"355020"
2017;"SAO PAULO";1232;"Município";1232;587;47,65;279;163;58,42;136;89;65,44;"355030"
2017;"SAO PEDRO";2;"Município";2;1;50;1;1;100;0;0;0;"355040"
2017;"SAO ROQUE";15;"Município";15;8;53,33;6;4;66,67;3;2;66,67;"355060"
2017;"SAO SEBASTIAO";23;"Município";23;13;56,52;6;4;66,67;3;2;66,67;"355070"
2017;"SAO SEBASTIAO DA GRAMA";2;"Município";2;0;0;0;0;0;0;0;0;"355080"
2017;"SAO SIMAO";1;"Município";1;0;0;1;0;0;0;0;0;"355090"
2017;"SAO VICENTE";20;"Município";20;14;70;15;11;73,33;10;9;90;"355100"
2017;"SEBASTIANOPOLIS DO SUL";1;"Município";1;1;100;0;0;0;0;0;0;"355130"
2017;"SERRA AZUL";3;"Município";3;2;66,67;0;0;0;0;0;0;"355140"
2017;"SERRANA";7;"Município";7;3;42,86;6;2;33,33;6;2;33,33;"355150"
2017;"SERTAOZINHO";30;"Município";30;14;46,67;8;4;50;9;5;55,56;"355170"
2017;"SOCORRO";2;"Município";2;1;50;1;1;100;0;0;0;"355210"
2017;"SOROCABA";80;"Município";80;40;50;31;23;74,19;18;13;72,22;"355220"
2017;"SUMARE";30;"Município";30;21;70;16;12;75;9;5;55,56;"355240"
2017;"SUZANO";40;"Município";40;20;50;8;4;50;3;3;100;"355250"
2017;"TABOAO DA SERRA";20;"Município";20;13;65;5;4;80;1;1;100;"355280"
2017;"TAGUAI";1;"Município";1;0;0;1;0;0;0;0;0;"355300"
2017;"TAMBAU";1;"Município";1;0;0;0;0;0;0;0;0;"355330"
2017;"TAQUARAL";1;"Município";1;1;100;1;1;100;1;1;100;"355365"
2017;"TARABAI";1;"Município";1;0;0;1;0;0;0;0;0;"355390"
2017;"TARUMA";2;"Município";2;2;100;2;2;100;2;2;100;"355395"
2017;"TATUI";8;"Município";8;3;37,5;4;3;75;4;3;75;"355400"
2017;"TAUBATE";44;"Município";44;32;72,73;23;21;91,3;11;11;100;"355410"
2017;"TIETE";4;"Município";4;3;75;2;2;100;1;1;100;"355450"
2017;"TREMEMBE";3;"Município";3;1;33,33;2;1;50;0;0;0;"355480"
2017;"TUPA";1;"Município";1;1;100;1;1;100;1;1;100;"355500"
2017;"UBARANA";3;"Município";3;0;0;1;0;0;1;0;0;"355535"
2017;"UBATUBA";18;"Município";18;7;38,89;6;5;83,33;3;3;100;"355540"
2017;"UBIRAJARA";1;"Município";1;1;100;1;1;100;1;1;100;"355550"
2017;"UNIAO PAULISTA";1;"Município";1;0;0;0;0;0;0;0;0;"355570"
2017;"URANIA";1;"Município";1;1;100;0;0;0;0;0;0;"355580"
2017;"VALINHOS";6;"Município";6;2;33,33;2;1;50;1;0;0;"355620"
2017;"VARGEM GRANDE DO SUL";4;"Município";4;3;75;3;3;100;2;2;100;"355640"
2017;"VARGEM GRANDE PAULISTA";6;"Município";6;3;50;1;1;100;0;0;0;"355645"
2017;"VARZEA PAULISTA";13;"Município";13;6;46,15;5;3;60;2;2;100;"355650"
2017;"VINHEDO";3;"Município";3;2;66,67;1;1;100;1;1;100;"355670"
2017;"VIRADOURO";2;"Município";2;1;50;1;1;100;1;1;100;"355680"
2017;"VOTORANTIM";8;"Município";8;3;37,5;0;0;0;0;0;0;"355700"
2017;"VOTUPORANGA";6;"Município";6;5;83,33;5;4;80;5;4;80;"355710"
2017;NA;30;"Município";30;11;36,67;11;5;45,45;5;4;80;NA
2018;"ADAMANTINA";2;"Município";2;2;100;1;1;100;1;1;100;"350010"
2018;"AGUAI";3;"Município";3;3;100;1;1;100;1;1;100;"350030"
2018;"AGUDOS";3;"Município";3;2;66,67;3;2;66,67;1;1;100;"350070"
2018;"ALAMBARI";1;"Município";1;1;100;0;0;0;0;0;0;"350075"
2018;"ALTINOPOLIS";1;"Município";1;0;0;0;0;0;0;0;0;"350100"
2018;"ALUMINIO";4;"Município";4;3;75;2;1;50;1;1;100;"350115"
2018;"ALVARES FLORENCE";1;"Município";1;1;100;1;1;100;1;1;100;"350120"
2018;"ALVARES MACHADO";1;"Município";1;1;100;1;1;100;1;1;100;"350130"
2018;"ALVINLANDIA";1;"Município";1;1;100;1;1;100;0;0;0;"350150"
2018;"AMERICANA";18;"Município";18;14;77,78;5;5;100;3;3;100;"350160"
2018;"AMERICO BRASILIENSE";2;"Município";2;2;100;0;0;0;0;0;0;"350170"
2018;"AMPARO";9;"Município";9;5;55,56;3;3;100;3;2;66,67;"350190"
2018;"ANDRADINA";3;"Município";3;3;100;2;2;100;2;2;100;"350210"
2018;"ANGATUBA";1;"Município";1;1;100;1;1;100;1;1;100;"350220"
2018;"APARECIDA";3;"Município";3;2;66,67;1;1;100;0;0;0;"350250"
2018;"APIAI";3;"Município";3;0;0;0;0;0;0;0;0;"350270"
2018;"ARACARIGUAMA";4;"Município";4;2;50;0;0;0;0;0;0;"350275"
2018;"ARACATUBA";10;"Município";10;8;80;5;5;100;2;2;100;"350280"
2018;"ARACOIABA DA SERRA";3;"Município";3;3;100;2;2;100;1;1;100;"350290"
2018;"ARARAQUARA";25;"Município";25;15;60;16;14;87,5;10;8;80;"350320"
2018;"ARARAS";7;"Município";7;5;71,43;2;2;100;2;2;100;"350330"
2018;"AREALVA";1;"Município";1;1;100;1;1;100;1;1;100;"350340"
2018;"ARIRANHA";1;"Município";1;1;100;1;1;100;1;1;100;"350370"
2018;"ARTUR NOGUEIRA";6;"Município";6;4;66,67;5;3;60;1;1;100;"350380"
2018;"ARUJA";3;"Município";3;2;66,67;1;1;100;1;1;100;"350390"
2018;"ASPASIA";1;"Município";1;1;100;0;0;0;0;0;0;"350395"
2018;"ASSIS";4;"Município";4;3;75;1;1;100;0;0;0;"350400"
2018;"ATIBAIA";23;"Município";23;17;73,91;14;12;85,71;9;8;88,89;"350410"
2018;"AURIFLAMA";1;"Município";1;1;100;1;1;100;1;1;100;"350420"
2018;"AVARE";6;"Município";6;4;66,67;3;2;66,67;1;1;100;"350450"
2018;"BADY BASSITT";3;"Município";3;2;66,67;2;2;100;2;2;100;"350460"
2018;"BANANAL";1;"Município";1;1;100;0;0;0;0;0;0;"350490"
2018;"BARIRI";1;"Município";1;0;0;0;0;0;0;0;0;"350520"
2018;"BARRA BONITA";1;"Município";1;0;0;1;0;0;0;0;0;"350530"
2018;"BARRA DO CHAPEU";2;"Município";2;0;0;0;0;0;0;0;0;"350535"
2018;"BARRA DO TURVO";4;"Município";4;0;0;1;0;0;0;0;0;"350540"
2018;"BARRETOS";7;"Município";7;4;57,14;2;2;100;2;2;100;"350550"
2018;"BARRINHA";4;"Município";4;4;100;1;1;100;1;1;100;"350560"
2018;"BARUERI";56;"Município";56;26;46,43;2;1;50;0;0;0;"350570"
2018;"BASTOS";1;"Município";1;1;100;1;1;100;0;0;0;"350580"
2018;"BATATAIS";5;"Município";5;5;100;3;3;100;3;3;100;"350590"
2018;"BAURU";42;"Município";42;27;64,29;26;22;84,62;18;15;83,33;"350600"
2018;"BEBEDOURO";4;"Município";4;3;75;2;2;100;1;1;100;"350610"
2018;"BENTO DE ABREU";1;"Município";1;0;0;0;0;0;0;0;0;"350620"
2018;"BERTIOGA";8;"Município";8;8;100;6;6;100;2;2;100;"350635"
2018;"BIRIGUI";7;"Município";7;3;42,86;1;1;100;1;1;100;"350650"
2018;"BIRITIBA MIRIM";8;"Município";8;5;62,5;1;1;100;1;1;100;"350660"
2018;"BOA ESPERANCA DO SUL";1;"Município";1;0;0;0;0;0;0;0;0;"350670"
2018;"BOFETE";1;"Município";1;1;100;1;1;100;0;0;0;"350690"
2018;"BOITUVA";5;"Município";5;2;40;0;0;0;0;0;0;"350700"
2018;"BOM JESUS DOS PERDOES";2;"Município";2;2;100;1;1;100;1;1;100;"350710"
2018;"BORBOREMA";1;"Município";1;1;100;0;0;0;0;0;0;"350740"
2018;"BOREBI";1;"Município";1;1;100;0;0;0;0;0;0;"350745"
2018;"BOTUCATU";54;"Município";54;20;37,04;30;18;60;13;12;92,31;"350750"
2018;"BRAGANCA PAULISTA";11;"Município";11;6;54,55;6;5;83,33;5;4;80;"350760"
2018;"BRODOWSKI";4;"Município";4;3;75;3;2;66,67;2;2;100;"350780"
2018;"BROTAS";4;"Município";4;3;75;0;0;0;0;0;0;"350790"
2018;"BURITAMA";2;"Município";2;1;50;1;1;100;0;0;0;"350810"
2018;"CABREUVA";2;"Município";2;0;0;1;0;0;0;0;0;"350840"
2018;"CACAPAVA";8;"Município";8;3;37,5;1;0;0;0;0;0;"350850"
2018;"CACHOEIRA PAULISTA";3;"Município";3;1;33,33;0;0;0;0;0;0;"350860"
2018;"CACONDE";1;"Município";1;1;100;1;1;100;1;1;100;"350870"
2018;"CAIEIRAS";5;"Município";5;1;20;1;0;0;0;0;0;"350900"
2018;"CAJAMAR";12;"Município";12;7;58,33;0;0;0;1;0;0;"350920"
2018;"CAJATI";7;"Município";7;7;100;4;4;100;3;3;100;"350925"
2018;"CAMPINAS";251;"Município";251;84;33,47;100;56;56;73;50;68,49;"350950"
2018;"CAMPO LIMPO PAULISTA";4;"Município";4;2;50;1;1;100;1;1;100;"350960"
2018;"CAMPOS DO JORDAO";5;"Município";5;3;60;2;2;100;2;1;50;"350970"
2018;"CANANEIA";4;"Município";4;0;0;4;0;0;2;0;0;"350990"
2018;"CANDIDO MOTA";1;"Município";1;0;0;0;0;0;0;0;0;"351000"
2018;"CANDIDO RODRIGUES";1;"Município";1;1;100;0;0;0;0;0;0;"351010"
2018;"CAPAO BONITO";2;"Município";2;2;100;2;2;100;2;2;100;"351020"
2018;"CAPELA DO ALTO";3;"Município";3;3;100;2;2;100;1;1;100;"351030"
2018;"CAPIVARI";1;"Município";1;0;0;0;0;0;0;0;0;"351040"
2018;"CARAGUATATUBA";23;"Município";23;14;60,87;6;5;83,33;2;2;100;"351050"
2018;"CARAPICUIBA";32;"Município";32;17;53,12;10;6;60;6;5;83,33;"351060"
2018;"CARDOSO";1;"Município";1;1;100;0;0;0;0;0;0;"351070"
2018;"CASA BRANCA";2;"Município";2;2;100;2;2;100;1;1;100;"351080"
2018;"CASTILHO";1;"Município";1;1;100;1;1;100;1;1;100;"351100"
2018;"CATANDUVA";7;"Município";7;7;100;5;5;100;1;1;100;"351110"
2018;"CEDRAL";1;"Município";1;0;0;0;0;0;0;0;0;"351130"
2018;"CERQUEIRA CESAR";2;"Município";2;0;0;1;0;0;1;0;0;"351140"
2018;"CERQUILHO";3;"Município";3;2;66,67;1;1;100;1;1;100;"351150"
2018;"CESARIO LANGE";2;"Município";2;1;50;1;1;100;0;0;0;"351160"
2018;"CHARQUEADA";1;"Município";1;1;100;1;1;100;0;0;0;"351170"
2018;"CONCHAL";2;"Município";2;1;50;0;0;0;0;0;0;"351220"
2018;"CONCHAS";2;"Município";2;1;50;1;0;0;0;0;0;"351230"
2018;"CORDEIROPOLIS";2;"Município";2;0;0;0;0;0;0;0;0;"351240"
2018;"COSMOPOLIS";1;"Município";1;1;100;0;0;0;0;0;0;"351280"
2018;"COSMORAMA";1;"Município";1;1;100;0;0;0;0;0;0;"351290"
2018;"COTIA";44;"Município";44;25;56,82;14;7;50;8;4;50;"351300"
2018;"CRAVINHOS";2;"Município";2;1;50;1;0;0;0;0;0;"351310"
2018;"CRUZEIRO";3;"Município";3;1;33,33;1;1;100;0;0;0;"351340"
2018;"CUBATAO";17;"Município";17;13;76,47;13;12;92,31;7;7;100;"351350"
2018;"CUNHA";2;"Município";2;1;50;2;1;50;0;0;0;"351360"
2018;"DESCALVADO";3;"Município";3;1;33,33;3;1;33,33;2;1;50;"351370"
2018;"DIADEMA";52;"Município";52;23;44,23;13;7;53,85;7;2;28,57;"351380"
2018;"DOIS CORREGOS";1;"Município";1;1;100;1;1;100;1;1;100;"351410"
2018;"DOLCINOPOLIS";1;"Município";1;0;0;0;0;0;0;0;0;"351420"
2018;"DRACENA";1;"Município";1;0;0;0;0;0;0;0;0;"351440"
2018;"DUARTINA";1;"Município";1;0;0;0;0;0;0;0;0;"351450"
2018;"DUMONT";3;"Município";3;0;0;2;0;0;2;0;0;"351460"
2018;"EMBU DAS ARTES";25;"Município";25;7;28;11;3;27,27;6;1;16,67;"351500"
2018;"EMBU GUACU";12;"Município";12;9;75;1;1;100;1;1;100;"351510"
2018;"ESPIRITO SANTO DO PINHAL";1;"Município";1;1;100;0;0;0;0;0;0;"351518"
2018;"ESTIVA GERBI";1;"Município";1;0;0;1;0;0;0;0;0;"355730"
2018;"ESTRELA DOESTE";1;"Município";1;1;100;0;0;0;0;0;0;"351520"
2018;"FARTURA";3;"Município";3;1;33,33;2;1;50;2;1;50;"351540"
2018;"FERNANDOPOLIS";4;"Município";4;3;75;2;2;100;1;1;100;"351550"
2018;"FERRAZ DE VASCONCELOS";23;"Município";23;12;52,17;9;4;44,44;4;4;100;"351570"
2018;"FRANCA";13;"Município";13;9;69,23;8;7;87,5;2;1;50;"351620"
2018;"FRANCISCO MORATO";31;"Município";31;21;67,74;5;4;80;1;1;100;"351630"
2018;"FRANCO DA ROCHA";12;"Município";12;7;58,33;2;0;0;1;0;0;"351640"
2018;"GARCA";4;"Município";4;2;50;3;1;33,33;0;0;0;"351670"
2018;"GETULINA";2;"Município";2;0;0;0;0;0;0;0;0;"351700"
2018;"GUAIRA";2;"Município";2;2;100;0;0;0;0;0;0;"351740"
2018;"GUAPIACU";3;"Município";3;2;66,67;1;0;0;1;0;0;"351750"
2018;"GUAPIARA";2;"Município";2;2;100;0;0;0;0;0;0;"351760"
2018;"GUARA";1;"Município";1;1;100;1;1;100;0;0;0;"351770"
2018;"GUARANTA";1;"Município";1;1;100;0;0;0;0;0;0;"351810"
2018;"GUARAREMA";3;"Município";3;1;33,33;0;0;0;0;0;0;"351830"
2018;"GUARATINGUETA";1;"Município";1;1;100;0;0;0;0;0;0;"351840"
2018;"GUAREI";1;"Município";1;0;0;0;0;0;0;0;0;"351850"
2018;"GUARIBA";7;"Município";7;7;100;5;5;100;2;2;100;"351860"
2018;"GUARUJA";13;"Município";13;5;38,46;3;3;100;3;2;66,67;"351870"
2018;"GUARULHOS";163;"Município";163;102;62,58;29;19;65,52;15;11;73,33;"351880"
2018;"HOLAMBRA";1;"Município";1;1;100;1;1;100;1;1;100;"351905"
2018;"HORTOLANDIA";61;"Município";61;36;59,02;18;13;72,22;14;10;71,43;"351907"
2018;"IBATE";2;"Município";2;2;100;2;2;100;1;1;100;"351930"
2018;"IBIRAREMA";1;"Município";1;1;100;0;0;0;0;0;0;"351950"
2018;"IBITINGA";5;"Município";5;4;80;1;1;100;1;1;100;"351960"
2018;"IBIUNA";2;"Município";2;0;0;1;0;0;0;0;0;"351970"
2018;"ICEM";1;"Município";1;1;100;0;0;0;0;0;0;"351980"
2018;"IGARACU DO TIETE";3;"Município";3;0;0;0;0;0;1;0;0;"352000"
2018;"IGARAPAVA";3;"Município";3;2;66,67;1;1;100;0;0;0;"352010"
2018;"IGARATA";1;"Município";1;1;100;0;0;0;0;0;0;"352020"
2018;"IGUAPE";1;"Município";1;0;0;0;0;0;0;0;0;"352030"
2018;"ILHA COMPRIDA";5;"Município";5;2;40;3;0;0;1;0;0;"352042"
2018;"ILHA SOLTEIRA";3;"Município";3;1;33,33;3;1;33,33;1;1;100;"352044"
2018;"ILHABELA";5;"Município";5;4;80;2;2;100;1;0;0;"352040"
2018;"INDAIATUBA";13;"Município";13;8;61,54;8;6;75;7;6;85,71;"352050"
2018;"IPERO";1;"Município";1;0;0;0;0;0;0;0;0;"352100"
2018;"IPEUNA";1;"Município";1;0;0;0;0;0;0;0;0;"352110"
2018;"IPUA";1;"Município";1;0;0;1;0;0;0;0;0;"352130"
2018;"IRACEMAPOLIS";1;"Município";1;1;100;0;0;0;0;0;0;"352140"
2018;"IRAPUA";1;"Município";1;1;100;0;0;0;0;0;0;"352150"
2018;"ITABERA";5;"Município";5;4;80;2;1;50;1;1;100;"352170"
2018;"ITAI";1;"Município";1;0;0;0;0;0;0;0;0;"352180"
2018;"ITAJOBI";4;"Município";4;4;100;4;4;100;1;1;100;"352190"
2018;"ITANHAEM";30;"Município";30;12;40;17;7;41,18;5;2;40;"352210"
2018;"ITAOCA";1;"Município";1;1;100;0;0;0;0;0;0;"352215"
2018;"ITAPECERICA DA SERRA";28;"Município";28;14;50;10;7;70;3;1;33,33;"352220"
2018;"ITAPETININGA";21;"Município";21;9;42,86;7;6;85,71;2;2;100;"352230"
2018;"ITAPEVA";11;"Município";11;5;45,45;6;4;66,67;5;2;40;"352240"
2018;"ITAPEVI";20;"Município";20;8;40;4;3;75;3;2;66,67;"352250"
2018;"ITAPIRA";3;"Município";3;3;100;1;1;100;0;0;0;"352260"
2018;"ITAPIRAPUA PAULISTA";1;"Município";1;0;0;0;0;0;0;0;0;"352265"
2018;"ITAPOLIS";1;"Município";1;1;100;0;0;0;0;0;0;"352270"
2018;"ITAPORANGA";2;"Município";2;1;50;1;1;100;0;0;0;"352280"
2018;"ITAPUI";1;"Município";1;1;100;0;0;0;0;0;0;"352290"
2018;"ITAPURA";1;"Município";1;1;100;0;0;0;0;0;0;"352300"
2018;"ITAQUAQUECETUBA";52;"Município";52;33;63,46;11;6;54,55;5;1;20;"352310"
2018;"ITARARE";6;"Município";6;5;83,33;1;1;100;1;1;100;"352320"
2018;"ITATIBA";14;"Município";14;4;28,57;4;1;25;0;0;0;"352340"
2018;"ITATINGA";7;"Município";7;3;42,86;4;3;75;1;1;100;"352350"
2018;"ITU";24;"Município";24;9;37,5;5;2;40;1;1;100;"352390"
2018;"ITUPEVA";9;"Município";9;8;88,89;6;5;83,33;3;3;100;"352400"
2018;"JABOTICABAL";3;"Município";3;1;33,33;2;1;50;1;0;0;"352430"
2018;"JACAREI";83;"Município";83;48;57,83;16;13;81,25;4;4;100;"352440"
2018;"JACI";2;"Município";2;1;50;0;0;0;0;0;0;"352450"
2018;"JACUPIRANGA";1;"Município";1;0;0;0;0;0;0;0;0;"352460"
2018;"JAGUARIUNA";4;"Município";4;3;75;1;1;100;1;1;100;"352470"
2018;"JALES";4;"Município";4;3;75;2;2;100;0;0;0;"352480"
2018;"JANDIRA";9;"Município";9;4;44,44;1;0;0;1;0;0;"352500"
2018;"JARDINOPOLIS";9;"Município";9;5;55,56;3;1;33,33;1;1;100;"352510"
2018;"JARINU";2;"Município";2;1;50;1;1;100;1;1;100;"352520"
2018;"JAU";3;"Município";3;2;66,67;1;1;100;0;0;0;"352530"
2018;"JERIQUARA";2;"Município";2;1;50;2;1;50;0;0;0;"352540"
2018;"JOSE BONIFACIO";3;"Município";3;2;66,67;1;1;100;1;1;100;"352570"
2018;"JULIO MESQUITA";1;"Município";1;1;100;1;1;100;0;0;0;"352580"
2018;"JUMIRIM";2;"Município";2;0;0;1;0;0;1;0;0;"352585"
2018;"JUNDIAI";94;"Município";94;42;44,68;24;22;91,67;17;17;100;"352590"
2018;"JUNQUEIROPOLIS";1;"Município";1;1;100;0;0;0;0;0;0;"352600"
2018;"JUQUIA";1;"Município";1;0;0;1;0;0;1;0;0;"352610"
2018;"JUQUITIBA";8;"Município";8;5;62,5;2;1;50;1;1;100;"352620"
2018;"LARANJAL PAULISTA";3;"Município";3;2;66,67;1;1;100;1;1;100;"352640"
2018;"LAVINIA";1;"Município";1;1;100;1;1;100;1;1;100;"352650"
2018;"LAVRINHAS";1;"Município";1;1;100;0;0;0;0;0;0;"352660"
2018;"LEME";7;"Município";7;2;28,57;2;1;50;0;0;0;"352670"
2018;"LIMEIRA";39;"Município";39;23;58,97;13;6;46,15;8;4;50;"352690"
2018;"LINS";3;"Município";3;2;66,67;1;1;100;0;0;0;"352710"
2018;"LORENA";2;"Município";2;2;100;1;1;100;1;1;100;"352720"
2018;"LOUVEIRA";4;"Município";4;2;50;1;1;100;1;1;100;"352730"
2018;"LUIS ANTONIO";1;"Município";1;1;100;1;1;100;0;0;0;"352760"
2018;"LUIZIANIA";1;"Município";1;1;100;0;0;0;0;0;0;"352770"
2018;"MACATUBA";1;"Município";1;1;100;1;1;100;0;0;0;"352800"
2018;"MACAUBAL";1;"Município";1;1;100;1;1;100;1;1;100;"352810"
2018;"MAIRINQUE";5;"Município";5;1;20;0;0;0;0;0;0;"352840"
2018;"MAIRIPORA";5;"Município";5;2;40;1;0;0;0;0;0;"352850"
2018;"MARACAI";1;"Município";1;1;100;1;1;100;1;1;100;"352880"
2018;"MARILIA";24;"Município";24;19;79,17;13;11;84,62;7;7;100;"352900"
2018;"MARTINOPOLIS";1;"Município";1;0;0;0;0;0;0;0;0;"352920"
2018;"MAUA";169;"Município";169;89;52,66;19;12;63,16;6;4;66,67;"352940"
2018;"MENDONCA";1;"Município";1;1;100;1;1;100;0;0;0;"352950"
2018;"MERIDIANO";1;"Município";1;1;100;1;1;100;0;0;0;"352960"
2018;"MINEIROS DO TIETE";1;"Município";1;1;100;0;0;0;0;0;0;"352980"
2018;"MIRACATU";4;"Município";4;2;50;3;1;33,33;3;1;33,33;"352990"
2018;"MIRANDOPOLIS";1;"Município";1;0;0;0;0;0;0;0;0;"353010"
2018;"MIRANTE DO PARANAPANEMA";1;"Município";1;1;100;0;0;0;0;0;0;"353020"
2018;"MIRASSOL";7;"Município";7;5;71,43;1;1;100;1;1;100;"353030"
2018;"MIRASSOLANDIA";1;"Município";1;0;0;0;0;0;0;0;0;"353040"
2018;"MOCOCA";6;"Município";6;3;50;2;2;100;3;2;66,67;"353050"
2018;"MOGI DAS CRUZES";137;"Município";137;77;56,2;24;22;91,67;11;9;81,82;"353060"
2018;"MOGI GUACU";5;"Município";5;3;60;2;1;50;0;0;0;"353070"
2018;"MOGI MIRIM";4;"Município";4;4;100;4;4;100;4;4;100;"353080"
2018;"MONGAGUA";14;"Município";14;11;78,57;10;8;80;4;3;75;"353110"
2018;"MONTE ALTO";1;"Município";1;1;100;0;0;0;0;0;0;"353130"
2018;"MONTE APRAZIVEL";4;"Município";4;2;50;2;1;50;1;0;0;"353140"
2018;"MONTE CASTELO";1;"Município";1;1;100;1;1;100;0;0;0;"353160"
2018;"MONTE MOR";10;"Município";10;8;80;6;5;83,33;5;4;80;"353180"
2018;"NATIVIDADE DA SERRA";1;"Município";1;1;100;1;1;100;0;0;0;"353230"
2018;"NAZARE PAULISTA";4;"Município";4;4;100;3;3;100;1;1;100;"353240"
2018;"NEVES PAULISTA";2;"Município";2;1;50;0;0;0;0;0;0;"353250"
2018;"NOVA ALIANCA";1;"Município";1;1;100;0;0;0;0;0;0;"353280"
2018;"NOVA EUROPA";2;"Município";2;0;0;1;0;0;0;0;0;"353290"
2018;"NOVA GRANADA";4;"Município";4;2;50;1;0;0;0;0;0;"353300"
2018;"NOVA ODESSA";2;"Município";2;2;100;1;1;100;1;1;100;"353340"
2018;"NOVAIS";1;"Município";1;0;0;0;0;0;0;0;0;"353325"
2018;"NOVO HORIZONTE";2;"Município";2;0;0;0;0;0;0;0;0;"353350"
2018;"OCAUCU";1;"Município";1;1;100;1;1;100;0;0;0;"353370"
2018;"OLIMPIA";2;"Município";2;2;100;2;2;100;1;1;100;"353390"
2018;"OSASCO";124;"Município";124;46;37,1;55;24;43,64;9;7;77,78;"353440"
2018;"OURINHOS";9;"Município";9;3;33,33;5;2;40;2;2;100;"353470"
2018;"OUROESTE";2;"Município";2;2;100;1;1;100;1;1;100;"353475"
2018;"PALMARES PAULISTA";1;"Município";1;1;100;1;1;100;1;1;100;"353510"
2018;"PALMITAL";2;"Município";2;1;50;0;0;0;0;0;0;"353530"
2018;"PANORAMA";1;"Município";1;1;100;1;1;100;0;0;0;"353540"
2018;"PARAGUACU PAULISTA";3;"Município";3;3;100;3;3;100;2;2;100;"353550"
2018;"PARANAPANEMA";1;"Município";1;1;100;0;0;0;0;0;0;"353580"
2018;"PARANAPUA";1;"Município";1;1;100;0;0;0;0;0;0;"353590"
2018;"PARDINHO";1;"Município";1;0;0;1;0;0;0;0;0;"353610"
2018;"PARIQUERA ACU";5;"Município";5;2;40;3;2;66,67;2;1;50;"353620"
2018;"PAULINIA";16;"Município";16;11;68,75;8;7;87,5;5;4;80;"353650"
2018;"PAULO DE FARIA";2;"Município";2;2;100;1;1;100;0;0;0;"353660"
2018;"PEDERNEIRAS";2;"Município";2;1;50;1;1;100;0;0;0;"353670"
2018;"PEDRANOPOLIS";1;"Município";1;1;100;1;1;100;0;0;0;"353690"
2018;"PEDREIRA";2;"Município";2;1;50;1;1;100;0;0;0;"353710"
2018;"PENAPOLIS";5;"Município";5;4;80;1;1;100;0;0;0;"353730"
2018;"PEREIRA BARRETO";2;"Município";2;1;50;0;0;0;0;0;0;"353740"
2018;"PERUIBE";6;"Município";6;0;0;0;0;0;0;0;0;"353760"
2018;"PIEDADE";2;"Município";2;2;100;1;1;100;0;0;0;"353780"
2018;"PILAR DO SUL";4;"Município";4;0;0;0;0;0;0;0;0;"353790"
2018;"PINDAMONHANGABA";8;"Município";8;7;87,5;6;6;100;2;2;100;"353800"
2018;"PINDORAMA";1;"Município";1;0;0;0;0;0;0;0;0;"353810"
2018;"PIRACAIA";3;"Município";3;1;33,33;1;1;100;0;0;0;"353860"
2018;"PIRACICABA";42;"Município";42;26;61,9;19;15;78,95;9;7;77,78;"353870"
2018;"PIRAJU";3;"Município";3;3;100;2;2;100;3;3;100;"353880"
2018;"PIRANGI";1;"Município";1;1;100;0;0;0;0;0;0;"353900"
2018;"PIRAPORA DO BOM JESUS";4;"Município";4;2;50;0;0;0;0;0;0;"353910"
2018;"PIRAPOZINHO";5;"Município";5;5;100;4;4;100;3;3;100;"353920"
2018;"PIRASSUNUNGA";4;"Município";4;3;75;2;2;100;1;1;100;"353930"
2018;"PIRATININGA";1;"Município";1;1;100;1;1;100;1;1;100;"353940"
2018;"PITANGUEIRAS";7;"Município";7;4;57,14;5;2;40;2;1;50;"353950"
2018;"POA";12;"Município";12;10;83,33;5;4;80;2;1;50;"353980"
2018;"POLONI";1;"Município";1;0;0;0;0;0;0;0;0;"353990"
2018;"POMPEIA";1;"Município";1;1;100;0;0;0;0;0;0;"354000"
2018;"PONTAL";10;"Município";10;3;30;6;2;33,33;2;1;50;"354020"
2018;"PONTES GESTAL";2;"Município";2;0;0;0;0;0;0;0;0;"354030"
2018;"POPULINA";1;"Município";1;1;100;1;1;100;0;0;0;"354040"
2018;"PORANGABA";1;"Município";1;0;0;0;0;0;0;0;0;"354050"
2018;"PORTO FELIZ";2;"Município";2;2;100;1;1;100;1;1;100;"354060"
2018;"PORTO FERREIRA";8;"Município";8;6;75;3;2;66,67;0;0;0;"354070"
2018;"POTIRENDABA";3;"Município";3;3;100;1;1;100;1;1;100;"354080"
2018;"PRADOPOLIS";5;"Município";5;2;40;5;2;40;4;1;25;"354090"
2018;"PRAIA GRANDE";34;"Município";34;19;55,88;15;11;73,33;9;8;88,89;"354100"
2018;"PRATANIA";2;"Município";2;1;50;1;1;100;1;1;100;"354105"
2018;"PRESIDENTE BERNARDES";3;"Município";3;1;33,33;1;1;100;0;0;0;"354120"
2018;"PRESIDENTE EPITACIO";7;"Município";7;5;71,43;3;3;100;1;0;0;"354130"
2018;"PRESIDENTE PRUDENTE";19;"Município";19;7;36,84;12;7;58,33;6;3;50;"354140"
2018;"PRESIDENTE VENCESLAU";1;"Município";1;1;100;1;1;100;0;0;0;"354150"
2018;"QUATA";2;"Município";2;1;50;1;0;0;1;0;0;"354170"
2018;"RAFARD";1;"Município";1;0;0;0;0;0;0;0;0;"354210"
2018;"REGENTE FEIJO";1;"Município";1;0;0;0;0;0;0;0;0;"354240"
2018;"REGINOPOLIS";1;"Município";1;1;100;1;1;100;1;1;100;"354250"
2018;"REGISTRO";6;"Município";6;3;50;1;1;100;1;1;100;"354260"
2018;"RIBEIRAO BRANCO";5;"Município";5;2;40;1;1;100;1;1;100;"354300"
2018;"RIBEIRAO DO SUL";2;"Município";2;2;100;2;2;100;1;1;100;"354320"
2018;"RIBEIRAO GRANDE";1;"Município";1;0;0;0;0;0;0;0;0;"354325"
2018;"RIBEIRAO PIRES";19;"Município";19;10;52,63;3;1;33,33;0;0;0;"354330"
2018;"RIBEIRAO PRETO";86;"Município";86;36;41,86;54;27;50;20;8;40;"354340"
2018;"RINCAO";1;"Município";1;1;100;1;1;100;0;0;0;"354370"
2018;"RIO CLARO";9;"Município";9;9;100;5;5;100;1;1;100;"354390"
2018;"RIO DAS PEDRAS";1;"Município";1;1;100;0;0;0;0;0;0;"354400"
2018;"RIO GRANDE DA SERRA";4;"Município";4;4;100;0;0;0;0;0;0;"354410"
2018;"RIVERSUL";1;"Município";1;0;0;0;0;0;0;0;0;"354350"
2018;"ROSANA";2;"Município";2;2;100;1;1;100;1;1;100;"354425"
2018;"SALES";1;"Município";1;0;0;0;0;0;0;0;0;"354480"
2018;"SALESOPOLIS";1;"Município";1;1;100;1;1;100;0;0;0;"354500"
2018;"SALTINHO";1;"Município";1;0;0;0;0;0;0;0;0;"354515"
2018;"SALTO";18;"Município";18;11;61,11;6;5;83,33;2;2;100;"354520"
2018;"SALTO DE PIRAPORA";2;"Município";2;2;100;0;0;0;0;0;0;"354530"
2018;"SANTA BARBARA DOESTE";6;"Município";6;5;83,33;3;3;100;0;0;0;"354580"
2018;"SANTA BRANCA";4;"Município";4;3;75;0;0;0;0;0;0;"354600"
2018;"SANTA CRUZ DA ESPERANCA";1;"Município";1;0;0;1;0;0;1;0;0;"354625"
2018;"SANTA CRUZ DAS PALMEIRAS";1;"Município";1;1;100;1;1;100;1;1;100;"354630"
2018;"SANTA CRUZ DO RIO PARDO";7;"Município";7;5;71,43;1;1;100;0;0;0;"354640"
2018;"SANTA FE DO SUL";2;"Município";2;2;100;0;0;0;0;0;0;"354660"
2018;"SANTA GERTRUDES";3;"Município";3;2;66,67;1;0;0;1;0;0;"354670"
2018;"SANTA ISABEL";3;"Município";3;3;100;0;0;0;0;0;0;"354680"
2018;"SANTA MARIA DA SERRA";4;"Município";4;0;0;0;0;0;0;0;0;"354700"
2018;"SANTA ROSA DE VITERBO";2;"Município";2;1;50;1;1;100;1;1;100;"354760"
2018;"SANTANA DA PONTE PENSA";1;"Município";1;1;100;0;0;0;0;0;0;"354720"
2018;"SANTANA DE PARNAIBA";26;"Município";26;11;42,31;3;2;66,67;0;0;0;"354730"
2018;"SANTO ANASTACIO";1;"Município";1;0;0;0;0;0;0;0;0;"354770"
2018;"SANTO ANDRE";229;"Município";229;115;50,22;41;29;70,73;20;16;80;"354780"
2018;"SANTO ANTONIO DE POSSE";2;"Município";2;2;100;0;0;0;0;0;0;"354800"
2018;"SANTO ANTONIO DO ARACANGUA";1;"Município";1;0;0;0;0;0;0;0;0;"354805"
2018;"SANTO ANTONIO DO JARDIM";2;"Município";2;2;100;2;2;100;2;2;100;"354810"
2018;"SANTO ANTONIO DO PINHAL";1;"Município";1;0;0;0;0;0;0;0;0;"354820"
2018;"SANTOPOLIS DO AGUAPEI";1;"Município";1;1;100;0;0;0;0;0;0;"354840"
2018;"SANTOS";90;"Município";90;50;55,56;31;21;67,74;19;17;89,47;"354850"
2018;"SAO BENTO DO SAPUCAI";1;"Município";1;1;100;0;0;0;0;0;0;"354860"
2018;"SAO BERNARDO DO CAMPO";205;"Município";205;76;37,07;23;19;82,61;15;13;86,67;"354870"
2018;"SAO CAETANO DO SUL";6;"Município";6;2;33,33;2;2;100;2;2;100;"354880"
2018;"SAO CARLOS";22;"Município";22;18;81,82;15;13;86,67;7;6;85,71;"354890"
2018;"SAO JOAO DA BOA VISTA";8;"Município";8;0;0;3;0;0;3;0;0;"354910"
2018;"SAO JOSE DO BARREIRO";1;"Município";1;1;100;0;0;0;0;0;0;"354960"
2018;"SAO JOSE DO RIO PARDO";2;"Município";2;2;100;2;2;100;1;1;100;"354970"
2018;"SAO JOSE DO RIO PRETO";124;"Município";124;77;62,1;38;32;84,21;25;23;92;"354980"
2018;"SAO JOSE DOS CAMPOS";144;"Município";144;104;72,22;45;40;88,89;30;26;86,67;"354990"
2018;"SAO LOURENCO DA SERRA";7;"Município";7;5;71,43;2;1;50;1;0;0;"354995"
2018;"SAO LUIZ DO PARAITINGA";1;"Município";1;0;0;0;0;0;0;0;0;"355000"
2018;"SAO MANUEL";4;"Município";4;2;50;3;2;66,67;1;1;100;"355010"
2018;"SAO MIGUEL ARCANJO";4;"Município";4;1;25;0;0;0;0;0;0;"355020"
2018;"SAO PAULO";1701;"Município";1701;783;46,03;379;217;57,26;196;111;56,63;"355030"
2018;"SAO PEDRO";7;"Município";7;4;57,14;6;4;66,67;0;0;0;"355040"
2018;"SAO PEDRO DO TURVO";1;"Município";1;1;100;1;1;100;0;0;0;"355050"
2018;"SAO ROQUE";2;"Município";2;2;100;1;1;100;0;0;0;"355060"
2018;"SAO SEBASTIAO";14;"Município";14;8;57,14;4;3;75;3;3;100;"355070"
2018;"SAO SEBASTIAO DA GRAMA";1;"Município";1;1;100;1;1;100;0;0;0;"355080"
2018;"SAO SIMAO";2;"Município";2;1;50;0;0;0;0;0;0;"355090"
2018;"SAO VICENTE";21;"Município";21;12;57,14;14;9;64,29;9;5;55,56;"355100"
2018;"SARAPUI";2;"Município";2;0;0;0;0;0;0;0;0;"355110"
2018;"SERRA AZUL";1;"Município";1;0;0;1;0;0;0;0;0;"355140"
2018;"SERRA NEGRA";4;"Município";4;0;0;0;0;0;0;0;0;"355160"
2018;"SERRANA";7;"Município";7;0;0;5;0;0;3;0;0;"355150"
2018;"SERTAOZINHO";16;"Município";16;7;43,75;5;1;20;2;1;50;"355170"
2018;"SILVEIRAS";2;"Município";2;0;0;0;0;0;0;0;0;"355200"
2018;"SOCORRO";2;"Município";2;1;50;0;0;0;0;0;0;"355210"
2018;"SOROCABA";63;"Município";63;41;65,08;15;12;80;7;7;100;"355220"
2018;"SUMARE";17;"Município";17;14;82,35;12;10;83,33;10;9;90;"355240"
2018;"SUZANO";17;"Município";17;9;52,94;0;0;0;0;0;0;"355250"
2018;"TABOAO DA SERRA";11;"Município";11;4;36,36;2;1;50;1;0;0;"355280"
2018;"TAGUAI";2;"Município";2;1;50;1;1;100;1;1;100;"355300"
2018;"TANABI";1;"Município";1;0;0;0;0;0;0;0;0;"355340"
2018;"TAQUARITINGA";1;"Município";1;1;100;0;0;0;0;0;0;"355370"
2018;"TAQUARITUBA";4;"Município";4;4;100;0;0;0;0;0;0;"355380"
2018;"TARUMA";4;"Município";4;3;75;1;1;100;1;1;100;"355395"
2018;"TATUI";13;"Município";13;7;53,85;4;3;75;3;2;66,67;"355400"
2018;"TAUBATE";51;"Município";51;32;62,75;29;22;75,86;15;12;80;"355410"
2018;"TEODORO SAMPAIO";3;"Município";3;1;33,33;1;1;100;0;0;0;"355430"
2018;"TIETE";2;"Município";2;2;100;0;0;0;0;0;0;"355450"
2018;"TREMEMBE";2;"Município";2;0;0;0;0;0;0;0;0;"355480"
2018;"TRES FRONTEIRAS";1;"Município";1;1;100;1;1;100;0;0;0;"355490"
2018;"TUPA";1;"Município";1;1;100;1;1;100;1;1;100;"355500"
2018;"UBATUBA";21;"Município";21;4;19,05;1;1;100;0;0;0;"355540"
2018;"UCHOA";1;"Município";1;0;0;0;0;0;0;0;0;"355560"
2018;"UNIAO PAULISTA";2;"Município";2;2;100;0;0;0;0;0;0;"355570"
2018;"URANIA";1;"Município";1;0;0;0;0;0;0;0;0;"355580"
2018;"VALENTIM GENTIL";2;"Município";2;1;50;0;0;0;0;0;0;"355610"
2018;"VALINHOS";4;"Município";4;2;50;1;1;100;1;0;0;"355620"
2018;"VALPARAISO";5;"Município";5;4;80;3;3;100;3;3;100;"355630"
2018;"VARGEM GRANDE DO SUL";3;"Município";3;3;100;3;3;100;2;2;100;"355640"
2018;"VARGEM GRANDE PAULISTA";3;"Município";3;3;100;0;0;0;0;0;0;"355645"
2018;"VARZEA PAULISTA";11;"Município";11;7;63,64;6;5;83,33;2;2;100;"355650"
2018;"VINHEDO";8;"Município";8;6;75;4;3;75;3;2;66,67;"355670"
2018;"VITORIA BRASIL";1;"Município";1;1;100;0;0;0;0;0;0;"355695"
2018;"VOTORANTIM";16;"Município";16;8;50;5;3;60;0;0;0;"355700"
2018;"VOTUPORANGA";11;"Município";11;7;63,64;6;5;83,33;5;5;100;"355710"
2018;NA;32;"Município";32;17;53,12;6;3;50;5;3;60;NA
2019;"ADOLFO";1;"Município";1;1;100;1;1;100;0;0;0;"350020"
2019;"AGUAI";4;"Município";4;4;100;3;3;100;1;1;100;"350030"
2019;"AGUAS DE LINDOIA";2;"Município";2;2;100;0;0;0;0;0;0;"350050"
2019;"AGUAS DE SAO PEDRO";1;"Município";1;1;100;1;1;100;1;1;100;"350060"
2019;"AGUDOS";2;"Município";2;1;50;2;1;50;2;1;50;"350070"
2019;"ALAMBARI";1;"Município";1;1;100;1;1;100;1;1;100;"350075"
2019;"ALTINOPOLIS";1;"Município";1;1;100;1;1;100;1;1;100;"350100"
2019;"ALUMINIO";1;"Município";1;0;0;0;0;0;0;0;0;"350115"
2019;"ALVARES MACHADO";2;"Município";2;1;50;1;1;100;1;1;100;"350130"
2019;"ALVARO DE CARVALHO";1;"Município";1;1;100;1;1;100;1;1;100;"350140"
2019;"AMERICANA";14;"Município";14;5;35,71;1;1;100;0;0;0;"350160"
2019;"AMERICO BRASILIENSE";1;"Município";1;1;100;0;0;0;0;0;0;"350170"
2019;"AMPARO";14;"Município";14;7;50;2;0;0;0;0;0;"350190"
2019;"ANALANDIA";1;"Município";1;0;0;1;0;0;1;0;0;"350200"
2019;"ANDRADINA";2;"Município";2;0;0;1;0;0;0;0;0;"350210"
2019;"ANGATUBA";1;"Município";1;1;100;0;0;0;0;0;0;"350220"
2019;"ANHEMBI";3;"Município";3;0;0;3;0;0;0;0;0;"350230"
2019;"ANHUMAS";1;"Município";1;1;100;0;0;0;0;0;0;"350240"
2019;"APARECIDA";2;"Município";2;2;100;1;1;100;1;1;100;"350250"
2019;"APIAI";2;"Município";2;2;100;1;1;100;0;0;0;"350270"
2019;"ARACARIGUAMA";6;"Município";6;3;50;3;2;66,67;2;2;100;"350275"
2019;"ARACATUBA";7;"Município";7;5;71,43;5;4;80;4;3;75;"350280"
2019;"ARACOIABA DA SERRA";1;"Município";1;0;0;1;0;0;0;0;0;"350290"
2019;"ARARAQUARA";56;"Município";56;15;26,79;11;9;81,82;7;7;100;"350320"
2019;"ARARAS";14;"Município";14;11;78,57;10;10;100;8;8;100;"350330"
2019;"AREIAS";1;"Município";1;1;100;0;0;0;0;0;0;"350350"
2019;"ARIRANHA";2;"Município";2;2;100;0;0;0;0;0;0;"350370"
2019;"ARTUR NOGUEIRA";3;"Município";3;2;66,67;0;0;0;0;0;0;"350380"
2019;"ARUJA";9;"Município";9;4;44,44;3;1;33,33;1;1;100;"350390"
2019;"ASSIS";12;"Município";12;9;75;5;4;80;3;3;100;"350400"
2019;"ATIBAIA";11;"Município";11;8;72,73;8;7;87,5;2;2;100;"350410"
2019;"AVARE";7;"Município";7;5;71,43;4;4;100;3;3;100;"350450"
2019;"BADY BASSITT";5;"Município";5;5;100;3;3;100;2;2;100;"350460"
2019;"BALSAMO";1;"Município";1;0;0;1;0;0;0;0;0;"350480"
2019;"BARRA BONITA";6;"Município";6;3;50;5;3;60;1;0;0;"350530"
2019;"BARRA DO TURVO";5;"Município";5;2;40;2;1;50;1;0;0;"350540"
2019;"BARRETOS";7;"Município";7;2;28,57;5;1;20;4;1;25;"350550"
2019;"BARRINHA";4;"Município";4;1;25;1;0;0;0;0;0;"350560"
2019;"BARUERI";75;"Município";75;31;41,33;4;3;75;3;2;66,67;"350570"
2019;"BASTOS";2;"Município";2;1;50;1;1;100;0;0;0;"350580"
2019;"BATATAIS";8;"Município";8;6;75;5;4;80;0;0;0;"350590"
2019;"BAURU";55;"Município";55;39;70,91;20;14;70;7;6;85,71;"350600"
2019;"BEBEDOURO";2;"Município";2;2;100;1;1;100;1;1;100;"350610"
2019;"BERNARDINO DE CAMPOS";1;"Município";1;1;100;1;1;100;0;0;0;"350630"
2019;"BERTIOGA";15;"Município";15;12;80;6;5;83,33;3;3;100;"350635"
2019;"BIRIGUI";12;"Município";12;6;50;3;3;100;1;1;100;"350650"
2019;"BIRITIBA MIRIM";14;"Município";14;13;92,86;2;2;100;1;1;100;"350660"
2019;"BOA ESPERANCA DO SUL";3;"Município";3;2;66,67;3;2;66,67;0;0;0;"350670"
2019;"BOCAINA";1;"Município";1;1;100;1;1;100;0;0;0;"350680"
2019;"BOFETE";1;"Município";1;0;0;1;0;0;0;0;0;"350690"
2019;"BOITUVA";6;"Município";6;4;66,67;2;1;50;0;0;0;"350700"
2019;"BOM JESUS DOS PERDOES";2;"Município";2;2;100;0;0;0;0;0;0;"350710"
2019;"BOM SUCESSO DE ITARARE";1;"Município";1;1;100;0;0;0;0;0;0;"350715"
2019;"BORBOREMA";2;"Município";2;2;100;2;2;100;0;0;0;"350740"
2019;"BOTUCATU";56;"Município";56;22;39,29;26;16;61,54;14;13;92,86;"350750"
2019;"BRAGANCA PAULISTA";7;"Município";7;2;28,57;1;1;100;0;0;0;"350760"
2019;"BREJO ALEGRE";1;"Município";1;1;100;1;1;100;1;1;100;"350775"
2019;"BRODOWSKI";3;"Município";3;3;100;3;3;100;2;2;100;"350780"
2019;"BURI";2;"Município";2;2;100;1;1;100;1;1;100;"350800"
2019;"BURITAMA";3;"Município";3;2;66,67;0;0;0;0;0;0;"350810"
2019;"CABREUVA";3;"Município";3;2;66,67;1;1;100;1;1;100;"350840"
2019;"CACAPAVA";10;"Município";10;7;70;4;3;75;2;2;100;"350850"
2019;"CACHOEIRA PAULISTA";3;"Município";3;3;100;0;0;0;0;0;0;"350860"
2019;"CAFELANDIA";1;"Município";1;1;100;1;1;100;0;0;0;"350880"
2019;"CAIEIRAS";4;"Município";4;0;0;0;0;0;0;0;0;"350900"
2019;"CAJAMAR";4;"Município";4;2;50;1;1;100;0;0;0;"350920"
2019;"CAJATI";6;"Município";6;2;33,33;3;0;0;0;0;0;"350925"
2019;"CAJURU";2;"Município";2;2;100;2;2;100;2;2;100;"350940"
2019;"CAMPINAS";236;"Município";236;89;37,71;98;67;68,37;79;56;70,89;"350950"
2019;"CAMPO LIMPO PAULISTA";6;"Município";6;4;66,67;3;3;100;2;2;100;"350960"
2019;"CAMPOS DO JORDAO";6;"Município";6;5;83,33;3;3;100;2;2;100;"350970"
2019;"CANANEIA";2;"Município";2;2;100;0;0;0;0;0;0;"350990"
2019;"CAPAO BONITO";4;"Município";4;3;75;1;1;100;1;1;100;"351020"
2019;"CAPELA DO ALTO";3;"Município";3;3;100;2;2;100;0;0;0;"351030"
2019;"CAPIVARI";2;"Município";2;0;0;0;0;0;0;0;0;"351040"
2019;"CARAGUATATUBA";63;"Município";63;54;85,71;2;2;100;0;0;0;"351050"
2019;"CARAPICUIBA";37;"Município";37;24;64,86;9;6;66,67;5;5;100;"351060"
2019;"CARDOSO";3;"Município";3;0;0;0;0;0;0;0;0;"351070"
2019;"CASA BRANCA";1;"Município";1;0;0;0;0;0;0;0;0;"351080"
2019;"CATANDUVA";11;"Município";11;9;81,82;3;3;100;2;2;100;"351110"
2019;"CATIGUA";2;"Município";2;1;50;1;1;100;1;1;100;"351120"
2019;"CEDRAL";3;"Município";3;1;33,33;0;0;0;0;0;0;"351130"
2019;"CERQUEIRA CESAR";1;"Município";1;0;0;0;0;0;0;0;0;"351140"
2019;"CERQUILHO";3;"Município";3;1;33,33;2;0;0;2;0;0;"351150"
2019;"CHARQUEADA";3;"Município";3;3;100;1;1;100;0;0;0;"351170"
2019;"COLINA";1;"Município";1;0;0;1;0;0;0;0;0;"351200"
2019;"COLOMBIA";1;"Município";1;1;100;0;0;0;0;0;0;"351210"
2019;"CONCHAL";3;"Município";3;3;100;2;2;100;1;1;100;"351220"
2019;"CORDEIROPOLIS";1;"Município";1;0;0;0;0;0;0;0;0;"351240"
2019;"COROADOS";4;"Município";4;1;25;1;0;0;0;0;0;"351250"
2019;"COSMOPOLIS";4;"Município";4;2;50;1;0;0;1;0;0;"351280"
2019;"COTIA";47;"Município";47;28;59,57;8;3;37,5;5;2;40;"351300"
2019;"CRAVINHOS";2;"Município";2;1;50;2;1;50;0;0;0;"351310"
2019;"CRUZEIRO";2;"Município";2;2;100;2;2;100;1;1;100;"351340"
2019;"CUBATAO";16;"Município";16;8;50;4;0;0;1;0;0;"351350"
2019;"CUNHA";3;"Município";3;0;0;1;0;0;0;0;0;"351360"
2019;"DESCALVADO";5;"Município";5;1;20;3;1;33,33;1;0;0;"351370"
2019;"DIADEMA";61;"Município";61;29;47,54;16;9;56,25;8;5;62,5;"351380"
2019;"DRACENA";1;"Município";1;0;0;1;0;0;0;0;0;"351440"
2019;"DUARTINA";3;"Município";3;1;33,33;2;1;50;1;1;100;"351450"
2019;"DUMONT";2;"Município";2;2;100;1;1;100;1;1;100;"351460"
2019;"ECHAPORA";1;"Município";1;1;100;1;1;100;0;0;0;"351470"
2019;"ELDORADO";3;"Município";3;3;100;2;2;100;2;2;100;"351480"
2019;"ELIAS FAUSTO";1;"Município";1;1;100;1;1;100;1;1;100;"351490"
2019;"EMBU DAS ARTES";29;"Município";29;17;58,62;12;6;50;4;2;50;"351500"
2019;"EMBU GUACU";12;"Município";12;10;83,33;0;0;0;0;0;0;"351510"
2019;"ENGENHEIRO COELHO";3;"Município";3;2;66,67;1;1;100;0;0;0;"351515"
2019;"ESTIVA GERBI";2;"Município";2;1;50;1;1;100;1;1;100;"355730"
2019;"ESTRELA DOESTE";2;"Município";2;2;100;0;0;0;0;0;0;"351520"
2019;"FARTURA";6;"Município";6;3;50;3;2;66,67;2;2;100;"351540"
2019;"FERNANDOPOLIS";8;"Município";8;6;75;7;6;85,71;6;5;83,33;"351550"
2019;"FERRAZ DE VASCONCELOS";14;"Município";14;12;85,71;6;6;100;1;1;100;"351570"
2019;"FLORIDA PAULISTA";1;"Município";1;1;100;0;0;0;0;0;0;"351600"
2019;"FRANCA";6;"Município";6;2;33,33;1;0;0;0;0;0;"351620"
2019;"FRANCISCO MORATO";10;"Município";10;7;70;1;1;100;0;0;0;"351630"
2019;"FRANCO DA ROCHA";10;"Município";10;5;50;1;1;100;1;1;100;"351640"
2019;"GARCA";1;"Município";1;1;100;1;1;100;1;1;100;"351670"
2019;"GENERAL SALGADO";1;"Município";1;1;100;0;0;0;0;0;0;"351690"
2019;"GUAIRA";2;"Município";2;2;100;1;1;100;1;1;100;"351740"
2019;"GUAPIACU";3;"Município";3;3;100;2;2;100;0;0;0;"351750"
2019;"GUARAREMA";5;"Município";5;3;60;1;1;100;0;0;0;"351830"
2019;"GUARATINGUETA";4;"Município";4;4;100;3;3;100;1;1;100;"351840"
2019;"GUAREI";1;"Município";1;1;100;1;1;100;0;0;0;"351850"
2019;"GUARIBA";5;"Município";5;5;100;1;1;100;1;1;100;"351860"
2019;"GUARUJA";23;"Município";23;17;73,91;9;8;88,89;4;3;75;"351870"
2019;"GUARULHOS";151;"Município";151;83;54,97;35;18;51,43;13;10;76,92;"351880"
2019;"GUATAPARA";1;"Município";1;1;100;0;0;0;0;0;0;"351885"
2019;"HERCULANDIA";1;"Município";1;1;100;1;1;100;0;0;0;"351900"
2019;"HORTOLANDIA";46;"Município";46;23;50;10;8;80;5;5;100;"351907"
2019;"IACANGA";1;"Município";1;1;100;1;1;100;1;1;100;"351910"
2019;"IBIRA";2;"Município";2;1;50;0;0;0;0;0;0;"351940"
2019;"IBITINGA";1;"Município";1;1;100;1;1;100;0;0;0;"351960"
2019;"IBIUNA";6;"Município";6;4;66,67;2;1;50;1;1;100;"351970"
2019;"ICEM";4;"Município";4;2;50;1;1;100;1;1;100;"351980"
2019;"IEPE";1;"Município";1;0;0;1;0;0;0;0;0;"351990"
2019;"IGARAPAVA";2;"Município";2;2;100;1;1;100;1;1;100;"352010"
2019;"IGUAPE";3;"Município";3;0;0;2;0;0;2;0;0;"352030"
2019;"ILHA COMPRIDA";5;"Município";5;4;80;3;2;66,67;3;2;66,67;"352042"
2019;"ILHA SOLTEIRA";1;"Município";1;1;100;1;1;100;0;0;0;"352044"
2019;"ILHABELA";9;"Município";9;6;66,67;1;1;100;1;1;100;"352040"
2019;"INDAIATUBA";14;"Município";14;9;64,29;9;7;77,78;6;5;83,33;"352050"
2019;"IPAUSSU";1;"Município";1;1;100;0;0;0;0;0;0;"352090"
2019;"IPERO";1;"Município";1;0;0;1;0;0;0;0;0;"352100"
2019;"IPEUNA";1;"Município";1;1;100;1;1;100;0;0;0;"352110"
2019;"IPIGUA";1;"Município";1;1;100;0;0;0;0;0;0;"352115"
2019;"IPORANGA";3;"Município";3;1;33,33;1;1;100;1;1;100;"352120"
2019;"IPUA";2;"Município";2;2;100;0;0;0;0;0;0;"352130"
2019;"ITABERA";4;"Município";4;3;75;3;2;66,67;1;1;100;"352170"
2019;"ITAI";5;"Município";5;2;40;0;0;0;0;0;0;"352180"
2019;"ITAJOBI";3;"Município";3;1;33,33;2;1;50;1;1;100;"352190"
2019;"ITAJU";1;"Município";1;1;100;0;0;0;0;0;0;"352200"
2019;"ITANHAEM";24;"Município";24;13;54,17;11;9;81,82;7;7;100;"352210"
2019;"ITAPECERICA DA SERRA";21;"Município";21;16;76,19;4;3;75;1;1;100;"352220"
2019;"ITAPETININGA";27;"Município";27;15;55,56;10;8;80;8;6;75;"352230"
2019;"ITAPEVA";14;"Município";14;5;35,71;2;2;100;2;2;100;"352240"
2019;"ITAPEVI";30;"Município";30;10;33,33;5;3;60;2;2;100;"352250"
2019;"ITAPIRA";3;"Município";3;2;66,67;0;0;0;0;0;0;"352260"
2019;"ITAPORANGA";3;"Município";3;1;33,33;0;0;0;0;0;0;"352280"
2019;"ITAPUI";2;"Município";2;2;100;0;0;0;0;0;0;"352290"
2019;"ITAQUAQUECETUBA";40;"Município";40;14;35;11;4;36,36;3;1;33,33;"352310"
2019;"ITARARE";2;"Município";2;1;50;1;1;100;1;1;100;"352320"
2019;"ITATIBA";26;"Município";26;5;19,23;5;3;60;3;2;66,67;"352340"
2019;"ITATINGA";3;"Município";3;2;66,67;2;2;100;1;1;100;"352350"
2019;"ITIRAPINA";1;"Município";1;1;100;0;0;0;0;0;0;"352360"
2019;"ITOBI";2;"Município";2;1;50;0;0;0;0;0;0;"352380"
2019;"ITU";20;"Município";20;11;55;5;2;40;1;1;100;"352390"
2019;"ITUPEVA";3;"Município";3;3;100;1;1;100;1;1;100;"352400"
2019;"ITUVERAVA";3;"Município";3;0;0;0;0;0;0;0;0;"352410"
2019;"JABOTICABAL";4;"Município";4;3;75;2;2;100;1;1;100;"352430"
2019;"JACAREI";76;"Município";76;56;73,68;9;7;77,78;2;2;100;"352440"
2019;"JACI";5;"Município";5;4;80;0;0;0;0;0;0;"352450"
2019;"JACUPIRANGA";2;"Município";2;2;100;2;2;100;1;1;100;"352460"
2019;"JAGUARIUNA";8;"Município";8;7;87,5;6;6;100;5;5;100;"352470"
2019;"JALES";1;"Município";1;1;100;1;1;100;0;0;0;"352480"
2019;"JAMBEIRO";1;"Município";1;1;100;1;1;100;0;0;0;"352490"
2019;"JANDIRA";11;"Município";11;6;54,55;2;2;100;0;0;0;"352500"
2019;"JARDINOPOLIS";2;"Município";2;0;0;0;0;0;0;0;0;"352510"
2019;"JARINU";4;"Município";4;2;50;2;2;100;2;2;100;"352520"
2019;"JAU";6;"Município";6;6;100;4;4;100;4;4;100;"352530"
2019;"JOSE BONIFACIO";3;"Município";3;1;33,33;2;1;50;0;0;0;"352570"
2019;"JUNDIAI";89;"Município";89;52;58,43;35;30;85,71;23;21;91,3;"352590"
2019;"JUQUIA";4;"Município";4;2;50;3;1;33,33;3;1;33,33;"352610"
2019;"JUQUITIBA";14;"Município";14;10;71,43;0;0;0;0;0;0;"352620"
2019;"LAGOINHA";1;"Município";1;0;0;1;0;0;0;0;0;"352630"
2019;"LARANJAL PAULISTA";2;"Município";2;2;100;0;0;0;0;0;0;"352640"
2019;"LEME";10;"Município";10;4;40;5;4;80;4;3;75;"352670"
2019;"LIMEIRA";14;"Município";14;8;57,14;5;4;80;5;3;60;"352690"
2019;"LINS";7;"Município";7;5;71,43;5;4;80;2;1;50;"352710"
2019;"LORENA";6;"Município";6;4;66,67;2;2;100;2;1;50;"352720"
2019;"LOUVEIRA";6;"Município";6;6;100;3;3;100;1;1;100;"352730"
2019;"LUIS ANTONIO";1;"Município";1;1;100;0;0;0;0;0;0;"352760"
2019;"MACAUBAL";2;"Município";2;1;50;1;1;100;1;1;100;"352810"
2019;"MAIRINQUE";4;"Município";4;3;75;2;2;100;0;0;0;"352840"
2019;"MAIRIPORA";8;"Município";8;7;87,5;2;1;50;1;1;100;"352850"
2019;"MARACAI";4;"Município";4;2;50;1;0;0;0;0;0;"352880"
2019;"MARILIA";26;"Município";26;17;65,38;9;7;77,78;4;2;50;"352900"
2019;"MARTINOPOLIS";1;"Município";1;1;100;0;0;0;0;0;0;"352920"
2019;"MATAO";1;"Município";1;1;100;1;1;100;0;0;0;"352930"
2019;"MAUA";141;"Município";141;77;54,61;19;15;78,95;8;7;87,5;"352940"
2019;"MENDONCA";2;"Município";2;1;50;1;1;100;0;0;0;"352950"
2019;"MIGUELOPOLIS";2;"Município";2;2;100;0;0;0;0;0;0;"352970"
2019;"MIRACATU";6;"Município";6;1;16,67;1;0;0;1;0;0;"352990"
2019;"MIRASSOL";11;"Município";11;3;27,27;3;1;33,33;3;1;33,33;"353030"
2019;"MIRASSOLANDIA";1;"Município";1;1;100;1;1;100;1;1;100;"353040"
2019;"MOCOCA";6;"Município";6;5;83,33;2;2;100;1;1;100;"353050"
2019;"MOGI DAS CRUZES";121;"Município";121;71;58,68;20;18;90;14;13;92,86;"353060"
2019;"MOGI GUACU";14;"Município";14;4;28,57;7;3;42,86;3;1;33,33;"353070"
2019;"MOGI MIRIM";7;"Município";7;2;28,57;1;1;100;0;0;0;"353080"
2019;"MONGAGUA";6;"Município";6;5;83,33;4;3;75;1;1;100;"353110"
2019;"MONTE ALTO";4;"Município";4;2;50;3;1;33,33;2;1;50;"353130"
2019;"MONTE APRAZIVEL";1;"Município";1;1;100;0;0;0;0;0;0;"353140"
2019;"MONTE MOR";6;"Município";6;5;83,33;3;2;66,67;2;2;100;"353180"
2019;"MONTEIRO LOBATO";1;"Município";1;1;100;0;0;0;0;0;0;"353170"
2019;"MORRO AGUDO";3;"Município";3;2;66,67;3;2;66,67;1;1;100;"353190"
2019;"MORUNGABA";1;"Município";1;1;100;0;0;0;0;0;0;"353200"
2019;"NARANDIBA";1;"Município";1;0;0;0;0;0;0;0;0;"353220"
2019;"NAZARE PAULISTA";4;"Município";4;3;75;4;3;75;2;2;100;"353240"
2019;"NEVES PAULISTA";2;"Município";2;1;50;0;0;0;1;1;100;"353250"
2019;"NHANDEARA";1;"Município";1;1;100;1;1;100;1;1;100;"353260"
2019;"NIPOA";1;"Município";1;1;100;1;1;100;0;0;0;"353270"
2019;"NOVA CAMPINA";2;"Município";2;1;50;2;1;50;1;1;100;"353282"
2019;"NOVA GRANADA";2;"Município";2;1;50;0;0;0;0;0;0;"353300"
2019;"NOVA INDEPENDENCIA";1;"Município";1;0;0;1;0;0;0;0;0;"353320"
2019;"NOVA ODESSA";3;"Município";3;1;33,33;1;0;0;1;0;0;"353340"
2019;"NOVO HORIZONTE";1;"Município";1;1;100;0;0;0;0;0;0;"353350"
2019;"OLIMPIA";2;"Município";2;1;50;0;0;0;0;0;0;"353390"
2019;"ORINDIUVA";1;"Município";1;1;100;0;0;0;1;1;100;"353420"
2019;"ORLANDIA";1;"Município";1;0;0;1;0;0;1;0;0;"353430"
2019;"OSASCO";121;"Município";121;57;47,11;59;26;44,07;8;7;87,5;"353440"
2019;"OURINHOS";11;"Município";11;8;72,73;5;4;80;1;1;100;"353470"
2019;"PALESTINA";1;"Município";1;0;0;0;0;0;0;0;0;"353500"
2019;"PALMITAL";2;"Município";2;1;50;1;0;0;0;0;0;"353530"
2019;"PANORAMA";1;"Município";1;1;100;1;1;100;0;0;0;"353540"
2019;"PARAIBUNA";7;"Município";7;6;85,71;0;0;0;0;0;0;"353560"
2019;"PARAISO";1;"Município";1;0;0;1;0;0;0;0;0;"353570"
2019;"PARANAPUA";1;"Município";1;1;100;0;0;0;0;0;0;"353590"
2019;"PARDINHO";1;"Município";1;1;100;0;0;0;0;0;0;"353610"
2019;"PARIQUERA ACU";3;"Município";3;0;0;0;0;0;0;0;0;"353620"
2019;"PAULICEIA";2;"Município";2;1;50;0;0;0;0;0;0;"353640"
2019;"PAULINIA";13;"Município";13;11;84,62;11;10;90,91;7;7;100;"353650"
2019;"PEDERNEIRAS";5;"Município";5;5;100;3;3;100;2;2;100;"353670"
2019;"PEDREIRA";8;"Município";8;6;75;7;6;85,71;6;5;83,33;"353710"
2019;"PEDRO DE TOLEDO";1;"Município";1;1;100;0;0;0;0;0;0;"353720"
2019;"PENAPOLIS";6;"Município";6;5;83,33;1;0;0;0;0;0;"353730"
2019;"PEREIRA BARRETO";3;"Município";3;2;66,67;2;2;100;2;2;100;"353740"
2019;"PERUIBE";5;"Município";5;4;80;4;4;100;3;3;100;"353760"
2019;"PIEDADE";7;"Município";7;4;57,14;3;2;66,67;0;0;0;"353780"
2019;"PILAR DO SUL";7;"Município";7;1;14,29;0;0;0;0;0;0;"353790"
2019;"PINDAMONHANGABA";20;"Município";20;15;75;11;9;81,82;5;4;80;"353800"
2019;"PIRACAIA";2;"Município";2;2;100;1;1;100;1;1;100;"353860"
2019;"PIRACICABA";33;"Município";33;22;66,67;11;11;100;6;6;100;"353870"
2019;"PIRAJU";4;"Município";4;3;75;4;3;75;3;3;100;"353880"
2019;"PIRANGI";1;"Município";1;1;100;1;1;100;0;0;0;"353900"
2019;"PIRAPORA DO BOM JESUS";4;"Município";4;4;100;0;0;0;0;0;0;"353910"
2019;"PIRAPOZINHO";3;"Município";3;2;66,67;0;0;0;0;0;0;"353920"
2019;"PIRASSUNUNGA";1;"Município";1;1;100;0;0;0;0;0;0;"353930"
2019;"PITANGUEIRAS";2;"Município";2;1;50;2;1;50;1;1;100;"353950"
2019;"POA";8;"Município";8;6;75;0;0;0;0;0;0;"353980"
2019;"PONTAL";4;"Município";4;1;25;2;1;50;0;0;0;"354020"
2019;"PONTES GESTAL";1;"Município";1;1;100;0;0;0;0;0;0;"354030"
2019;"PORTO FELIZ";2;"Município";2;1;50;0;0;0;0;0;0;"354060"
2019;"PORTO FERREIRA";3;"Município";3;3;100;1;1;100;1;1;100;"354070"
2019;"POTIM";1;"Município";1;0;0;1;0;0;0;0;0;"354075"
2019;"POTIRENDABA";5;"Município";5;4;80;0;0;0;0;0;0;"354080"
2019;"PRAIA GRANDE";38;"Município";38;30;78,95;18;17;94,44;15;14;93,33;"354100"
2019;"PRATANIA";3;"Município";3;2;66,67;1;1;100;0;0;0;"354105"
2019;"PRESIDENTE PRUDENTE";20;"Município";20;8;40;5;2;40;1;1;100;"354140"
2019;"PRESIDENTE VENCESLAU";1;"Município";1;0;0;0;0;0;0;0;0;"354150"
2019;"PROMISSAO";2;"Município";2;2;100;1;1;100;0;0;0;"354160"
2019;"QUELUZ";1;"Município";1;1;100;0;0;0;0;0;0;"354190"
2019;"REDENCAO DA SERRA";1;"Município";1;0;0;1;0;0;1;0;0;"354230"
2019;"REGENTE FEIJO";1;"Município";1;0;0;0;0;0;0;0;0;"354240"
2019;"REGISTRO";14;"Município";14;10;71,43;5;5;100;2;2;100;"354260"
2019;"RIBEIRAO BRANCO";4;"Município";4;2;50;1;1;100;1;1;100;"354300"
2019;"RIBEIRAO PIRES";20;"Município";20;13;65;2;2;100;1;1;100;"354330"
2019;"RIBEIRAO PRETO";112;"Município";112;59;52,68;63;39;61,9;33;23;69,7;"354340"
2019;"RINCAO";4;"Município";4;3;75;3;2;66,67;1;1;100;"354370"
2019;"RINOPOLIS";1;"Município";1;0;0;0;0;0;0;0;0;"354380"
2019;"RIO CLARO";21;"Município";21;18;85,71;14;13;92,86;7;6;85,71;"354390"
2019;"RIO GRANDE DA SERRA";6;"Município";6;4;66,67;3;2;66,67;1;1;100;"354410"
2019;"RIOLANDIA";1;"Município";1;0;0;1;0;0;0;0;0;"354420"
2019;"ROSANA";1;"Município";1;1;100;0;0;0;0;0;0;"354425"
2019;"ROSEIRA";1;"Município";1;1;100;0;0;0;0;0;0;"354430"
2019;"RUBINEIA";1;"Município";1;1;100;0;0;0;0;0;0;"354450"
2019;"SALTO";4;"Município";4;1;25;1;0;0;1;0;0;"354520"
2019;"SALTO DE PIRAPORA";2;"Município";2;2;100;1;1;100;0;0;0;"354530"
2019;"SALTO GRANDE";1;"Município";1;1;100;0;0;0;0;0;0;"354540"
2019;"SANTA ADELIA";3;"Município";3;0;0;0;0;0;0;0;0;"354560"
2019;"SANTA BARBARA DOESTE";5;"Município";5;5;100;3;3;100;2;2;100;"354580"
2019;"SANTA BRANCA";1;"Município";1;1;100;1;1;100;0;0;0;"354600"
2019;"SANTA CRUZ DAS PALMEIRAS";3;"Município";3;3;100;2;2;100;2;2;100;"354630"
2019;"SANTA CRUZ DO RIO PARDO";1;"Município";1;0;0;0;0;0;0;0;0;"354640"
2019;"SANTA ERNESTINA";1;"Município";1;1;100;1;1;100;0;0;0;"354650"
2019;"SANTA FE DO SUL";1;"Município";1;1;100;0;0;0;0;0;0;"354660"
2019;"SANTA GERTRUDES";1;"Município";1;1;100;0;0;0;0;0;0;"354670"
2019;"SANTA ISABEL";2;"Município";2;1;50;0;0;0;0;0;0;"354680"
2019;"SANTA LUCIA";1;"Município";1;1;100;0;0;0;0;0;0;"354690"
2019;"SANTA MARIA DA SERRA";1;"Município";1;1;100;1;1;100;1;1;100;"354700"
2019;"SANTA RITA DO PASSA QUATRO";1;"Município";1;0;0;1;0;0;0;0;0;"354750"
2019;"SANTA ROSA DE VITERBO";1;"Município";1;1;100;1;1;100;0;0;0;"354760"
2019;"SANTANA DE PARNAIBA";40;"Município";40;19;47,5;8;2;25;2;1;50;"354730"
2019;"SANTO ANDRE";165;"Município";165;63;38,18;35;24;68,57;20;15;75;"354780"
2019;"SANTO ANTONIO DE POSSE";3;"Município";3;2;66,67;1;0;0;0;0;0;"354800"
2019;"SANTOPOLIS DO AGUAPEI";2;"Município";2;1;50;2;1;50;1;0;0;"354840"
2019;"SANTOS";89;"Município";89;41;46,07;27;21;77,78;15;9;60;"354850"
2019;"SAO BENTO DO SAPUCAI";1;"Município";1;0;0;0;0;0;0;0;0;"354860"
2019;"SAO BERNARDO DO CAMPO";259;"Município";259;139;53,67;47;43;91,49;30;29;96,67;"354870"
2019;"SAO CAETANO DO SUL";7;"Município";7;1;14,29;1;1;100;1;1;100;"354880"
2019;"SAO CARLOS";22;"Município";22;15;68,18;16;12;75;9;8;88,89;"354890"
2019;"SAO JOAO DA BOA VISTA";10;"Município";10;0;0;3;0;0;0;0;0;"354910"
2019;"SAO JOAQUIM DA BARRA";1;"Município";1;0;0;0;0;0;0;0;0;"354940"
2019;"SAO JOSE DO RIO PARDO";3;"Município";3;3;100;2;2;100;2;2;100;"354970"
2019;"SAO JOSE DO RIO PRETO";183;"Município";183;115;62,84;36;28;77,78;26;20;76,92;"354980"
2019;"SAO JOSE DOS CAMPOS";129;"Município";129;89;68,99;33;25;75,76;17;13;76,47;"354990"
2019;"SAO LOURENCO DA SERRA";1;"Município";1;1;100;0;0;0;0;0;0;"354995"
2019;"SAO LUIZ DO PARAITINGA";1;"Município";1;0;0;0;0;0;0;0;0;"355000"
2019;"SAO MANUEL";6;"Município";6;4;66,67;4;3;75;2;1;50;"355010"
2019;"SAO MIGUEL ARCANJO";1;"Município";1;1;100;1;1;100;0;0;0;"355020"
2019;"SAO PAULO";1681;"Município";1681;915;54,43;436;294;67,43;175;125;71,43;"355030"
2019;"SAO PEDRO";1;"Município";1;0;0;0;0;0;0;0;0;"355040"
2019;"SAO ROQUE";3;"Município";3;1;33,33;0;0;0;0;0;0;"355060"
2019;"SAO SEBASTIAO";13;"Município";13;11;84,62;6;6;100;5;5;100;"355070"
2019;"SAO SIMAO";3;"Município";3;2;66,67;2;1;50;0;0;0;"355090"
2019;"SAO VICENTE";25;"Município";25;13;52;13;10;76,92;10;6;60;"355100"
2019;"SERRA AZUL";1;"Município";1;1;100;1;1;100;1;1;100;"355140"
2019;"SERRA NEGRA";6;"Município";6;4;66,67;2;2;100;2;2;100;"355160"
2019;"SERRANA";4;"Município";4;2;50;4;2;50;4;2;50;"355150"
2019;"SERTAOZINHO";16;"Município";16;12;75;8;6;75;5;4;80;"355170"
2019;"SETE BARRAS";3;"Município";3;3;100;2;2;100;2;2;100;"355180"
2019;"SEVERINIA";2;"Município";2;2;100;0;0;0;0;0;0;"355190"
2019;"SOCORRO";2;"Município";2;2;100;0;0;0;0;0;0;"355210"
2019;"SOROCABA";53;"Município";53;32;60,38;13;10;76,92;8;8;100;"355220"
2019;"SUMARE";31;"Município";31;18;58,06;14;9;64,29;6;4;66,67;"355240"
2019;"SUZANO";14;"Município";14;8;57,14;2;1;50;0;0;0;"355250"
2019;"TABAPUA";3;"Município";3;1;33,33;1;1;100;0;0;0;"355260"
2019;"TABOAO DA SERRA";22;"Município";22;13;59,09;3;3;100;2;1;50;"355280"
2019;"TANABI";2;"Município";2;2;100;1;1;100;1;1;100;"355340"
2019;"TAQUARAL";2;"Município";2;2;100;1;1;100;1;1;100;"355365"
2019;"TAQUARITINGA";2;"Município";2;1;50;1;1;100;1;1;100;"355370"
2019;"TAQUARITUBA";3;"Município";3;3;100;1;1;100;1;1;100;"355380"
2019;"TAQUARIVAI";2;"Município";2;0;0;0;0;0;0;0;0;"355385"
2019;"TARUMA";4;"Município";4;4;100;1;1;100;1;1;100;"355395"
2019;"TATUI";7;"Município";7;1;14,29;2;1;50;2;1;50;"355400"
2019;"TAUBATE";56;"Município";56;39;69,64;15;12;80;3;3;100;"355410"
2019;"TEODORO SAMPAIO";3;"Município";3;3;100;0;0;0;0;0;0;"355430"
2019;"TIETE";1;"Município";1;1;100;0;0;0;0;0;0;"355450"
2019;"TORRINHA";1;"Município";1;1;100;0;0;0;0;0;0;"355470"
2019;"TREMEMBE";4;"Município";4;4;100;3;3;100;1;1;100;"355480"
2019;"TRES FRONTEIRAS";3;"Município";3;3;100;2;2;100;1;1;100;"355490"
2019;"TUPA";2;"Município";2;1;50;1;0;0;0;0;0;"355500"
2019;"TUPI PAULISTA";1;"Município";1;1;100;0;0;0;0;0;0;"355510"
2019;"UBARANA";2;"Município";2;1;50;1;1;100;1;1;100;"355535"
2019;"UBATUBA";28;"Município";28;12;42,86;14;11;78,57;7;7;100;"355540"
2019;"UNIAO PAULISTA";1;"Município";1;1;100;0;0;0;0;0;0;"355570"
2019;"URUPES";1;"Município";1;1;100;1;1;100;0;0;0;"355600"
2019;"VALENTIM GENTIL";3;"Município";3;2;66,67;1;1;100;0;0;0;"355610"
2019;"VALINHOS";6;"Município";6;4;66,67;3;3;100;2;2;100;"355620"
2019;"VALPARAISO";2;"Município";2;1;50;0;0;0;0;0;0;"355630"
2019;"VARGEM GRANDE DO SUL";1;"Município";1;1;100;0;0;0;0;0;0;"355640"
2019;"VARGEM GRANDE PAULISTA";11;"Município";11;7;63,64;0;0;0;0;0;0;"355645"
2019;"VARZEA PAULISTA";18;"Município";18;11;61,11;9;8;88,89;5;5;100;"355650"
2019;"VINHEDO";9;"Município";9;5;55,56;5;3;60;3;2;66,67;"355670"
2019;"VIRADOURO";1;"Município";1;0;0;0;0;0;0;0;0;"355680"
2019;"VITORIA BRASIL";1;"Município";1;0;0;0;0;0;0;0;0;"355695"
2019;"VOTORANTIM";14;"Município";14;8;57,14;6;5;83,33;4;4;100;"355700"
2019;"VOTUPORANGA";19;"Município";19;14;73,68;8;8;100;7;7;100;"355710"
2019;"ZACARIAS";1;"Município";1;0;0;0;0;0;0;0;0;"355715"
2019;NA;29;"Município";29;14;48,28;9;5;55,56;3;2;66,67;NA
2020;"AGUAI";3;"Município";3;2;66,67;3;2;66,67;0;0;0;"350030"
2020;"ALTINOPOLIS";7;"Município";7;4;57,14;4;2;50;2;2;100;"350100"
2020;"ALVARES FLORENCE";1;"Município";1;1;100;1;1;100;0;0;0;"350120"
2020;"ALVARO DE CARVALHO";1;"Município";1;1;100;0;0;0;0;0;0;"350140"
2020;"AMERICANA";33;"Município";33;15;45,45;4;2;50;2;0;0;"350160"
2020;"AMERICO BRASILIENSE";3;"Município";3;2;66,67;1;1;100;1;1;100;"350170"
2020;"AMPARO";8;"Município";8;5;62,5;4;3;75;4;3;75;"350190"
2020;"ANGATUBA";3;"Município";3;3;100;1;1;100;1;1;100;"350220"
2020;"ANHEMBI";1;"Município";1;0;0;0;0;0;0;0;0;"350230"
2020;"APARECIDA";2;"Município";2;2;100;1;1;100;0;0;0;"350250"
2020;"APIAI";1;"Município";1;1;100;1;1;100;0;0;0;"350270"
2020;"ARACARIGUAMA";3;"Município";3;2;66,67;1;1;100;0;0;0;"350275"
2020;"ARACATUBA";9;"Município";9;8;88,89;4;3;75;1;1;100;"350280"
2020;"ARARAQUARA";27;"Município";27;4;14,81;7;3;42,86;5;1;20;"350320"
2020;"ARARAS";3;"Município";3;3;100;1;1;100;1;1;100;"350330"
2020;"AREIOPOLIS";3;"Município";3;2;66,67;1;1;100;1;1;100;"350360"
2020;"ARTUR NOGUEIRA";5;"Município";5;5;100;1;1;100;2;2;100;"350380"
2020;"ARUJA";1;"Município";1;0;0;0;0;0;0;0;0;"350390"
2020;"ASSIS";8;"Município";8;5;62,5;3;2;66,67;1;1;100;"350400"
2020;"ATIBAIA";9;"Município";9;7;77,78;4;4;100;4;4;100;"350410"
2020;"AURIFLAMA";2;"Município";2;1;50;2;1;50;0;0;0;"350420"
2020;"AVAI";1;"Município";1;1;100;1;1;100;1;1;100;"350430"
2020;"AVANHANDAVA";1;"Município";1;1;100;0;0;0;0;0;0;"350440"
2020;"AVARE";1;"Município";1;0;0;0;0;0;0;0;0;"350450"
2020;"BALSAMO";1;"Município";1;0;0;0;0;0;0;0;0;"350480"
2020;"BARRA BONITA";1;"Município";1;0;0;1;0;0;1;0;0;"350530"
2020;"BARRINHA";2;"Município";2;1;50;0;0;0;0;0;0;"350560"
2020;"BARUERI";47;"Município";47;17;36,17;3;3;100;0;0;0;"350570"
2020;"BASTOS";2;"Município";2;2;100;0;0;0;0;0;0;"350580"
2020;"BATATAIS";9;"Município";9;5;55,56;3;3;100;2;2;100;"350590"
2020;"BAURU";69;"Município";69;59;85,51;28;26;92,86;16;16;100;"350600"
2020;"BEBEDOURO";7;"Município";7;7;100;3;3;100;0;0;0;"350610"
2020;"BERTIOGA";2;"Município";2;2;100;1;1;100;0;0;0;"350635"
2020;"BIRIGUI";5;"Município";5;4;80;2;2;100;1;1;100;"350650"
2020;"BIRITIBA MIRIM";7;"Município";7;3;42,86;1;0;0;0;0;0;"350660"
2020;"BOA ESPERANCA DO SUL";2;"Município";2;1;50;1;1;100;1;1;100;"350670"
2020;"BOFETE";1;"Município";1;1;100;0;0;0;0;0;0;"350690"
2020;"BOITUVA";4;"Município";4;4;100;4;4;100;0;0;0;"350700"
2020;"BOM JESUS DOS PERDOES";1;"Município";1;1;100;0;0;0;0;0;0;"350710"
2020;"BOREBI";1;"Município";1;0;0;0;0;0;0;0;0;"350745"
2020;"BOTUCATU";27;"Município";27;9;33,33;16;8;50;7;5;71,43;"350750"
2020;"BRAGANCA PAULISTA";6;"Município";6;1;16,67;3;1;33,33;1;1;100;"350760"
2020;"BRODOWSKI";3;"Município";3;2;66,67;3;2;66,67;2;2;100;"350780"
2020;"BROTAS";2;"Município";2;2;100;1;1;100;1;1;100;"350790"
2020;"BURITAMA";5;"Município";5;2;40;0;0;0;0;0;0;"350810"
2020;"CABRALIA PAULISTA";1;"Município";1;1;100;0;0;0;0;0;0;"350830"
2020;"CABREUVA";6;"Município";6;5;83,33;2;1;50;1;1;100;"350840"
2020;"CACAPAVA";18;"Município";18;16;88,89;2;2;100;1;1;100;"350850"
2020;"CACONDE";1;"Município";1;1;100;1;1;100;1;1;100;"350870"
2020;"CAIEIRAS";8;"Município";8;6;75;2;1;50;1;0;0;"350900"
2020;"CAJAMAR";9;"Município";9;4;44,44;2;2;100;0;0;0;"350920"
2020;"CAJATI";5;"Município";5;3;60;3;1;33,33;1;0;0;"350925"
2020;"CAJURU";5;"Município";5;1;20;5;1;20;1;0;0;"350940"
2020;"CAMPINAS";221;"Município";221;62;28,05;69;37;53,62;55;30;54,55;"350950"
2020;"CAMPO LIMPO PAULISTA";4;"Município";4;4;100;3;3;100;3;3;100;"350960"
2020;"CAMPOS DO JORDAO";6;"Município";6;4;66,67;4;4;100;2;2;100;"350970"
2020;"CANANEIA";1;"Município";1;1;100;1;1;100;1;1;100;"350990"
2020;"CANDIDO MOTA";6;"Município";6;1;16,67;0;0;0;0;0;0;"351000"
2020;"CAPAO BONITO";2;"Município";2;0;0;0;0;0;0;0;0;"351020"
2020;"CAPIVARI";1;"Município";1;0;0;0;0;0;0;0;0;"351040"
2020;"CARAGUATATUBA";57;"Município";57;48;84,21;3;3;100;1;1;100;"351050"
2020;"CARAPICUIBA";13;"Município";13;4;30,77;5;3;60;0;0;0;"351060"
2020;"CARDOSO";1;"Município";1;1;100;0;0;0;0;0;0;"351070"
2020;"CASA BRANCA";1;"Município";1;1;100;1;1;100;1;1;100;"351080"
2020;"CASSIA DOS COQUEIROS";1;"Município";1;0;0;1;0;0;0;0;0;"351090"
2020;"CASTILHO";3;"Município";3;1;33,33;0;0;0;0;0;0;"351100"
2020;"CATANDUVA";6;"Município";6;4;66,67;5;3;60;1;1;100;"351110"
2020;"CEDRAL";2;"Município";2;1;50;1;1;100;1;1;100;"351130"
2020;"CERQUEIRA CESAR";1;"Município";1;1;100;1;1;100;0;0;0;"351140"
2020;"CERQUILHO";1;"Município";1;1;100;1;1;100;0;0;0;"351150"
2020;"CHARQUEADA";1;"Município";1;1;100;1;1;100;1;1;100;"351170"
2020;"COLINA";1;"Município";1;1;100;0;0;0;0;0;0;"351200"
2020;"CONCHAS";1;"Município";1;1;100;1;1;100;0;0;0;"351230"
2020;"CORDEIROPOLIS";1;"Município";1;0;0;0;0;0;0;0;0;"351240"
2020;"COSMOPOLIS";4;"Município";4;3;75;1;0;0;0;0;0;"351280"
2020;"COSMORAMA";1;"Município";1;1;100;1;1;100;0;0;0;"351290"
2020;"COTIA";17;"Município";17;12;70,59;3;2;66,67;3;2;66,67;"351300"
2020;"CRAVINHOS";3;"Município";3;2;66,67;3;2;66,67;1;1;100;"351310"
2020;"CRISTAIS PAULISTA";2;"Município";2;2;100;2;2;100;0;0;0;"351320"
2020;"CRUZEIRO";1;"Município";1;0;0;1;0;0;0;0;0;"351340"
2020;"CUBATAO";11;"Município";11;6;54,55;4;4;100;0;0;0;"351350"
2020;"CUNHA";1;"Município";1;1;100;1;1;100;0;0;0;"351360"
2020;"DESCALVADO";1;"Município";1;0;0;1;0;0;0;0;0;"351370"
2020;"DIADEMA";35;"Município";35;15;42,86;6;5;83,33;3;2;66,67;"351380"
2020;"DOURADO";1;"Município";1;1;100;0;0;0;0;0;0;"351430"
2020;"DRACENA";1;"Município";1;1;100;1;1;100;1;1;100;"351440"
2020;"DUARTINA";1;"Município";1;1;100;0;0;0;0;0;0;"351450"
2020;"DUMONT";2;"Município";2;2;100;0;0;0;0;0;0;"351460"
2020;"ELDORADO";2;"Município";2;0;0;1;0;0;0;0;0;"351480"
2020;"EMBU DAS ARTES";15;"Município";15;7;46,67;7;2;28,57;6;2;33,33;"351500"
2020;"EMBU GUACU";6;"Município";6;5;83,33;0;0;0;0;0;0;"351510"
2020;"ESPIRITO SANTO DO PINHAL";3;"Município";3;2;66,67;1;1;100;1;1;100;"351518"
2020;"ESTRELA DOESTE";1;"Município";1;1;100;1;1;100;1;1;100;"351520"
2020;"FARTURA";1;"Município";1;0;0;1;0;0;1;0;0;"351540"
2020;"FERNANDOPOLIS";3;"Município";3;3;100;2;2;100;1;1;100;"351550"
2020;"FERRAZ DE VASCONCELOS";16;"Município";16;8;50;1;1;100;1;0;0;"351570"
2020;"FRANCA";9;"Município";9;2;22,22;4;1;25;2;0;0;"351620"
2020;"FRANCISCO MORATO";8;"Município";8;4;50;2;1;50;1;0;0;"351630"
2020;"FRANCO DA ROCHA";12;"Município";12;6;50;1;1;100;4;3;75;"351640"
2020;"GARCA";4;"Município";4;4;100;3;3;100;1;1;100;"351670"
2020;"GENERAL SALGADO";2;"Município";2;2;100;0;0;0;0;0;0;"351690"
2020;"GUAIRA";3;"Município";3;2;66,67;0;0;0;0;0;0;"351740"
2020;"GUAPIACU";3;"Município";3;2;66,67;2;1;50;0;0;0;"351750"
2020;"GUARACAI";1;"Município";1;1;100;1;1;100;1;1;100;"351780"
2020;"GUARACI";1;"Município";1;1;100;1;1;100;0;0;0;"351790"
2020;"GUARARAPES";3;"Município";3;2;66,67;2;1;50;1;0;0;"351820"
2020;"GUARAREMA";2;"Município";2;2;100;2;2;100;1;1;100;"351830"
2020;"GUARATINGUETA";2;"Município";2;1;50;1;1;100;1;1;100;"351840"
2020;"GUAREI";1;"Município";1;0;0;0;0;0;0;0;0;"351850"
2020;"GUARIBA";1;"Município";1;1;100;0;0;0;0;0;0;"351860"
2020;"GUARUJA";19;"Município";19;15;78,95;6;5;83,33;1;0;0;"351870"
2020;"GUARULHOS";144;"Município";144;75;52,08;26;17;65,38;10;7;70;"351880"
2020;"GUATAPARA";2;"Município";2;1;50;1;0;0;1;0;0;"351885"
2020;"HOLAMBRA";2;"Município";2;2;100;0;0;0;0;0;0;"351905"
2020;"HORTOLANDIA";32;"Município";32;16;50;7;5;71,43;5;3;60;"351907"
2020;"IBATE";2;"Município";2;2;100;1;1;100;1;1;100;"351930"
2020;"IBITINGA";2;"Município";2;1;50;0;0;0;0;0;0;"351960"
2020;"IBIUNA";1;"Município";1;0;0;0;0;0;0;0;0;"351970"
2020;"ICEM";3;"Município";3;3;100;1;1;100;0;0;0;"351980"
2020;"IEPE";1;"Município";1;1;100;0;0;0;0;0;0;"351990"
2020;"IGARACU DO TIETE";3;"Município";3;2;66,67;1;1;100;1;1;100;"352000"
2020;"IGARAPAVA";3;"Município";3;3;100;1;1;100;1;1;100;"352010"
2020;"IGUAPE";5;"Município";5;2;40;3;2;66,67;3;2;66,67;"352030"
2020;"ILHA COMPRIDA";2;"Município";2;2;100;1;1;100;1;1;100;"352042"
2020;"ILHA SOLTEIRA";1;"Município";1;1;100;1;1;100;1;1;100;"352044"
2020;"ILHABELA";17;"Município";17;13;76,47;2;2;100;1;1;100;"352040"
2020;"INDAIATUBA";18;"Município";18;9;50;7;5;71,43;5;4;80;"352050"
2020;"INDIANA";2;"Município";2;0;0;1;0;0;0;0;0;"352060"
2020;"IPEUNA";1;"Município";1;1;100;1;1;100;1;1;100;"352110"
2020;"IPIGUA";2;"Município";2;1;50;0;0;0;0;0;0;"352115"
2020;"IPUA";1;"Município";1;1;100;0;0;0;1;1;100;"352130"
2020;"ITABERA";2;"Município";2;0;0;0;0;0;0;0;0;"352170"
2020;"ITAI";1;"Município";1;1;100;0;0;0;0;0;0;"352180"
2020;"ITANHAEM";21;"Município";21;11;52,38;8;8;100;6;6;100;"352210"
2020;"ITAPECERICA DA SERRA";18;"Município";18;8;44,44;0;0;0;0;0;0;"352220"
2020;"ITAPETININGA";13;"Município";13;9;69,23;11;9;81,82;8;7;87,5;"352230"
2020;"ITAPEVA";15;"Município";15;4;26,67;4;3;75;2;1;50;"352240"
2020;"ITAPEVI";15;"Município";15;6;40;3;1;33,33;0;0;0;"352250"
2020;"ITAPIRA";6;"Município";6;6;100;2;2;100;1;1;100;"352260"
2020;"ITAPIRAPUA PAULISTA";1;"Município";1;0;0;0;0;0;0;0;0;"352265"
2020;"ITAPOLIS";2;"Município";2;0;0;0;0;0;0;0;0;"352270"
2020;"ITAPORANGA";1;"Município";1;1;100;1;1;100;1;1;100;"352280"
2020;"ITAQUAQUECETUBA";27;"Município";27;19;70,37;8;6;75;3;3;100;"352310"
2020;"ITARARE";2;"Município";2;2;100;2;2;100;0;0;0;"352320"
2020;"ITARIRI";1;"Município";1;1;100;0;0;0;0;0;0;"352330"
2020;"ITATIBA";21;"Município";21;5;23,81;2;1;50;1;1;100;"352340"
2020;"ITU";8;"Município";8;6;75;1;1;100;0;0;0;"352390"
2020;"ITUPEVA";12;"Município";12;9;75;5;4;80;2;2;100;"352400"
2020;"JABOTICABAL";2;"Município";2;1;50;0;0;0;0;0;0;"352430"
2020;"JACAREI";46;"Município";46;36;78,26;9;6;66,67;3;3;100;"352440"
2020;"JACI";3;"Município";3;2;66,67;1;1;100;1;1;100;"352450"
2020;"JACUPIRANGA";2;"Município";2;1;50;1;0;0;1;0;0;"352460"
2020;"JAGUARIUNA";11;"Município";11;7;63,64;3;3;100;3;3;100;"352470"
2020;"JANDIRA";2;"Município";2;1;50;0;0;0;0;0;0;"352500"
2020;"JARDINOPOLIS";6;"Município";6;3;50;3;2;66,67;2;2;100;"352510"
2020;"JARINU";3;"Município";3;2;66,67;0;0;0;0;0;0;"352520"
2020;"JAU";2;"Município";2;2;100;2;2;100;1;1;100;"352530"
2020;"JOSE BONIFACIO";5;"Município";5;3;60;0;0;0;0;0;0;"352570"
2020;"JULIO MESQUITA";1;"Município";1;1;100;1;1;100;1;1;100;"352580"
2020;"JUNDIAI";72;"Município";72;33;45,83;19;15;78,95;14;12;85,71;"352590"
2020;"JUNQUEIROPOLIS";2;"Município";2;2;100;1;1;100;0;0;0;"352600"
2020;"JUQUIA";2;"Município";2;2;100;1;1;100;0;0;0;"352610"
2020;"JUQUITIBA";9;"Município";9;3;33,33;1;0;0;0;0;0;"352620"
2020;"LARANJAL PAULISTA";3;"Município";3;3;100;2;2;100;1;1;100;"352640"
2020;"LEME";4;"Município";4;3;75;3;2;66,67;1;0;0;"352670"
2020;"LENCOIS PAULISTA";5;"Município";5;4;80;3;3;100;0;0;0;"352680"
2020;"LIMEIRA";13;"Município";13;9;69,23;5;4;80;1;1;100;"352690"
2020;"LINS";3;"Município";3;2;66,67;1;1;100;1;1;100;"352710"
2020;"LORENA";8;"Município";8;6;75;5;4;80;2;2;100;"352720"
2020;"LOUVEIRA";5;"Município";5;5;100;1;1;100;0;0;0;"352730"
2020;"LUCIANOPOLIS";1;"Município";1;1;100;0;0;0;0;0;0;"352750"
2020;"LUIS ANTONIO";1;"Município";1;1;100;0;0;0;0;0;0;"352760"
2020;"LUPERCIO";2;"Município";2;0;0;2;0;0;2;0;0;"352780"
2020;"MAGDA";1;"Município";1;0;0;1;0;0;0;0;0;"352830"
2020;"MAIRIPORA";16;"Município";16;14;87,5;5;5;100;2;2;100;"352850"
2020;"MARILIA";13;"Município";13;11;84,62;8;8;100;4;4;100;"352900"
2020;"MATAO";2;"Município";2;2;100;2;2;100;1;1;100;"352930"
2020;"MAUA";108;"Município";108;44;40,74;11;9;81,82;2;2;100;"352940"
2020;"MIGUELOPOLIS";2;"Município";2;2;100;2;2;100;2;2;100;"352970"
2020;"MINEIROS DO TIETE";1;"Município";1;1;100;0;0;0;0;0;0;"352980"
2020;"MIRACATU";3;"Município";3;1;33,33;1;1;100;1;1;100;"352990"
2020;"MIRASSOL";4;"Município";4;4;100;0;0;0;0;0;0;"353030"
2020;"MIRASSOLANDIA";2;"Município";2;2;100;2;2;100;0;0;0;"353040"
2020;"MOCOCA";4;"Município";4;2;50;3;1;33,33;3;1;33,33;"353050"
2020;"MOGI DAS CRUZES";73;"Município";73;37;50,68;13;12;92,31;7;7;100;"353060"
2020;"MOGI GUACU";5;"Município";5;4;80;3;2;66,67;3;2;66,67;"353070"
2020;"MOGI MIRIM";6;"Município";6;5;83,33;3;2;66,67;1;1;100;"353080"
2020;"MONGAGUA";5;"Município";5;3;60;1;0;0;0;0;0;"353110"
2020;"MONTE ALTO";1;"Município";1;1;100;0;0;0;0;0;0;"353130"
2020;"MONTE APRAZIVEL";6;"Município";6;3;50;2;2;100;2;2;100;"353140"
2020;"MONTE AZUL PAULISTA";1;"Município";1;1;100;1;1;100;1;1;100;"353150"
2020;"MONTE MOR";5;"Município";5;4;80;1;1;100;1;1;100;"353180"
2020;"NANTES";1;"Município";1;1;100;1;1;100;0;0;0;"353215"
2020;"NAZARE PAULISTA";2;"Município";2;2;100;2;2;100;2;2;100;"353240"
2020;"NEVES PAULISTA";1;"Município";1;1;100;0;0;0;0;0;0;"353250"
2020;"NIPOA";1;"Município";1;0;0;0;0;0;0;0;0;"353270"
2020;"NOVA ALIANCA";1;"Município";1;0;0;0;0;0;0;0;0;"353280"
2020;"NOVA CAMPINA";1;"Município";1;0;0;1;0;0;0;0;0;"353282"
2020;"NOVA EUROPA";1;"Município";1;1;100;0;0;0;0;0;0;"353290"
2020;"NOVA GRANADA";1;"Município";1;0;0;0;0;0;0;0;0;"353300"
2020;"NOVA ODESSA";6;"Município";6;3;50;3;1;33,33;1;1;100;"353340"
2020;"NOVAIS";1;"Município";1;1;100;1;1;100;1;1;100;"353325"
2020;"NOVO HORIZONTE";5;"Município";5;3;60;4;2;50;2;1;50;"353350"
2020;"OCAUCU";1;"Município";1;0;0;1;0;0;0;0;0;"353370"
2020;"OLIMPIA";1;"Município";1;1;100;0;0;0;0;0;0;"353390"
2020;"ONDA VERDE";2;"Município";2;1;50;1;1;100;1;1;100;"353400"
2020;"ORLANDIA";1;"Município";1;0;0;0;0;0;0;0;0;"353430"
2020;"OSASCO";67;"Município";67;31;46,27;35;18;51,43;5;4;80;"353440"
2020;"OSVALDO CRUZ";2;"Município";2;0;0;0;0;0;0;0;0;"353460"
2020;"OURINHOS";5;"Município";5;3;60;0;0;0;0;0;0;"353470"
2020;"PALMEIRA DOESTE";1;"Município";1;0;0;0;0;0;0;0;0;"353520"
2020;"PALMITAL";5;"Município";5;3;60;3;1;33,33;0;0;0;"353530"
2020;"PARAGUACU PAULISTA";1;"Município";1;0;0;0;0;0;0;0;0;"353550"
2020;"PARAIBUNA";6;"Município";6;6;100;5;5;100;2;2;100;"353560"
2020;"PARDINHO";3;"Município";3;1;33,33;2;1;50;1;1;100;"353610"
2020;"PARIQUERA ACU";3;"Município";3;2;66,67;2;2;100;2;2;100;"353620"
2020;"PARISI";2;"Município";2;2;100;2;2;100;1;1;100;"353625"
2020;"PAULICEIA";1;"Município";1;1;100;0;0;0;0;0;0;"353640"
2020;"PAULINIA";14;"Município";14;5;35,71;4;4;100;0;0;0;"353650"
2020;"PAULISTANIA";2;"Município";2;2;100;2;2;100;2;2;100;"353657"
2020;"PEDERNEIRAS";3;"Município";3;3;100;3;3;100;2;2;100;"353670"
2020;"PEDREIRA";1;"Município";1;1;100;0;0;0;0;0;0;"353710"
2020;"PEDRINHAS PAULISTA";1;"Município";1;1;100;1;1;100;0;0;0;"353715"
2020;"PEDRO DE TOLEDO";1;"Município";1;0;0;0;0;0;0;0;0;"353720"
2020;"PENAPOLIS";1;"Município";1;1;100;0;0;0;0;0;0;"353730"
2020;"PEREIRA BARRETO";3;"Município";3;2;66,67;0;0;0;0;0;0;"353740"
2020;"PEREIRAS";1;"Município";1;1;100;0;0;0;0;0;0;"353750"
2020;"PERUIBE";7;"Município";7;4;57,14;3;3;100;1;1;100;"353760"
2020;"PIEDADE";4;"Município";4;2;50;1;1;100;0;0;0;"353780"
2020;"PILAR DO SUL";1;"Município";1;1;100;0;0;0;0;0;0;"353790"
2020;"PINDAMONHANGABA";14;"Município";14;10;71,43;5;4;80;2;1;50;"353800"
2020;"PINDORAMA";1;"Município";1;0;0;1;0;0;0;0;0;"353810"
2020;"PIRACAIA";2;"Município";2;2;100;1;1;100;1;1;100;"353860"
2020;"PIRACICABA";39;"Município";39;24;61,54;15;11;73,33;6;2;33,33;"353870"
2020;"PIRAPORA DO BOM JESUS";2;"Município";2;0;0;0;0;0;0;0;0;"353910"
2020;"PIRAPOZINHO";2;"Município";2;2;100;1;1;100;1;1;100;"353920"
2020;"PIRASSUNUNGA";2;"Município";2;2;100;0;0;0;0;0;0;"353930"
2020;"PIRATININGA";1;"Município";1;1;100;1;1;100;0;0;0;"353940"
2020;"POA";8;"Município";8;6;75;1;1;100;0;0;0;"353980"
2020;"POLONI";1;"Município";1;1;100;0;0;0;0;0;0;"353990"
2020;"PONTAL";3;"Município";3;1;33,33;2;0;0;1;0;0;"354020"
2020;"PORTO FELIZ";4;"Município";4;3;75;2;2;100;2;2;100;"354060"
2020;"PORTO FERREIRA";12;"Município";12;11;91,67;9;8;88,89;5;4;80;"354070"
2020;"POTIM";2;"Município";2;1;50;0;0;0;0;0;0;"354075"
2020;"POTIRENDABA";7;"Município";7;5;71,43;2;2;100;1;1;100;"354080"
2020;"PRAIA GRANDE";21;"Município";21;12;57,14;10;9;90;5;5;100;"354100"
2020;"PRATANIA";2;"Município";2;0;0;0;0;0;0;0;0;"354105"
2020;"PRESIDENTE EPITACIO";1;"Município";1;1;100;1;1;100;0;0;0;"354130"
2020;"PRESIDENTE PRUDENTE";17;"Município";17;8;47,06;9;5;55,56;3;2;66,67;"354140"
2020;"PRESIDENTE VENCESLAU";3;"Município";3;1;33,33;1;1;100;0;0;0;"354150"
2020;"PROMISSAO";1;"Município";1;1;100;1;1;100;0;0;0;"354160"
2020;"QUATA";3;"Município";3;3;100;0;0;0;0;0;0;"354170"
2020;"RAFARD";1;"Município";1;1;100;1;1;100;0;0;0;"354210"
2020;"RANCHARIA";1;"Município";1;1;100;1;1;100;0;0;0;"354220"
2020;"REGENTE FEIJO";2;"Município";2;0;0;2;0;0;1;0;0;"354240"
2020;"REGISTRO";7;"Município";7;3;42,86;2;1;50;1;0;0;"354260"
2020;"RIBEIRAO BRANCO";3;"Município";3;1;33,33;0;0;0;0;0;0;"354300"
2020;"RIBEIRAO CORRENTE";1;"Município";1;0;0;0;0;0;0;0;0;"354310"
2020;"RIBEIRAO DO SUL";1;"Município";1;1;100;0;0;0;0;0;0;"354320"
2020;"RIBEIRAO PIRES";37;"Município";37;17;45,95;4;3;75;2;2;100;"354330"
2020;"RIBEIRAO PRETO";100;"Município";100;42;42;41;21;51,22;12;8;66,67;"354340"
2020;"RINCAO";2;"Município";2;2;100;1;1;100;0;0;0;"354370"
2020;"RINOPOLIS";1;"Município";1;1;100;0;0;0;0;0;0;"354380"
2020;"RIO CLARO";13;"Município";13;9;69,23;4;4;100;2;2;100;"354390"
2020;"RIO DAS PEDRAS";1;"Município";1;1;100;0;0;0;0;0;0;"354400"
2020;"RIO GRANDE DA SERRA";5;"Município";5;5;100;2;2;100;2;2;100;"354410"
2020;"RIOLANDIA";1;"Município";1;1;100;0;0;0;0;0;0;"354420"
2020;"RIVERSUL";2;"Município";2;0;0;0;0;0;0;0;0;"354350"
2020;"ROSANA";1;"Município";1;0;0;0;0;0;0;0;0;"354425"
2020;"ROSEIRA";2;"Município";2;2;100;0;0;0;0;0;0;"354430"
2020;"SAGRES";1;"Município";1;1;100;1;1;100;1;1;100;"354470"
2020;"SALES";1;"Município";1;1;100;1;1;100;0;0;0;"354480"
2020;"SALTO";3;"Município";3;1;33,33;2;1;50;1;0;0;"354520"
2020;"SALTO DE PIRAPORA";2;"Município";2;1;50;1;1;100;0;0;0;"354530"
2020;"SALTO GRANDE";1;"Município";1;1;100;0;0;0;0;0;0;"354540"
2020;"SANDOVALINA";2;"Município";2;1;50;0;0;0;0;0;0;"354550"
2020;"SANTA BARBARA DOESTE";7;"Município";7;5;71,43;3;3;100;1;1;100;"354580"
2020;"SANTA BRANCA";5;"Município";5;4;80;0;0;0;0;0;0;"354600"
2020;"SANTA CRUZ DA ESPERANCA";1;"Município";1;0;0;1;0;0;0;0;0;"354625"
2020;"SANTA CRUZ DAS PALMEIRAS";4;"Município";4;4;100;3;3;100;1;1;100;"354630"
2020;"SANTA CRUZ DO RIO PARDO";2;"Município";2;0;0;0;0;0;0;0;0;"354640"
2020;"SANTA FE DO SUL";3;"Município";3;3;100;2;2;100;1;1;100;"354660"
2020;"SANTA GERTRUDES";1;"Município";1;1;100;0;0;0;0;0;0;"354670"
2020;"SANTA ISABEL";2;"Município";2;2;100;0;0;0;0;0;0;"354680"
2020;"SANTA LUCIA";3;"Município";3;3;100;1;1;100;0;0;0;"354690"
2020;"SANTA RITA DO PASSA QUATRO";3;"Município";3;2;66,67;2;2;100;1;1;100;"354750"
2020;"SANTA ROSA DE VITERBO";1;"Município";1;0;0;0;0;0;0;0;0;"354760"
2020;"SANTANA DE PARNAIBA";33;"Município";33;24;72,73;3;2;66,67;2;2;100;"354730"
2020;"SANTO ANDRE";145;"Município";145;68;46,9;27;22;81,48;14;13;92,86;"354780"
2020;"SANTO ANTONIO DE POSSE";1;"Município";1;1;100;1;1;100;0;0;0;"354800"
2020;"SANTO ANTONIO DO ARACANGUA";2;"Município";2;1;50;1;1;100;1;1;100;"354805"
2020;"SANTO ANTONIO DO PINHAL";1;"Município";1;1;100;1;1;100;1;1;100;"354820"
2020;"SANTOS";64;"Município";64;17;26,56;15;10;66,67;4;3;75;"354850"
2020;"SAO BENTO DO SAPUCAI";1;"Município";1;1;100;1;1;100;0;0;0;"354860"
2020;"SAO BERNARDO DO CAMPO";166;"Município";166;94;56,63;35;28;80;10;10;100;"354870"
2020;"SAO CAETANO DO SUL";9;"Município";9;2;22,22;0;0;0;0;0;0;"354880"
2020;"SAO CARLOS";11;"Município";11;8;72,73;3;2;66,67;1;0;0;"354890"
2020;"SAO JOAO DA BOA VISTA";10;"Município";10;1;10;3;1;33,33;2;0;0;"354910"
2020;"SAO JOAQUIM DA BARRA";1;"Município";1;0;0;0;0;0;0;0;0;"354940"
2020;"SAO JOSE DO RIO PARDO";1;"Município";1;1;100;1;1;100;0;0;0;"354970"
2020;"SAO JOSE DO RIO PRETO";155;"Município";155;82;52,9;24;20;83,33;13;11;84,62;"354980"
2020;"SAO JOSE DOS CAMPOS";118;"Município";118;88;74,58;40;31;77,5;19;15;78,95;"354990"
2020;"SAO MANUEL";2;"Município";2;0;0;1;0;0;0;0;0;"355010"
2020;"SAO MIGUEL ARCANJO";1;"Município";1;1;100;1;1;100;0;0;0;"355020"
2020;"SAO PAULO";1654;"Município";1654;923;55,8;408;284;69,61;162;112;69,14;"355030"
2020;"SAO PEDRO";4;"Município";4;3;75;1;1;100;1;1;100;"355040"
2020;"SAO PEDRO DO TURVO";1;"Município";1;0;0;0;0;0;0;0;0;"355050"
2020;"SAO ROQUE";5;"Município";5;1;20;2;0;0;0;0;0;"355060"
2020;"SAO SEBASTIAO";16;"Município";16;13;81,25;7;7;100;2;2;100;"355070"
2020;"SAO SEBASTIAO DA GRAMA";2;"Município";2;2;100;2;2;100;0;0;0;"355080"
2020;"SAO SIMAO";2;"Município";2;2;100;2;2;100;2;2;100;"355090"
2020;"SAO VICENTE";17;"Município";17;9;52,94;7;5;71,43;5;5;100;"355100"
2020;"SARAPUI";2;"Município";2;0;0;0;0;0;0;0;0;"355110"
2020;"SERRA AZUL";2;"Município";2;1;50;0;0;0;0;0;0;"355140"
2020;"SERRA NEGRA";4;"Município";4;2;50;1;1;100;1;0;0;"355160"
2020;"SERRANA";7;"Município";7;5;71,43;3;3;100;3;3;100;"355150"
2020;"SERTAOZINHO";16;"Município";16;8;50;7;4;57,14;4;3;75;"355170"
2020;"SETE BARRAS";1;"Município";1;1;100;1;1;100;1;1;100;"355180"
2020;"SOCORRO";1;"Município";1;1;100;0;0;0;0;0;0;"355210"
2020;"SOROCABA";61;"Município";61;36;59,02;26;19;73,08;11;9;81,82;"355220"
2020;"SUMARE";19;"Município";19;11;57,89;10;8;80;7;5;71,43;"355240"
2020;"SUZANO";28;"Município";28;14;50;6;5;83,33;3;2;66,67;"355250"
2020;"TABAPUA";1;"Município";1;0;0;1;0;0;0;0;0;"355260"
2020;"TABOAO DA SERRA";14;"Município";14;10;71,43;4;2;50;1;1;100;"355280"
2020;"TAGUAI";2;"Município";2;2;100;0;0;0;0;0;0;"355300"
2020;"TAIACU";1;"Município";1;1;100;0;0;0;0;0;0;"355310"
2020;"TAIUVA";1;"Município";1;0;0;0;0;0;0;0;0;"355320"
2020;"TANABI";7;"Município";7;5;71,43;4;3;75;3;3;100;"355340"
2020;"TAPIRAI";1;"Município";1;1;100;0;0;0;0;0;0;"355350"
2020;"TAQUARITUBA";1;"Município";1;0;0;1;0;0;0;0;0;"355380"
2020;"TARUMA";2;"Município";2;2;100;1;1;100;1;1;100;"355395"
2020;"TATUI";4;"Município";4;4;100;3;3;100;0;0;0;"355400"
2020;"TAUBATE";19;"Município";19;13;68,42;8;8;100;6;6;100;"355410"
2020;"TIETE";1;"Município";1;1;100;0;0;0;0;0;0;"355450"
2020;"TORRINHA";1;"Município";1;1;100;0;0;0;0;0;0;"355470"
2020;"TREMEMBE";2;"Município";2;2;100;1;1;100;1;1;100;"355480"
2020;"TUPI PAULISTA";1;"Município";1;1;100;0;0;0;0;0;0;"355510"
2020;"UBARANA";1;"Município";1;1;100;0;0;0;0;0;0;"355535"
2020;"UBATUBA";35;"Município";35;8;22,86;6;2;33,33;3;1;33,33;"355540"
2020;"UCHOA";2;"Município";2;2;100;1;1;100;0;0;0;"355560"
2020;"URUPES";1;"Município";1;1;100;1;1;100;0;0;0;"355600"
2020;"VALINHOS";9;"Município";9;4;44,44;3;2;66,67;1;1;100;"355620"
2020;"VALPARAISO";1;"Município";1;1;100;0;0;0;0;0;0;"355630"
2020;"VARGEM";1;"Município";1;0;0;0;0;0;0;0;0;"355635"
2020;"VARGEM GRANDE PAULISTA";8;"Município";8;5;62,5;5;4;80;1;1;100;"355645"
2020;"VARZEA PAULISTA";11;"Município";11;7;63,64;4;3;75;2;2;100;"355650"
2020;"VERA CRUZ";1;"Município";1;0;0;0;0;0;0;0;0;"355660"
2020;"VINHEDO";7;"Município";7;5;71,43;2;2;100;2;2;100;"355670"
2020;"VISTA ALEGRE DO ALTO";1;"Município";1;1;100;1;1;100;1;1;100;"355690"
2020;"VOTORANTIM";5;"Município";5;4;80;4;3;75;1;1;100;"355700"
2020;"VOTUPORANGA";8;"Município";8;8;100;4;4;100;2;2;100;"355710"
2020;NA;24;"Município";24;11;45,83;7;4;57,14;2;2;100;NA
2021;"ADAMANTINA";2;"Município";2;2;100;2;2;100;1;1;100;"350010"
2021;"AGUAI";5;"Município";5;5;100;5;5;100;1;1;100;"350030"
2021;"AGUAS DA PRATA";2;"Município";2;1;50;2;1;50;1;1;100;"350040"
2021;"AGUAS DE LINDOIA";2;"Município";2;2;100;0;0;0;1;1;100;"350050"
2021;"ALTINOPOLIS";1;"Município";1;1;100;1;1;100;1;1;100;"350100"
2021;"ALUMINIO";2;"Município";2;1;50;0;0;0;0;0;0;"350115"
2021;"ALVARO DE CARVALHO";2;"Município";2;2;100;2;2;100;0;0;0;"350140"
2021;"AMERICANA";43;"Município";43;22;51,16;7;5;71,43;2;2;100;"350160"
2021;"AMERICO BRASILIENSE";2;"Município";2;1;50;1;0;0;0;0;0;"350170"
2021;"AMPARO";6;"Município";6;5;83,33;2;2;100;1;1;100;"350190"
2021;"ANDRADINA";2;"Município";2;1;50;2;1;50;1;0;0;"350210"
2021;"ANHEMBI";1;"Município";1;0;0;0;0;0;0;0;0;"350230"
2021;"APARECIDA";1;"Município";1;1;100;0;0;0;0;0;0;"350250"
2021;"APIAI";3;"Município";3;1;33,33;0;0;0;0;0;0;"350270"
2021;"ARACARIGUAMA";8;"Município";8;6;75;1;1;100;0;0;0;"350275"
2021;"ARACATUBA";6;"Município";6;4;66,67;0;0;0;0;0;0;"350280"
2021;"ARACOIABA DA SERRA";3;"Município";3;3;100;3;3;100;2;2;100;"350290"
2021;"ARARAQUARA";18;"Município";18;14;77,78;9;9;100;7;7;100;"350320"
2021;"ARARAS";12;"Município";12;9;75;5;4;80;1;1;100;"350330"
2021;"AREALVA";1;"Município";1;1;100;1;1;100;0;0;0;"350340"
2021;"AREIOPOLIS";2;"Município";2;1;50;1;0;0;0;0;0;"350360"
2021;"ARTUR NOGUEIRA";3;"Município";3;2;66,67;0;0;0;0;0;0;"350380"
2021;"ARUJA";9;"Município";9;5;55,56;2;2;100;0;0;0;"350390"
2021;"ASSIS";8;"Município";8;4;50;4;3;75;1;1;100;"350400"
2021;"ATIBAIA";14;"Município";14;12;85,71;9;9;100;5;5;100;"350410"
2021;"AURIFLAMA";1;"Município";1;1;100;0;0;0;0;0;0;"350420"
2021;"AVARE";10;"Município";10;4;40;6;4;66,67;2;2;100;"350450"
2021;"BADY BASSITT";8;"Município";8;7;87,5;2;2;100;2;2;100;"350460"
2021;"BARIRI";4;"Município";4;3;75;2;2;100;2;2;100;"350520"
2021;"BARRA BONITA";2;"Município";2;1;50;0;0;0;0;0;0;"350530"
2021;"BARRA DO CHAPEU";2;"Município";2;2;100;1;1;100;0;0;0;"350535"
2021;"BARRA DO TURVO";3;"Município";3;0;0;1;0;0;1;0;0;"350540"
2021;"BARRETOS";5;"Município";5;3;60;4;2;50;2;1;50;"350550"
2021;"BARRINHA";7;"Município";7;4;57,14;5;4;80;5;4;80;"350560"
2021;"BARUERI";60;"Município";60;19;31,67;1;1;100;0;0;0;"350570"
2021;"BATATAIS";8;"Município";8;2;25;3;1;33,33;2;1;50;"350590"
2021;"BAURU";56;"Município";56;45;80,36;20;19;95;14;14;100;"350600"
2021;"BEBEDOURO";2;"Município";2;2;100;1;1;100;1;1;100;"350610"
2021;"BERNARDINO DE CAMPOS";2;"Município";2;1;50;1;1;100;0;0;0;"350630"
2021;"BERTIOGA";7;"Município";7;7;100;2;2;100;2;2;100;"350635"
2021;"BIRIGUI";10;"Município";10;10;100;8;8;100;2;2;100;"350650"
2021;"BIRITIBA MIRIM";2;"Município";2;2;100;1;1;100;0;0;0;"350660"
2021;"BOFETE";1;"Município";1;1;100;0;0;0;0;0;0;"350690"
2021;"BOITUVA";8;"Município";8;5;62,5;5;5;100;4;4;100;"350700"
2021;"BOM JESUS DOS PERDOES";3;"Município";3;3;100;1;1;100;1;1;100;"350710"
2021;"BORBOREMA";1;"Município";1;1;100;1;1;100;1;1;100;"350740"
2021;"BOTUCATU";31;"Município";31;6;19,35;20;4;20;4;0;0;"350750"
2021;"BRAGANCA PAULISTA";3;"Município";3;2;66,67;2;2;100;1;1;100;"350760"
2021;"BRAUNA";1;"Município";1;1;100;1;1;100;0;0;0;"350770"
2021;"BRODOWSKI";4;"Município";4;2;50;0;0;0;0;0;0;"350780"
2021;"BROTAS";2;"Município";2;1;50;1;1;100;0;0;0;"350790"
2021;"BURITAMA";3;"Município";3;2;66,67;1;1;100;0;0;0;"350810"
2021;"CABRALIA PAULISTA";1;"Município";1;1;100;0;0;0;0;0;0;"350830"
2021;"CABREUVA";11;"Município";11;9;81,82;2;2;100;2;1;50;"350840"
2021;"CACAPAVA";26;"Município";26;22;84,62;5;3;60;2;2;100;"350850"
2021;"CACHOEIRA PAULISTA";6;"Município";6;4;66,67;4;4;100;0;0;0;"350860"
2021;"CACONDE";1;"Município";1;1;100;0;0;0;0;0;0;"350870"
2021;"CAFELANDIA";1;"Município";1;1;100;1;1;100;0;0;0;"350880"
2021;"CAIEIRAS";3;"Município";3;0;0;0;0;0;0;0;0;"350900"
2021;"CAJAMAR";10;"Município";10;7;70;2;2;100;1;1;100;"350920"
2021;"CAJATI";3;"Município";3;1;33,33;1;0;0;0;0;0;"350925"
2021;"CAJURU";2;"Município";2;2;100;2;2;100;2;2;100;"350940"
2021;"CAMPINAS";248;"Município";248;69;27,82;78;36;46,15;62;26;41,94;"350950"
2021;"CAMPO LIMPO PAULISTA";4;"Município";4;3;75;0;0;0;0;0;0;"350960"
2021;"CAMPOS DO JORDAO";8;"Município";8;3;37,5;1;1;100;2;2;100;"350970"
2021;"CAMPOS NOVOS PAULISTA";1;"Município";1;1;100;0;0;0;0;0;0;"350980"
2021;"CANANEIA";1;"Município";1;1;100;0;0;0;0;0;0;"350990"
2021;"CANDIDO MOTA";4;"Município";4;2;50;4;2;50;1;0;0;"351000"
2021;"CAPAO BONITO";5;"Município";5;3;60;2;2;100;1;1;100;"351020"
2021;"CAPELA DO ALTO";1;"Município";1;1;100;1;1;100;1;1;100;"351030"
2021;"CAPIVARI";3;"Município";3;1;33,33;0;0;0;0;0;0;"351040"
2021;"CARAGUATATUBA";82;"Município";82;61;74,39;10;9;90;6;6;100;"351050"
2021;"CARAPICUIBA";25;"Município";25;16;64;4;3;75;1;1;100;"351060"
2021;"CARDOSO";3;"Município";3;3;100;3;3;100;1;1;100;"351070"
2021;"CASA BRANCA";4;"Município";4;3;75;3;3;100;2;2;100;"351080"
2021;"CASTILHO";2;"Município";2;1;50;1;1;100;0;0;0;"351100"
2021;"CATANDUVA";6;"Município";6;5;83,33;2;2;100;0;0;0;"351110"
2021;"CEDRAL";5;"Município";5;5;100;0;0;0;0;0;0;"351130"
2021;"CERQUEIRA CESAR";2;"Município";2;1;50;0;0;0;0;0;0;"351140"
2021;"CERQUILHO";3;"Município";3;3;100;2;2;100;1;1;100;"351150"
2021;"CESARIO LANGE";1;"Município";1;0;0;0;0;0;0;0;0;"351160"
2021;"CHARQUEADA";1;"Município";1;1;100;0;0;0;0;0;0;"351170"
2021;"CONCHAL";3;"Município";3;3;100;0;0;0;0;0;0;"351220"
2021;"COSMOPOLIS";1;"Município";1;0;0;0;0;0;0;0;0;"351280"
2021;"COSMORAMA";1;"Município";1;1;100;1;1;100;0;0;0;"351290"
2021;"COTIA";24;"Município";24;14;58,33;4;2;50;1;0;0;"351300"
2021;"CRAVINHOS";3;"Município";3;3;100;3;3;100;0;0;0;"351310"
2021;"CUBATAO";7;"Município";7;4;57,14;2;2;100;2;2;100;"351350"
2021;"DESCALVADO";2;"Município";2;1;50;1;1;100;1;1;100;"351370"
2021;"DIADEMA";40;"Município";40;24;60;8;8;100;3;3;100;"351380"
2021;"DOBRADA";2;"Município";2;0;0;0;0;0;0;0;0;"351400"
2021;"DOLCINOPOLIS";1;"Município";1;0;0;0;0;0;0;0;0;"351420"
2021;"DUARTINA";1;"Município";1;1;100;0;0;0;0;0;0;"351450"
2021;"DUMONT";1;"Município";1;0;0;0;0;0;0;0;0;"351460"
2021;"ELDORADO";4;"Município";4;1;25;2;1;50;2;1;50;"351480"
2021;"EMBU DAS ARTES";36;"Município";36;17;47,22;8;5;62,5;4;4;100;"351500"
2021;"EMBU GUACU";7;"Município";7;6;85,71;2;1;50;2;1;50;"351510"
2021;"ESPIRITO SANTO DO PINHAL";3;"Município";3;1;33,33;2;1;50;0;0;0;"351518"
2021;"ESTIVA GERBI";3;"Município";3;2;66,67;3;2;66,67;2;1;50;"355730"
2021;"EUCLIDES DA CUNHA PAULISTA";1;"Município";1;1;100;1;1;100;0;0;0;"351535"
2021;"FARTURA";1;"Município";1;0;0;0;0;0;0;0;0;"351540"
2021;"FERNANDOPOLIS";8;"Município";8;7;87,5;3;3;100;1;1;100;"351550"
2021;"FERRAZ DE VASCONCELOS";18;"Município";18;9;50;6;1;16,67;1;0;0;"351570"
2021;"FLORINEA";1;"Município";1;0;0;1;0;0;0;0;0;"351610"
2021;"FRANCA";16;"Município";16;10;62,5;10;7;70;8;6;75;"351620"
2021;"FRANCISCO MORATO";10;"Município";10;7;70;3;2;66,67;0;0;0;"351630"
2021;"FRANCO DA ROCHA";12;"Município";12;7;58,33;2;1;50;0;0;0;"351640"
2021;"GARCA";3;"Município";3;2;66,67;3;2;66,67;2;2;100;"351670"
2021;"GETULINA";1;"Município";1;1;100;1;1;100;0;0;0;"351700"
2021;"GUAICARA";2;"Município";2;1;50;2;1;50;0;0;0;"351720"
2021;"GUAIRA";3;"Município";3;2;66,67;2;1;50;2;1;50;"351740"
2021;"GUAPIACU";6;"Município";6;6;100;3;3;100;2;2;100;"351750"
2021;"GUAPIARA";1;"Município";1;0;0;0;0;0;0;0;0;"351760"
2021;"GUARARAPES";5;"Município";5;3;60;1;1;100;1;1;100;"351820"
2021;"GUARAREMA";8;"Município";8;5;62,5;3;2;66,67;0;0;0;"351830"
2021;"GUARIBA";1;"Município";1;1;100;1;1;100;0;0;0;"351860"
2021;"GUARUJA";22;"Município";22;15;68,18;3;3;100;0;0;0;"351870"
2021;"GUARULHOS";147;"Município";147;83;56,46;35;26;74,29;12;10;83,33;"351880"
2021;"GUATAPARA";4;"Município";4;3;75;1;0;0;0;0;0;"351885"
2021;"HOLAMBRA";2;"Município";2;0;0;1;0;0;1;0;0;"351905"
2021;"HORTOLANDIA";46;"Município";46;34;73,91;19;16;84,21;10;8;80;"351907"
2021;"IBATE";2;"Município";2;1;50;0;0;0;0;0;0;"351930"
2021;"IBIRA";5;"Município";5;5;100;1;1;100;0;0;0;"351940"
2021;"IBIRAREMA";1;"Município";1;1;100;1;1;100;1;1;100;"351950"
2021;"IBITINGA";5;"Município";5;4;80;4;4;100;4;4;100;"351960"
2021;"IBIUNA";7;"Município";7;3;42,86;3;1;33,33;1;1;100;"351970"
2021;"ICEM";1;"Município";1;1;100;1;1;100;1;1;100;"351980"
2021;"IGARACU DO TIETE";4;"Município";4;3;75;1;1;100;1;1;100;"352000"
2021;"IGARAPAVA";1;"Município";1;0;0;0;0;0;0;0;0;"352010"
2021;"IGARATA";1;"Município";1;1;100;0;0;0;0;0;0;"352020"
2021;"IGUAPE";2;"Município";2;0;0;1;0;0;1;0;0;"352030"
2021;"ILHA COMPRIDA";8;"Município";8;6;75;6;5;83,33;3;2;66,67;"352042"
2021;"ILHA SOLTEIRA";1;"Município";1;1;100;1;1;100;0;0;0;"352044"
2021;"ILHABELA";21;"Município";21;18;85,71;5;5;100;4;4;100;"352040"
2021;"INDAIATUBA";24;"Município";24;17;70,83;4;3;75;4;2;50;"352050"
2021;"INDIANA";1;"Município";1;0;0;0;0;0;0;0;0;"352060"
2021;"IPAUSSU";1;"Município";1;1;100;1;1;100;0;0;0;"352090"
2021;"IPERO";3;"Município";3;3;100;1;1;100;0;0;0;"352100"
2021;"IPORANGA";1;"Município";1;1;100;0;0;0;0;0;0;"352120"
2021;"IRACEMAPOLIS";1;"Município";1;0;0;0;0;0;0;0;0;"352140"
2021;"ITABERA";1;"Município";1;1;100;1;1;100;0;0;0;"352170"
2021;"ITAI";3;"Município";3;1;33,33;1;0;0;0;0;0;"352180"
2021;"ITANHAEM";15;"Município";15;10;66,67;7;5;71,43;4;4;100;"352210"
2021;"ITAPECERICA DA SERRA";24;"Município";24;10;41,67;6;3;50;2;1;50;"352220"
2021;"ITAPETININGA";29;"Município";29;9;31,03;7;5;71,43;4;4;100;"352230"
2021;"ITAPEVA";16;"Município";16;10;62,5;6;5;83,33;3;3;100;"352240"
2021;"ITAPEVI";26;"Município";26;18;69,23;7;7;100;1;1;100;"352250"
2021;"ITAPIRA";8;"Município";8;6;75;3;3;100;3;3;100;"352260"
2021;"ITAPIRAPUA PAULISTA";1;"Município";1;1;100;0;0;0;0;0;0;"352265"
2021;"ITAPOLIS";2;"Município";2;2;100;2;2;100;2;2;100;"352270"
2021;"ITAPORANGA";3;"Município";3;0;0;1;0;0;0;0;0;"352280"
2021;"ITAQUAQUECETUBA";37;"Município";37;26;70,27;6;5;83,33;5;4;80;"352310"
2021;"ITARARE";2;"Município";2;1;50;1;1;100;0;0;0;"352320"
2021;"ITARIRI";3;"Município";3;3;100;0;0;0;0;0;0;"352330"
2021;"ITATIBA";13;"Município";13;3;23,08;6;3;50;5;2;40;"352340"
2021;"ITATINGA";3;"Município";3;0;0;2;0;0;0;0;0;"352350"
2021;"ITIRAPINA";3;"Município";3;3;100;2;2;100;1;1;100;"352360"
2021;"ITIRAPUA";1;"Município";1;0;0;0;0;0;0;0;0;"352370"
2021;"ITU";15;"Município";15;7;46,67;6;3;50;3;1;33,33;"352390"
2021;"ITUPEVA";3;"Município";3;1;33,33;0;0;0;0;0;0;"352400"
2021;"JABOTICABAL";4;"Município";4;3;75;2;2;100;1;1;100;"352430"
2021;"JACAREI";55;"Município";55;41;74,55;5;4;80;0;0;0;"352440"
2021;"JACI";4;"Município";4;3;75;1;1;100;1;1;100;"352450"
2021;"JACUPIRANGA";3;"Município";3;1;33,33;1;1;100;1;1;100;"352460"
2021;"JAGUARIUNA";6;"Município";6;4;66,67;2;2;100;1;1;100;"352470"
2021;"JAMBEIRO";1;"Município";1;1;100;0;0;0;0;0;0;"352490"
2021;"JANDIRA";11;"Município";11;10;90,91;2;2;100;0;0;0;"352500"
2021;"JARDINOPOLIS";2;"Município";2;0;0;1;0;0;1;0;0;"352510"
2021;"JARINU";2;"Município";2;0;0;1;0;0;0;0;0;"352520"
2021;"JAU";5;"Município";5;4;80;4;3;75;2;2;100;"352530"
2021;"JERIQUARA";1;"Município";1;1;100;1;1;100;0;0;0;"352540"
2021;"JOSE BONIFACIO";9;"Município";9;5;55,56;2;2;100;1;1;100;"352570"
2021;"JUNDIAI";96;"Município";96;51;53,12;18;17;94,44;5;5;100;"352590"
2021;"JUQUIA";4;"Município";4;3;75;3;2;66,67;2;2;100;"352610"
2021;"JUQUITIBA";3;"Município";3;2;66,67;0;0;0;0;0;0;"352620"
2021;"LARANJAL PAULISTA";4;"Município";4;3;75;2;1;50;0;0;0;"352640"
2021;"LAVINIA";1;"Município";1;1;100;1;1;100;0;0;0;"352650"
2021;"LEME";21;"Município";21;0;0;3;0;0;2;0;0;"352670"
2021;"LENCOIS PAULISTA";10;"Município";10;8;80;5;3;60;1;1;100;"352680"
2021;"LIMEIRA";7;"Município";7;5;71,43;1;1;100;2;2;100;"352690"
2021;"LINDOIA";1;"Município";1;1;100;1;1;100;0;0;0;"352700"
2021;"LINS";12;"Município";12;4;33,33;4;3;75;0;0;0;"352710"
2021;"LORENA";5;"Município";5;4;80;1;1;100;0;0;0;"352720"
2021;"LOUVEIRA";4;"Município";4;3;75;1;1;100;0;0;0;"352730"
2021;"LUCELIA";1;"Município";1;1;100;1;1;100;1;1;100;"352740"
2021;"MACATUBA";1;"Município";1;1;100;1;1;100;0;0;0;"352800"
2021;"MACAUBAL";1;"Município";1;1;100;0;0;0;0;0;0;"352810"
2021;"MAGDA";1;"Município";1;0;0;0;0;0;0;0;0;"352830"
2021;"MAIRINQUE";3;"Município";3;2;66,67;2;2;100;0;0;0;"352840"
2021;"MAIRIPORA";12;"Município";12;8;66,67;1;1;100;2;2;100;"352850"
2021;"MARILIA";21;"Município";21;16;76,19;9;6;66,67;4;4;100;"352900"
2021;"MATAO";2;"Município";2;0;0;0;0;0;0;0;0;"352930"
2021;"MAUA";142;"Município";142;73;51,41;23;16;69,57;13;8;61,54;"352940"
2021;"MENDONCA";6;"Município";6;2;33,33;1;1;100;1;1;100;"352950"
2021;"MIRACATU";1;"Município";1;0;0;0;0;0;0;0;0;"352990"
2021;"MIRASSOL";16;"Município";16;13;81,25;6;6;100;5;5;100;"353030"
2021;"MIRASSOLANDIA";3;"Município";3;3;100;0;0;0;0;0;0;"353040"
2021;"MOCOCA";3;"Município";3;2;66,67;2;2;100;0;0;0;"353050"
2021;"MOGI DAS CRUZES";130;"Município";130;60;46,15;10;10;100;5;5;100;"353060"
2021;"MOGI GUACU";6;"Município";6;2;33,33;4;2;50;4;2;50;"353070"
2021;"MOGI MIRIM";8;"Município";8;8;100;4;4;100;0;0;0;"353080"
2021;"MONGAGUA";6;"Município";6;4;66,67;5;4;80;2;2;100;"353110"
2021;"MONTE ALTO";4;"Município";4;4;100;1;1;100;0;0;0;"353130"
2021;"MONTE APRAZIVEL";4;"Município";4;4;100;0;0;0;0;0;0;"353140"
2021;"MONTE MOR";7;"Município";7;6;85,71;0;0;0;0;0;0;"353180"
2021;"MORRO AGUDO";1;"Município";1;0;0;0;0;0;0;0;0;"353190"
2021;"MOTUCA";2;"Município";2;1;50;0;0;0;0;0;0;"353205"
2021;"NANTES";2;"Município";2;2;100;1;1;100;1;1;100;"353215"
2021;"NARANDIBA";1;"Município";1;0;0;0;0;0;0;0;0;"353220"
2021;"NATIVIDADE DA SERRA";1;"Município";1;1;100;0;0;0;0;0;0;"353230"
2021;"NAZARE PAULISTA";1;"Município";1;1;100;1;1;100;1;1;100;"353240"
2021;"NEVES PAULISTA";1;"Município";1;1;100;0;0;0;0;0;0;"353250"
2021;"NOVA ALIANCA";1;"Município";1;0;0;0;0;0;0;0;0;"353280"
2021;"NOVA CAMPINA";2;"Município";2;1;50;2;1;50;1;1;100;"353282"
2021;"NOVA GRANADA";2;"Município";2;1;50;2;1;50;2;1;50;"353300"
2021;"NOVA ODESSA";4;"Município";4;3;75;2;2;100;1;1;100;"353340"
2021;"NOVO HORIZONTE";2;"Município";2;1;50;0;0;0;0;0;0;"353350"
2021;"NUPORANGA";1;"Município";1;1;100;0;0;0;0;0;0;"353360"
2021;"ONDA VERDE";3;"Município";3;2;66,67;2;2;100;2;1;50;"353400"
2021;"ORIENTE";1;"Município";1;0;0;1;0;0;1;0;0;"353410"
2021;"OSASCO";145;"Município";145;62;42,76;78;36;46,15;10;8;80;"353440"
2021;"OSVALDO CRUZ";1;"Município";1;0;0;0;0;0;0;0;0;"353460"
2021;"OURINHOS";6;"Município";6;4;66,67;2;2;100;1;1;100;"353470"
2021;"PALESTINA";3;"Município";3;3;100;0;0;0;0;0;0;"353500"
2021;"PALMARES PAULISTA";1;"Município";1;0;0;1;0;0;0;0;0;"353510"
2021;"PALMITAL";1;"Município";1;0;0;1;0;0;0;0;0;"353530"
2021;"PANORAMA";1;"Município";1;1;100;1;1;100;1;1;100;"353540"
2021;"PARAIBUNA";4;"Município";4;4;100;2;2;100;0;0;0;"353560"
2021;"PARANAPUA";1;"Município";1;1;100;1;1;100;1;1;100;"353590"
2021;"PARDINHO";5;"Município";5;2;40;2;1;50;0;0;0;"353610"
2021;"PARIQUERA ACU";7;"Município";7;0;0;2;0;0;0;0;0;"353620"
2021;"PAULINIA";33;"Município";33;23;69,7;10;7;70;4;4;100;"353650"
2021;"PAULO DE FARIA";2;"Município";2;2;100;0;0;0;0;0;0;"353660"
2021;"PEDERNEIRAS";6;"Município";6;6;100;3;3;100;3;3;100;"353670"
2021;"PEDREGULHO";1;"Município";1;1;100;1;1;100;1;1;100;"353700"
2021;"PEDREIRA";5;"Município";5;3;60;1;1;100;0;0;0;"353710"
2021;"PENAPOLIS";5;"Município";5;4;80;2;2;100;1;1;100;"353730"
2021;"PEREIRA BARRETO";6;"Município";6;4;66,67;0;0;0;0;0;0;"353740"
2021;"PERUIBE";6;"Município";6;6;100;3;3;100;1;1;100;"353760"
2021;"PIEDADE";3;"Município";3;3;100;1;1;100;1;1;100;"353780"
2021;"PILAR DO SUL";2;"Município";2;1;50;0;0;0;0;0;0;"353790"
2021;"PINDAMONHANGABA";29;"Município";29;16;55,17;7;6;85,71;5;5;100;"353800"
2021;"PINDORAMA";1;"Município";1;1;100;0;0;0;0;0;0;"353810"
2021;"PINHALZINHO";1;"Município";1;0;0;0;0;0;0;0;0;"353820"
2021;"PIQUETE";1;"Município";1;1;100;0;0;0;0;0;0;"353850"
2021;"PIRACAIA";1;"Município";1;1;100;1;1;100;0;0;0;"353860"
2021;"PIRACICABA";32;"Município";32;23;71,88;17;16;94,12;15;12;80;"353870"
2021;"PIRAJU";2;"Município";2;2;100;2;2;100;1;1;100;"353880"
2021;"PIRAJUI";1;"Município";1;1;100;0;0;0;0;0;0;"353890"
2021;"PIRANGI";1;"Município";1;1;100;0;0;0;0;0;0;"353900"
2021;"PIRAPORA DO BOM JESUS";5;"Município";5;1;20;0;0;0;0;0;0;"353910"
2021;"PIRAPOZINHO";4;"Município";4;3;75;1;1;100;1;1;100;"353920"
2021;"POA";12;"Município";12;7;58,33;2;2;100;0;0;0;"353980"
2021;"PONTAL";3;"Município";3;3;100;2;2;100;1;1;100;"354020"
2021;"PORANGABA";2;"Município";2;0;0;0;0;0;0;0;0;"354050"
2021;"PORTO FELIZ";6;"Município";6;4;66,67;3;3;100;1;1;100;"354060"
2021;"PORTO FERREIRA";4;"Município";4;4;100;2;2;100;1;1;100;"354070"
2021;"POTIM";1;"Município";1;1;100;0;0;0;0;0;0;"354075"
2021;"POTIRENDABA";2;"Município";2;0;0;0;0;0;0;0;0;"354080"
2021;"PRADOPOLIS";1;"Município";1;1;100;1;1;100;0;0;0;"354090"
2021;"PRAIA GRANDE";29;"Município";29;20;68,97;16;13;81,25;9;9;100;"354100"
2021;"PRESIDENTE BERNARDES";1;"Município";1;0;0;0;0;0;0;0;0;"354120"
2021;"PRESIDENTE EPITACIO";4;"Município";4;4;100;0;0;0;0;0;0;"354130"
2021;"PRESIDENTE PRUDENTE";22;"Município";22;15;68,18;13;10;76,92;7;5;71,43;"354140"
2021;"PRESIDENTE VENCESLAU";3;"Município";3;3;100;1;1;100;0;0;0;"354150"
2021;"QUADRA";1;"Município";1;0;0;1;0;0;0;0;0;"354165"
2021;"RAFARD";2;"Município";2;2;100;0;0;0;0;0;0;"354210"
2021;"REGISTRO";7;"Município";7;4;57,14;4;3;75;3;2;66,67;"354260"
2021;"RIBEIRAO BRANCO";2;"Município";2;2;100;1;1;100;0;0;0;"354300"
2021;"RIBEIRAO CORRENTE";1;"Município";1;0;0;1;0;0;0;0;0;"354310"
2021;"RIBEIRAO GRANDE";1;"Município";1;0;0;0;0;0;0;0;0;"354325"
2021;"RIBEIRAO PIRES";35;"Município";35;23;65,71;1;1;100;1;1;100;"354330"
2021;"RIBEIRAO PRETO";97;"Município";97;57;58,76;48;41;85,42;29;25;86,21;"354340"
2021;"RINCAO";5;"Município";5;4;80;0;0;0;0;0;0;"354370"
2021;"RIO CLARO";7;"Município";7;5;71,43;3;3;100;3;3;100;"354390"
2021;"RIO GRANDE DA SERRA";6;"Município";6;4;66,67;1;1;100;0;0;0;"354410"
2021;"ROSANA";1;"Município";1;1;100;1;1;100;1;1;100;"354425"
2021;"SALES";2;"Município";2;2;100;0;0;0;0;0;0;"354480"
2021;"SALES OLIVEIRA";1;"Município";1;1;100;1;1;100;1;1;100;"354490"
2021;"SALTO";4;"Município";4;2;50;2;2;100;1;1;100;"354520"
2021;"SANTA ADELIA";1;"Município";1;0;0;0;0;0;0;0;0;"354560"
2021;"SANTA BARBARA DOESTE";7;"Município";7;2;28,57;1;1;100;0;0;0;"354580"
2021;"SANTA BRANCA";2;"Município";2;1;50;0;0;0;0;0;0;"354600"
2021;"SANTA CLARA DOESTE";2;"Município";2;1;50;1;1;100;0;0;0;"354610"
2021;"SANTA CRUZ DAS PALMEIRAS";1;"Município";1;1;100;1;1;100;1;1;100;"354630"
2021;"SANTA CRUZ DO RIO PARDO";2;"Município";2;2;100;1;1;100;0;0;0;"354640"
2021;"SANTA FE DO SUL";5;"Município";5;5;100;1;1;100;0;0;0;"354660"
2021;"SANTA GERTRUDES";1;"Município";1;1;100;0;0;0;0;0;0;"354670"
2021;"SANTA ISABEL";3;"Município";3;3;100;0;0;0;0;0;0;"354680"
2021;"SANTA LUCIA";1;"Município";1;1;100;0;0;0;0;0;0;"354690"
2021;"SANTA RITA DO PASSA QUATRO";1;"Município";1;1;100;1;1;100;1;1;100;"354750"
2021;"SANTA RITA DOESTE";1;"Município";1;1;100;0;0;0;0;0;0;"354740"
2021;"SANTA ROSA DE VITERBO";5;"Município";5;2;40;2;1;50;1;1;100;"354760"
2021;"SANTANA DE PARNAIBA";28;"Município";28;12;42,86;5;2;40;2;0;0;"354730"
2021;"SANTO ANDRE";182;"Município";182;91;50;36;33;91,67;20;18;90;"354780"
2021;"SANTO ANTONIO DA ALEGRIA";1;"Município";1;1;100;1;1;100;1;1;100;"354790"
2021;"SANTOS";67;"Município";67;27;40,3;22;16;72,73;7;6;85,71;"354850"
2021;"SAO BENTO DO SAPUCAI";1;"Município";1;1;100;1;1;100;0;0;0;"354860"
2021;"SAO BERNARDO DO CAMPO";183;"Município";183;108;59,02;26;25;96,15;16;14;87,5;"354870"
2021;"SAO CAETANO DO SUL";3;"Município";3;1;33,33;1;0;0;0;0;0;"354880"
2021;"SAO CARLOS";20;"Município";20;15;75;12;11;91,67;3;3;100;"354890"
2021;"SAO JOAO DA BOA VISTA";11;"Município";11;1;9,09;1;0;0;0;0;0;"354910"
2021;"SAO JOAQUIM DA BARRA";1;"Município";1;1;100;0;0;0;0;0;0;"354940"
2021;"SAO JOSE DO RIO PRETO";157;"Município";157;87;55,41;26;22;84,62;15;14;93,33;"354980"
2021;"SAO JOSE DOS CAMPOS";198;"Município";198;146;73,74;53;36;67,92;21;18;85,71;"354990"
2021;"SAO LOURENCO DA SERRA";2;"Município";2;1;50;0;0;0;0;0;0;"354995"
2021;"SAO MANUEL";3;"Município";3;0;0;2;0;0;1;0;0;"355010"
2021;"SAO MIGUEL ARCANJO";4;"Município";4;2;50;1;0;0;0;0;0;"355020"
2021;"SAO PAULO";1883;"Município";1883;1084;57,57;459;318;69,28;167;120;71,86;"355030"
2021;"SAO PEDRO";4;"Município";4;3;75;2;2;100;0;0;0;"355040"
2021;"SAO PEDRO DO TURVO";1;"Município";1;1;100;0;0;0;0;0;0;"355050"
2021;"SAO ROQUE";4;"Município";4;2;50;2;1;50;0;0;0;"355060"
2021;"SAO SEBASTIAO";32;"Município";32;20;62,5;5;4;80;1;1;100;"355070"
2021;"SAO SIMAO";2;"Município";2;2;100;2;2;100;2;2;100;"355090"
2021;"SAO VICENTE";21;"Município";21;9;42,86;15;8;53,33;6;5;83,33;"355100"
2021;"SEBASTIANOPOLIS DO SUL";1;"Município";1;1;100;0;0;0;0;0;0;"355130"
2021;"SERRA AZUL";1;"Município";1;1;100;0;0;0;0;0;0;"355140"
2021;"SERRA NEGRA";3;"Município";3;1;33,33;1;1;100;1;1;100;"355160"
2021;"SERRANA";10;"Município";10;4;40;3;1;33,33;0;0;0;"355150"
2021;"SERTAOZINHO";19;"Município";19;12;63,16;8;4;50;1;1;100;"355170"
2021;"SETE BARRAS";1;"Município";1;1;100;1;1;100;1;1;100;"355180"
2021;"SEVERINIA";2;"Município";2;2;100;0;0;0;0;0;0;"355190"
2021;"SOROCABA";64;"Município";64;36;56,25;24;19;79,17;8;8;100;"355220"
2021;"SUMARE";25;"Município";25;17;68;5;4;80;2;2;100;"355240"
2021;"SUZANO";49;"Município";49;22;44,9;6;3;50;4;1;25;"355250"
2021;"TABAPUA";1;"Município";1;1;100;0;0;0;0;0;0;"355260"
2021;"TABOAO DA SERRA";32;"Município";32;16;50;9;7;77,78;5;4;80;"355280"
2021;"TAGUAI";1;"Município";1;1;100;1;1;100;0;0;0;"355300"
2021;"TAMBAU";2;"Município";2;1;50;1;1;100;0;0;0;"355330"
2021;"TANABI";4;"Município";4;1;25;0;0;0;0;0;0;"355340"
2021;"TAPIRAI";1;"Município";1;0;0;0;0;0;0;0;0;"355350"
2021;"TAQUARAL";1;"Município";1;0;0;1;0;0;0;0;0;"355365"
2021;"TAQUARITINGA";1;"Município";1;1;100;1;1;100;1;1;100;"355370"
2021;"TAQUARITUBA";2;"Município";2;0;0;1;0;0;0;0;0;"355380"
2021;"TATUI";8;"Município";8;7;87,5;5;4;80;0;0;0;"355400"
2021;"TAUBATE";43;"Município";43;29;67,44;18;13;72,22;11;9;81,82;"355410"
2021;"TIETE";1;"Município";1;1;100;0;0;0;0;0;0;"355450"
2021;"TORRINHA";1;"Município";1;1;100;0;0;0;0;0;0;"355470"
2021;"TREMEMBE";1;"Município";1;1;100;1;1;100;0;0;0;"355480"
2021;"TUPA";2;"Município";2;2;100;2;2;100;0;0;0;"355500"
2021;"UBATUBA";34;"Município";34;16;47,06;9;7;77,78;2;2;100;"355540"
2021;"UCHOA";1;"Município";1;1;100;0;0;0;0;0;0;"355560"
2021;"UNIAO PAULISTA";1;"Município";1;1;100;1;1;100;1;1;100;"355570"
2021;"URANIA";2;"Município";2;0;0;0;0;0;0;0;0;"355580"
2021;"VALINHOS";5;"Município";5;5;100;2;2;100;1;1;100;"355620"
2021;"VARGEM GRANDE DO SUL";3;"Município";3;1;33,33;1;1;100;1;1;100;"355640"
2021;"VARGEM GRANDE PAULISTA";4;"Município";4;1;25;0;0;0;0;0;0;"355645"
2021;"VARZEA PAULISTA";22;"Município";22;11;50;6;5;83,33;2;2;100;"355650"
2021;"VINHEDO";13;"Município";13;5;38,46;2;0;0;1;0;0;"355670"
2021;"VIRADOURO";1;"Município";1;1;100;0;0;0;0;0;0;"355680"
2021;"VOTORANTIM";5;"Município";5;5;100;4;4;100;2;2;100;"355700"
2021;"VOTUPORANGA";14;"Município";14;11;78,57;10;9;90;3;3;100;"355710"
2021;NA;30;"Município";30;14;46,67;3;3;100;2;1;50;NA
2022;"AGUAI";2;"Município";2;1;50;1;1;100;0;0;0;"350030"
2022;"AGUAS DE SANTA BARBARA";1;"Município";1;0;0;0;0;0;0;0;0;"350055"
2022;"AGUDOS";5;"Município";5;5;100;0;0;0;0;0;0;"350070"
2022;"ALTAIR";2;"Município";2;2;100;0;0;0;0;0;0;"350090"
2022;"ALTINOPOLIS";3;"Município";3;1;33,33;0;0;0;0;0;0;"350100"
2022;"ALUMINIO";1;"Município";1;0;0;0;0;0;0;0;0;"350115"
2022;"ALVARES MACHADO";2;"Município";2;1;50;1;1;100;1;1;100;"350130"
2022;"AMERICANA";52;"Município";52;26;50;7;7;100;2;2;100;"350160"
2022;"AMERICO BRASILIENSE";5;"Município";5;5;100;3;3;100;2;2;100;"350170"
2022;"AMERICO DE CAMPOS";1;"Município";1;1;100;0;0;0;0;0;0;"350180"
2022;"AMPARO";4;"Município";4;3;75;0;0;0;0;0;0;"350190"
2022;"ANDRADINA";4;"Município";4;0;0;3;0;0;2;0;0;"350210"
2022;"ANGATUBA";2;"Município";2;1;50;0;0;0;0;0;0;"350220"
2022;"ANHEMBI";3;"Município";3;2;66,67;1;1;100;0;0;0;"350230"
2022;"ANHUMAS";1;"Município";1;1;100;1;1;100;1;1;100;"350240"
2022;"APARECIDA";3;"Município";3;3;100;1;1;100;0;0;0;"350250"
2022;"APIAI";4;"Município";4;2;50;3;2;66,67;0;0;0;"350270"
2022;"ARACARIGUAMA";3;"Município";3;1;33,33;0;0;0;1;0;0;"350275"
2022;"ARACATUBA";17;"Município";17;13;76,47;7;6;85,71;2;2;100;"350280"
2022;"ARACOIABA DA SERRA";7;"Município";7;4;57,14;6;4;66,67;1;1;100;"350290"
2022;"ARARAQUARA";15;"Município";15;8;53,33;9;7;77,78;9;6;66,67;"350320"
2022;"ARARAS";11;"Município";11;9;81,82;5;5;100;4;4;100;"350330"
2022;"AREALVA";1;"Município";1;0;0;1;0;0;1;0;0;"350340"
2022;"AREIOPOLIS";2;"Município";2;0;0;1;0;0;0;0;0;"350360"
2022;"ARTUR NOGUEIRA";8;"Município";8;2;25;1;0;0;2;0;0;"350380"
2022;"ARUJA";7;"Município";7;3;42,86;2;1;50;1;1;100;"350390"
2022;"ASSIS";14;"Município";14;9;64,29;6;5;83,33;3;3;100;"350400"
2022;"ATIBAIA";18;"Município";18;11;61,11;4;4;100;1;0;0;"350410"
2022;"AURIFLAMA";2;"Município";2;2;100;1;1;100;0;0;0;"350420"
2022;"AVARE";4;"Município";4;4;100;2;2;100;2;2;100;"350450"
2022;"BADY BASSITT";9;"Município";9;3;33,33;0;0;0;0;0;0;"350460"
2022;"BALSAMO";3;"Município";3;2;66,67;2;2;100;2;2;100;"350480"
2022;"BANANAL";1;"Município";1;1;100;1;1;100;1;1;100;"350490"
2022;"BARBOSA";2;"Município";2;2;100;1;1;100;1;1;100;"350510"
2022;"BARRA BONITA";1;"Município";1;0;0;0;0;0;0;0;0;"350530"
2022;"BARRA DO CHAPEU";2;"Município";2;2;100;1;1;100;1;1;100;"350535"
2022;"BARRETOS";12;"Município";12;7;58,33;6;4;66,67;2;2;100;"350550"
2022;"BARUERI";72;"Município";72;25;34,72;14;7;50;5;4;80;"350570"
2022;"BASTOS";1;"Município";1;0;0;0;0;0;0;0;0;"350580"
2022;"BATATAIS";13;"Município";13;8;61,54;6;4;66,67;3;2;66,67;"350590"
2022;"BAURU";65;"Município";65;42;64,62;28;23;82,14;15;13;86,67;"350600"
2022;"BEBEDOURO";3;"Município";3;3;100;1;1;100;0;0;0;"350610"
2022;"BERTIOGA";10;"Município";10;5;50;3;2;66,67;1;1;100;"350635"
2022;"BIRIGUI";9;"Município";9;8;88,89;6;5;83,33;3;3;100;"350650"
2022;"BIRITIBA MIRIM";7;"Município";7;5;71,43;1;1;100;0;0;0;"350660"
2022;"BOCAINA";1;"Município";1;1;100;1;1;100;0;0;0;"350680"
2022;"BOFETE";5;"Município";5;2;40;4;2;50;3;2;66,67;"350690"
2022;"BOITUVA";8;"Município";8;6;75;4;4;100;2;2;100;"350700"
2022;"BOM JESUS DOS PERDOES";2;"Município";2;2;100;1;1;100;0;0;0;"350710"
2022;"BOTUCATU";42;"Município";42;9;21,43;19;7;36,84;14;6;42,86;"350750"
2022;"BRAGANCA PAULISTA";5;"Município";5;2;40;1;1;100;1;1;100;"350760"
2022;"BRAUNA";1;"Município";1;1;100;1;1;100;0;0;0;"350770"
2022;"BRODOWSKI";2;"Município";2;1;50;0;0;0;0;0;0;"350780"
2022;"BROTAS";5;"Município";5;5;100;3;3;100;1;1;100;"350790"
2022;"BURITAMA";2;"Município";2;1;50;1;1;100;0;0;0;"350810"
2022;"CABREUVA";5;"Município";5;4;80;3;2;66,67;1;1;100;"350840"
2022;"CACAPAVA";11;"Município";11;8;72,73;4;2;50;0;0;0;"350850"
2022;"CACHOEIRA PAULISTA";2;"Município";2;1;50;1;1;100;0;0;0;"350860"
2022;"CACONDE";1;"Município";1;1;100;0;0;0;0;0;0;"350870"
2022;"CAIEIRAS";14;"Município";14;6;42,86;3;2;66,67;0;0;0;"350900"
2022;"CAJAMAR";9;"Município";9;5;55,56;1;1;100;0;0;0;"350920"
2022;"CAJATI";5;"Município";5;5;100;0;0;0;0;0;0;"350925"
2022;"CAJURU";1;"Município";1;1;100;1;1;100;1;1;100;"350940"
2022;"CAMPINAS";262;"Município";262;86;32,82;81;48;59,26;58;34;58,62;"350950"
2022;"CAMPO LIMPO PAULISTA";8;"Município";8;4;50;2;2;100;2;2;100;"350960"
2022;"CAMPOS DO JORDAO";14;"Município";14;9;64,29;6;6;100;4;4;100;"350970"
2022;"CANANEIA";2;"Município";2;2;100;1;1;100;1;1;100;"350990"
2022;"CANDIDO MOTA";3;"Município";3;2;66,67;1;0;0;0;0;0;"351000"
2022;"CAPAO BONITO";5;"Município";5;3;60;2;2;100;2;2;100;"351020"
2022;"CAPELA DO ALTO";4;"Município";4;4;100;0;0;0;1;1;100;"351030"
2022;"CAPIVARI";3;"Município";3;0;0;1;0;0;1;0;0;"351040"
2022;"CARAGUATATUBA";91;"Município";91;74;81,32;9;9;100;3;3;100;"351050"
2022;"CARAPICUIBA";42;"Município";42;24;57,14;14;10;71,43;3;1;33,33;"351060"
2022;"CASA BRANCA";3;"Município";3;3;100;3;3;100;0;0;0;"351080"
2022;"CASTILHO";2;"Município";2;2;100;1;1;100;1;1;100;"351100"
2022;"CATANDUVA";13;"Município";13;7;53,85;6;5;83,33;0;0;0;"351110"
2022;"CEDRAL";6;"Município";6;4;66,67;0;0;0;0;0;0;"351130"
2022;"CERQUEIRA CESAR";3;"Município";3;1;33,33;2;1;50;2;1;50;"351140"
2022;"CERQUILHO";5;"Município";5;4;80;2;2;100;2;2;100;"351150"
2022;"CESARIO LANGE";1;"Município";1;0;0;0;0;0;0;0;0;"351160"
2022;"CHAVANTES";1;"Município";1;1;100;0;0;0;0;0;0;"355720"
2022;"CLEMENTINA";1;"Município";1;1;100;0;0;0;0;0;0;"351190"
2022;"COLINA";3;"Município";3;2;66,67;1;0;0;0;0;0;"351200"
2022;"COLOMBIA";3;"Município";3;2;66,67;1;1;100;1;0;0;"351210"
2022;"CONCHAL";1;"Município";1;1;100;0;0;0;0;0;0;"351220"
2022;"CONCHAS";1;"Município";1;1;100;1;1;100;1;1;100;"351230"
2022;"CORONEL MACEDO";1;"Município";1;0;0;1;0;0;0;0;0;"351260"
2022;"CORUMBATAI";1;"Município";1;0;0;0;0;0;0;0;0;"351270"
2022;"COSMOPOLIS";2;"Município";2;2;100;1;1;100;0;0;0;"351280"
2022;"COTIA";48;"Município";48;31;64,58;10;9;90;4;4;100;"351300"
2022;"CRAVINHOS";5;"Município";5;3;60;2;2;100;1;1;100;"351310"
2022;"CRUZEIRO";4;"Município";4;4;100;3;3;100;0;0;0;"351340"
2022;"CUBATAO";9;"Município";9;5;55,56;2;2;100;1;1;100;"351350"
2022;"CUNHA";3;"Município";3;2;66,67;0;0;0;0;0;0;"351360"
2022;"DESCALVADO";4;"Município";4;1;25;3;1;33,33;1;0;0;"351370"
2022;"DIADEMA";57;"Município";57;32;56,14;16;10;62,5;8;4;50;"351380"
2022;"DOIS CORREGOS";2;"Município";2;2;100;1;1;100;0;0;0;"351410"
2022;"DOLCINOPOLIS";2;"Município";2;0;0;0;0;0;0;0;0;"351420"
2022;"DRACENA";2;"Município";2;1;50;2;1;50;0;0;0;"351440"
2022;"DUMONT";2;"Município";2;2;100;1;1;100;1;1;100;"351460"
2022;"ELDORADO";2;"Município";2;1;50;1;1;100;1;1;100;"351480"
2022;"ELISIARIO";1;"Município";1;1;100;0;0;0;0;0;0;"351492"
2022;"EMBU DAS ARTES";50;"Município";50;25;50;13;9;69,23;3;2;66,67;"351500"
2022;"EMBU GUACU";20;"Município";20;15;75;5;5;100;2;2;100;"351510"
2022;"ENGENHEIRO COELHO";7;"Município";7;4;57,14;2;1;50;0;0;0;"351515"
2022;"ESPIRITO SANTO DO PINHAL";4;"Município";4;4;100;3;3;100;1;1;100;"351518"
2022;"ESPIRITO SANTO DO TURVO";1;"Município";1;0;0;0;0;0;0;0;0;"351519"
2022;"ESTIVA GERBI";1;"Município";1;1;100;0;0;0;0;0;0;"355730"
2022;"FARTURA";1;"Município";1;1;100;0;0;0;0;0;0;"351540"
2022;"FERNANDOPOLIS";7;"Município";7;4;57,14;5;4;80;0;0;0;"351550"
2022;"FERNAO";1;"Município";1;1;100;0;0;0;0;0;0;"351565"
2022;"FERRAZ DE VASCONCELOS";20;"Município";20;10;50;3;1;33,33;3;1;33,33;"351570"
2022;"FLOREAL";1;"Município";1;1;100;0;0;0;0;0;0;"351590"
2022;"FLORIDA PAULISTA";1;"Município";1;1;100;1;1;100;0;0;0;"351600"
2022;"FRANCA";19;"Município";19;9;47,37;11;5;45,45;6;3;50;"351620"
2022;"FRANCISCO MORATO";24;"Município";24;14;58,33;5;4;80;2;0;0;"351630"
2022;"FRANCO DA ROCHA";19;"Município";19;8;42,11;6;4;66,67;1;0;0;"351640"
2022;"GARCA";3;"Município";3;3;100;3;3;100;0;0;0;"351670"
2022;"GENERAL SALGADO";1;"Município";1;1;100;0;0;0;0;0;0;"351690"
2022;"GUAIMBE";1;"Município";1;1;100;0;0;0;0;0;0;"351730"
2022;"GUAIRA";1;"Município";1;0;0;0;0;0;0;0;0;"351740"
2022;"GUAPIACU";6;"Município";6;3;50;2;2;100;1;1;100;"351750"
2022;"GUAPIARA";1;"Município";1;0;0;0;0;0;0;0;0;"351760"
2022;"GUARA";2;"Município";2;2;100;2;2;100;0;0;0;"351770"
2022;"GUARACAI";2;"Município";2;2;100;0;0;0;0;0;0;"351780"
2022;"GUARACI";1;"Município";1;1;100;0;0;0;0;0;0;"351790"
2022;"GUARANI DOESTE";1;"Município";1;1;100;0;0;0;0;0;0;"351800"
2022;"GUARAREMA";3;"Município";3;2;66,67;1;1;100;1;1;100;"351830"
2022;"GUARATINGUETA";5;"Município";5;5;100;4;4;100;1;1;100;"351840"
2022;"GUARIBA";2;"Município";2;1;50;1;1;100;1;1;100;"351860"
2022;"GUARUJA";25;"Município";25;21;84;12;12;100;4;3;75;"351870"
2022;"GUARULHOS";228;"Município";228;122;53,51;54;38;70,37;25;18;72;"351880"
2022;"GUATAPARA";4;"Município";4;2;50;1;0;0;0;0;0;"351885"
2022;"HOLAMBRA";4;"Município";4;3;75;3;2;66,67;1;1;100;"351905"
2022;"HORTOLANDIA";55;"Município";55;41;74,55;17;15;88,24;8;7;87,5;"351907"
2022;"IACANGA";1;"Município";1;1;100;1;1;100;1;1;100;"351910"
2022;"IARAS";1;"Município";1;0;0;1;0;0;0;0;0;"351925"
2022;"IBIRA";2;"Município";2;2;100;2;2;100;2;2;100;"351940"
2022;"IBIRAREMA";1;"Município";1;1;100;1;1;100;1;1;100;"351950"
2022;"IBITINGA";6;"Município";6;6;100;3;3;100;2;2;100;"351960"
2022;"IBIUNA";7;"Município";7;4;57,14;2;1;50;0;0;0;"351970"
2022;"ICEM";1;"Município";1;0;0;0;0;0;0;0;0;"351980"
2022;"IGUAPE";8;"Município";8;2;25;0;0;0;0;0;0;"352030"
2022;"ILHA COMPRIDA";5;"Município";5;5;100;2;2;100;1;1;100;"352042"
2022;"ILHA SOLTEIRA";7;"Município";7;6;85,71;4;4;100;0;0;0;"352044"
2022;"ILHABELA";7;"Município";7;4;57,14;1;1;100;0;0;0;"352040"
2022;"INDAIATUBA";28;"Município";28;19;67,86;9;7;77,78;4;3;75;"352050"
2022;"INDIAPORA";1;"Município";1;1;100;0;0;0;0;0;0;"352070"
2022;"IPAUSSU";2;"Município";2;2;100;1;1;100;0;0;0;"352090"
2022;"IPERO";11;"Município";11;9;81,82;7;5;71,43;4;3;75;"352100"
2022;"IPEUNA";1;"Município";1;0;0;0;0;0;0;0;0;"352110"
2022;"IPIGUA";1;"Município";1;1;100;0;0;0;0;0;0;"352115"
2022;"IPUA";5;"Município";5;2;40;1;1;100;0;0;0;"352130"
2022;"ITABERA";1;"Município";1;1;100;1;1;100;0;0;0;"352170"
2022;"ITAI";5;"Município";5;1;20;1;1;100;0;0;0;"352180"
2022;"ITAJOBI";1;"Município";1;1;100;1;1;100;1;1;100;"352190"
2022;"ITANHAEM";21;"Município";21;12;57,14;10;6;60;3;2;66,67;"352210"
2022;"ITAPECERICA DA SERRA";37;"Município";37;15;40,54;7;4;57,14;2;0;0;"352220"
2022;"ITAPETININGA";36;"Município";36;19;52,78;7;7;100;4;4;100;"352230"
2022;"ITAPEVA";10;"Município";10;4;40;4;2;50;3;1;33,33;"352240"
2022;"ITAPEVI";43;"Município";43;18;41,86;7;4;57,14;1;1;100;"352250"
2022;"ITAPIRA";2;"Município";2;2;100;0;0;0;0;0;0;"352260"
2022;"ITAPOLIS";1;"Município";1;1;100;1;1;100;1;1;100;"352270"
2022;"ITAPORANGA";2;"Município";2;2;100;0;0;0;0;0;0;"352280"
2022;"ITAPUI";2;"Município";2;2;100;0;0;0;0;0;0;"352290"
2022;"ITAPURA";1;"Município";1;1;100;0;0;0;0;0;0;"352300"
2022;"ITAQUAQUECETUBA";45;"Município";45;27;60;5;1;20;1;0;0;"352310"
2022;"ITARARE";4;"Município";4;3;75;2;2;100;2;2;100;"352320"
2022;"ITATIBA";24;"Município";24;8;33,33;6;4;66,67;3;2;66,67;"352340"
2022;"ITATINGA";5;"Município";5;3;60;3;1;33,33;1;0;0;"352350"
2022;"ITIRAPINA";6;"Município";6;6;100;3;3;100;1;1;100;"352360"
2022;"ITIRAPUA";1;"Município";1;1;100;1;1;100;1;1;100;"352370"
2022;"ITOBI";1;"Município";1;1;100;0;0;0;0;0;0;"352380"
2022;"ITU";10;"Município";10;6;60;6;3;50;2;0;0;"352390"
2022;"ITUPEVA";9;"Município";9;7;77,78;4;2;50;0;0;0;"352400"
2022;"ITUVERAVA";1;"Município";1;0;0;0;0;0;0;0;0;"352410"
2022;"JABORANDI";1;"Município";1;1;100;0;0;0;0;0;0;"352420"
2022;"JABOTICABAL";8;"Município";8;5;62,5;7;5;71,43;2;2;100;"352430"
2022;"JACAREI";56;"Município";56;45;80,36;17;14;82,35;4;4;100;"352440"
2022;"JACUPIRANGA";1;"Município";1;0;0;0;0;0;0;0;0;"352460"
2022;"JAGUARIUNA";11;"Município";11;9;81,82;5;5;100;2;2;100;"352470"
2022;"JALES";5;"Município";5;4;80;2;2;100;0;0;0;"352480"
2022;"JANDIRA";23;"Município";23;12;52,17;4;3;75;0;0;0;"352500"
2022;"JARDINOPOLIS";3;"Município";3;3;100;2;2;100;0;0;0;"352510"
2022;"JARINU";5;"Município";5;3;60;2;1;50;0;0;0;"352520"
2022;"JAU";5;"Município";5;3;60;3;2;66,67;2;1;50;"352530"
2022;"JOANOPOLIS";1;"Município";1;1;100;0;0;0;0;0;0;"352550"
2022;"JOAO RAMALHO";1;"Município";1;0;0;1;0;0;1;0;0;"352560"
2022;"JOSE BONIFACIO";4;"Município";4;4;100;2;2;100;0;0;0;"352570"
2022;"JULIO MESQUITA";2;"Município";2;2;100;2;2;100;1;1;100;"352580"
2022;"JUNDIAI";136;"Município";136;73;53,68;35;29;82,86;21;19;90,48;"352590"
2022;"JUQUITIBA";9;"Município";9;7;77,78;4;2;50;1;0;0;"352620"
2022;"LAGOINHA";3;"Município";3;3;100;1;1;100;1;1;100;"352630"
2022;"LARANJAL PAULISTA";1;"Município";1;1;100;0;0;0;0;0;0;"352640"
2022;"LEME";30;"Município";30;4;13,33;8;2;25;6;0;0;"352670"
2022;"LENCOIS PAULISTA";10;"Município";10;9;90;4;3;75;1;1;100;"352680"
2022;"LIMEIRA";2;"Município";2;2;100;1;1;100;1;1;100;"352690"
2022;"LINS";3;"Município";3;1;33,33;1;1;100;1;1;100;"352710"
2022;"LORENA";6;"Município";6;5;83,33;2;2;100;1;1;100;"352720"
2022;"LOUVEIRA";5;"Município";5;5;100;2;2;100;2;2;100;"352730"
2022;"LUIS ANTONIO";1;"Município";1;1;100;1;1;100;1;1;100;"352760"
2022;"LUIZIANIA";1;"Município";1;1;100;0;0;0;0;0;0;"352770"
2022;"MACEDONIA";1;"Município";1;0;0;0;0;0;0;0;0;"352820"
2022;"MAIRINQUE";10;"Município";10;6;60;2;2;100;2;2;100;"352840"
2022;"MAIRIPORA";18;"Município";18;14;77,78;6;5;83,33;2;2;100;"352850"
2022;"MANDURI";1;"Município";1;1;100;0;0;0;0;0;0;"352860"
2022;"MARACAI";2;"Município";2;1;50;1;1;100;0;0;0;"352880"
2022;"MARAPOAMA";1;"Município";1;0;0;0;0;0;0;0;0;"352885"
2022;"MARILIA";64;"Município";64;37;57,81;24;17;70,83;14;10;71,43;"352900"
2022;"MATAO";1;"Município";1;0;0;0;0;0;0;0;0;"352930"
2022;"MAUA";134;"Município";134;68;50,75;17;14;82,35;10;6;60;"352940"
2022;"MENDONCA";2;"Município";2;2;100;0;0;0;0;0;0;"352950"
2022;"MIRACATU";3;"Município";3;2;66,67;3;2;66,67;1;1;100;"352990"
2022;"MIRANTE DO PARANAPANEMA";1;"Município";1;1;100;1;1;100;1;1;100;"353020"
2022;"MIRASSOL";11;"Município";11;6;54,55;0;0;0;0;0;0;"353030"
2022;"MIRASSOLANDIA";3;"Município";3;1;33,33;0;0;0;0;0;0;"353040"
2022;"MOCOCA";3;"Município";3;3;100;3;3;100;2;2;100;"353050"
2022;"MOGI DAS CRUZES";147;"Município";147;82;55,78;24;16;66,67;7;5;71,43;"353060"
2022;"MOGI GUACU";7;"Município";7;5;71,43;2;2;100;2;2;100;"353070"
2022;"MOGI MIRIM";6;"Município";6;4;66,67;2;2;100;2;2;100;"353080"
2022;"MONGAGUA";15;"Município";15;13;86,67;11;9;81,82;8;7;87,5;"353110"
2022;"MONTE ALEGRE DO SUL";2;"Município";2;2;100;1;1;100;0;0;0;"353120"
2022;"MONTE ALTO";1;"Município";1;1;100;1;1;100;0;0;0;"353130"
2022;"MONTE APRAZIVEL";6;"Município";6;4;66,67;1;1;100;1;1;100;"353140"
2022;"MONTE MOR";7;"Município";7;6;85,71;2;2;100;2;2;100;"353180"
2022;"MONTEIRO LOBATO";2;"Município";2;1;50;0;0;0;0;0;0;"353170"
2022;"MORRO AGUDO";1;"Município";1;0;0;1;0;0;0;0;0;"353190"
2022;"MORUNGABA";2;"Município";2;2;100;1;1;100;0;0;0;"353200"
2022;"MURUTINGA DO SUL";1;"Município";1;1;100;0;0;0;0;0;0;"353210"
2022;"NATIVIDADE DA SERRA";1;"Município";1;1;100;1;1;100;1;1;100;"353230"
2022;"NAZARE PAULISTA";1;"Município";1;1;100;0;0;0;0;0;0;"353240"
2022;"NEVES PAULISTA";3;"Município";3;2;66,67;1;1;100;0;0;0;"353250"
2022;"NOVA ALIANCA";1;"Município";1;1;100;1;1;100;0;0;0;"353280"
2022;"NOVA EUROPA";1;"Município";1;1;100;0;0;0;0;0;0;"353290"
2022;"NOVA GRANADA";5;"Município";5;3;60;1;1;100;1;1;100;"353300"
2022;"NOVA ODESSA";7;"Município";7;4;57,14;3;2;66,67;1;1;100;"353340"
2022;"NOVO HORIZONTE";3;"Município";3;2;66,67;1;1;100;0;0;0;"353350"
2022;"OLIMPIA";6;"Município";6;4;66,67;2;2;100;0;0;0;"353390"
2022;"ONDA VERDE";4;"Município";4;3;75;1;1;100;1;1;100;"353400"
2022;"ORINDIUVA";1;"Município";1;0;0;0;0;0;0;0;0;"353420"
2022;"OSASCO";192;"Município";192;100;52,08;80;39;48,75;13;10;76,92;"353440"
2022;"OURINHOS";8;"Município";8;7;87,5;5;5;100;4;4;100;"353470"
2022;"PALMITAL";1;"Município";1;1;100;1;1;100;0;0;0;"353530"
2022;"PANORAMA";1;"Município";1;1;100;0;0;0;0;0;0;"353540"
2022;"PARAGUACU PAULISTA";3;"Município";3;2;66,67;1;1;100;1;1;100;"353550"
2022;"PARAISO";1;"Município";1;1;100;1;1;100;0;0;0;"353570"
2022;"PARANAPUA";1;"Município";1;1;100;1;1;100;0;0;0;"353590"
2022;"PARDINHO";3;"Município";3;0;0;0;0;0;0;0;0;"353610"
2022;"PARIQUERA ACU";4;"Município";4;1;25;2;1;50;1;1;100;"353620"
2022;"PAULICEIA";2;"Município";2;1;50;0;0;0;0;0;0;"353640"
2022;"PAULINIA";61;"Município";61;54;88,52;16;13;81,25;12;9;75;"353650"
2022;"PAULO DE FARIA";5;"Município";5;1;20;1;0;0;0;0;0;"353660"
2022;"PEDERNEIRAS";5;"Município";5;5;100;2;2;100;2;2;100;"353670"
2022;"PEDREIRA";5;"Município";5;2;40;2;1;50;0;0;0;"353710"
2022;"PEDRINHAS PAULISTA";1;"Município";1;0;0;0;0;0;0;0;0;"353715"
2022;"PEDRO DE TOLEDO";2;"Município";2;0;0;2;0;0;0;0;0;"353720"
2022;"PENAPOLIS";1;"Município";1;0;0;0;0;0;0;0;0;"353730"
2022;"PEREIRA BARRETO";6;"Município";6;6;100;4;4;100;2;2;100;"353740"
2022;"PEREIRAS";4;"Município";4;1;25;1;0;0;1;0;0;"353750"
2022;"PERUIBE";17;"Município";17;12;70,59;10;9;90;4;4;100;"353760"
2022;"PIEDADE";6;"Município";6;4;66,67;2;1;50;0;0;0;"353780"
2022;"PILAR DO SUL";2;"Município";2;2;100;1;1;100;0;0;0;"353790"
2022;"PINDAMONHANGABA";29;"Município";29;23;79,31;7;6;85,71;2;2;100;"353800"
2022;"PIRACAIA";1;"Município";1;1;100;1;1;100;1;1;100;"353860"
2022;"PIRACICABA";40;"Município";40;18;45;15;10;66,67;7;6;85,71;"353870"
2022;"PIRAJU";2;"Município";2;1;50;0;0;0;0;0;0;"353880"
2022;"PIRAJUI";2;"Município";2;2;100;0;0;0;0;0;0;"353890"
2022;"PIRANGI";2;"Município";2;2;100;0;0;0;0;0;0;"353900"
2022;"PIRAPORA DO BOM JESUS";8;"Município";8;4;50;2;1;50;0;0;0;"353910"
2022;"PIRAPOZINHO";7;"Município";7;6;85,71;4;4;100;2;2;100;"353920"
2022;"PIRASSUNUNGA";6;"Município";6;6;100;6;6;100;4;4;100;"353930"
2022;"PIRATININGA";2;"Município";2;1;50;1;0;0;0;0;0;"353940"
2022;"POA";9;"Município";9;3;33,33;2;2;100;1;1;100;"353980"
2022;"PONTAL";8;"Município";8;5;62,5;1;1;100;0;0;0;"354020"
2022;"PORANGABA";1;"Município";1;0;0;1;0;0;0;0;0;"354050"
2022;"PORTO FELIZ";4;"Município";4;2;50;1;1;100;0;0;0;"354060"
2022;"PORTO FERREIRA";3;"Município";3;3;100;3;3;100;1;1;100;"354070"
2022;"POTIM";2;"Município";2;2;100;0;0;0;0;0;0;"354075"
2022;"POTIRENDABA";2;"Município";2;2;100;2;2;100;0;0;0;"354080"
2022;"PRADOPOLIS";2;"Município";2;1;50;1;1;100;1;1;100;"354090"
2022;"PRAIA GRANDE";40;"Município";40;25;62,5;19;14;73,68;10;7;70;"354100"
2022;"PRESIDENTE BERNARDES";1;"Município";1;0;0;0;0;0;0;0;0;"354120"
2022;"PRESIDENTE EPITACIO";3;"Município";3;1;33,33;1;1;100;0;0;0;"354130"
2022;"PRESIDENTE PRUDENTE";28;"Município";28;16;57,14;14;11;78,57;8;6;75;"354140"
2022;"PRESIDENTE VENCESLAU";5;"Município";5;2;40;1;1;100;1;1;100;"354150"
2022;"PROMISSAO";4;"Município";4;3;75;2;2;100;2;2;100;"354160"
2022;"QUATA";1;"Município";1;0;0;0;0;0;0;0;0;"354170"
2022;"QUELUZ";1;"Município";1;1;100;1;1;100;0;0;0;"354190"
2022;"QUINTANA";2;"Município";2;1;50;2;1;50;2;1;50;"354200"
2022;"RAFARD";1;"Município";1;0;0;0;0;0;0;0;0;"354210"
2022;"RANCHARIA";5;"Município";5;4;80;3;2;66,67;1;1;100;"354220"
2022;"REDENCAO DA SERRA";1;"Município";1;1;100;0;0;0;0;0;0;"354230"
2022;"REGENTE FEIJO";1;"Município";1;0;0;1;0;0;0;0;0;"354240"
2022;"REGISTRO";17;"Município";17;13;76,47;2;1;50;2;1;50;"354260"
2022;"RIBEIRAO BRANCO";6;"Município";6;3;50;1;1;100;1;1;100;"354300"
2022;"RIBEIRAO CORRENTE";1;"Município";1;0;0;0;0;0;0;0;0;"354310"
2022;"RIBEIRAO GRANDE";2;"Município";2;2;100;2;2;100;2;2;100;"354325"
2022;"RIBEIRAO PIRES";47;"Município";47;24;51,06;2;2;100;2;1;50;"354330"
2022;"RIBEIRAO PRETO";119;"Município";119;54;45,38;58;41;70,69;35;26;74,29;"354340"
2022;"RINCAO";3;"Município";3;2;66,67;0;0;0;0;0;0;"354370"
2022;"RIO CLARO";12;"Município";12;10;83,33;5;5;100;1;1;100;"354390"
2022;"RIO GRANDE DA SERRA";4;"Município";4;2;50;0;0;0;0;0;0;"354410"
2022;"RIOLANDIA";1;"Município";1;1;100;1;1;100;1;1;100;"354420"
2022;"RIVERSUL";2;"Município";2;1;50;1;1;100;0;0;0;"354350"
2022;"ROSANA";1;"Município";1;1;100;0;0;0;0;0;0;"354425"
2022;"ROSEIRA";1;"Município";1;1;100;1;1;100;1;1;100;"354430"
2022;"RUBINEIA";1;"Município";1;1;100;1;1;100;0;0;0;"354450"
2022;"SABINO";1;"Município";1;1;100;1;1;100;1;1;100;"354460"
2022;"SALES";1;"Município";1;1;100;0;0;0;0;0;0;"354480"
2022;"SALESOPOLIS";1;"Município";1;0;0;0;0;0;0;0;0;"354500"
2022;"SALTO";5;"Município";5;4;80;1;1;100;2;2;100;"354520"
2022;"SALTO DE PIRAPORA";3;"Município";3;2;66,67;2;1;50;1;1;100;"354530"
2022;"SALTO GRANDE";1;"Município";1;1;100;0;0;0;0;0;0;"354540"
2022;"SANDOVALINA";1;"Município";1;0;0;0;0;0;0;0;0;"354550"
2022;"SANTA ALBERTINA";1;"Município";1;0;0;0;0;0;0;0;0;"354570"
2022;"SANTA BARBARA DOESTE";21;"Município";21;19;90,48;3;3;100;2;2;100;"354580"
2022;"SANTA CRUZ DAS PALMEIRAS";1;"Município";1;1;100;1;1;100;1;1;100;"354630"
2022;"SANTA CRUZ DO RIO PARDO";4;"Município";4;3;75;2;2;100;1;1;100;"354640"
2022;"SANTA FE DO SUL";5;"Município";5;3;60;1;1;100;0;0;0;"354660"
2022;"SANTA GERTRUDES";1;"Município";1;1;100;1;1;100;0;0;0;"354670"
2022;"SANTA ISABEL";6;"Município";6;5;83,33;0;0;0;0;0;0;"354680"
2022;"SANTA MARIA DA SERRA";1;"Município";1;1;100;0;0;0;0;0;0;"354700"
2022;"SANTA RITA DO PASSA QUATRO";4;"Município";4;2;50;3;2;66,67;2;2;100;"354750"
2022;"SANTA RITA DOESTE";1;"Município";1;0;0;0;0;0;0;0;0;"354740"
2022;"SANTA ROSA DE VITERBO";2;"Município";2;0;0;2;0;0;1;0;0;"354760"
2022;"SANTANA DE PARNAIBA";36;"Município";36;13;36,11;7;1;14,29;2;1;50;"354730"
2022;"SANTO ANDRE";166;"Município";166;85;51,2;29;25;86,21;13;12;92,31;"354780"
2022;"SANTO ANTONIO DE POSSE";4;"Município";4;2;50;3;2;66,67;1;1;100;"354800"
2022;"SANTO ANTONIO DO PINHAL";2;"Município";2;1;50;0;0;0;0;0;0;"354820"
2022;"SANTO EXPEDITO";1;"Município";1;0;0;0;0;0;0;0;0;"354830"
2022;"SANTOS";71;"Município";71;30;42,25;27;22;81,48;13;10;76,92;"354850"
2022;"SAO BENTO DO SAPUCAI";1;"Município";1;0;0;0;0;0;0;0;0;"354860"
2022;"SAO BERNARDO DO CAMPO";264;"Município";264;148;56,06;41;32;78,05;22;14;63,64;"354870"
2022;"SAO CAETANO DO SUL";15;"Município";15;6;40;3;3;100;2;2;100;"354880"
2022;"SAO CARLOS";13;"Município";13;6;46,15;6;4;66,67;1;1;100;"354890"
2022;"SAO JOAO DA BOA VISTA";9;"Município";9;0;0;2;0;0;1;0;0;"354910"
2022;"SAO JOAQUIM DA BARRA";1;"Município";1;0;0;0;0;0;0;0;0;"354940"
2022;"SAO JOSE DO RIO PRETO";192;"Município";192;105;54,69;39;36;92,31;27;25;92,59;"354980"
2022;"SAO JOSE DOS CAMPOS";188;"Município";188;137;72,87;74;63;85,14;23;21;91,3;"354990"
2022;"SAO LOURENCO DA SERRA";1;"Município";1;0;0;0;0;0;0;0;0;"354995"
2022;"SAO LUIZ DO PARAITINGA";1;"Município";1;1;100;0;0;0;1;1;100;"355000"
2022;"SAO MANUEL";3;"Município";3;0;0;3;0;0;0;0;0;"355010"
2022;"SAO MIGUEL ARCANJO";8;"Município";8;4;50;1;1;100;0;0;0;"355020"
2022;"SAO PAULO";2671;"Município";2671;1432;53,61;656;461;70,27;283;189;66,78;"355030"
2022;"SAO PEDRO";3;"Município";3;3;100;3;3;100;0;0;0;"355040"
2022;"SAO ROQUE";9;"Município";9;8;88,89;6;6;100;2;2;100;"355060"
2022;"SAO SEBASTIAO";18;"Município";18;15;83,33;5;4;80;1;1;100;"355070"
2022;"SAO SEBASTIAO DA GRAMA";1;"Município";1;1;100;1;1;100;0;0;0;"355080"
2022;"SAO SIMAO";2;"Município";2;2;100;1;1;100;0;0;0;"355090"
2022;"SAO VICENTE";15;"Município";15;10;66,67;7;7;100;3;3;100;"355100"
2022;"SERRA AZUL";2;"Município";2;1;50;2;1;50;1;1;100;"355140"
2022;"SERRA NEGRA";1;"Município";1;0;0;0;0;0;0;0;0;"355160"
2022;"SERRANA";11;"Município";11;6;54,55;4;3;75;2;1;50;"355150"
2022;"SERTAOZINHO";23;"Município";23;14;60,87;2;2;100;2;2;100;"355170"
2022;"SETE BARRAS";1;"Município";1;1;100;0;0;0;0;0;0;"355180"
2022;"SEVERINIA";2;"Município";2;2;100;0;0;0;0;0;0;"355190"
2022;"SILVEIRAS";1;"Município";1;0;0;0;0;0;0;0;0;"355200"
2022;"SOCORRO";1;"Município";1;0;0;1;0;0;1;0;0;"355210"
2022;"SOROCABA";184;"Município";184;62;33,7;35;30;85,71;16;15;93,75;"355220"
2022;"SUMARE";25;"Município";25;17;68;14;10;71,43;4;3;75;"355240"
2022;"SUZANAPOLIS";1;"Município";1;0;0;0;0;0;0;0;0;"355255"
2022;"SUZANO";50;"Município";50;27;54;11;9;81,82;5;2;40;"355250"
2022;"TABOAO DA SERRA";34;"Município";34;14;41,18;6;3;50;1;1;100;"355280"
2022;"TACIBA";1;"Município";1;1;100;1;1;100;1;1;100;"355290"
2022;"TAGUAI";1;"Município";1;0;0;0;0;0;0;0;0;"355300"
2022;"TAIACU";4;"Município";4;4;100;1;1;100;0;0;0;"355310"
2022;"TAMBAU";2;"Município";2;2;100;2;2;100;2;2;100;"355330"
2022;"TANABI";8;"Município";8;4;50;1;1;100;1;1;100;"355340"
2022;"TAQUARITUBA";1;"Município";1;1;100;0;0;0;0;0;0;"355380"
2022;"TAQUARIVAI";1;"Município";1;1;100;1;1;100;0;0;0;"355385"
2022;"TARUMA";1;"Município";1;0;0;0;0;0;0;0;0;"355395"
2022;"TATUI";15;"Município";15;13;86,67;8;7;87,5;9;7;77,78;"355400"
2022;"TAUBATE";42;"Município";42;32;76,19;16;15;93,75;5;5;100;"355410"
2022;"TEODORO SAMPAIO";2;"Município";2;2;100;1;1;100;0;0;0;"355430"
2022;"TORRE DE PEDRA";1;"Município";1;0;0;1;0;0;1;0;0;"355465"
2022;"TRABIJU";1;"Município";1;0;0;0;0;0;0;0;0;"355475"
2022;"TREMEMBE";5;"Município";5;1;20;3;0;0;0;0;0;"355480"
2022;"TUPA";2;"Município";2;1;50;2;1;50;0;0;0;"355500"
2022;"UBATUBA";36;"Município";36;19;52,78;7;7;100;5;4;80;"355540"
2022;"UBIRAJARA";1;"Município";1;1;100;1;1;100;0;0;0;"355550"
2022;"UCHOA";4;"Município";4;3;75;1;1;100;1;1;100;"355560"
2022;"UNIAO PAULISTA";1;"Município";1;1;100;1;1;100;0;0;0;"355570"
2022;"URANIA";1;"Município";1;1;100;0;0;0;0;0;0;"355580"
2022;"URUPES";1;"Município";1;1;100;0;0;0;0;0;0;"355600"
2022;"VALINHOS";11;"Município";11;7;63,64;1;1;100;1;1;100;"355620"
2022;"VALPARAISO";2;"Município";2;2;100;2;2;100;1;1;100;"355630"
2022;"VARGEM";2;"Município";2;1;50;0;0;0;0;0;0;"355635"
2022;"VARGEM GRANDE DO SUL";8;"Município";8;7;87,5;2;2;100;1;1;100;"355640"
2022;"VARGEM GRANDE PAULISTA";9;"Município";9;5;55,56;0;0;0;0;0;0;"355645"
2022;"VARZEA PAULISTA";22;"Município";22;12;54,55;5;5;100;3;2;66,67;"355650"
2022;"VERA CRUZ";2;"Município";2;2;100;1;1;100;1;1;100;"355660"
2022;"VINHEDO";10;"Município";10;4;40;0;0;0;1;1;100;"355670"
2022;"VOTORANTIM";10;"Município";10;6;60;3;3;100;2;2;100;"355700"
2022;"VOTUPORANGA";25;"Município";25;18;72;11;10;90,91;7;6;85,71;"355710"
2022;NA;38;"Município";38;21;55,26;10;7;70;5;4;80;NA
2023;"ADAMANTINA";1;"Município";1;0;0;0;0;0;0;0;0;"350010"
2023;"ADOLFO";1;"Município";1;1;100;0;0;0;0;0;0;"350020"
2023;"AGUAI";5;"Município";5;3;60;3;2;66,67;0;0;0;"350030"
2023;"AGUAS DA PRATA";1;"Município";1;1;100;1;1;100;1;1;100;"350040"
2023;"AGUAS DE LINDOIA";5;"Município";5;4;80;2;2;100;0;0;0;"350050"
2023;"AGUAS DE SANTA BARBARA";1;"Município";1;1;100;0;0;0;0;0;0;"350055"
2023;"AGUDOS";1;"Município";1;1;100;0;0;0;0;0;0;"350070"
2023;"ALAMBARI";2;"Município";2;1;50;0;0;0;0;0;0;"350075"
2023;"ALTINOPOLIS";2;"Município";2;2;100;1;1;100;1;1;100;"350100"
2023;"ALUMINIO";3;"Município";3;2;66,67;1;1;100;0;0;0;"350115"
2023;"ALVARES MACHADO";3;"Município";3;1;33,33;2;1;50;1;1;100;"350130"
2023;"ALVARO DE CARVALHO";2;"Município";2;1;50;1;0;0;0;0;0;"350140"
2023;"AMERICANA";46;"Município";46;30;65,22;5;5;100;1;1;100;"350160"
2023;"AMERICO BRASILIENSE";9;"Município";9;7;77,78;3;2;66,67;0;0;0;"350170"
2023;"AMPARO";6;"Município";6;2;33,33;1;1;100;0;0;0;"350190"
2023;"ANALANDIA";3;"Município";3;3;100;3;3;100;3;3;100;"350200"
2023;"ANDRADINA";4;"Município";4;3;75;1;1;100;0;0;0;"350210"
2023;"ANGATUBA";1;"Município";1;1;100;1;1;100;1;1;100;"350220"
2023;"APARECIDA";4;"Município";4;3;75;3;3;100;2;2;100;"350250"
2023;"APIAI";10;"Município";10;4;40;2;0;0;0;0;0;"350270"
2023;"ARACARIGUAMA";8;"Município";8;6;75;1;1;100;0;0;0;"350275"
2023;"ARACATUBA";22;"Município";22;13;59,09;10;6;60;3;2;66,67;"350280"
2023;"ARACOIABA DA SERRA";5;"Município";5;5;100;0;0;0;0;0;0;"350290"
2023;"ARARAQUARA";29;"Município";29;24;82,76;20;20;100;10;10;100;"350320"
2023;"ARARAS";8;"Município";8;7;87,5;3;3;100;2;2;100;"350330"
2023;"AREALVA";1;"Município";1;1;100;1;1;100;1;1;100;"350340"
2023;"ARIRANHA";1;"Município";1;1;100;0;0;0;0;0;0;"350370"
2023;"ARTUR NOGUEIRA";3;"Município";3;1;33,33;1;0;0;0;0;0;"350380"
2023;"ARUJA";22;"Município";22;12;54,55;7;5;71,43;5;3;60;"350390"
2023;"ASSIS";15;"Município";15;6;40;6;6;100;3;3;100;"350400"
2023;"ATIBAIA";21;"Município";21;10;47,62;8;6;75;1;0;0;"350410"
2023;"AURIFLAMA";4;"Município";4;3;75;1;1;100;0;0;0;"350420"
2023;"AVARE";14;"Município";14;11;78,57;11;10;90,91;3;2;66,67;"350450"
2023;"BADY BASSITT";13;"Município";13;9;69,23;4;4;100;4;4;100;"350460"
2023;"BALSAMO";3;"Município";3;2;66,67;1;1;100;1;1;100;"350480"
2023;"BARIRI";3;"Município";3;1;33,33;1;1;100;0;0;0;"350520"
2023;"BARRA DO TURVO";1;"Município";1;1;100;0;0;0;0;0;0;"350540"
2023;"BARRETOS";13;"Município";13;7;53,85;11;7;63,64;7;5;71,43;"350550"
2023;"BARRINHA";4;"Município";4;3;75;2;2;100;1;1;100;"350560"
2023;"BARUERI";129;"Município";129;60;46,51;22;15;68,18;9;6;66,67;"350570"
2023;"BASTOS";2;"Município";2;1;50;1;1;100;0;0;0;"350580"
2023;"BATATAIS";11;"Município";11;7;63,64;4;4;100;3;3;100;"350590"
2023;"BAURU";58;"Município";58;30;51,72;19;13;68,42;11;9;81,82;"350600"
2023;"BEBEDOURO";2;"Município";2;1;50;1;1;100;1;1;100;"350610"
2023;"BENTO DE ABREU";1;"Município";1;1;100;0;0;0;0;0;0;"350620"
2023;"BERNARDINO DE CAMPOS";2;"Município";2;2;100;0;0;0;0;0;0;"350630"
2023;"BERTIOGA";20;"Município";20;11;55;8;6;75;4;3;75;"350635"
2023;"BIRIGUI";13;"Município";13;11;84,62;4;3;75;0;0;0;"350650"
2023;"BIRITIBA MIRIM";7;"Município";7;5;71,43;3;3;100;1;1;100;"350660"
2023;"BOFETE";1;"Município";1;0;0;1;0;0;0;0;0;"350690"
2023;"BOITUVA";12;"Município";12;8;66,67;3;3;100;3;3;100;"350700"
2023;"BOM JESUS DOS PERDOES";3;"Município";3;3;100;2;2;100;2;2;100;"350710"
2023;"BOTUCATU";45;"Município";45;11;24,44;26;9;34,62;12;4;33,33;"350750"
2023;"BRAGANCA PAULISTA";36;"Município";36;17;47,22;14;11;78,57;9;6;66,67;"350760"
2023;"BRODOWSKI";1;"Município";1;1;100;0;0;0;0;0;0;"350780"
2023;"BROTAS";3;"Município";3;3;100;1;1;100;0;0;0;"350790"
2023;"BURI";3;"Município";3;3;100;3;3;100;1;1;100;"350800"
2023;"BURITAMA";1;"Município";1;1;100;0;0;0;0;0;0;"350810"
2023;"CABRALIA PAULISTA";2;"Município";2;2;100;0;0;0;0;0;0;"350830"
2023;"CABREUVA";14;"Município";14;11;78,57;4;4;100;3;3;100;"350840"
2023;"CACAPAVA";14;"Município";14;12;85,71;3;3;100;0;0;0;"350850"
2023;"CACHOEIRA PAULISTA";1;"Município";1;0;0;0;0;0;0;0;0;"350860"
2023;"CACONDE";4;"Município";4;4;100;2;2;100;1;1;100;"350870"
2023;"CAFELANDIA";2;"Município";2;0;0;0;0;0;0;0;0;"350880"
2023;"CAIEIRAS";21;"Município";21;12;57,14;7;5;71,43;3;2;66,67;"350900"
2023;"CAJAMAR";35;"Município";35;25;71,43;12;10;83,33;3;3;100;"350920"
2023;"CAJATI";15;"Município";15;7;46,67;4;3;75;3;2;66,67;"350925"
2023;"CAJURU";2;"Município";2;1;50;1;1;100;0;0;0;"350940"
2023;"CAMPINA DO MONTE ALEGRE";1;"Município";1;0;0;1;0;0;0;0;0;"350945"
2023;"CAMPINAS";337;"Município";337;129;38,28;107;66;61,68;61;41;67,21;"350950"
2023;"CAMPO LIMPO PAULISTA";17;"Município";17;8;47,06;5;3;60;1;1;100;"350960"
2023;"CAMPOS DO JORDAO";19;"Município";19;15;78,95;10;10;100;6;6;100;"350970"
2023;"CAMPOS NOVOS PAULISTA";2;"Município";2;2;100;0;0;0;0;0;0;"350980"
2023;"CANANEIA";3;"Município";3;2;66,67;1;0;0;1;0;0;"350990"
2023;"CANDIDO MOTA";3;"Município";3;1;33,33;1;0;0;0;0;0;"351000"
2023;"CANITAR";1;"Município";1;1;100;1;1;100;1;1;100;"351015"
2023;"CAPAO BONITO";6;"Município";6;4;66,67;3;3;100;1;1;100;"351020"
2023;"CAPELA DO ALTO";1;"Município";1;1;100;1;1;100;1;1;100;"351030"
2023;"CARAGUATATUBA";98;"Município";98;79;80,61;21;19;90,48;7;6;85,71;"351050"
2023;"CARAPICUIBA";95;"Município";95;47;49,47;27;20;74,07;9;7;77,78;"351060"
2023;"CARDOSO";1;"Município";1;1;100;0;0;0;0;0;0;"351070"
2023;"CASA BRANCA";8;"Município";8;8;100;6;6;100;4;4;100;"351080"
2023;"CASSIA DOS COQUEIROS";1;"Município";1;0;0;0;0;0;0;0;0;"351090"
2023;"CASTILHO";2;"Município";2;2;100;1;1;100;1;1;100;"351100"
2023;"CATANDUVA";16;"Município";16;9;56,25;6;3;50;2;2;100;"351110"
2023;"CATIGUA";1;"Município";1;0;0;0;0;0;0;0;0;"351120"
2023;"CEDRAL";3;"Município";3;2;66,67;2;2;100;1;1;100;"351130"
2023;"CERQUEIRA CESAR";2;"Município";2;0;0;2;0;0;2;0;0;"351140"
2023;"CERQUILHO";5;"Município";5;3;60;2;2;100;1;1;100;"351150"
2023;"CHARQUEADA";2;"Município";2;2;100;2;2;100;1;1;100;"351170"
2023;"CHAVANTES";1;"Município";1;1;100;1;1;100;0;0;0;"355720"
2023;"CONCHAL";4;"Município";4;2;50;1;1;100;1;1;100;"351220"
2023;"CONCHAS";1;"Município";1;1;100;1;1;100;1;1;100;"351230"
2023;"CORDEIROPOLIS";4;"Município";4;4;100;1;1;100;2;2;100;"351240"
2023;"CORONEL MACEDO";1;"Município";1;1;100;1;1;100;1;1;100;"351260"
2023;"COSMOPOLIS";2;"Município";2;1;50;0;0;0;0;0;0;"351280"
2023;"COSMORAMA";1;"Município";1;1;100;0;0;0;1;1;100;"351290"
2023;"COTIA";79;"Município";79;54;68,35;16;13;81,25;7;5;71,43;"351300"
2023;"CRAVINHOS";10;"Município";10;7;70;8;6;75;3;2;66,67;"351310"
2023;"CRUZEIRO";2;"Município";2;2;100;0;0;0;0;0;0;"351340"
2023;"CUBATAO";6;"Município";6;4;66,67;1;1;100;0;0;0;"351350"
2023;"DESCALVADO";2;"Município";2;1;50;0;0;0;0;0;0;"351370"
2023;"DIADEMA";112;"Município";112;62;55,36;24;17;70,83;10;8;80;"351380"
2023;"DOIS CORREGOS";1;"Município";1;1;100;1;1;100;0;0;0;"351410"
2023;"DRACENA";3;"Município";3;2;66,67;2;1;50;0;0;0;"351440"
2023;"DUARTINA";3;"Município";3;2;66,67;2;2;100;2;2;100;"351450"
2023;"DUMONT";6;"Município";6;4;66,67;3;3;100;3;3;100;"351460"
2023;"ECHAPORA";2;"Município";2;1;50;2;1;50;0;0;0;"351470"
2023;"EMBU DAS ARTES";73;"Município";73;49;67,12;19;19;100;10;10;100;"351500"
2023;"EMBU GUACU";20;"Município";20;8;40;4;2;50;3;2;66,67;"351510"
2023;"ENGENHEIRO COELHO";2;"Município";2;2;100;1;1;100;0;0;0;"351515"
2023;"ESPIRITO SANTO DO PINHAL";4;"Município";4;4;100;4;4;100;1;1;100;"351518"
2023;"ESTIVA GERBI";1;"Município";1;1;100;0;0;0;0;0;0;"355730"
2023;"ESTRELA DOESTE";2;"Município";2;2;100;1;1;100;1;1;100;"351520"
2023;"FARTURA";5;"Município";5;5;100;1;1;100;0;0;0;"351540"
2023;"FERNANDOPOLIS";9;"Município";9;5;55,56;3;2;66,67;4;3;75;"351550"
2023;"FERRAZ DE VASCONCELOS";28;"Município";28;17;60,71;10;8;80;3;2;66,67;"351570"
2023;"FLORIDA PAULISTA";1;"Município";1;0;0;0;0;0;0;0;0;"351600"
2023;"FLORINEA";1;"Município";1;1;100;0;0;0;0;0;0;"351610"
2023;"FRANCA";30;"Município";30;25;83,33;16;13;81,25;6;4;66,67;"351620"
2023;"FRANCISCO MORATO";66;"Município";66;39;59,09;18;13;72,22;11;9;81,82;"351630"
2023;"FRANCO DA ROCHA";55;"Município";55;25;45,45;15;9;60;4;3;75;"351640"
2023;"GABRIEL MONTEIRO";1;"Município";1;1;100;0;0;0;0;0;0;"351650"
2023;"GALIA";2;"Município";2;1;50;1;1;100;0;0;0;"351660"
2023;"GARCA";3;"Município";3;3;100;2;2;100;1;1;100;"351670"
2023;"GUAICARA";1;"Município";1;1;100;1;1;100;1;1;100;"351720"
2023;"GUAIRA";2;"Município";2;2;100;2;2;100;1;1;100;"351740"
2023;"GUAPIACU";11;"Município";11;3;27,27;0;0;0;0;0;0;"351750"
2023;"GUAPIARA";2;"Município";2;2;100;1;1;100;1;1;100;"351760"
2023;"GUARA";2;"Município";2;2;100;0;0;0;0;0;0;"351770"
2023;"GUARACI";1;"Município";1;1;100;1;1;100;0;0;0;"351790"
2023;"GUARANI DOESTE";1;"Município";1;0;0;0;0;0;0;0;0;"351800"
2023;"GUARARAPES";2;"Município";2;2;100;2;2;100;1;1;100;"351820"
2023;"GUARAREMA";4;"Município";4;3;75;0;0;0;0;0;0;"351830"
2023;"GUARATINGUETA";16;"Município";16;13;81,25;11;10;90,91;8;8;100;"351840"
2023;"GUAREI";2;"Município";2;1;50;2;1;50;0;0;0;"351850"
2023;"GUARUJA";38;"Município";38;22;57,89;15;11;73,33;5;4;80;"351870"
2023;"GUARULHOS";437;"Município";437;239;54,69;110;81;73,64;29;24;82,76;"351880"
2023;"GUATAPARA";4;"Município";4;4;100;2;2;100;0;0;0;"351885"
2023;"GUZOLANDIA";1;"Município";1;0;0;0;0;0;0;0;0;"351890"
2023;"HOLAMBRA";1;"Município";1;1;100;0;0;0;0;0;0;"351905"
2023;"HORTOLANDIA";61;"Município";61;40;65,57;9;7;77,78;6;6;100;"351907"
2023;"IACANGA";2;"Município";2;2;100;0;0;0;0;0;0;"351910"
2023;"IARAS";4;"Município";4;2;50;1;0;0;0;0;0;"351925"
2023;"IBATE";1;"Município";1;1;100;1;1;100;1;1;100;"351930"
2023;"IBIRA";4;"Município";4;3;75;0;0;0;0;0;0;"351940"
2023;"IBIRAREMA";1;"Município";1;1;100;0;0;0;0;0;0;"351950"
2023;"IBITINGA";8;"Município";8;6;75;2;2;100;1;1;100;"351960"
2023;"IBIUNA";8;"Município";8;2;25;2;1;50;1;0;0;"351970"
2023;"ICEM";3;"Município";3;1;33,33;0;0;0;0;0;0;"351980"
2023;"IGARACU DO TIETE";2;"Município";2;1;50;2;1;50;2;1;50;"352000"
2023;"IGARAPAVA";2;"Município";2;1;50;1;1;100;0;0;0;"352010"
2023;"IGARATA";1;"Município";1;0;0;1;0;0;0;0;0;"352020"
2023;"IGUAPE";6;"Município";6;5;83,33;2;2;100;1;1;100;"352030"
2023;"ILHA COMPRIDA";4;"Município";4;3;75;1;1;100;1;1;100;"352042"
2023;"ILHABELA";10;"Município";10;7;70;4;3;75;1;1;100;"352040"
2023;"INDAIATUBA";52;"Município";52;33;63,46;18;13;72,22;15;10;66,67;"352050"
2023;"INDIAPORA";1;"Município";1;1;100;0;0;0;0;0;0;"352070"
2023;"IPAUSSU";1;"Município";1;1;100;1;1;100;1;1;100;"352090"
2023;"IPERO";8;"Município";8;7;87,5;3;3;100;1;1;100;"352100"
2023;"IPIGUA";8;"Município";8;5;62,5;2;2;100;1;1;100;"352115"
2023;"IRAPUA";1;"Município";1;1;100;0;0;0;0;0;0;"352150"
2023;"ITABERA";1;"Município";1;1;100;0;0;0;0;0;0;"352170"
2023;"ITAI";6;"Município";6;4;66,67;1;1;100;0;0;0;"352180"
2023;"ITAJOBI";2;"Município";2;0;0;1;0;0;0;0;0;"352190"
2023;"ITANHAEM";36;"Município";36;26;72,22;19;17;89,47;6;6;100;"352210"
2023;"ITAPECERICA DA SERRA";55;"Município";55;26;47,27;13;9;69,23;2;2;100;"352220"
2023;"ITAPETININGA";41;"Município";41;17;41,46;10;7;70;4;3;75;"352230"
2023;"ITAPEVA";20;"Município";20;10;50;5;5;100;2;2;100;"352240"
2023;"ITAPEVI";83;"Município";83;45;54,22;27;24;88,89;6;5;83,33;"352250"
2023;"ITAPIRA";16;"Município";16;10;62,5;3;2;66,67;1;1;100;"352260"
2023;"ITAPIRAPUA PAULISTA";1;"Município";1;1;100;1;1;100;1;1;100;"352265"
2023;"ITAPOLIS";2;"Município";2;2;100;2;2;100;2;2;100;"352270"
2023;"ITAPORANGA";3;"Município";3;2;66,67;3;2;66,67;2;1;50;"352280"
2023;"ITAPUI";1;"Município";1;1;100;1;1;100;1;1;100;"352290"
2023;"ITAQUAQUECETUBA";72;"Município";72;42;58,33;15;10;66,67;6;4;66,67;"352310"
2023;"ITARARE";9;"Município";9;9;100;3;3;100;3;3;100;"352320"
2023;"ITARIRI";1;"Município";1;1;100;0;0;0;0;0;0;"352330"
2023;"ITATIBA";36;"Município";36;8;22,22;10;6;60;3;3;100;"352340"
2023;"ITATINGA";4;"Município";4;2;50;1;1;100;1;1;100;"352350"
2023;"ITIRAPINA";2;"Município";2;2;100;0;0;0;0;0;0;"352360"
2023;"ITOBI";1;"Município";1;1;100;1;1;100;0;0;0;"352380"
2023;"ITU";42;"Município";42;30;71,43;19;18;94,74;8;7;87,5;"352390"
2023;"ITUPEVA";11;"Município";11;10;90,91;3;2;66,67;1;1;100;"352400"
2023;"ITUVERAVA";2;"Município";2;1;50;1;1;100;1;1;100;"352410"
2023;"JABORANDI";2;"Município";2;1;50;1;1;100;0;0;0;"352420"
2023;"JABOTICABAL";13;"Município";13;11;84,62;8;6;75;4;4;100;"352430"
2023;"JACAREI";63;"Município";63;47;74,6;21;17;80,95;4;4;100;"352440"
2023;"JACI";8;"Município";8;3;37,5;1;1;100;1;1;100;"352450"
2023;"JAGUARIUNA";13;"Município";13;8;61,54;4;4;100;2;2;100;"352470"
2023;"JALES";4;"Município";4;3;75;3;3;100;2;2;100;"352480"
2023;"JANDIRA";41;"Município";41;23;56,1;20;13;65;12;10;83,33;"352500"
2023;"JARDINOPOLIS";11;"Município";11;8;72,73;7;4;57,14;1;1;100;"352510"
2023;"JARINU";6;"Município";6;5;83,33;2;2;100;2;2;100;"352520"
2023;"JAU";12;"Município";12;9;75;4;4;100;5;5;100;"352530"
2023;"JOANOPOLIS";4;"Município";4;3;75;1;1;100;1;1;100;"352550"
2023;"JOAO RAMALHO";1;"Município";1;0;0;0;0;0;0;0;0;"352560"
2023;"JOSE BONIFACIO";13;"Município";13;7;53,85;4;3;75;2;2;100;"352570"
2023;"JULIO MESQUITA";2;"Município";2;1;50;2;1;50;1;1;100;"352580"
2023;"JUNDIAI";144;"Município";144;73;50,69;38;30;78,95;19;17;89,47;"352590"
2023;"JUNQUEIROPOLIS";3;"Município";3;3;100;1;1;100;1;1;100;"352600"
2023;"JUQUIA";2;"Município";2;2;100;0;0;0;0;0;0;"352610"
2023;"JUQUITIBA";9;"Município";9;6;66,67;3;3;100;0;0;0;"352620"
2023;"LAGOINHA";1;"Município";1;1;100;1;1;100;1;1;100;"352630"
2023;"LARANJAL PAULISTA";3;"Município";3;2;66,67;1;0;0;0;0;0;"352640"
2023;"LEME";41;"Município";41;6;14,63;12;6;50;4;3;75;"352670"
2023;"LENCOIS PAULISTA";7;"Município";7;6;85,71;4;3;75;3;3;100;"352680"
2023;"LIMEIRA";14;"Município";14;12;85,71;3;3;100;1;1;100;"352690"
2023;"LINDOIA";2;"Município";2;2;100;0;0;0;0;0;0;"352700"
2023;"LINS";15;"Município";15;5;33,33;5;4;80;0;0;0;"352710"
2023;"LORENA";7;"Município";7;5;71,43;3;3;100;1;1;100;"352720"
2023;"LOUVEIRA";10;"Município";10;8;80;5;3;60;2;2;100;"352730"
2023;"LUCELIA";1;"Município";1;0;0;0;0;0;0;0;0;"352740"
2023;"LUCIANOPOLIS";1;"Município";1;1;100;0;0;0;0;0;0;"352750"
2023;"MAIRINQUE";4;"Município";4;2;50;1;1;100;0;0;0;"352840"
2023;"MAIRIPORA";31;"Município";31;18;58,06;12;11;91,67;2;2;100;"352850"
2023;"MANDURI";2;"Município";2;2;100;0;0;0;0;0;0;"352860"
2023;"MARABA PAULISTA";1;"Município";1;1;100;1;1;100;1;1;100;"352870"
2023;"MARACAI";1;"Município";1;1;100;0;0;0;0;0;0;"352880"
2023;"MARILIA";63;"Município";63;31;49,21;19;10;52,63;13;6;46,15;"352900"
2023;"MARTINOPOLIS";2;"Município";2;0;0;1;0;0;0;0;0;"352920"
2023;"MATAO";1;"Município";1;0;0;0;0;0;0;0;0;"352930"
2023;"MAUA";177;"Município";177;93;52,54;24;17;70,83;9;6;66,67;"352940"
2023;"MENDONCA";8;"Município";8;4;50;3;1;33,33;3;1;33,33;"352950"
2023;"MIGUELOPOLIS";2;"Município";2;2;100;1;1;100;1;1;100;"352970"
2023;"MIRANDOPOLIS";3;"Município";3;3;100;1;1;100;0;0;0;"353010"
2023;"MIRASSOL";12;"Município";12;6;50;5;5;100;3;3;100;"353030"
2023;"MIRASSOLANDIA";5;"Município";5;0;0;0;0;0;0;0;0;"353040"
2023;"MOCOCA";5;"Município";5;4;80;2;2;100;1;1;100;"353050"
2023;"MOGI DAS CRUZES";187;"Município";187;143;76,47;35;30;85,71;21;19;90,48;"353060"
2023;"MOGI GUACU";13;"Município";13;10;76,92;7;6;85,71;5;5;100;"353070"
2023;"MOGI MIRIM";10;"Município";10;8;80;3;3;100;0;0;0;"353080"
2023;"MOMBUCA";1;"Município";1;0;0;0;0;0;0;0;0;"353090"
2023;"MONGAGUA";22;"Município";22;13;59,09;7;5;71,43;6;5;83,33;"353110"
2023;"MONTE ALEGRE DO SUL";2;"Município";2;1;50;1;0;0;1;0;0;"353120"
2023;"MONTE ALTO";6;"Município";6;4;66,67;3;3;100;2;2;100;"353130"
2023;"MONTE APRAZIVEL";8;"Município";8;4;50;3;3;100;3;2;66,67;"353140"
2023;"MONTE MOR";6;"Município";6;3;50;2;2;100;2;2;100;"353180"
2023;"MONTEIRO LOBATO";1;"Município";1;0;0;0;0;0;0;0;0;"353170"
2023;"MORRO AGUDO";3;"Município";3;1;33,33;3;1;33,33;1;1;100;"353190"
2023;"MORUNGABA";1;"Município";1;1;100;0;0;0;0;0;0;"353200"
2023;"NAZARE PAULISTA";3;"Município";3;1;33,33;1;1;100;0;0;0;"353240"
2023;"NEVES PAULISTA";3;"Município";3;2;66,67;0;0;0;0;0;0;"353250"
2023;"NIPOA";1;"Município";1;1;100;0;0;0;0;0;0;"353270"
2023;"NOVA ALIANCA";1;"Município";1;1;100;0;0;0;0;0;0;"353280"
2023;"NOVA CAMPINA";2;"Município";2;1;50;1;1;100;1;1;100;"353282"
2023;"NOVA GRANADA";3;"Município";3;3;100;0;0;0;0;0;0;"353300"
2023;"NOVA INDEPENDENCIA";1;"Município";1;0;0;0;0;0;0;0;0;"353320"
2023;"NOVA ODESSA";12;"Município";12;9;75;5;5;100;3;3;100;"353340"
2023;"NOVO HORIZONTE";5;"Município";5;3;60;2;2;100;0;0;0;"353350"
2023;"OLIMPIA";4;"Município";4;4;100;2;2;100;1;1;100;"353390"
2023;"ORIENTE";2;"Município";2;1;50;1;0;0;0;0;0;"353410"
2023;"ORLANDIA";3;"Município";3;2;66,67;2;1;50;2;1;50;"353430"
2023;"OSASCO";271;"Município";271;149;54,98;96;62;64,58;30;28;93,33;"353440"
2023;"OSVALDO CRUZ";1;"Município";1;1;100;0;0;0;0;0;0;"353460"
2023;"OURINHOS";15;"Município";15;11;73,33;5;5;100;3;3;100;"353470"
2023;"PALESTINA";5;"Município";5;2;40;0;0;0;1;1;100;"353500"
2023;"PALMEIRA DOESTE";2;"Município";2;1;50;0;0;0;0;0;0;"353520"
2023;"PALMITAL";2;"Município";2;2;100;1;1;100;1;1;100;"353530"
2023;"PANORAMA";2;"Município";2;1;50;1;1;100;0;0;0;"353540"
2023;"PARAGUACU PAULISTA";4;"Município";4;1;25;1;1;100;0;0;0;"353550"
2023;"PARAIBUNA";7;"Município";7;6;85,71;4;3;75;0;0;0;"353560"
2023;"PARANAPANEMA";1;"Município";1;0;0;1;0;0;1;0;0;"353580"
2023;"PARAPUA";2;"Município";2;1;50;1;0;0;0;0;0;"353600"
2023;"PARDINHO";4;"Município";4;0;0;3;0;0;2;0;0;"353610"
2023;"PARIQUERA ACU";7;"Município";7;2;28,57;1;1;100;1;1;100;"353620"
2023;"PATROCINIO PAULISTA";1;"Município";1;0;0;1;0;0;0;0;0;"353630"
2023;"PAULICEIA";2;"Município";2;1;50;1;1;100;0;0;0;"353640"
2023;"PAULINIA";48;"Município";48;27;56,25;17;13;76,47;11;10;90,91;"353650"
2023;"PAULO DE FARIA";2;"Município";2;0;0;0;0;0;0;0;0;"353660"
2023;"PEDERNEIRAS";2;"Município";2;2;100;1;1;100;0;0;0;"353670"
2023;"PEDRA BELA";1;"Município";1;1;100;0;0;0;0;0;0;"353680"
2023;"PEDREIRA";6;"Município";6;6;100;4;4;100;2;2;100;"353710"
2023;"PEDRINHAS PAULISTA";1;"Município";1;1;100;0;0;0;0;0;0;"353715"
2023;"PENAPOLIS";5;"Município";5;4;80;0;0;0;0;0;0;"353730"
2023;"PEREIRA BARRETO";4;"Município";4;2;50;0;0;0;1;0;0;"353740"
2023;"PEREIRAS";3;"Município";3;0;0;3;0;0;1;0;0;"353750"
2023;"PERUIBE";30;"Município";30;18;60;12;9;75;4;3;75;"353760"
2023;"PIEDADE";4;"Município";4;4;100;2;2;100;1;1;100;"353780"
2023;"PILAR DO SUL";3;"Município";3;2;66,67;0;0;0;0;0;0;"353790"
2023;"PINDAMONHANGABA";34;"Município";34;28;82,35;9;9;100;3;3;100;"353800"
2023;"PIQUETE";1;"Município";1;1;100;1;1;100;0;0;0;"353850"
2023;"PIRACAIA";7;"Município";7;6;85,71;6;6;100;2;2;100;"353860"
2023;"PIRACICABA";50;"Município";50;31;62;21;16;76,19;13;9;69,23;"353870"
2023;"PIRAJU";6;"Município";6;4;66,67;3;3;100;1;1;100;"353880"
2023;"PIRAPORA DO BOM JESUS";16;"Município";16;7;43,75;2;0;0;2;0;0;"353910"
2023;"PIRAPOZINHO";4;"Município";4;3;75;1;1;100;0;0;0;"353920"
2023;"PIRASSUNUNGA";6;"Município";6;4;66,67;3;3;100;4;3;75;"353930"
2023;"PIRATININGA";1;"Município";1;1;100;1;1;100;1;1;100;"353940"
2023;"PITANGUEIRAS";5;"Município";5;4;80;2;2;100;0;0;0;"353950"
2023;"PLANALTO";2;"Município";2;2;100;0;0;0;0;0;0;"353960"
2023;"PLATINA";2;"Município";2;0;0;0;0;0;0;0;0;"353970"
2023;"POA";16;"Município";16;8;50;2;1;50;1;1;100;"353980"
2023;"POLONI";1;"Município";1;1;100;1;1;100;0;0;0;"353990"
2023;"POMPEIA";4;"Município";4;2;50;3;1;33,33;2;0;0;"354000"
2023;"PONTAL";12;"Município";12;9;75;4;3;75;3;3;100;"354020"
2023;"POPULINA";1;"Município";1;1;100;0;0;0;0;0;0;"354040"
2023;"PORANGABA";3;"Município";3;0;0;1;0;0;0;0;0;"354050"
2023;"PORTO FELIZ";11;"Município";11;6;54,55;1;1;100;1;1;100;"354060"
2023;"PORTO FERREIRA";8;"Município";8;6;75;3;3;100;3;3;100;"354070"
2023;"POTIM";6;"Município";6;4;66,67;1;1;100;0;0;0;"354075"
2023;"POTIRENDABA";8;"Município";8;5;62,5;2;2;100;2;2;100;"354080"
2023;"PRADOPOLIS";4;"Município";4;2;50;1;1;100;1;1;100;"354090"
2023;"PRAIA GRANDE";35;"Município";35;23;65,71;17;14;82,35;10;9;90;"354100"
2023;"PRATANIA";2;"Município";2;1;50;2;1;50;1;1;100;"354105"
2023;"PRESIDENTE ALVES";1;"Município";1;1;100;1;1;100;1;1;100;"354110"
2023;"PRESIDENTE EPITACIO";1;"Município";1;1;100;0;0;0;1;1;100;"354130"
2023;"PRESIDENTE PRUDENTE";21;"Município";21;11;52,38;11;7;63,64;6;4;66,67;"354140"
2023;"PRESIDENTE VENCESLAU";4;"Município";4;2;50;1;1;100;0;0;0;"354150"
2023;"PROMISSAO";4;"Município";4;4;100;1;1;100;0;0;0;"354160"
2023;"QUADRA";1;"Município";1;1;100;1;1;100;1;1;100;"354165"
2023;"QUELUZ";1;"Município";1;1;100;0;0;0;0;0;0;"354190"
2023;"RANCHARIA";4;"Município";4;3;75;2;2;100;2;2;100;"354220"
2023;"REDENCAO DA SERRA";2;"Município";2;2;100;2;2;100;1;1;100;"354230"
2023;"REGENTE FEIJO";1;"Município";1;1;100;0;0;0;0;0;0;"354240"
2023;"REGINOPOLIS";1;"Município";1;1;100;1;1;100;1;1;100;"354250"
2023;"REGISTRO";16;"Município";16;16;100;3;3;100;1;1;100;"354260"
2023;"RESTINGA";1;"Município";1;0;0;1;0;0;0;0;0;"354270"
2023;"RIBEIRA";3;"Município";3;2;66,67;2;2;100;2;2;100;"354280"
2023;"RIBEIRAO BRANCO";3;"Município";3;2;66,67;0;0;0;0;0;0;"354300"
2023;"RIBEIRAO CORRENTE";1;"Município";1;0;0;0;0;0;0;0;0;"354310"
2023;"RIBEIRAO GRANDE";1;"Município";1;1;100;1;1;100;0;0;0;"354325"
2023;"RIBEIRAO PIRES";30;"Município";30;21;70;10;8;80;5;5;100;"354330"
2023;"RIBEIRAO PRETO";133;"Município";133;79;59,4;80;62;77,5;45;40;88,89;"354340"
2023;"RIFAINA";1;"Município";1;0;0;0;0;0;0;0;0;"354360"
2023;"RINOPOLIS";1;"Município";1;1;100;1;1;100;1;1;100;"354380"
2023;"RIO CLARO";9;"Município";9;9;100;4;4;100;4;4;100;"354390"
2023;"RIO GRANDE DA SERRA";11;"Município";11;7;63,64;3;2;66,67;1;1;100;"354410"
2023;"RIOLANDIA";2;"Município";2;2;100;1;1;100;1;1;100;"354420"
2023;"ROSANA";2;"Município";2;2;100;1;1;100;0;0;0;"354425"
2023;"ROSEIRA";1;"Município";1;0;0;0;0;0;0;0;0;"354430"
2023;"SALES";1;"Município";1;0;0;0;0;0;0;0;0;"354480"
2023;"SALES OLIVEIRA";2;"Município";2;2;100;1;1;100;1;1;100;"354490"
2023;"SALESOPOLIS";4;"Município";4;2;50;0;0;0;0;0;0;"354500"
2023;"SALTINHO";1;"Município";1;0;0;0;0;0;0;0;0;"354515"
2023;"SALTO";13;"Município";13;9;69,23;5;3;60;2;1;50;"354520"
2023;"SALTO DE PIRAPORA";6;"Município";6;4;66,67;2;2;100;2;2;100;"354530"
2023;"SALTO GRANDE";2;"Município";2;1;50;1;1;100;0;0;0;"354540"
2023;"SANTA ALBERTINA";1;"Município";1;0;0;0;0;0;0;0;0;"354570"
2023;"SANTA BARBARA DOESTE";25;"Município";25;16;64;8;7;87,5;1;1;100;"354580"
2023;"SANTA CRUZ DAS PALMEIRAS";1;"Município";1;0;0;0;0;0;0;0;0;"354630"
2023;"SANTA CRUZ DO RIO PARDO";6;"Município";6;6;100;4;4;100;1;1;100;"354640"
2023;"SANTA ERNESTINA";1;"Município";1;1;100;0;0;0;0;0;0;"354650"
2023;"SANTA FE DO SUL";1;"Município";1;1;100;1;1;100;0;0;0;"354660"
2023;"SANTA GERTRUDES";5;"Município";5;3;60;0;0;0;0;0;0;"354670"
2023;"SANTA ISABEL";16;"Município";16;12;75;7;5;71,43;4;4;100;"354680"
2023;"SANTA RITA DO PASSA QUATRO";6;"Município";6;4;66,67;4;3;75;4;3;75;"354750"
2023;"SANTA ROSA DE VITERBO";2;"Município";2;2;100;0;0;0;0;0;0;"354760"
2023;"SANTANA DE PARNAIBA";71;"Município";71;29;40,85;15;11;73,33;4;3;75;"354730"
2023;"SANTO ANDRE";195;"Município";195;105;53,85;39;30;76,92;20;19;95;"354780"
2023;"SANTO ANTONIO DA ALEGRIA";2;"Município";2;1;50;2;1;50;0;0;0;"354790"
2023;"SANTO ANTONIO DE POSSE";2;"Município";2;0;0;0;0;0;0;0;0;"354800"
2023;"SANTOPOLIS DO AGUAPEI";1;"Município";1;1;100;0;0;0;0;0;0;"354840"
2023;"SANTOS";65;"Município";65;38;58,46;34;24;70,59;16;12;75;"354850"
2023;"SAO BENTO DO SAPUCAI";2;"Município";2;0;0;1;0;0;1;0;0;"354860"
2023;"SAO BERNARDO DO CAMPO";285;"Município";285;175;61,4;47;42;89,36;22;19;86,36;"354870"
2023;"SAO CAETANO DO SUL";26;"Município";26;12;46,15;6;5;83,33;1;1;100;"354880"
2023;"SAO CARLOS";27;"Município";27;15;55,56;14;6;42,86;4;2;50;"354890"
2023;"SAO JOAO DA BOA VISTA";12;"Município";12;0;0;8;0;0;1;0;0;"354910"
2023;"SAO JOAQUIM DA BARRA";1;"Município";1;0;0;1;0;0;0;0;0;"354940"
2023;"SAO JOSE DA BELA VISTA";1;"Município";1;1;100;0;0;0;0;0;0;"354950"
2023;"SAO JOSE DO RIO PARDO";1;"Município";1;1;100;1;1;100;0;0;0;"354970"
2023;"SAO JOSE DO RIO PRETO";241;"Município";241;112;46,47;51;35;68,63;33;21;63,64;"354980"
2023;"SAO JOSE DOS CAMPOS";257;"Município";257;158;61,48;83;54;65,06;26;23;88,46;"354990"
2023;"SAO LOURENCO DA SERRA";4;"Município";4;2;50;1;1;100;0;0;0;"354995"
2023;"SAO LUIZ DO PARAITINGA";2;"Município";2;2;100;1;1;100;1;1;100;"355000"
2023;"SAO MANUEL";6;"Município";6;3;50;5;3;60;4;3;75;"355010"
2023;"SAO MIGUEL ARCANJO";7;"Município";7;4;57,14;4;3;75;2;2;100;"355020"
2023;"SAO PAULO";4240;"Município";4240;2234;52,69;1335;993;74,38;569;456;80,14;"355030"
2023;"SAO PEDRO";3;"Município";3;2;66,67;2;2;100;1;1;100;"355040"
2023;"SAO PEDRO DO TURVO";1;"Município";1;1;100;0;0;0;0;0;0;"355050"
2023;"SAO ROQUE";12;"Município";12;7;58,33;6;5;83,33;2;1;50;"355060"
2023;"SAO SEBASTIAO";37;"Município";37;25;67,57;10;9;90;1;1;100;"355070"
2023;"SAO SIMAO";1;"Município";1;1;100;1;1;100;0;0;0;"355090"
2023;"SAO VICENTE";40;"Município";40;27;67,5;19;16;84,21;13;12;92,31;"355100"
2023;"SARAPUI";1;"Município";1;1;100;1;1;100;1;1;100;"355110"
2023;"SERRA AZUL";11;"Município";11;5;45,45;3;3;100;1;1;100;"355140"
2023;"SERRA NEGRA";6;"Município";6;3;50;1;1;100;1;1;100;"355160"
2023;"SERRANA";10;"Município";10;4;40;6;3;50;2;1;50;"355150"
2023;"SERTAOZINHO";27;"Município";27;16;59,26;7;7;100;5;5;100;"355170"
2023;"SETE BARRAS";2;"Município";2;2;100;2;2;100;2;2;100;"355180"
2023;"SEVERINIA";1;"Município";1;1;100;0;0;0;0;0;0;"355190"
2023;"SILVEIRAS";1;"Município";1;1;100;0;0;0;0;0;0;"355200"
2023;"SOCORRO";2;"Município";2;1;50;1;1;100;0;0;0;"355210"
2023;"SOROCABA";318;"Município";318;93;29,25;58;38;65,52;24;21;87,5;"355220"
2023;"SUMARE";35;"Município";35;23;65,71;13;13;100;8;8;100;"355240"
2023;"SUZANAPOLIS";1;"Município";1;1;100;0;0;0;0;0;0;"355255"
2023;"SUZANO";58;"Município";58;36;62,07;15;12;80;6;5;83,33;"355250"
2023;"TABAPUA";2;"Município";2;1;50;0;0;0;0;0;0;"355260"
2023;"TABOAO DA SERRA";82;"Município";82;48;58,54;27;20;74,07;12;10;83,33;"355280"
2023;"TACIBA";1;"Município";1;0;0;0;0;0;0;0;0;"355290"
2023;"TAIACU";1;"Município";1;1;100;1;1;100;1;1;100;"355310"
2023;"TAMBAU";3;"Município";3;2;66,67;2;1;50;2;1;50;"355330"
2023;"TANABI";9;"Município";9;4;44,44;2;2;100;1;1;100;"355340"
2023;"TAPIRAI";1;"Município";1;0;0;0;0;0;0;0;0;"355350"
2023;"TAPIRATIBA";1;"Município";1;1;100;1;1;100;1;1;100;"355360"
2023;"TAQUARITINGA";2;"Município";2;2;100;1;1;100;0;0;0;"355370"
2023;"TAQUARITUBA";12;"Município";12;9;75;4;2;50;0;0;0;"355380"
2023;"TAQUARIVAI";2;"Município";2;0;0;0;0;0;0;0;0;"355385"
2023;"TARUMA";1;"Município";1;1;100;1;1;100;1;1;100;"355395"
2023;"TATUI";7;"Município";7;4;57,14;5;3;60;2;2;100;"355400"
2023;"TAUBATE";68;"Município";68;53;77,94;21;18;85,71;12;10;83,33;"355410"
2023;"TEODORO SAMPAIO";1;"Município";1;0;0;0;0;0;0;0;0;"355430"
2023;"TIETE";2;"Município";2;0;0;1;0;0;1;0;0;"355450"
2023;"TORRINHA";1;"Município";1;0;0;0;0;0;0;0;0;"355470"
2023;"TREMEMBE";6;"Município";6;5;83,33;3;3;100;2;2;100;"355480"
2023;"TRES FRONTEIRAS";2;"Município";2;1;50;1;1;100;0;0;0;"355490"
2023;"TUIUTI";1;"Município";1;1;100;1;1;100;0;0;0;"355495"
2023;"TUPA";2;"Município";2;1;50;0;0;0;0;0;0;"355500"
2023;"UBATUBA";32;"Município";32;18;56,25;8;6;75;6;4;66,67;"355540"
2023;"UCHOA";4;"Município";4;1;25;0;0;0;0;0;0;"355560"
2023;"URUPES";3;"Município";3;1;33,33;1;1;100;1;1;100;"355600"
2023;"VALENTIM GENTIL";3;"Município";3;3;100;1;1;100;1;1;100;"355610"
2023;"VALINHOS";13;"Município";13;8;61,54;3;3;100;1;1;100;"355620"
2023;"VALPARAISO";5;"Município";5;4;80;2;2;100;1;1;100;"355630"
2023;"VARGEM";1;"Município";1;1;100;1;1;100;1;1;100;"355635"
2023;"VARGEM GRANDE DO SUL";4;"Município";4;2;50;0;0;0;0;0;0;"355640"
2023;"VARGEM GRANDE PAULISTA";21;"Município";21;13;61,9;6;4;66,67;3;1;33,33;"355645"
2023;"VARZEA PAULISTA";40;"Município";40;18;45;12;9;75;8;6;75;"355650"
2023;"VINHEDO";17;"Município";17;10;58,82;3;2;66,67;3;1;33,33;"355670"
2023;"VIRADOURO";1;"Município";1;1;100;0;0;0;0;0;0;"355680"
2023;"VISTA ALEGRE DO ALTO";1;"Município";1;0;0;0;0;0;0;0;0;"355690"
2023;"VITORIA BRASIL";1;"Município";1;0;0;0;0;0;0;0;0;"355695"
2023;"VOTORANTIM";18;"Município";18;10;55,56;5;4;80;5;3;60;"355700"
2023;"VOTUPORANGA";15;"Município";15;11;73,33;6;5;83,33;1;1;100;"355710"
2023;"ZACARIAS";3;"Município";3;0;0;3;0;0;0;0;0;"355715"
2023;NA;41;"Município";41;24;58,54;10;8;80;4;4;100;NA
2024;"ADAMANTINA";3;"Município";3;2;66,67;3;2;66,67;1;1;100;"350010"
2024;"ADOLFO";2;"Município";2;2;100;2;2;100;2;2;100;"350020"
2024;"AGUAI";4;"Município";4;4;100;4;4;100;2;2;100;"350030"
2024;"AGUDOS";2;"Município";2;2;100;0;0;0;0;0;0;"350070"
2024;"ALAMBARI";1;"Município";1;0;0;0;0;0;0;0;0;"350075"
2024;"ALVARES MACHADO";6;"Município";6;3;50;1;1;100;0;0;0;"350130"
2024;"ALVINLANDIA";2;"Município";2;1;50;0;0;0;0;0;0;"350150"
2024;"AMERICANA";37;"Município";37;28;75,68;8;8;100;2;2;100;"350160"
2024;"AMERICO BRASILIENSE";2;"Município";2;2;100;0;0;0;0;0;0;"350170"
2024;"AMERICO DE CAMPOS";2;"Município";2;0;0;0;0;0;0;0;0;"350180"
2024;"AMPARO";7;"Município";7;4;57,14;3;2;66,67;1;1;100;"350190"
2024;"ANALANDIA";2;"Município";2;2;100;2;2;100;1;1;100;"350200"
2024;"ANDRADINA";4;"Município";4;3;75;3;3;100;2;2;100;"350210"
2024;"ANGATUBA";4;"Município";4;0;0;0;0;0;1;0;0;"350220"
2024;"ANHEMBI";1;"Município";1;1;100;1;1;100;1;1;100;"350230"
2024;"ANHUMAS";2;"Município";2;2;100;1;1;100;0;0;0;"350240"
2024;"APARECIDA";2;"Município";2;2;100;2;2;100;1;1;100;"350250"
2024;"APIAI";12;"Município";12;4;33,33;6;3;50;0;0;0;"350270"
2024;"ARACARIGUAMA";8;"Município";8;4;50;1;1;100;0;0;0;"350275"
2024;"ARACATUBA";41;"Município";41;29;70,73;12;10;83,33;3;3;100;"350280"
2024;"ARACOIABA DA SERRA";3;"Município";3;2;66,67;1;1;100;1;1;100;"350290"
2024;"ARAPEI";1;"Município";1;1;100;0;0;0;1;1;100;"350315"
2024;"ARARAQUARA";29;"Município";29;24;82,76;16;15;93,75;11;10;90,91;"350320"
2024;"ARARAS";14;"Município";14;10;71,43;5;4;80;2;2;100;"350330"
2024;"AREALVA";1;"Município";1;0;0;0;0;0;0;0;0;"350340"
2024;"AREIOPOLIS";1;"Município";1;0;0;0;0;0;0;0;0;"350360"
2024;"ARTUR NOGUEIRA";3;"Município";3;3;100;2;2;100;0;0;0;"350380"
2024;"ARUJA";23;"Município";23;14;60,87;9;7;77,78;3;3;100;"350390"
2024;"ASPASIA";2;"Município";2;1;50;1;1;100;0;0;0;"350395"
2024;"ASSIS";23;"Município";23;15;65,22;8;5;62,5;2;1;50;"350400"
2024;"ATIBAIA";23;"Município";23;17;73,91;10;10;100;4;4;100;"350410"
2024;"AURIFLAMA";1;"Município";1;1;100;0;0;0;0;0;0;"350420"
2024;"AVARE";11;"Município";11;8;72,73;9;6;66,67;4;2;50;"350450"
2024;"BADY BASSITT";17;"Município";17;13;76,47;6;5;83,33;3;3;100;"350460"
2024;"BALSAMO";2;"Município";2;1;50;1;1;100;0;0;0;"350480"
2024;"BANANAL";1;"Município";1;1;100;1;1;100;0;0;0;"350490"
2024;"BARIRI";2;"Município";2;1;50;1;1;100;0;0;0;"350520"
2024;"BARRA BONITA";2;"Município";2;1;50;1;1;100;0;0;0;"350530"
2024;"BARRA DO CHAPEU";2;"Município";2;2;100;1;1;100;0;0;0;"350535"
2024;"BARRA DO TURVO";2;"Município";2;2;100;0;0;0;0;0;0;"350540"
2024;"BARRETOS";13;"Município";13;10;76,92;7;6;85,71;4;3;75;"350550"
2024;"BARRINHA";3;"Município";3;3;100;2;2;100;2;2;100;"350560"
2024;"BARUERI";116;"Município";116;53;45,69;24;17;70,83;15;7;46,67;"350570"
2024;"BASTOS";5;"Município";5;2;40;0;0;0;0;0;0;"350580"
2024;"BATATAIS";18;"Município";18;12;66,67;5;3;60;4;3;75;"350590"
2024;"BAURU";59;"Município";59;34;57,63;23;17;73,91;7;5;71,43;"350600"
2024;"BEBEDOURO";7;"Município";7;7;100;4;4;100;0;0;0;"350610"
2024;"BERTIOGA";26;"Município";26;18;69,23;13;10;76,92;6;5;83,33;"350635"
2024;"BIRIGUI";15;"Município";15;13;86,67;4;4;100;2;2;100;"350650"
2024;"BIRITIBA MIRIM";3;"Município";3;3;100;0;0;0;0;0;0;"350660"
2024;"BOA ESPERANCA DO SUL";3;"Município";3;1;33,33;0;0;0;0;0;0;"350670"
2024;"BOCAINA";1;"Município";1;0;0;0;0;0;0;0;0;"350680"
2024;"BOFETE";4;"Município";4;3;75;4;3;75;2;2;100;"350690"
2024;"BOITUVA";13;"Município";13;10;76,92;5;4;80;2;2;100;"350700"
2024;"BOM JESUS DOS PERDOES";6;"Município";6;5;83,33;1;1;100;1;1;100;"350710"
2024;"BOREBI";1;"Município";1;1;100;1;1;100;1;1;100;"350745"
2024;"BOTUCATU";47;"Município";47;3;6,38;18;0;0;8;1;12,5;"350750"
2024;"BRAGANCA PAULISTA";14;"Município";14;6;42,86;8;5;62,5;2;2;100;"350760"
2024;"BRODOWSKI";2;"Município";2;1;50;0;0;0;0;0;0;"350780"
2024;"BROTAS";1;"Município";1;1;100;1;1;100;0;0;0;"350790"
2024;"BURI";1;"Município";1;0;0;0;0;0;0;0;0;"350800"
2024;"BURITAMA";1;"Município";1;1;100;0;0;0;0;0;0;"350810"
2024;"CABREUVA";10;"Município";10;7;70;6;6;100;4;4;100;"350840"
2024;"CACAPAVA";20;"Município";20;16;80;5;5;100;1;1;100;"350850"
2024;"CACONDE";2;"Município";2;2;100;2;2;100;0;0;0;"350870"
2024;"CAFELANDIA";3;"Município";3;2;66,67;3;2;66,67;1;1;100;"350880"
2024;"CAIEIRAS";26;"Município";26;18;69,23;13;8;61,54;6;2;33,33;"350900"
2024;"CAIUA";1;"Município";1;0;0;0;0;0;0;0;0;"350910"
2024;"CAJAMAR";28;"Município";28;19;67,86;11;7;63,64;5;3;60;"350920"
2024;"CAJATI";5;"Município";5;3;60;1;0;0;0;0;0;"350925"
2024;"CAJOBI";1;"Município";1;1;100;0;0;0;0;0;0;"350930"
2024;"CAJURU";3;"Município";3;3;100;3;3;100;1;1;100;"350940"
2024;"CAMPINAS";346;"Município";346;127;36,71;95;49;51,58;42;21;50;"350950"
2024;"CAMPO LIMPO PAULISTA";18;"Município";18;8;44,44;2;2;100;2;1;50;"350960"
2024;"CAMPOS DO JORDAO";12;"Município";12;9;75;4;4;100;2;2;100;"350970"
2024;"CAMPOS NOVOS PAULISTA";2;"Município";2;1;50;0;0;0;0;0;0;"350980"
2024;"CANANEIA";1;"Município";1;1;100;0;0;0;0;0;0;"350990"
2024;"CANDIDO MOTA";2;"Município";2;2;100;1;1;100;1;1;100;"351000"
2024;"CAPAO BONITO";7;"Município";7;7;100;3;3;100;0;0;0;"351020"
2024;"CAPELA DO ALTO";6;"Município";6;4;66,67;1;1;100;0;0;0;"351030"
2024;"CAPIVARI";6;"Município";6;1;16,67;2;0;0;0;0;0;"351040"
2024;"CARAGUATATUBA";71;"Município";71;58;81,69;14;13;92,86;7;7;100;"351050"
2024;"CARAPICUIBA";77;"Município";77;53;68,83;21;17;80,95;10;8;80;"351060"
2024;"CARDOSO";6;"Município";6;3;50;3;3;100;3;2;66,67;"351070"
2024;"CASA BRANCA";3;"Município";3;3;100;2;2;100;1;1;100;"351080"
2024;"CASTILHO";2;"Município";2;1;50;1;1;100;1;1;100;"351100"
2024;"CATANDUVA";18;"Município";18;16;88,89;6;6;100;3;3;100;"351110"
2024;"CEDRAL";1;"Município";1;0;0;0;0;0;0;0;0;"351130"
2024;"CERQUILHO";4;"Município";4;2;50;2;1;50;1;1;100;"351150"
2024;"CESARIO LANGE";2;"Município";2;1;50;1;0;0;0;0;0;"351160"
2024;"CHARQUEADA";1;"Município";1;1;100;1;1;100;1;1;100;"351170"
2024;"CHAVANTES";1;"Município";1;1;100;1;1;100;0;0;0;"355720"
2024;"CLEMENTINA";1;"Município";1;0;0;1;0;0;0;0;0;"351190"
2024;"COLINA";1;"Município";1;1;100;0;0;0;0;0;0;"351200"
2024;"CONCHAL";3;"Município";3;0;0;1;0;0;0;0;0;"351220"
2024;"CONCHAS";2;"Município";2;1;50;1;0;0;1;0;0;"351230"
2024;"CORDEIROPOLIS";1;"Município";1;0;0;0;0;0;0;0;0;"351240"
2024;"COSMOPOLIS";5;"Município";5;2;40;2;2;100;1;1;100;"351280"
2024;"COTIA";68;"Município";68;45;66,18;17;13;76,47;8;7;87,5;"351300"
2024;"CRAVINHOS";9;"Município";9;9;100;3;3;100;2;2;100;"351310"
2024;"CRISTAIS PAULISTA";1;"Município";1;0;0;1;0;0;1;0;0;"351320"
2024;"CRUZEIRO";5;"Município";5;5;100;2;2;100;0;0;0;"351340"
2024;"CUBATAO";14;"Município";14;9;64,29;7;6;85,71;5;3;60;"351350"
2024;"CUNHA";1;"Município";1;1;100;0;0;0;0;0;0;"351360"
2024;"DESCALVADO";1;"Município";1;0;0;0;0;0;0;0;0;"351370"
2024;"DIADEMA";79;"Município";79;50;63,29;24;20;83,33;14;11;78,57;"351380"
2024;"DOBRADA";2;"Município";2;2;100;2;2;100;1;1;100;"351400"
2024;"DOIS CORREGOS";2;"Município";2;1;50;2;1;50;1;1;100;"351410"
2024;"DUARTINA";2;"Município";2;2;100;0;0;0;0;0;0;"351450"
2024;"DUMONT";5;"Município";5;4;80;2;2;100;0;0;0;"351460"
2024;"EMBU DAS ARTES";81;"Município";81;46;56,79;31;19;61,29;15;11;73,33;"351500"
2024;"EMBU GUACU";14;"Município";14;6;42,86;6;3;50;2;1;50;"351510"
2024;"ESPIRITO SANTO DO PINHAL";6;"Município";6;4;66,67;3;2;66,67;2;2;100;"351518"
2024;"ESPIRITO SANTO DO TURVO";1;"Município";1;0;0;0;0;0;0;0;0;"351519"
2024;"ESTRELA DOESTE";1;"Município";1;1;100;1;1;100;0;0;0;"351520"
2024;"FERNANDOPOLIS";5;"Município";5;5;100;3;3;100;1;1;100;"351550"
2024;"FERRAZ DE VASCONCELOS";34;"Município";34;22;64,71;7;7;100;5;4;80;"351570"
2024;"FRANCA";12;"Município";12;4;33,33;8;1;12,5;3;0;0;"351620"
2024;"FRANCISCO MORATO";83;"Município";83;49;59,04;19;13;68,42;5;4;80;"351630"
2024;"FRANCO DA ROCHA";53;"Município";53;32;60,38;15;12;80;10;7;70;"351640"
2024;"GARCA";5;"Município";5;4;80;3;2;66,67;2;2;100;"351670"
2024;"GAVIAO PEIXOTO";2;"Município";2;2;100;1;1;100;0;0;0;"351685"
2024;"GENERAL SALGADO";1;"Município";1;1;100;0;0;0;0;0;0;"351690"
2024;"GUAICARA";1;"Município";1;1;100;1;1;100;0;0;0;"351720"
2024;"GUAIMBE";1;"Município";1;1;100;1;1;100;1;1;100;"351730"
2024;"GUAIRA";1;"Município";1;1;100;0;0;0;1;1;100;"351740"
2024;"GUAPIACU";7;"Município";7;4;57,14;3;1;33,33;2;1;50;"351750"
2024;"GUARA";2;"Município";2;1;50;1;1;100;0;0;0;"351770"
2024;"GUARANTA";1;"Município";1;0;0;1;0;0;0;0;0;"351810"
2024;"GUARARAPES";1;"Município";1;1;100;0;0;0;0;0;0;"351820"
2024;"GUARAREMA";12;"Município";12;12;100;1;1;100;1;1;100;"351830"
2024;"GUARATINGUETA";20;"Município";20;13;65;10;9;90;3;3;100;"351840"
2024;"GUAREI";1;"Município";1;1;100;1;1;100;1;1;100;"351850"
2024;"GUARIBA";5;"Município";5;2;40;0;0;0;0;0;0;"351860"
2024;"GUARUJA";34;"Município";34;21;61,76;11;10;90,91;6;5;83,33;"351870"
2024;"GUARULHOS";325;"Município";325;187;57,54;116;86;74,14;55;48;87,27;"351880"
2024;"GUATAPARA";10;"Município";10;9;90;4;4;100;3;3;100;"351885"
2024;"HOLAMBRA";3;"Município";3;2;66,67;1;0;0;1;0;0;"351905"
2024;"HORTOLANDIA";58;"Município";58;41;70,69;23;18;78,26;6;4;66,67;"351907"
2024;"IACANGA";3;"Município";3;2;66,67;0;0;0;0;0;0;"351910"
2024;"IACRI";1;"Município";1;1;100;1;1;100;1;1;100;"351920"
2024;"IARAS";1;"Município";1;0;0;0;0;0;0;0;0;"351925"
2024;"IBATE";1;"Município";1;0;0;0;0;0;0;0;0;"351930"
2024;"IBIRA";1;"Município";1;1;100;0;0;0;0;0;0;"351940"
2024;"IBITINGA";19;"Município";19;13;68,42;6;3;50;0;0;0;"351960"
2024;"IBIUNA";7;"Município";7;3;42,86;3;1;33,33;0;0;0;"351970"
2024;"ICEM";5;"Município";5;4;80;1;1;100;1;1;100;"351980"
2024;"IEPE";2;"Município";2;1;50;0;0;0;0;0;0;"351990"
2024;"IGARACU DO TIETE";1;"Município";1;0;0;0;0;0;0;0;0;"352000"
2024;"IGARAPAVA";2;"Município";2;2;100;1;1;100;0;0;0;"352010"
2024;"IGARATA";5;"Município";5;4;80;1;1;100;1;1;100;"352020"
2024;"IGUAPE";6;"Município";6;3;50;0;0;0;0;0;0;"352030"
2024;"ILHA COMPRIDA";6;"Município";6;5;83,33;1;1;100;1;1;100;"352042"
2024;"ILHA SOLTEIRA";2;"Município";2;2;100;2;2;100;0;0;0;"352044"
2024;"ILHABELA";19;"Município";19;16;84,21;4;4;100;3;3;100;"352040"
2024;"INDAIATUBA";35;"Município";35;19;54,29;8;5;62,5;4;2;50;"352050"
2024;"INDIAPORA";1;"Município";1;0;0;1;0;0;0;0;0;"352070"
2024;"IPERO";11;"Município";11;5;45,45;3;0;0;2;0;0;"352100"
2024;"IPIGUA";3;"Município";3;2;66,67;0;0;0;0;0;0;"352115"
2024;"IPUA";1;"Município";1;1;100;0;0;0;0;0;0;"352130"
2024;"IRACEMAPOLIS";1;"Município";1;1;100;1;1;100;0;0;0;"352140"
2024;"IRAPUA";1;"Município";1;0;0;0;0;0;0;0;0;"352150"
2024;"ITABERA";1;"Município";1;1;100;1;1;100;1;1;100;"352170"
2024;"ITAI";6;"Município";6;4;66,67;1;0;0;0;0;0;"352180"
2024;"ITAJOBI";1;"Município";1;1;100;1;1;100;0;0;0;"352190"
2024;"ITANHAEM";29;"Município";29;22;75,86;20;17;85;12;11;91,67;"352210"
2024;"ITAOCA";1;"Município";1;0;0;0;0;0;0;0;0;"352215"
2024;"ITAPECERICA DA SERRA";40;"Município";40;21;52,5;6;4;66,67;1;0;0;"352220"
2024;"ITAPETININGA";39;"Município";39;28;71,79;21;18;85,71;5;5;100;"352230"
2024;"ITAPEVA";6;"Município";6;3;50;2;1;50;1;1;100;"352240"
2024;"ITAPEVI";56;"Município";56;28;50;25;15;60;11;8;72,73;"352250"
2024;"ITAPIRA";25;"Município";25;12;48;2;1;50;0;0;0;"352260"
2024;"ITAPOLIS";3;"Município";3;3;100;3;3;100;2;2;100;"352270"
2024;"ITAPORANGA";5;"Município";5;0;0;1;0;0;1;0;0;"352280"
2024;"ITAPUI";2;"Município";2;2;100;0;0;0;0;0;0;"352290"
2024;"ITAQUAQUECETUBA";70;"Município";70;46;65,71;16;11;68,75;4;3;75;"352310"
2024;"ITARARE";5;"Município";5;3;60;3;2;66,67;1;1;100;"352320"
2024;"ITATIBA";23;"Município";23;6;26,09;1;1;100;1;1;100;"352340"
2024;"ITATINGA";13;"Município";13;4;30,77;4;2;50;1;0;0;"352350"
2024;"ITIRAPINA";3;"Município";3;3;100;2;2;100;2;2;100;"352360"
2024;"ITOBI";2;"Município";2;1;50;0;0;0;0;0;0;"352380"
2024;"ITU";13;"Município";13;9;69,23;5;5;100;2;2;100;"352390"
2024;"ITUPEVA";11;"Município";11;8;72,73;3;3;100;1;1;100;"352400"
2024;"ITUVERAVA";1;"Município";1;0;0;1;0;0;1;0;0;"352410"
2024;"JABOTICABAL";12;"Município";12;4;33,33;4;2;50;3;2;66,67;"352430"
2024;"JACAREI";59;"Município";59;41;69,49;16;15;93,75;5;5;100;"352440"
2024;"JACI";4;"Município";4;3;75;0;0;0;0;0;0;"352450"
2024;"JACUPIRANGA";1;"Município";1;1;100;0;0;0;0;0;0;"352460"
2024;"JAGUARIUNA";11;"Município";11;9;81,82;5;5;100;3;3;100;"352470"
2024;"JALES";4;"Município";4;4;100;3;3;100;1;1;100;"352480"
2024;"JAMBEIRO";3;"Município";3;3;100;2;2;100;2;2;100;"352490"
2024;"JANDIRA";27;"Município";27;19;70,37;10;7;70;1;1;100;"352500"
2024;"JARDINOPOLIS";10;"Município";10;8;80;3;3;100;2;2;100;"352510"
2024;"JARINU";7;"Município";7;2;28,57;2;0;0;0;0;0;"352520"
2024;"JAU";14;"Município";14;10;71,43;5;5;100;3;3;100;"352530"
2024;"JOANOPOLIS";1;"Município";1;0;0;0;0;0;0;0;0;"352550"
2024;"JOAO RAMALHO";2;"Município";2;0;0;0;0;0;0;0;0;"352560"
2024;"JOSE BONIFACIO";12;"Município";12;6;50;1;0;0;0;0;0;"352570"
2024;"JULIO MESQUITA";1;"Município";1;0;0;1;0;0;1;0;0;"352580"
2024;"JUNDIAI";111;"Município";111;62;55,86;31;28;90,32;19;19;100;"352590"
2024;"JUQUIA";1;"Município";1;1;100;0;0;0;0;0;0;"352610"
2024;"JUQUITIBA";8;"Município";8;4;50;2;1;50;0;0;0;"352620"
2024;"LARANJAL PAULISTA";4;"Município";4;2;50;1;0;0;1;0;0;"352640"
2024;"LEME";32;"Município";32;3;9,38;10;2;20;7;2;28,57;"352670"
2024;"LENCOIS PAULISTA";8;"Município";8;6;75;3;3;100;1;1;100;"352680"
2024;"LIMEIRA";7;"Município";7;7;100;2;2;100;2;2;100;"352690"
2024;"LINS";3;"Município";3;3;100;2;2;100;0;0;0;"352710"
2024;"LORENA";16;"Município";16;12;75;9;9;100;2;2;100;"352720"
2024;"LOUVEIRA";11;"Município";11;9;81,82;6;6;100;5;5;100;"352730"
2024;"LUCELIA";1;"Município";1;0;0;1;0;0;0;0;0;"352740"
2024;"LUIS ANTONIO";1;"Município";1;1;100;1;1;100;1;1;100;"352760"
2024;"MACATUBA";2;"Município";2;1;50;1;1;100;0;0;0;"352800"
2024;"MAIRINQUE";8;"Município";8;7;87,5;6;6;100;1;1;100;"352840"
2024;"MAIRIPORA";29;"Município";29;20;68,97;8;7;87,5;5;5;100;"352850"
2024;"MARACAI";1;"Município";1;1;100;0;0;0;0;0;0;"352880"
2024;"MARAPOAMA";1;"Município";1;1;100;0;0;0;0;0;0;"352885"
2024;"MARILIA";72;"Município";72;44;61,11;20;19;95;12;12;100;"352900"
2024;"MARINOPOLIS";1;"Município";1;1;100;0;0;0;0;0;0;"352910"
2024;"MATAO";3;"Município";3;3;100;2;2;100;1;1;100;"352930"
2024;"MAUA";127;"Município";127;67;52,76;22;17;77,27;11;9;81,82;"352940"
2024;"MENDONCA";4;"Município";4;4;100;0;0;0;0;0;0;"352950"
2024;"MIGUELOPOLIS";1;"Município";1;1;100;1;1;100;0;0;0;"352970"
2024;"MIRANDOPOLIS";2;"Município";2;2;100;0;0;0;0;0;0;"353010"
2024;"MIRANTE DO PARANAPANEMA";3;"Município";3;3;100;2;2;100;2;2;100;"353020"
2024;"MIRASSOL";10;"Município";10;8;80;4;4;100;3;3;100;"353030"
2024;"MIRASSOLANDIA";6;"Município";6;4;66,67;2;1;50;2;1;50;"353040"
2024;"MOCOCA";6;"Município";6;5;83,33;1;1;100;1;1;100;"353050"
2024;"MOGI DAS CRUZES";217;"Município";217;178;82,03;40;34;85;15;14;93,33;"353060"
2024;"MOGI GUACU";14;"Município";14;12;85,71;11;10;90,91;7;6;85,71;"353070"
2024;"MOGI MIRIM";6;"Município";6;6;100;3;3;100;1;1;100;"353080"
2024;"MONGAGUA";15;"Município";15;11;73,33;6;6;100;3;3;100;"353110"
2024;"MONTE ALEGRE DO SUL";2;"Município";2;2;100;0;0;0;1;1;100;"353120"
2024;"MONTE ALTO";8;"Município";8;6;75;1;0;0;0;0;0;"353130"
2024;"MONTE APRAZIVEL";6;"Município";6;5;83,33;1;1;100;0;0;0;"353140"
2024;"MONTE AZUL PAULISTA";1;"Município";1;1;100;1;1;100;1;1;100;"353150"
2024;"MONTE MOR";8;"Município";8;6;75;2;2;100;0;0;0;"353180"
2024;"MONTEIRO LOBATO";2;"Município";2;1;50;0;0;0;0;0;0;"353170"
2024;"MORRO AGUDO";3;"Município";3;2;66,67;1;1;100;0;0;0;"353190"
2024;"MORUNGABA";8;"Município";8;8;100;1;1;100;1;1;100;"353200"
2024;"NARANDIBA";2;"Município";2;1;50;1;1;100;0;0;0;"353220"
2024;"NAZARE PAULISTA";4;"Município";4;2;50;3;2;66,67;1;1;100;"353240"
2024;"NEVES PAULISTA";3;"Município";3;2;66,67;1;1;100;0;0;0;"353250"
2024;"NHANDEARA";3;"Município";3;2;66,67;1;1;100;1;1;100;"353260"
2024;"NOVA ALIANCA";2;"Município";2;0;0;0;0;0;0;0;0;"353280"
2024;"NOVA CAMPINA";3;"Município";3;3;100;1;1;100;0;0;0;"353282"
2024;"NOVA GRANADA";7;"Município";7;2;28,57;0;0;0;0;0;0;"353300"
2024;"NOVA ODESSA";13;"Município";13;9;69,23;3;3;100;2;2;100;"353340"
2024;"NOVAIS";1;"Município";1;0;0;0;0;0;0;0;0;"353325"
2024;"NOVO HORIZONTE";4;"Município";4;1;25;1;1;100;0;0;0;"353350"
2024;"NUPORANGA";1;"Município";1;1;100;0;0;0;0;0;0;"353360"
2024;"OCAUCU";1;"Município";1;1;100;1;1;100;0;0;0;"353370"
2024;"OLEO";1;"Município";1;1;100;0;0;0;0;0;0;"353380"
2024;"OLIMPIA";6;"Município";6;5;83,33;2;1;50;1;1;100;"353390"
2024;"ONDA VERDE";2;"Município";2;1;50;0;0;0;0;0;0;"353400"
2024;"ORIENTE";1;"Município";1;0;0;1;0;0;0;0;0;"353410"
2024;"ORINDIUVA";1;"Município";1;0;0;0;0;0;0;0;0;"353420"
2024;"ORLANDIA";3;"Município";3;1;33,33;0;0;0;0;0;0;"353430"
2024;"OSASCO";191;"Município";191;106;55,5;52;38;73,08;25;18;72;"353440"
2024;"OURINHOS";8;"Município";8;6;75;3;3;100;2;2;100;"353470"
2024;"OUROESTE";2;"Município";2;2;100;0;0;0;0;0;0;"353475"
2024;"PALESTINA";4;"Município";4;2;50;0;0;0;0;0;0;"353500"
2024;"PALMARES PAULISTA";1;"Município";1;1;100;0;0;0;0;0;0;"353510"
2024;"PALMEIRA DOESTE";1;"Município";1;1;100;0;0;0;0;0;0;"353520"
2024;"PANORAMA";1;"Município";1;1;100;1;1;100;0;0;0;"353540"
2024;"PARAGUACU PAULISTA";1;"Município";1;0;0;0;0;0;0;0;0;"353550"
2024;"PARAIBUNA";6;"Município";6;5;83,33;2;2;100;0;0;0;"353560"
2024;"PARAISO";1;"Município";1;1;100;0;0;0;0;0;0;"353570"
2024;"PARANAPANEMA";1;"Município";1;1;100;1;1;100;0;0;0;"353580"
2024;"PARAPUA";1;"Município";1;1;100;1;1;100;0;0;0;"353600"
2024;"PARDINHO";3;"Município";3;1;33,33;3;1;33,33;1;0;0;"353610"
2024;"PARIQUERA ACU";1;"Município";1;1;100;0;0;0;0;0;0;"353620"
2024;"PATROCINIO PAULISTA";2;"Município";2;0;0;1;0;0;0;0;0;"353630"
2024;"PAULICEIA";1;"Município";1;0;0;0;0;0;0;0;0;"353640"
2024;"PAULINIA";33;"Município";33;15;45,45;13;9;69,23;9;7;77,78;"353650"
2024;"PAULO DE FARIA";1;"Município";1;1;100;1;1;100;0;0;0;"353660"
2024;"PEDERNEIRAS";2;"Município";2;2;100;1;1;100;0;0;0;"353670"
2024;"PEDREIRA";2;"Município";2;2;100;2;2;100;1;1;100;"353710"
2024;"PENAPOLIS";4;"Município";4;3;75;2;1;50;0;0;0;"353730"
2024;"PEREIRA BARRETO";11;"Município";11;10;90,91;4;3;75;2;2;100;"353740"
2024;"PEREIRAS";1;"Município";1;0;0;0;0;0;0;0;0;"353750"
2024;"PERUIBE";16;"Município";16;12;75;7;7;100;2;2;100;"353760"
2024;"PIEDADE";4;"Município";4;2;50;0;0;0;0;0;0;"353780"
2024;"PINDAMONHANGABA";26;"Município";26;24;92,31;8;8;100;3;3;100;"353800"
2024;"PIRACAIA";7;"Município";7;2;28,57;4;2;50;1;0;0;"353860"
2024;"PIRACICABA";74;"Município";74;48;64,86;29;25;86,21;17;16;94,12;"353870"
2024;"PIRAJU";1;"Município";1;1;100;1;1;100;1;1;100;"353880"
2024;"PIRAJUI";5;"Município";5;4;80;2;2;100;0;0;0;"353890"
2024;"PIRANGI";1;"Município";1;1;100;0;0;0;0;0;0;"353900"
2024;"PIRAPOZINHO";6;"Município";6;3;50;2;0;0;1;1;100;"353920"
2024;"PIRASSUNUNGA";2;"Município";2;1;50;1;1;100;1;1;100;"353930"
2024;"PIRATININGA";1;"Município";1;1;100;1;1;100;1;1;100;"353940"
2024;"PITANGUEIRAS";2;"Município";2;1;50;1;1;100;1;1;100;"353950"
2024;"PLANALTO";2;"Município";2;2;100;1;1;100;1;1;100;"353960"
2024;"POA";10;"Município";10;6;60;3;3;100;1;1;100;"353980"
2024;"PONGAI";2;"Município";2;2;100;2;2;100;1;1;100;"354010"
2024;"PONTAL";7;"Município";7;5;71,43;1;1;100;0;0;0;"354020"
2024;"PONTES GESTAL";1;"Município";1;0;0;0;0;0;0;0;0;"354030"
2024;"PORANGABA";1;"Município";1;1;100;1;1;100;0;0;0;"354050"
2024;"PORTO FELIZ";7;"Município";7;5;71,43;2;2;100;1;1;100;"354060"
2024;"PORTO FERREIRA";8;"Município";8;6;75;4;3;75;1;1;100;"354070"
2024;"POTIM";2;"Município";2;1;50;2;1;50;0;0;0;"354075"
2024;"POTIRENDABA";1;"Município";1;1;100;0;0;0;0;0;0;"354080"
2024;"PRADOPOLIS";7;"Município";7;4;57,14;1;1;100;1;1;100;"354090"
2024;"PRAIA GRANDE";11;"Município";11;5;45,45;2;1;50;1;0;0;"354100"
2024;"PRESIDENTE BERNARDES";1;"Município";1;1;100;0;0;0;0;0;0;"354120"
2024;"PRESIDENTE EPITACIO";1;"Município";1;1;100;1;1;100;0;0;0;"354130"
2024;"PRESIDENTE PRUDENTE";21;"Município";21;10;47,62;9;6;66,67;4;3;75;"354140"
2024;"PRESIDENTE VENCESLAU";4;"Município";4;4;100;3;3;100;1;1;100;"354150"
2024;"PROMISSAO";2;"Município";2;2;100;0;0;0;0;0;0;"354160"
2024;"QUADRA";1;"Município";1;0;0;0;0;0;0;0;0;"354165"
2024;"QUELUZ";1;"Município";1;1;100;1;1;100;0;0;0;"354190"
2024;"RANCHARIA";1;"Município";1;1;100;1;1;100;1;1;100;"354220"
2024;"REGINOPOLIS";1;"Município";1;1;100;0;0;0;0;0;0;"354250"
2024;"REGISTRO";7;"Município";7;5;71,43;0;0;0;0;0;0;"354260"
2024;"RIBEIRA";1;"Município";1;1;100;1;1;100;1;1;100;"354280"
2024;"RIBEIRAO BRANCO";3;"Município";3;3;100;1;1;100;1;1;100;"354300"
2024;"RIBEIRAO CORRENTE";2;"Município";2;1;50;1;1;100;0;0;0;"354310"
2024;"RIBEIRAO PIRES";11;"Município";11;8;72,73;4;3;75;2;1;50;"354330"
2024;"RIBEIRAO PRETO";144;"Município";144;90;62,5;84;61;72,62;39;36;92,31;"354340"
2024;"RINCAO";1;"Município";1;1;100;0;0;0;0;0;0;"354370"
2024;"RIO CLARO";12;"Município";12;7;58,33;7;5;71,43;1;1;100;"354390"
2024;"RIO DAS PEDRAS";4;"Município";4;3;75;2;2;100;0;0;0;"354400"
2024;"RIO GRANDE DA SERRA";7;"Município";7;4;57,14;0;0;0;0;0;0;"354410"
2024;"RIOLANDIA";1;"Município";1;1;100;1;1;100;0;0;0;"354420"
2024;"ROSANA";2;"Município";2;2;100;0;0;0;0;0;0;"354425"
2024;"ROSEIRA";1;"Município";1;1;100;0;0;0;0;0;0;"354430"
2024;"SALESOPOLIS";3;"Município";3;3;100;1;1;100;1;1;100;"354500"
2024;"SALTO";19;"Município";19;16;84,21;9;8;88,89;3;3;100;"354520"
2024;"SALTO DE PIRAPORA";6;"Município";6;2;33,33;1;0;0;1;1;100;"354530"
2024;"SALTO GRANDE";1;"Município";1;1;100;0;0;0;0;0;0;"354540"
2024;"SANDOVALINA";1;"Município";1;1;100;0;0;0;1;1;100;"354550"
2024;"SANTA ADELIA";1;"Município";1;1;100;0;0;0;0;0;0;"354560"
2024;"SANTA BARBARA DOESTE";20;"Município";20;14;70;8;5;62,5;5;3;60;"354580"
2024;"SANTA BRANCA";2;"Município";2;2;100;1;1;100;0;0;0;"354600"
2024;"SANTA CRUZ DA CONCEICAO";1;"Município";1;0;0;0;0;0;0;0;0;"354620"
2024;"SANTA CRUZ DA ESPERANCA";1;"Município";1;1;100;1;1;100;0;0;0;"354625"
2024;"SANTA CRUZ DAS PALMEIRAS";2;"Município";2;2;100;2;2;100;2;2;100;"354630"
2024;"SANTA CRUZ DO RIO PARDO";5;"Município";5;4;80;4;3;75;2;2;100;"354640"
2024;"SANTA FE DO SUL";5;"Município";5;5;100;2;2;100;1;1;100;"354660"
2024;"SANTA GERTRUDES";3;"Município";3;3;100;1;1;100;1;1;100;"354670"
2024;"SANTA ISABEL";3;"Município";3;3;100;0;0;0;0;0;0;"354680"
2024;"SANTA LUCIA";2;"Município";2;2;100;0;0;0;0;0;0;"354690"
2024;"SANTA MARIA DA SERRA";1;"Município";1;0;0;0;0;0;0;0;0;"354700"
2024;"SANTA RITA DO PASSA QUATRO";1;"Município";1;0;0;0;0;0;0;0;0;"354750"
2024;"SANTA ROSA DE VITERBO";1;"Município";1;0;0;1;0;0;0;0;0;"354760"
2024;"SANTANA DE PARNAIBA";40;"Município";40;20;50;6;3;50;4;4;100;"354730"
2024;"SANTO ANASTACIO";1;"Município";1;1;100;0;0;0;0;0;0;"354770"
2024;"SANTO ANDRE";193;"Município";193;111;57,51;39;35;89,74;19;18;94,74;"354780"
2024;"SANTO ANTONIO DA ALEGRIA";2;"Município";2;2;100;0;0;0;0;0;0;"354790"
2024;"SANTO ANTONIO DE POSSE";4;"Município";4;4;100;1;1;100;1;1;100;"354800"
2024;"SANTO ANTONIO DO JARDIM";1;"Município";1;0;0;0;0;0;0;0;0;"354810"
2024;"SANTO ANTONIO DO PINHAL";1;"Município";1;1;100;1;1;100;0;0;0;"354820"
2024;"SANTOS";60;"Município";60;32;53,33;35;28;80;21;20;95,24;"354850"
2024;"SAO BERNARDO DO CAMPO";285;"Município";285;187;65,61;63;53;84,13;33;29;87,88;"354870"
2024;"SAO CAETANO DO SUL";22;"Município";22;12;54,55;9;6;66,67;6;4;66,67;"354880"
2024;"SAO CARLOS";41;"Município";41;28;68,29;13;7;53,85;6;4;66,67;"354890"
2024;"SAO FRANCISCO";2;"Município";2;2;100;1;1;100;0;0;0;"354900"
2024;"SAO JOAO DA BOA VISTA";13;"Município";13;3;23,08;9;2;22,22;4;1;25;"354910"
2024;"SAO JOSE DO BARREIRO";1;"Município";1;0;0;0;0;0;0;0;0;"354960"
2024;"SAO JOSE DO RIO PARDO";2;"Município";2;2;100;1;1;100;0;0;0;"354970"
2024;"SAO JOSE DO RIO PRETO";217;"Município";217;115;53;41;30;73,17;24;18;75;"354980"
2024;"SAO JOSE DOS CAMPOS";264;"Município";264;189;71,59;110;84;76,36;32;26;81,25;"354990"
2024;"SAO LOURENCO DA SERRA";4;"Município";4;2;50;3;1;33,33;3;1;33,33;"354995"
2024;"SAO LUIZ DO PARAITINGA";2;"Município";2;2;100;0;0;0;0;0;0;"355000"
2024;"SAO MANUEL";6;"Município";6;1;16,67;2;0;0;0;0;0;"355010"
2024;"SAO MIGUEL ARCANJO";1;"Município";1;1;100;1;1;100;1;1;100;"355020"
2024;"SAO PAULO";3995;"Município";3995;2222;55,62;1472;1065;72,35;633;527;83,25;"355030"
2024;"SAO PEDRO";2;"Município";2;0;0;2;0;0;0;0;0;"355040"
2024;"SAO ROQUE";7;"Município";7;3;42,86;3;2;66,67;1;1;100;"355060"
2024;"SAO SEBASTIAO";41;"Município";41;32;78,05;12;11;91,67;4;4;100;"355070"
2024;"SAO SEBASTIAO DA GRAMA";1;"Município";1;0;0;0;0;0;0;0;0;"355080"
2024;"SAO SIMAO";3;"Município";3;3;100;2;2;100;1;1;100;"355090"
2024;"SAO VICENTE";58;"Município";58;41;70,69;39;31;79,49;18;14;77,78;"355100"
2024;"SARAPUI";1;"Município";1;1;100;1;1;100;0;0;0;"355110"
2024;"SARUTAIA";2;"Município";2;1;50;0;0;0;0;0;0;"355120"
2024;"SERRA AZUL";4;"Município";4;3;75;2;2;100;1;1;100;"355140"
2024;"SERRA NEGRA";4;"Município";4;2;50;2;2;100;1;1;100;"355160"
2024;"SERRANA";9;"Município";9;6;66,67;2;2;100;1;1;100;"355150"
2024;"SERTAOZINHO";32;"Município";32;20;62,5;9;6;66,67;7;5;71,43;"355170"
2024;"SETE BARRAS";1;"Município";1;1;100;0;0;0;0;0;0;"355180"
2024;"SEVERINIA";3;"Município";3;3;100;1;1;100;0;0;0;"355190"
2024;"SOCORRO";1;"Município";1;1;100;0;0;0;0;0;0;"355210"
2024;"SOROCABA";278;"Município";278;97;34,89;55;40;72,73;24;18;75;"355220"
2024;"SUD MENNUCCI";1;"Município";1;0;0;1;0;0;0;0;0;"355230"
2024;"SUMARE";52;"Município";52;33;63,46;16;14;87,5;6;5;83,33;"355240"
2024;"SUZANO";76;"Município";76;52;68,42;27;18;66,67;11;10;90,91;"355250"
2024;"TABOAO DA SERRA";45;"Município";45;24;53,33;17;13;76,47;7;5;71,43;"355280"
2024;"TAGUAI";1;"Município";1;1;100;1;1;100;1;1;100;"355300"
2024;"TAMBAU";2;"Município";2;2;100;2;2;100;0;0;0;"355330"
2024;"TANABI";4;"Município";4;3;75;1;1;100;1;1;100;"355340"
2024;"TAPIRAI";3;"Município";3;2;66,67;0;0;0;0;0;0;"355350"
2024;"TAQUARITUBA";1;"Município";1;1;100;1;1;100;0;0;0;"355380"
2024;"TARABAI";1;"Município";1;1;100;1;1;100;0;0;0;"355390"
2024;"TARUMA";1;"Município";1;1;100;0;0;0;1;1;100;"355395"
2024;"TATUI";14;"Município";14;11;78,57;8;8;100;4;4;100;"355400"
2024;"TAUBATE";66;"Município";66;58;87,88;31;30;96,77;14;13;92,86;"355410"
2024;"TEODORO SAMPAIO";2;"Município";2;2;100;1;1;100;1;1;100;"355430"
2024;"TIETE";4;"Município";4;2;50;1;1;100;2;1;50;"355450"
2024;"TORRINHA";1;"Município";1;1;100;1;1;100;1;1;100;"355470"
2024;"TREMEMBE";1;"Município";1;1;100;1;1;100;0;0;0;"355480"
2024;"TUPA";2;"Município";2;2;100;2;2;100;0;0;0;"355500"
2024;"UBARANA";1;"Município";1;1;100;0;0;0;0;0;0;"355535"
2024;"UBATUBA";41;"Município";41;25;60,98;14;11;78,57;5;5;100;"355540"
2024;"UCHOA";4;"Município";4;3;75;1;1;100;0;0;0;"355560"
2024;"UNIAO PAULISTA";1;"Município";1;1;100;0;0;0;0;0;0;"355570"
2024;"URUPES";1;"Município";1;1;100;1;1;100;1;1;100;"355600"
2024;"VALINHOS";18;"Município";18;9;50;7;3;42,86;3;1;33,33;"355620"
2024;"VARGEM";1;"Município";1;0;0;0;0;0;0;0;0;"355635"
2024;"VARGEM GRANDE DO SUL";7;"Município";7;4;57,14;2;2;100;1;0;0;"355640"
2024;"VARGEM GRANDE PAULISTA";14;"Município";14;11;78,57;3;2;66,67;1;1;100;"355645"
2024;"VARZEA PAULISTA";44;"Município";44;19;43,18;8;7;87,5;0;0;0;"355650"
2024;"VERA CRUZ";1;"Município";1;1;100;0;0;0;0;0;0;"355660"
2024;"VINHEDO";11;"Município";11;7;63,64;1;0;0;0;0;0;"355670"
2024;"VIRADOURO";2;"Município";2;2;100;2;2;100;1;1;100;"355680"
2024;"VISTA ALEGRE DO ALTO";1;"Município";1;1;100;1;1;100;1;1;100;"355690"
2024;"VOTORANTIM";17;"Município";17;13;76,47;3;2;66,67;0;0;0;"355700"
2024;"VOTUPORANGA";10;"Município";10;5;50;5;5;100;4;4;100;"355710"
2024;NA;46;"Município";46;29;63,04;7;5;71,43;4;3;75;NA
2015;"Estado SP";3701;"Estado SP";3701;3143;84,92;1154;1108;96,01;618;604;97,73;NA
2016;"Estado SP";4305;"Estado SP";4305;2257;52,43;1328;952;71,69;719;556;77,33;NA
2017;"Estado SP";5145;"Estado SP";5145;2703;52,54;1626;1124;69,13;868;653;75,23;NA
2018;"Estado SP";5881;"Estado SP";5881;3046;51,79;1746;1177;67,41;915;658;71,91;NA
2019;"Estado SP";6014;"Estado SP";6014;3376;56,14;1799;1278;71,04;904;716;79,2;NA
2020;"Estado SP";5072;"Estado SP";5072;2809;55,38;1431;1031;72,05;654;496;75,84;NA
2021;"Estado SP";6141;"Estado SP";6141;3526;57,42;1700;1237;72,76;750;586;78,13;NA
2022;"Estado SP";7991;"Estado SP";7991;4445;55,63;2224;1641;73,79;1011;750;74,18;NA
2023;"Estado SP";11631;"Estado SP";11631;6452;55,47;3586;2689;74,99;1611;1311;81,38;NA
2024;"Estado SP";10708;"Estado SP";10708;6314;58,97;3616;2698;74,61;1603;1313;81,91;NA
2015;"RRAS01";600;"RRAS";600;515;85,83;97;96;98,97;48;47;97,92;NA
2015;"RRAS02";273;"RRAS";273;247;90,48;40;39;97,5;17;17;100;NA
2015;"RRAS03";66;"RRAS";66;60;90,91;11;11;100;6;6;100;NA
2015;"RRAS04";115;"RRAS";115;107;93,04;27;27;100;16;16;100;NA
2015;"RRAS05";178;"RRAS";178;132;74,16;10;5;50;0;0;0;NA
2015;"RRAS06";509;"RRAS";509;331;65,03;82;66;80,49;46;42;91,3;NA
2015;"RRAS07";193;"RRAS";193;175;90,67;88;84;95,45;52;51;98,08;NA
2015;"RRAS08";157;"RRAS";157;110;70,06;38;36;94,74;22;22;100;NA
2015;"RRAS09";134;"RRAS";134;121;90,3;86;85;98,84;32;31;96,88;NA
2015;"RRAS10";80;"RRAS";80;74;92,5;39;38;97,44;17;17;100;NA
2015;"RRAS11";29;"RRAS";29;20;68,97;14;14;100;5;5;100;NA
2015;"RRAS12";189;"RRAS";189;177;93,65;91;88;96,7;35;34;97,14;NA
2015;"RRAS13";195;"RRAS";195;178;91,28;107;104;97,2;66;66;100;NA
2015;"RRAS14";69;"RRAS";69;66;95,65;33;33;100;22;22;100;NA
2015;"RRAS15";440;"RRAS";440;391;88,86;198;192;96,97;131;126;96,18;NA
2015;"RRAS16";144;"RRAS";144;138;95,83;53;53;100;33;33;100;NA
2015;"RRAS17";228;"RRAS";228;204;89,47;90;88;97,78;47;47;100;NA
2015;"RRAS18";49;"RRAS";49;49;100;24;24;100;12;12;100;NA
2015;"RRAS19";34;"RRAS";34;34;100;19;19;100;7;7;100;NA
2015;NA;19;"RRAS";19;14;73,68;7;6;85,71;4;3;75;NA
2016;"RRAS01";611;"RRAS";611;307;50,25;111;74;66,67;59;37;62,71;NA
2016;"RRAS02";284;"RRAS";284;149;52,46;44;27;61,36;17;13;76,47;NA
2016;"RRAS03";49;"RRAS";49;16;32,65;8;3;37,5;3;1;33,33;NA
2016;"RRAS04";148;"RRAS";148;76;51,35;37;22;59,46;16;8;50;NA
2016;"RRAS05";182;"RRAS";182;76;41,76;29;11;37,93;6;4;66,67;NA
2016;"RRAS06";878;"RRAS";878;397;45,22;182;103;56,59;92;59;64,13;NA
2016;"RRAS07";187;"RRAS";187;104;55,61;80;58;72,5;44;35;79,55;NA
2016;"RRAS08";231;"RRAS";231;109;47,19;68;57;83,82;37;35;94,59;NA
2016;"RRAS09";114;"RRAS";114;66;57,89;65;48;73,85;31;27;87,1;NA
2016;"RRAS10";93;"RRAS";93;55;59,14;46;34;73,91;17;17;100;NA
2016;"RRAS11";32;"RRAS";32;15;46,88;15;12;80;7;6;85,71;NA
2016;"RRAS12";166;"RRAS";166;116;69,88;69;58;84,06;42;36;85,71;NA
2016;"RRAS13";220;"RRAS";220;132;60;102;71;69,61;60;42;70;NA
2016;"RRAS14";94;"RRAS";94;62;65,96;59;46;77,97;29;25;86,21;NA
2016;"RRAS15";489;"RRAS";489;252;51,53;208;152;73,08;147;110;74,83;NA
2016;"RRAS16";138;"RRAS";138;73;52,9;48;41;85,42;27;26;96,3;NA
2016;"RRAS17";297;"RRAS";297;193;64,98;116;102;87,93;64;59;92,19;NA
2016;"RRAS18";36;"RRAS";36;21;58,33;22;14;63,64;10;5;50;NA
2016;"RRAS19";32;"RRAS";32;26;81,25;17;17;100;10;10;100;NA
2016;NA;24;"RRAS";24;12;50;2;2;100;1;1;100;NA
2017;"RRAS01";612;"RRAS";612;317;51,8;115;85;73,91;64;50;78,12;NA
2017;"RRAS02";443;"RRAS";443;255;57,56;98;76;77,55;41;33;80,49;NA
2017;"RRAS03";39;"RRAS";39;22;56,41;5;3;60;2;1;50;NA
2017;"RRAS04";138;"RRAS";138;91;65,94;33;26;78,79;16;11;68,75;NA
2017;"RRAS05";273;"RRAS";273;99;36,26;53;18;33,96;13;8;61,54;NA
2017;"RRAS06";1232;"RRAS";1232;587;47,65;279;163;58,42;136;89;65,44;NA
2017;"RRAS07";219;"RRAS";219;111;50,68;106;69;65,09;54;41;75,93;NA
2017;"RRAS08";289;"RRAS";289;144;49,83;107;83;77,57;57;44;77,19;NA
2017;"RRAS09";146;"RRAS";146;92;63,01;94;71;75,53;43;42;97,67;NA
2017;"RRAS10";112;"RRAS";112;71;63,39;58;43;74,14;35;27;77,14;NA
2017;"RRAS11";38;"RRAS";38;18;47,37;12;10;83,33;4;4;100;NA
2017;"RRAS12";168;"RRAS";168;105;62,5;73;58;79,45;43;37;86,05;NA
2017;"RRAS13";227;"RRAS";227;116;51,1;106;55;51,89;64;36;56,25;NA
2017;"RRAS14";87;"RRAS";87;60;68,97;41;36;87,8;18;16;88,89;NA
2017;"RRAS15";472;"RRAS";472;227;48,09;198;127;64,14;140;94;67,14;NA
2017;"RRAS16";175;"RRAS";175;96;54,86;65;55;84,62;44;40;90,91;NA
2017;"RRAS17";340;"RRAS";340;210;61,76;111;94;84,68;52;48;92,31;NA
2017;"RRAS18";71;"RRAS";71;47;66,2;44;35;79,55;27;20;74,07;NA
2017;"RRAS19";34;"RRAS";34;24;70,59;17;12;70,59;10;8;80;NA
2017;NA;30;"RRAS";30;11;36,67;11;5;45,45;5;4;80;NA
2018;"RRAS01";684;"RRAS";684;319;46,64;101;70;69,31;50;37;74;NA
2018;"RRAS02";422;"RRAS";422;255;60,43;81;58;71,6;39;28;71,79;NA
2018;"RRAS03";65;"RRAS";65;38;58,46;9;4;44,44;3;1;33,33;NA
2018;"RRAS04";138;"RRAS";138;72;52,17;42;21;50;21;8;38,1;NA
2018;"RRAS05";271;"RRAS";271;114;42,07;75;36;48;19;14;73,68;NA
2018;"RRAS06";1701;"RRAS";1701;783;46,03;379;217;57,26;196;111;56,63;NA
2018;"RRAS07";271;"RRAS";271;146;53,87;129;85;65,89;71;52;73,24;NA
2018;"RRAS08";252;"RRAS";252;136;53,97;68;51;75;32;27;84,38;NA
2018;"RRAS09";172;"RRAS";172;90;52,33;90;65;72,22;49;42;85,71;NA
2018;"RRAS10";72;"RRAS";72;53;73,61;37;30;81,08;16;16;100;NA
2018;"RRAS11";51;"RRAS";51;28;54,9;27;21;77,78;13;8;61,54;NA
2018;"RRAS12";229;"RRAS";229;150;65,5;77;67;87,01;45;41;91,11;NA
2018;"RRAS13";212;"RRAS";212;106;50;123;65;52,85;53;27;50,94;NA
2018;"RRAS14";133;"RRAS";133;78;58,65;51;36;70,59;22;15;68,18;NA
2018;"RRAS15";492;"RRAS";492;240;48,78;207;141;68,12;147;109;74,15;NA
2018;"RRAS16";171;"RRAS";171;93;54,39;65;57;87,69;41;39;95,12;NA
2018;"RRAS17";392;"RRAS";392;244;62,24;118;99;83,9;60;51;85;NA
2018;"RRAS18";75;"RRAS";75;53;70,67;42;34;80,95;21;17;80,95;NA
2018;"RRAS19";46;"RRAS";46;31;67,39;19;17;89,47;12;12;100;NA
2018;NA;32;"RRAS";32;17;53,12;6;3;50;5;3;60;NA
2019;"RRAS01";659;"RRAS";659;326;49,47;123;96;78,05;69;59;85,51;NA
2019;"RRAS02";378;"RRAS";378;215;56,88;80;51;63,75;33;27;81,82;NA
2019;"RRAS03";36;"RRAS";36;21;58,33;5;4;80;2;2;100;NA
2019;"RRAS04";157;"RRAS";157;102;64,97;27;15;55,56;12;6;50;NA
2019;"RRAS05";318;"RRAS";318;151;47,48;87;42;48,28;20;17;85;NA
2019;"RRAS06";1681;"RRAS";1681;915;54,43;436;294;67,43;175;125;71,43;NA
2019;"RRAS07";301;"RRAS";301;176;58,47;122;93;76,23;77;57;74,03;NA
2019;"RRAS08";219;"RRAS";219;120;54,79;71;50;70,42;38;32;84,21;NA
2019;"RRAS09";197;"RRAS";197;119;60,41;94;66;70,21;46;40;86,96;NA
2019;"RRAS10";73;"RRAS";73;51;69,86;29;22;75,86;11;9;81,82;NA
2019;"RRAS11";40;"RRAS";40;20;50;9;4;44,44;2;2;100;NA
2019;"RRAS12";321;"RRAS";321;204;63,55;86;70;81,4;57;48;84,21;NA
2019;"RRAS13";223;"RRAS";223;129;57,85;120;75;62,5;64;46;71,88;NA
2019;"RRAS14";113;"RRAS";113;78;69,03;54;50;92,59;35;30;85,71;NA
2019;"RRAS15";514;"RRAS";514;239;46,5;203;144;70,94;140;107;76,43;NA
2019;"RRAS16";157;"RRAS";157;99;63,06;68;60;88,24;40;38;95;NA
2019;"RRAS17";452;"RRAS";452;325;71,9;115;92;80;51;44;86,27;NA
2019;"RRAS18";102;"RRAS";102;47;46,08;43;33;76,74;20;18;90;NA
2019;"RRAS19";44;"RRAS";44;25;56,82;18;12;66,67;9;7;77,78;NA
2019;NA;29;"RRAS";29;14;48,28;9;5;55,56;3;2;66,67;NA
2020;"RRAS01";505;"RRAS";505;245;48,51;85;69;81,18;33;31;93,94;NA
2020;"RRAS02";308;"RRAS";308;166;53,9;58;44;75,86;25;20;80;NA
2020;"RRAS03";53;"RRAS";53;34;64,15;12;10;83,33;8;5;62,5;NA
2020;"RRAS04";87;"RRAS";87;50;57,47;20;10;50;11;6;54,55;NA
2020;"RRAS05";179;"RRAS";179;83;46,37;49;27;55,1;7;6;85,71;NA
2020;"RRAS06";1654;"RRAS";1654;923;55,8;408;284;69,61;162;112;69,14;NA
2020;"RRAS07";202;"RRAS";202;98;48,51;72;56;77,78;34;28;82,35;NA
2020;"RRAS08";157;"RRAS";157;89;56,69;69;54;78,26;26;21;80,77;NA
2020;"RRAS09";151;"RRAS";151;107;70,86;72;57;79,17;38;34;89,47;NA
2020;"RRAS10";62;"RRAS";62;38;61,29;24;18;75;11;9;81,82;NA
2020;"RRAS11";41;"RRAS";41;24;58,54;19;12;63,16;6;4;66,67;NA
2020;"RRAS12";251;"RRAS";251;152;60,56;69;56;81,16;32;29;90,62;NA
2020;"RRAS13";217;"RRAS";217;111;51,15;96;56;58,33;42;32;76,19;NA
2020;"RRAS14";85;"RRAS";85;58;68,24;32;26;81,25;14;9;64,29;NA
2020;"RRAS15";474;"RRAS";474;201;42,41;152;99;65,13;105;66;62,86;NA
2020;"RRAS16";135;"RRAS";135;79;58,52;44;35;79,55;30;28;93,33;NA
2020;"RRAS17";379;"RRAS";379;276;72,82;103;84;81,55;47;40;85,11;NA
2020;"RRAS18";71;"RRAS";71;38;53,52;27;20;74,07;15;9;60;NA
2020;"RRAS19";37;"RRAS";37;26;70,27;13;10;76,92;6;5;83,33;NA
2020;NA;24;"RRAS";24;11;45,83;7;4;57,14;2;2;100;NA
2021;"RRAS01";591;"RRAS";591;324;54,82;96;84;87,5;53;44;83,02;NA
2021;"RRAS02";415;"RRAS";415;222;53,49;71;52;73,24;27;20;74,07;NA
2021;"RRAS03";47;"RRAS";47;29;61,7;8;6;75;3;3;100;NA
2021;"RRAS04";132;"RRAS";132;67;50,76;29;18;62,07;14;10;71,43;NA
2021;"RRAS05";300;"RRAS";300;138;46;97;51;52,58;14;10;71,43;NA
2021;"RRAS06";1883;"RRAS";1883;1084;57,57;459;318;69,28;167;120;71,86;NA
2021;"RRAS07";228;"RRAS";228;124;54,39;97;69;71,13;47;40;85,11;NA
2021;"RRAS08";222;"RRAS";222;128;57,66;88;70;79,55;34;32;94,12;NA
2021;"RRAS09";187;"RRAS";187;106;56,68;87;53;60,92;31;26;83,87;NA
2021;"RRAS10";61;"RRAS";61;42;68,85;36;26;72,22;13;11;84,62;NA
2021;"RRAS11";41;"RRAS";41;30;73,17;19;16;84,21;11;9;81,82;NA
2021;"RRAS12";300;"RRAS";300;196;65,33;71;64;90,14;39;36;92,31;NA
2021;"RRAS13";220;"RRAS";220;134;60,91;110;83;75,45;63;52;82,54;NA
2021;"RRAS14";97;"RRAS";97;56;57,73;33;28;84,85;24;19;79,17;NA
2021;"RRAS15";557;"RRAS";557;259;46,5;176;112;63,64;112;64;57,14;NA
2021;"RRAS16";165;"RRAS";165;97;58,79;42;39;92,86;17;16;94,12;NA
2021;"RRAS17";553;"RRAS";553;393;71,07;127;97;76,38;54;49;90,74;NA
2021;"RRAS18";69;"RRAS";69;50;72,46;33;31;93,94;20;20;100;NA
2021;"RRAS19";43;"RRAS";43;33;76,74;18;17;94,44;5;4;80;NA
2021;NA;30;"RRAS";30;14;46,67;3;3;100;2;1;50;NA
2022;"RRAS01";687;"RRAS";687;365;53,13;108;86;79,63;57;39;68,42;NA
2022;"RRAS02";523;"RRAS";523;286;54,68;103;70;67,96;44;29;65,91;NA
2022;"RRAS03";84;"RRAS";84;47;55,95;21;16;76,19;5;2;40;NA
2022;"RRAS04";208;"RRAS";208;112;53,85;45;32;71,11;13;9;69,23;NA
2022;"RRAS05";416;"RRAS";416;196;47,12;128;65;50,78;24;17;70,83;NA
2022;"RRAS06";2671;"RRAS";2671;1432;53,61;656;461;70,27;283;189;66,78;NA
2022;"RRAS07";273;"RRAS";273;165;60,44;114;91;79,82;54;44;81,48;NA
2022;"RRAS08";389;"RRAS";389;193;49,61;114;95;83,33;62;53;85,48;NA
2022;"RRAS09";209;"RRAS";209;114;54,55;91;56;61,54;52;35;67,31;NA
2022;"RRAS10";123;"RRAS";123;80;65,04;55;44;80;28;23;82,14;NA
2022;"RRAS11";67;"RRAS";67;39;58,21;32;25;78,12;17;14;82,35;NA
2022;"RRAS12";360;"RRAS";360;211;58,61;89;82;92,13;46;43;93,48;NA
2022;"RRAS13";287;"RRAS";287;156;54,36;125;88;70,4;64;48;75;NA
2022;"RRAS14";126;"RRAS";126;65;51,59;50;37;74;25;17;68;NA
2022;"RRAS15";657;"RRAS";657;354;53,88;198;145;73,23;116;82;70,69;NA
2022;"RRAS16";221;"RRAS";221;127;57,47;61;50;81,97;33;28;84,85;NA
2022;"RRAS17";537;"RRAS";537;400;74,49;165;143;86,67;54;51;94,44;NA
2022;"RRAS18";53;"RRAS";53;33;62,26;28;22;78,57;17;13;76,47;NA
2022;"RRAS19";62;"RRAS";62;49;79,03;31;26;83,87;12;10;83,33;NA
2022;NA;38;"RRAS";38;21;55,26;10;7;70;5;4;80;NA
2023;"RRAS01";836;"RRAS";836;475;56,82;153;121;79,08;68;59;86,76;NA
2023;"RRAS02";851;"RRAS";851;519;60,99;204;155;75,98;76;63;82,89;NA
2023;"RRAS03";208;"RRAS";208;119;57,21;64;48;75;23;19;82,61;NA
2023;"RRAS04";343;"RRAS";343;206;60,06;89;71;79,78;37;30;81,08;NA
2023;"RRAS05";706;"RRAS";706;360;50,99;209;145;69,38;72;59;81,94;NA
2023;"RRAS06";4240;"RRAS";4240;2234;52,69;1335;993;74,38;569;456;80,14;NA
2023;"RRAS07";349;"RRAS";349;223;63,9;146;115;78,77;74;62;83,78;NA
2023;"RRAS08";610;"RRAS";610;271;44,43;160;123;76,88;76;65;85,53;NA
2023;"RRAS09";254;"RRAS";254;137;53,94;119;73;61,34;61;41;67,21;NA
2023;"RRAS10";153;"RRAS";153;87;56,86;57;40;70,18;29;20;68,97;NA
2023;"RRAS11";56;"RRAS";56;32;57,14;25;18;72;12;10;83,33;NA
2023;"RRAS12";462;"RRAS";462;233;50,43;111;83;74,77;70;54;77,14;NA
2023;"RRAS13";364;"RRAS";364;235;64,56;196;152;77,55;102;89;87,25;NA
2023;"RRAS14";155;"RRAS";155;89;57,42;56;45;80,36;36;30;83,33;NA
2023;"RRAS15";827;"RRAS";827;426;51,51;258;186;72,09;139;108;77,7;NA
2023;"RRAS16";321;"RRAS";321;177;55,14;104;83;79,81;52;44;84,62;NA
2023;"RRAS17";694;"RRAS";694;488;70,32;222;176;79,28;83;74;89,16;NA
2023;"RRAS18";90;"RRAS";90;65;72,22;46;37;80,43;21;19;90,48;NA
2023;"RRAS19";71;"RRAS";71;52;73,24;22;17;77,27;7;5;71,43;NA
2023;NA;41;"RRAS";41;24;58,54;10;8;80;4;4;100;NA
2024;"RRAS01";724;"RRAS";724;439;60,64;161;134;83,23;85;72;84,71;NA
2024;"RRAS02";776;"RRAS";776;526;67,78;220;168;76,36;96;85;88,54;NA
2024;"RRAS03";219;"RRAS";219;138;63,01;66;47;71,21;31;21;67,74;NA
2024;"RRAS04";274;"RRAS";274;159;58,03;85;56;65,88;37;26;70,27;NA
2024;"RRAS05";507;"RRAS";507;279;55,03;138;97;70,29;66;46;69,7;NA
2024;"RRAS06";3995;"RRAS";3995;2222;55,62;1472;1065;72,35;633;527;83,25;NA
2024;"RRAS07";294;"RRAS";294;194;65,99;142;117;82,39;75;64;85,33;NA
2024;"RRAS08";524;"RRAS";524;258;49,24;153;118;77,12;58;48;82,76;NA
2024;"RRAS09";236;"RRAS";236;117;49,58;101;61;60,4;39;23;58,97;NA
2024;"RRAS10";145;"RRAS";145;93;64,14;53;42;79,25;26;24;92,31;NA
2024;"RRAS11";61;"RRAS";61;38;62,3;24;19;79,17;11;10;90,91;NA
2024;"RRAS12";409;"RRAS";409;249;60,88;98;81;82,65;54;45;83,33;NA
2024;"RRAS13";366;"RRAS";366;243;66,39;166;122;73,49;83;70;84,34;NA
2024;"RRAS14";169;"RRAS";169;90;53,25;68;48;70,59;35;29;82,86;NA
2024;"RRAS15";799;"RRAS";799;414;51,81;248;168;67,74;112;74;66,07;NA
2024;"RRAS16";269;"RRAS";269;148;55,02;84;72;85,71;40;38;95;NA
2024;"RRAS17";692;"RRAS";692;525;75,87;253;218;86,17;86;79;91,86;NA
2024;"RRAS18";117;"RRAS";117;87;74,36;47;36;76,6;22;19;86,36;NA
2024;"RRAS19";86;"RRAS";86;66;76,74;30;24;80;10;10;100;NA
2024;NA;46;"RRAS";46;29;63,04;7;5;71,43;4;3;75;NA
2015;"ALTA ANHANGUERA";4;"RS";4;3;75;2;1;50;0;0;0;NA
2015;"ALTA MOGIANA";3;"RS";3;3;100;2;2;100;2;2;100;NA
2015;"ALTA PAULISTA";2;"RS";2;1;50;0;0;0;0;0;0;NA
2015;"ALTA SOROCABANA";19;"RS";19;11;57,89;9;9;100;3;3;100;NA
2015;"ALTO CAPIVARI";3;"RS";3;3;100;2;2;100;0;0;0;NA
2015;"ALTO DO TIETE";273;"RS";273;247;90,48;40;39;97,5;17;17;100;NA
2015;"ALTO VALE DO PARAIBA";134;"RS";134;121;90,3;43;42;97,67;23;23;100;NA
2015;"AQUIFERO GUARANI";130;"RS";130;116;89,23;71;69;97,18;42;42;100;NA
2015;"ARARAS";15;"RS";15;14;93,33;6;6;100;4;4;100;"350330"
2015;"ASSIS";23;"RS";23;23;100;10;10;100;3;3;100;"350400"
2015;"BAIXA MOGIANA";20;"RS";20;17;85;7;7;100;3;3;100;NA
2015;"BAIXADA SANTISTA";151;"RS";151;138;91,39;67;65;97,01;36;35;97,22;NA
2015;"BAURU";41;"RS";41;39;95,12;29;29;100;20;19;95;"350600"
2015;"BRAGANCA";43;"RS";43;43;100;17;17;100;10;10;100;NA
2015;"CATANDUVA";22;"RS";22;22;100;14;14;100;7;7;100;"351110"
2015;"CENTRAL DO DRS II";10;"RS";10;10;100;7;7;100;2;2;100;NA
2015;"CENTRAL DO DRS III";18;"RS";18;18;100;7;7;100;4;4;100;NA
2015;"CIRCUITO DA FE VALE HISTORICO";16;"RS";16;16;100;8;8;100;5;5;100;NA
2015;"CIRCUITO DAS AGUAS";11;"RS";11;9;81,82;4;4;100;2;2;100;NA
2015;"CONSORCIOS DO DRS II";8;"RS";8;8;100;3;3;100;1;1;100;NA
2015;"CORACAO DO DRS III";19;"RS";19;19;100;10;10;100;4;4;100;NA
2015;"EXTREMO OESTE PAULISTA";4;"RS";4;4;100;2;2;100;1;1;100;NA
2015;"FERNANDOPOLIS";10;"RS";10;10;100;4;4;100;1;1;100;"351550"
2015;"FRANCO DA ROCHA";66;"RS";66;60;90,91;11;11;100;6;6;100;"351640"
2015;"GRANDE ABC";600;"RS";600;515;85,83;97;96;98,97;48;47;97,92;NA
2015;"HORIZONTE VERDE";31;"RS";31;30;96,77;17;17;100;11;11;100;NA
2015;"ITAPETININGA";35;"RS";35;25;71,43;6;6;100;3;3;100;"352230"
2015;"ITAPEVA";34;"RS";34;26;76,47;13;13;100;12;12;100;"352240"
2015;"JALES";8;"RS";8;7;87,5;3;3;100;1;1;100;"352480"
2015;"JAU";6;"RS";6;4;66,67;1;1;100;0;0;0;"352530"
2015;"JOSE BONIFACIO";14;"RS";14;14;100;10;10;100;2;2;100;"352570"
2015;"JUNDIAI";101;"RS";101;95;94,06;36;36;100;23;23;100;"352590"
2015;"LAGOS DO DRS II";16;"RS";16;16;100;9;9;100;4;4;100;NA
2015;"LIMEIRA";11;"RS";11;10;90,91;8;8;100;4;4;100;"352690"
2015;"LINS";20;"RS";20;19;95;11;11;100;5;5;100;"352710"
2015;"LITORAL NORTE";35;"RS";35;31;88,57;12;12;100;4;4;100;NA
2015;"MANANCIAIS";115;"RS";115;107;93,04;27;27;100;16;16;100;NA
2015;"MANTIQUEIRA";11;"RS";11;11;100;5;5;100;3;3;100;NA
2015;"MARILIA";27;"RS";27;22;81,48;17;16;94,12;8;8;100;"352900"
2015;"NOROESTE DRS III";12;"RS";12;12;100;7;7;100;4;4;100;NA
2015;"NORTE BARRETOS";9;"RS";9;9;100;4;4;100;3;3;100;NA
2015;"OURINHOS";30;"RS";30;29;96,67;12;12;100;6;6;100;"353470"
2015;"PIRACICABA";31;"RS";31;30;96,77;14;14;100;11;11;100;"353870"
2015;"POLO CUESTA";54;"RS";54;47;87,04;34;34;100;4;4;100;NA
2015;"PONTAL DO PARANAPANEMA";1;"RS";1;1;100;1;1;100;1;1;100;NA
2015;"REG METRO CAMPINAS";393;"RS";393;349;88,8;177;171;96,61;120;115;95,83;NA
2015;"RIO CLARO";12;"RS";12;12;100;5;5;100;3;3;100;"354390"
2015;"RIO PARDO";5;"RS";5;5;100;5;5;100;3;3;100;NA
2015;"ROTA DOS BANDEIRANTES";178;"RS";178;132;74,16;10;5;50;0;0;0;NA
2015;"SANTA FE DO SUL";3;"RS";3;3;100;2;2;100;0;0;0;"354660"
2015;"SAO JOSE DO RIO PRETO";121;"RS";121;110;90,91;49;46;93,88;20;19;95;"354980"
2015;"SAO PAULO";509;"RS";509;331;65,03;82;66;80,49;46;42;91,3;"355030"
2015;"SOROCABA";88;"RS";88;59;67,05;19;17;89,47;7;7;100;"355220"
2015;"SUL BARRETOS";5;"RS";5;5;100;4;4;100;3;3;100;NA
2015;"TRES COLINAS";6;"RS";6;6;100;5;5;100;3;3;100;NA
2015;"VALE DAS CACHOEIRAS";7;"RS";7;6;85,71;2;2;100;2;2;100;NA
2015;"VALE DO JURUMIRIM";13;"RS";13;12;92,31;11;10;90,91;3;3;100;NA
2015;"VALE DO RIBEIRA";42;"RS";42;37;88,1;21;19;90,48;16;16;100;NA
2015;"VALE PARAIBA REGIAO SERRANA";43;"RS";43;36;83,72;27;26;96,3;15;15;100;NA
2015;"VOTUPORANGA";11;"RS";11;11;100;9;9;100;4;4;100;"355710"
2015;NA;19;"RS";19;14;73,68;7;6;85,71;4;3;75;NA
2016;"ADAMANTINA";4;"RS";4;3;75;3;2;66,67;0;0;0;"350010"
2016;"ALTA ANHANGUERA";9;"RS";9;5;55,56;4;2;50;2;1;50;NA
2016;"ALTA MOGIANA";4;"RS";4;3;75;2;2;100;1;1;100;NA
2016;"ALTA PAULISTA";5;"RS";5;5;100;4;4;100;1;1;100;NA
2016;"ALTA SOROCABANA";19;"RS";19;5;26,32;6;4;66,67;3;3;100;NA
2016;"ALTO CAPIVARI";3;"RS";3;2;66,67;2;1;50;2;1;50;NA
2016;"ALTO DO TIETE";284;"RS";284;149;52,46;44;27;61,36;17;13;76,47;NA
2016;"ALTO VALE DO PARAIBA";187;"RS";187;118;63,1;59;52;88,14;38;35;92,11;NA
2016;"AQUIFERO GUARANI";133;"RS";133;78;58,65;67;46;68,66;39;27;69,23;NA
2016;"ARARAS";20;"RS";20;5;25;8;2;25;3;1;33,33;"350330"
2016;"ASSIS";25;"RS";25;15;60;14;10;71,43;7;7;100;"350400"
2016;"BAIXA MOGIANA";26;"RS";26;12;46,15;9;6;66,67;3;1;33,33;NA
2016;"BAIXADA SANTISTA";139;"RS";139;75;53,96;53;41;77,36;24;21;87,5;NA
2016;"BAURU";40;"RS";40;32;80;27;27;100;14;14;100;"350600"
2016;"BRAGANCA";35;"RS";35;26;74,29;18;17;94,44;13;13;100;NA
2016;"CATANDUVA";16;"RS";16;10;62,5;7;5;71,43;4;3;75;"351110"
2016;"CENTRAL DO DRS II";10;"RS";10;6;60;3;3;100;1;1;100;NA
2016;"CENTRAL DO DRS III";10;"RS";10;4;40;5;4;80;3;3;100;NA
2016;"CIRCUITO DA FE VALE HISTORICO";21;"RS";21;20;95,24;17;17;100;10;10;100;NA
2016;"CIRCUITO DAS AGUAS";8;"RS";8;4;50;3;2;66,67;3;2;66,67;NA
2016;"CONSORCIOS DO DRS II";8;"RS";8;8;100;5;5;100;2;2;100;NA
2016;"CORACAO DO DRS III";20;"RS";20;14;70;13;8;61,54;5;2;40;NA
2016;"EXTREMO OESTE PAULISTA";2;"RS";2;1;50;1;1;100;1;1;100;NA
2016;"FERNANDOPOLIS";10;"RS";10;8;80;3;3;100;4;4;100;"351550"
2016;"FRANCO DA ROCHA";49;"RS";49;16;32,65;8;3;37,5;3;1;33,33;"351640"
2016;"GRANDE ABC";611;"RS";611;307;50,25;111;74;66,67;59;37;62,71;NA
2016;"HORIZONTE VERDE";35;"RS";35;21;60;14;11;78,57;9;7;77,78;NA
2016;"ITAPETININGA";49;"RS";49;29;59,18;18;17;94,44;12;12;100;"352230"
2016;"ITAPEVA";40;"RS";40;21;52,5;11;10;90,91;10;10;100;"352240"
2016;"JALES";6;"RS";6;3;50;2;2;100;2;1;50;"352480"
2016;"JAU";6;"RS";6;5;83,33;2;2;100;0;0;0;"352530"
2016;"JOSE BONIFACIO";2;"RS";2;1;50;1;0;0;0;0;0;"352570"
2016;"JUNDIAI";103;"RS";103;47;45,63;30;24;80;14;13;92,86;"352590"
2016;"LAGOS DO DRS II";14;"RS";14;12;85,71;9;9;100;7;7;100;NA
2016;"LIMEIRA";9;"RS";9;6;66,67;4;3;75;4;3;75;"352690"
2016;"LINS";10;"RS";10;6;60;5;4;80;3;2;66,67;"352710"
2016;"LITORAL NORTE";32;"RS";32;13;40,62;12;9;75;4;4;100;NA
2016;"MANANCIAIS";148;"RS";148;76;51,35;37;22;59,46;16;8;50;NA
2016;"MANTIQUEIRA";23;"RS";23;11;47,83;13;9;69,23;9;7;77,78;NA
2016;"MARILIA";38;"RS";38;19;50;18;13;72,22;9;9;100;"352900"
2016;"NOROESTE DRS III";6;"RS";6;3;50;4;2;50;2;0;0;NA
2016;"NORTE BARRETOS";9;"RS";9;8;88,89;2;1;50;2;1;50;NA
2016;"OURINHOS";20;"RS";20;12;60;8;6;75;1;1;100;"353470"
2016;"PIRACICABA";53;"RS";53;43;81,13;40;36;90;20;19;95;"353870"
2016;"POLO CUESTA";47;"RS";47;17;36,17;27;11;40,74;13;10;76,92;NA
2016;"PONTAL DO PARANAPANEMA";3;"RS";3;2;66,67;2;2;100;0;0;0;NA
2016;"REG METRO CAMPINAS";429;"RS";429;222;51,75;181;133;73,48;130;98;75,38;NA
2016;"RIO CLARO";12;"RS";12;8;66,67;7;5;71,43;2;2;100;"354390"
2016;"RIO PARDO";3;"RS";3;3;100;2;2;100;2;2;100;NA
2016;"ROTA DOS BANDEIRANTES";182;"RS";182;76;41,76;29;11;37,93;6;4;66,67;NA
2016;"SANTA FE DO SUL";4;"RS";4;3;75;3;2;66,67;1;1;100;"354660"
2016;"SAO JOSE DO RIO PRETO";107;"RS";107;75;70,09;38;32;84,21;19;16;84,21;"354980"
2016;"SAO PAULO";878;"RS";878;397;45,22;182;103;56,59;92;59;64,13;"355030"
2016;"SOROCABA";142;"RS";142;59;41,55;39;30;76,92;15;13;86,67;"355220"
2016;"SUL BARRETOS";7;"RS";7;5;71,43;5;4;80;2;2;100;NA
2016;"TRES COLINAS";12;"RS";12;6;50;5;2;40;3;2;66,67;NA
2016;"TUPA";6;"RS";6;6;100;3;3;100;0;0;0;"355500"
2016;"VALE DAS CACHOEIRAS";11;"RS";11;6;54,55;3;3;100;2;1;50;NA
2016;"VALE DO JURUMIRIM";11;"RS";11;6;54,55;4;4;100;1;1;100;NA
2016;"VALE DO RIBEIRA";48;"RS";48;29;60,42;27;17;62,96;20;14;70;NA
2016;"VALE PARAIBA REGIAO SERRANA";57;"RS";57;42;73,68;28;24;85,71;12;10;83,33;NA
2016;"VOTUPORANGA";21;"RS";21;16;76,19;15;14;93,33;12;11;91,67;"355710"
2016;NA;24;"RS";24;12;50;2;2;100;1;1;100;NA
2017;"ADAMANTINA";4;"RS";4;1;25;1;0;0;0;0;0;"350010"
2017;"ALTA ANHANGUERA";4;"RS";4;4;100;2;2;100;1;1;100;NA
2017;"ALTA MOGIANA";7;"RS";7;5;71,43;1;1;100;0;0;0;NA
2017;"ALTA PAULISTA";1;"RS";1;1;100;0;0;0;0;0;0;NA
2017;"ALTA SOROCABANA";21;"RS";21;4;19,05;5;3;60;2;2;100;NA
2017;"ALTO CAPIVARI";3;"RS";3;3;100;2;2;100;1;1;100;NA
2017;"ALTO DO TIETE";443;"RS";443;255;57,56;98;76;77,55;41;33;80,49;NA
2017;"ALTO VALE DO PARAIBA";185;"RS";185;107;57,84;42;33;78,57;19;17;89,47;NA
2017;"AQUIFERO GUARANI";110;"RS";110;47;42,73;58;26;44,83;33;16;48,48;NA
2017;"ARARAS";15;"RS";15;5;33,33;4;3;75;3;2;66,67;"350330"
2017;"ASSIS";21;"RS";21;11;52,38;10;9;90;6;6;100;"350400"
2017;"BAIXA MOGIANA";22;"RS";22;16;72,73;13;11;84,62;10;9;90;NA
2017;"BAIXADA SANTISTA";174;"RS";174;93;53,45;86;61;70,93;45;37;82,22;NA
2017;"BAURU";41;"RS";41;33;80,49;27;25;92,59;18;18;100;"350600"
2017;"BRAGANCA";32;"RS";32;21;65,62;19;15;78,95;10;8;80;NA
2017;"CATANDUVA";17;"RS";17;10;58,82;8;6;75;4;3;75;"351110"
2017;"CENTRAL DO DRS II";9;"RS";9;6;66,67;5;4;80;4;3;75;NA
2017;"CENTRAL DO DRS III";32;"RS";32;19;59,38;19;14;73,68;14;9;64,29;NA
2017;"CIRCUITO DA FE VALE HISTORICO";17;"RS";17;15;88,24;12;12;100;6;6;100;NA
2017;"CIRCUITO DAS AGUAS";7;"RS";7;4;57,14;2;2;100;2;1;50;NA
2017;"CONSORCIOS DO DRS II";11;"RS";11;9;81,82;3;2;66,67;1;1;100;NA
2017;"CORACAO DO DRS III";30;"RS";30;23;76,67;19;16;84,21;11;9;81,82;NA
2017;"EXTREMO OESTE PAULISTA";2;"RS";2;1;50;1;1;100;0;0;0;NA
2017;"FERNANDOPOLIS";5;"RS";5;4;80;3;2;66,67;1;1;100;"351550"
2017;"FRANCO DA ROCHA";39;"RS";39;22;56,41;5;3;60;2;1;50;"351640"
2017;"GRANDE ABC";612;"RS";612;317;51,8;115;85;73,91;64;50;78,12;NA
2017;"HORIZONTE VERDE";51;"RS";51;23;45,1;21;10;47,62;14;7;50;NA
2017;"ITAPETININGA";46;"RS";46;19;41,3;17;14;82,35;10;9;90;"352230"
2017;"ITAPEVA";55;"RS";55;19;34,55;20;15;75;15;10;66,67;"352240"
2017;"JALES";9;"RS";9;7;77,78;3;3;100;0;0;0;"352480"
2017;"JAU";22;"RS";22;17;77,27;14;13;92,86;3;3;100;"352530"
2017;"JOSE BONIFACIO";10;"RS";10;3;30;3;1;33,33;3;1;33,33;"352570"
2017;"JUNDIAI";143;"RS";143;75;52,45;46;40;86,96;34;32;94,12;"352590"
2017;"LAGOS DO DRS II";14;"RS";14;9;64,29;9;6;66,67;5;4;80;NA
2017;"LIMEIRA";16;"RS";16;11;68,75;8;6;75;4;3;75;"352690"
2017;"LINS";14;"RS";14;7;50;9;7;77,78;5;5;100;"352710"
2017;"LITORAL NORTE";61;"RS";61;33;54,1;21;18;85,71;9;8;88,89;NA
2017;"MANANCIAIS";138;"RS";138;91;65,94;33;26;78,79;16;11;68,75;NA
2017;"MANTIQUEIRA";30;"RS";30;11;36,67;12;6;50;7;4;57,14;NA
2017;"MARILIA";56;"RS";56;39;69,64;29;21;72,41;22;16;72,73;"352900"
2017;"NOROESTE DRS III";9;"RS";9;5;55,56;6;5;83,33;2;2;100;NA
2017;"NORTE BARRETOS";13;"RS";13;8;61,54;3;1;33,33;5;3;60;NA
2017;"OURINHOS";25;"RS";25;14;56;12;7;58,33;5;3;60;"353470"
2017;"PIRACICABA";41;"RS";41;30;73,17;24;22;91,67;11;11;100;"353870"
2017;"POLO CUESTA";54;"RS";54;29;53,7;38;23;60,53;16;16;100;NA
2017;"PONTAL DO PARANAPANEMA";11;"RS";11;9;81,82;4;4;100;1;1;100;NA
2017;"REG METRO CAMPINAS";396;"RS";396;184;46,46;164;102;62,2;118;77;65,25;NA
2017;"RIO CLARO";15;"RS";15;14;93,33;5;5;100;0;0;0;"354390"
2017;"RIO PARDO";17;"RS";17;12;70,59;7;6;85,71;3;3;100;NA
2017;"ROTA DOS BANDEIRANTES";273;"RS";273;99;36,26;53;18;33,96;13;8;61,54;NA
2017;"SANTA FE DO SUL";4;"RS";4;4;100;1;1;100;0;0;0;"354660"
2017;"SAO JOSE DO RIO PRETO";108;"RS";108;65;60,19;44;36;81,82;24;23;95,83;"354980"
2017;"SAO PAULO";1232;"RS";1232;587;47,65;279;163;58,42;136;89;65,44;"355030"
2017;"SOROCABA";188;"RS";188;106;56,38;70;54;77,14;32;25;78,12;"355220"
2017;"SUL BARRETOS";9;"RS";9;7;77,78;6;5;83,33;3;3;100;NA
2017;"TRES COLINAS";16;"RS";16;9;56,25;6;4;66,67;1;0;0;NA
2017;"TUPA";6;"RS";6;6;100;6;6;100;2;2;100;"355500"
2017;"VALE DAS CACHOEIRAS";17;"RS";17;13;76,47;9;6;66,67;7;6;85,71;NA
2017;"VALE DO JURUMIRIM";15;"RS";15;6;40;6;3;50;1;0;0;NA
2017;"VALE DO RIBEIRA";45;"RS";45;18;40;20;8;40;9;4;44,44;NA
2017;"VALE PARAIBA REGIAO SERRANA";77;"RS";77;55;71,43;36;31;86,11;18;17;94,44;NA
2017;"VOTUPORANGA";15;"RS";15;12;80;11;9;81,82;11;9;81,82;"355710"
2017;NA;30;"RS";30;11;36,67;11;5;45,45;5;4;80;NA
2018;"ADAMANTINA";2;"RS";2;2;100;1;1;100;1;1;100;"350010"
2018;"ALTA ANHANGUERA";1;"RS";1;0;0;1;0;0;0;0;0;NA
2018;"ALTA MOGIANA";4;"RS";4;3;75;2;2;100;0;0;0;NA
2018;"ALTA PAULISTA";4;"RS";4;3;75;2;2;100;0;0;0;NA
2018;"ALTA SOROCABANA";31;"RS";31;14;45,16;18;13;72,22;10;7;70;NA
2018;"ALTO CAPIVARI";2;"RS";2;1;50;1;0;0;1;0;0;NA
2018;"ALTO DO TIETE";422;"RS";422;255;60,43;81;58;71,6;39;28;71,79;NA
2018;"ALTO VALE DO PARAIBA";240;"RS";240;159;66,25;62;53;85,48;34;30;88,24;NA
2018;"AQUIFERO GUARANI";110;"RS";110;45;40,91;66;30;45,45;25;10;40;NA
2018;"ARARAS";20;"RS";20;11;55;6;5;83,33;3;3;100;"350330"
2018;"ASSIS";15;"RS";15;11;73,33;6;6;100;4;4;100;"350400"
2018;"BAIXA MOGIANA";13;"RS";13;10;76,92;8;6;75;4;4;100;NA
2018;"BAIXADA SANTISTA";233;"RS";233;130;55,79;109;77;70,64;58;46;79,31;NA
2018;"BAURU";53;"RS";53;35;66,04;34;29;85,29;22;19;86,36;"350600"
2018;"BRAGANCA";45;"RS";45;31;68,89;25;22;88;16;14;87,5;NA
2018;"CATANDUVA";20;"RS";20;15;75;11;11;100;4;4;100;"351110"
2018;"CENTRAL DO DRS II";18;"RS";18;13;72,22;9;9;100;6;6;100;NA
2018;"CENTRAL DO DRS III";29;"RS";29;18;62,07;17;15;88,24;10;8;80;NA
2018;"CIRCUITO DA FE VALE HISTORICO";19;"RS";19;11;57,89;5;4;80;1;1;100;NA
2018;"CIRCUITO DAS AGUAS";13;"RS";13;5;38,46;3;3;100;3;2;66,67;NA
2018;"CONSORCIOS DO DRS II";16;"RS";16;10;62,5;3;3;100;1;1;100;NA
2018;"CORACAO DO DRS III";35;"RS";35;27;77,14;23;18;78,26;10;8;80;NA
2018;"EXTREMO OESTE PAULISTA";8;"RS";8;6;75;4;4;100;1;0;0;NA
2018;"FERNANDOPOLIS";10;"RS";10;9;90;6;6;100;2;2;100;"351550"
2018;"FRANCO DA ROCHA";65;"RS";65;38;58,46;9;4;44,44;3;1;33,33;"351640"
2018;"GRANDE ABC";684;"RS";684;319;46,64;101;70;69,31;50;37;74;NA
2018;"HORIZONTE VERDE";56;"RS";56;29;51,79;31;14;45,16;16;7;43,75;NA
2018;"ITAPETININGA";51;"RS";51;24;47,06;16;14;87,5;9;8;88,89;"352230"
2018;"ITAPEVA";37;"RS";37;19;51,35;10;7;70;8;5;62,5;"352240"
2018;"JALES";10;"RS";10;7;70;2;2;100;0;0;0;"352480"
2018;"JAU";15;"RS";15;8;53,33;3;2;66,67;2;1;50;"352530"
2018;"JOSE BONIFACIO";13;"RS";13;8;61,54;4;3;75;2;1;50;"352570"
2018;"JUNDIAI";126;"RS";126;62;49,21;40;35;87,5;25;25;100;"352590"
2018;"LAGOS DO DRS II";12;"RS";12;8;66,67;7;5;71,43;5;5;100;NA
2018;"LIMEIRA";42;"RS";42;24;57,14;13;6;46,15;8;4;50;"352690"
2018;"LINS";5;"RS";5;2;40;1;1;100;0;0;0;"352710"
2018;"LITORAL NORTE";63;"RS";63;30;47,62;13;11;84,62;6;5;83,33;NA
2018;"MANANCIAIS";138;"RS";138;72;52,17;42;21;50;21;8;38,1;NA
2018;"MANTIQUEIRA";18;"RS";18;10;55,56;10;7;70;9;6;66,67;NA
2018;"MARILIA";33;"RS";33;26;78,79;19;15;78,95;7;7;100;"352900"
2018;"NOROESTE DRS III";11;"RS";11;8;72,73;2;1;50;1;1;100;NA
2018;"NORTE BARRETOS";11;"RS";11;8;72,73;4;4;100;3;3;100;NA
2018;"OURINHOS";20;"RS";20;12;60;9;6;66,67;3;3;100;"353470"
2018;"PIRACICABA";58;"RS";58;32;55,17;26;20;76,92;9;7;77,78;"353870"
2018;"POLO CUESTA";75;"RS";75;30;40;42;26;61,9;17;16;94,12;NA
2018;"PONTAL DO PARANAPANEMA";6;"RS";6;4;66,67;2;2;100;1;1;100;NA
2018;"REG METRO CAMPINAS";436;"RS";436;206;47,25;178;117;65,73;125;92;73,6;NA
2018;"RIO CLARO";13;"RS";13;11;84,62;6;5;83,33;2;1;50;"354390"
2018;"RIO PARDO";12;"RS";12;9;75;8;8;100;6;5;83,33;NA
2018;"ROTA DOS BANDEIRANTES";271;"RS";271;114;42,07;75;36;48;19;14;73,68;NA
2018;"SANTA FE DO SUL";3;"RS";3;3;100;1;1;100;0;0;0;"354660"
2018;"SAO JOSE DO RIO PRETO";154;"RS";154;96;62,34;45;37;82,22;30;27;90;"354980"
2018;"SAO PAULO";1701;"RS";1701;783;46,03;379;217;57,26;196;111;56,63;"355030"
2018;"SOROCABA";164;"RS";164;93;56,71;42;30;71,43;15;14;93,33;"355220"
2018;"SUL BARRETOS";4;"RS";4;3;75;2;2;100;1;1;100;NA
2018;"TRES COLINAS";15;"RS";15;10;66,67;10;8;80;2;1;50;NA
2018;"TUPA";2;"RS";2;2;100;2;2;100;1;1;100;"355500"
2018;"VALE DAS CACHOEIRAS";11;"RS";11;8;72,73;7;5;71,43;6;5;83,33;NA
2018;"VALE DO JURUMIRIM";24;"RS";24;15;62,5;10;7;70;8;6;75;NA
2018;"VALE DO RIBEIRA";38;"RS";38;16;42,11;20;8;40;13;6;46,15;NA
2018;"VALE PARAIBA REGIAO SERRANA";70;"RS";70;44;62,86;38;31;81,58;19;15;78,95;NA
2018;"VOTUPORANGA";19;"RS";19;12;63,16;8;7;87,5;7;7;100;"355710"
2018;NA;32;"RS";32;17;53,12;6;3;50;5;3;60;NA
2019;"ADAMANTINA";1;"RS";1;1;100;0;0;0;0;0;0;"350010"
2019;"ALTA ANHANGUERA";7;"RS";7;4;57,14;4;2;50;2;1;50;NA
2019;"ALTA MOGIANA";7;"RS";7;4;57,14;1;1;100;1;1;100;NA
2019;"ALTA PAULISTA";5;"RS";5;3;60;2;1;50;0;0;0;NA
2019;"ALTA SOROCABANA";29;"RS";29;13;44,83;6;3;50;2;2;100;NA
2019;"ALTO CAPIVARI";1;"RS";1;0;0;1;0;0;0;0;0;NA
2019;"ALTO DO TIETE";378;"RS";378;215;56,88;80;51;63,75;33;27;81,82;NA
2019;"ALTO VALE DO PARAIBA";225;"RS";225;161;71,56;48;37;77,08;21;17;80,95;NA
2019;"AQUIFERO GUARANI";128;"RS";128;68;53,12;74;45;60,81;38;26;68,42;NA
2019;"ARARAS";28;"RS";28;19;67,86;17;16;94,12;13;12;92,31;"350330"
2019;"ASSIS";22;"RS";22;16;72,73;8;5;62,5;4;4;100;"350400"
2019;"BAIXA MOGIANA";26;"RS";26;9;34,62;9;5;55,56;4;2;50;NA
2019;"BAIXADA SANTISTA";241;"RS";241;143;59,34;96;77;80,21;59;46;77,97;NA
2019;"BAURU";66;"RS";66;47;71,21;28;20;71,43;13;11;84,62;"350600"
2019;"BRAGANCA";28;"RS";28;19;67,86;14;12;85,71;5;5;100;NA
2019;"CATANDUVA";28;"RS";28;17;60,71;10;8;80;4;4;100;"351110"
2019;"CENTRAL DO DRS II";9;"RS";9;6;66,67;5;4;80;4;3;75;NA
2019;"CENTRAL DO DRS III";65;"RS";65;22;33,85;17;13;76,47;8;8;100;NA
2019;"CIRCUITO DA FE VALE HISTORICO";24;"RS";24;18;75;10;8;80;5;4;80;NA
2019;"CIRCUITO DAS AGUAS";22;"RS";22;13;59,09;4;2;50;2;2;100;NA
2019;"CONSORCIOS DO DRS II";28;"RS";28;16;57,14;8;5;62,5;3;2;66,67;NA
2019;"CORACAO DO DRS III";30;"RS";30;19;63,33;20;14;70;11;9;81,82;NA
2019;"EXTREMO OESTE PAULISTA";1;"RS";1;0;0;0;0;0;0;0;0;NA
2019;"FERNANDOPOLIS";10;"RS";10;8;80;7;6;85,71;6;5;83,33;"351550"
2019;"FRANCO DA ROCHA";36;"RS";36;21;58,33;5;4;80;2;2;100;"351640"
2019;"GRANDE ABC";659;"RS";659;326;49,47;123;96;78,05;69;59;85,51;NA
2019;"HORIZONTE VERDE";41;"RS";41;27;65,85;20;13;65;11;9;81,82;NA
2019;"ITAPETININGA";45;"RS";45;24;53,33;18;13;72,22;14;9;64,29;"352230"
2019;"ITAPEVA";33;"RS";33;17;51,52;11;9;81,82;7;7;100;"352240"
2019;"JALES";3;"RS";3;2;66,67;1;1;100;0;0;0;"352480"
2019;"JAU";17;"RS";17;14;82,35;10;8;80;5;4;80;"352530"
2019;"JOSE BONIFACIO";17;"RS";17;11;64,71;6;5;83,33;1;1;100;"352570"
2019;"JUNDIAI";129;"RS";129;80;62,02;54;48;88,89;35;33;94,29;"352590"
2019;"LAGOS DO DRS II";7;"RS";7;3;42,86;5;3;60;2;2;100;NA
2019;"LIMEIRA";18;"RS";18;10;55,56;6;5;83,33;5;3;60;"352690"
2019;"LINS";10;"RS";10;8;80;7;6;85,71;2;1;50;"352710"
2019;"LITORAL NORTE";113;"RS";113;83;73,45;23;20;86,96;13;13;100;NA
2019;"MANANCIAIS";157;"RS";157;102;64,97;27;15;55,56;12;6;50;NA
2019;"MANTIQUEIRA";18;"RS";18;8;44,44;8;5;62,5;3;3;100;NA
2019;"MARILIA";29;"RS";29;20;68,97;12;10;83,33;6;4;66,67;"352900"
2019;"NOROESTE DRS III";7;"RS";7;6;85,71;6;6;100;1;1;100;NA
2019;"NORTE BARRETOS";15;"RS";15;8;53,33;7;2;28,57;5;2;40;NA
2019;"OURINHOS";15;"RS";15;11;73,33;6;5;83,33;1;1;100;"353470"
2019;"PIRACICABA";42;"RS";42;28;66,67;15;15;100;9;9;100;"353870"
2019;"POLO CUESTA";75;"RS";75;33;44;37;22;59,46;17;15;88,24;NA
2019;"PONTAL DO PARANAPANEMA";4;"RS";4;4;100;0;0;0;0;0;0;NA
2019;"REG METRO CAMPINAS";436;"RS";436;200;45,87;178;128;71,91;128;97;75,78;NA
2019;"RIO CLARO";25;"RS";25;21;84;16;14;87,5;8;6;75;"354390"
2019;"RIO PARDO";12;"RS";12;9;75;4;4;100;3;3;100;NA
2019;"ROTA DOS BANDEIRANTES";318;"RS";318;151;47,48;87;42;48,28;20;17;85;NA
2019;"SANTA FE DO SUL";5;"RS";5;5;100;2;2;100;1;1;100;"354660"
2019;"SAO JOSE DO RIO PRETO";227;"RS";227;141;62,11;48;37;77,08;36;28;77,78;"354980"
2019;"SAO PAULO";1681;"RS";1681;915;54,43;436;294;67,43;175;125;71,43;"355030"
2019;"SOROCABA";141;"RS";141;79;56,03;42;28;66,67;17;16;94,12;"355220"
2019;"SUL BARRETOS";5;"RS";5;4;80;2;2;100;2;2;100;NA
2019;"TRES COLINAS";6;"RS";6;2;33,33;1;0;0;0;0;0;NA
2019;"TUPA";6;"RS";6;3;50;3;2;66,67;0;0;0;"355500"
2019;"VALE DAS CACHOEIRAS";14;"RS";14;12;85,71;11;10;90,91;5;5;100;NA
2019;"VALE DO JURUMIRIM";29;"RS";29;17;58,62;12;10;83,33;9;9;100;NA
2019;"VALE DO RIBEIRA";60;"RS";60;33;55;26;16;61,54;18;11;61,11;NA
2019;"VALE PARAIBA REGIAO SERRANA";90;"RS";90;63;70;34;27;79,41;12;10;83,33;NA
2019;"VOTUPORANGA";31;"RS";31;20;64,52;12;11;91,67;9;9;100;"355710"
2019;NA;29;"RS";29;14;48,28;9;5;55,56;3;2;66,67;NA
2020;"ADAMANTINA";3;"RS";3;1;33,33;1;1;100;1;1;100;"350010"
2020;"ALTA ANHANGUERA";3;"RS";3;1;33,33;0;0;0;1;1;100;NA
2020;"ALTA MOGIANA";5;"RS";5;5;100;3;3;100;3;3;100;NA
2020;"ALTA PAULISTA";5;"RS";5;5;100;2;2;100;1;1;100;NA
2020;"ALTA SOROCABANA";25;"RS";25;11;44;13;6;46,15;5;3;60;NA
2020;"ALTO CAPIVARI";6;"RS";6;6;100;2;2;100;0;0;0;NA
2020;"ALTO DO TIETE";308;"RS";308;166;53,9;58;44;75,86;25;20;80;NA
2020;"ALTO VALE DO PARAIBA";193;"RS";193;150;77,72;56;44;78,57;25;21;84;NA
2020;"AQUIFERO GUARANI";127;"RS";127;59;46,46;55;32;58,18;22;17;77,27;NA
2020;"ARARAS";9;"RS";9;8;88,89;4;3;75;2;1;50;"350330"
2020;"ASSIS";23;"RS";23;12;52,17;8;5;62,5;2;2;100;"350400"
2020;"BAIXA MOGIANA";17;"RS";17;15;88,24;8;6;75;5;4;80;NA
2020;"BAIXADA SANTISTA";167;"RS";167;79;47,31;55;45;81,82;22;20;90,91;NA
2020;"BAURU";85;"RS";85;73;85,88;38;36;94,74;21;21;100;"350600"
2020;"BRAGANCA";22;"RS";22;14;63,64;10;8;80;8;8;100;NA
2020;"CATANDUVA";16;"RS";16;10;62,5;14;8;57,14;4;3;75;"351110"
2020;"CENTRAL DO DRS II";17;"RS";17;13;76,47;9;6;66,67;3;2;66,67;NA
2020;"CENTRAL DO DRS III";37;"RS";37;12;32,43;11;7;63,64;7;3;42,86;NA
2020;"CIRCUITO DA FE VALE HISTORICO";18;"RS";18;13;72,22;9;7;77,78;3;3;100;NA
2020;"CIRCUITO DAS AGUAS";12;"RS";12;7;58,33;5;4;80;5;3;60;NA
2020;"CONSORCIOS DO DRS II";12;"RS";12;8;66,67;2;2;100;1;1;100;NA
2020;"CORACAO DO DRS III";27;"RS";27;22;81,48;14;11;78,57;7;5;71,43;NA
2020;"EXTREMO OESTE PAULISTA";4;"RS";4;2;50;2;2;100;0;0;0;NA
2020;"FERNANDOPOLIS";4;"RS";4;4;100;3;3;100;2;2;100;"351550"
2020;"FRANCO DA ROCHA";53;"RS";53;34;64,15;12;10;83,33;8;5;62,5;"351640"
2020;"GRANDE ABC";505;"RS";505;245;48,51;85;69;81,18;33;31;93,94;NA
2020;"HORIZONTE VERDE";27;"RS";27;15;55,56;9;4;44,44;5;3;60;NA
2020;"ITAPETININGA";27;"RS";27;18;66,67;17;15;88,24;9;8;88,89;"352230"
2020;"ITAPEVA";27;"RS";27;8;29,63;8;6;75;2;1;50;"352240"
2020;"JALES";1;"RS";1;0;0;0;0;0;0;0;0;"352480"
2020;"JAU";10;"RS";10;8;80;5;4;80;4;3;75;"352530"
2020;"JOSE BONIFACIO";17;"RS";17;10;58,82;3;3;100;3;3;100;"352570"
2020;"JUNDIAI";113;"RS";113;65;57,52;34;27;79,41;22;20;90,91;"352590"
2020;"LAGOS DO DRS II";8;"RS";8;5;62,5;2;2;100;2;2;100;NA
2020;"LIMEIRA";14;"RS";14;9;64,29;5;4;80;1;1;100;"352690"
2020;"LINS";4;"RS";4;3;75;2;2;100;1;1;100;"352710"
2020;"LITORAL NORTE";125;"RS";125;82;65,6;18;14;77,78;7;5;71,43;NA
2020;"MANANCIAIS";87;"RS";87;50;57,47;20;10;50;11;6;54,55;NA
2020;"MANTIQUEIRA";20;"RS";20;9;45;10;7;70;4;2;50;NA
2020;"MARILIA";23;"RS";23;17;73,91;15;12;80;8;6;75;"352900"
2020;"NOROESTE DRS III";7;"RS";7;4;57,14;2;2;100;1;1;100;NA
2020;"NORTE BARRETOS";6;"RS";6;5;83,33;1;1;100;0;0;0;NA
2020;"OURINHOS";10;"RS";10;5;50;0;0;0;0;0;0;"353470"
2020;"PIRACICABA";47;"RS";47;30;63,83;18;14;77,78;8;4;50;"353870"
2020;"POLO CUESTA";44;"RS";44;18;40,91;23;13;56,52;10;8;80;NA
2020;"PONTAL DO PARANAPANEMA";1;"RS";1;0;0;0;0;0;0;0;0;NA
2020;"REG METRO CAMPINAS";416;"RS";416;163;39,18;121;76;62,81;86;54;62,79;NA
2020;"RIO CLARO";15;"RS";15;11;73,33;5;5;100;3;3;100;"354390"
2020;"RIO PARDO";9;"RS";9;7;77,78;8;6;75;5;3;60;NA
2020;"ROTA DOS BANDEIRANTES";179;"RS";179;83;46,37;49;27;55,1;7;6;85,71;NA
2020;"SANTA FE DO SUL";3;"RS";3;3;100;2;2;100;1;1;100;"354660"
2020;"SAO JOSE DO RIO PRETO";193;"RS";193;109;56,48;38;32;84,21;19;17;89,47;"354980"
2020;"SAO PAULO";1654;"RS";1654;923;55,8;408;284;69,61;162;112;69,14;"355030"
2020;"SOROCABA";103;"RS";103;63;61,17;44;33;75;15;12;80;"355220"
2020;"SUL BARRETOS";11;"RS";11;10;90,91;5;5;100;2;2;100;NA
2020;"TRES COLINAS";12;"RS";12;4;33,33;6;3;50;2;0;0;NA
2020;"TUPA";3;"RS";3;3;100;0;0;0;0;0;0;"355500"
2020;"VALE DAS CACHOEIRAS";26;"RS";26;12;46,15;17;8;47,06;7;6;85,71;NA
2020;"VALE DO JURUMIRIM";8;"RS";8;5;62,5;4;2;50;2;1;50;NA
2020;"VALE DO RIBEIRA";35;"RS";35;19;54,29;17;11;64,71;12;8;66,67;NA
2020;"VALE PARAIBA REGIAO SERRANA";43;"RS";43;31;72,09;20;19;95;12;11;91,67;NA
2020;"VOTUPORANGA";17;"RS";17;16;94,12;9;8;88,89;3;3;100;"355710"
2020;NA;24;"RS";24;11;45,83;7;4;57,14;2;2;100;NA
2021;"ADAMANTINA";4;"RS";4;3;75;3;3;100;2;2;100;"350010"
2021;"ALTA ANHANGUERA";4;"RS";4;3;75;1;1;100;1;1;100;NA
2021;"ALTA MOGIANA";1;"RS";1;0;0;0;0;0;0;0;0;NA
2021;"ALTA PAULISTA";1;"RS";1;1;100;1;1;100;1;1;100;NA
2021;"ALTA SOROCABANA";29;"RS";29;18;62,07;14;11;78,57;8;6;75;NA
2021;"ALTO CAPIVARI";2;"RS";2;2;100;1;1;100;1;1;100;NA
2021;"ALTO DO TIETE";415;"RS";415;222;53,49;71;52;73,24;27;20;74,07;NA
2021;"ALTO VALE DO PARAIBA";287;"RS";287;216;75,26;65;45;69,23;23;20;86,96;NA
2021;"AQUIFERO GUARANI";125;"RS";125;73;58,4;61;49;80,33;34;29;85,29;NA
2021;"ARARAS";36;"RS";36;12;33,33;8;4;50;3;1;33,33;"350330"
2021;"ASSIS";14;"RS";14;6;42,86;10;5;50;2;1;50;"350400"
2021;"BAIXA MOGIANA";25;"RS";25;18;72;14;11;78,57;9;6;66,67;NA
2021;"BAIXADA SANTISTA";180;"RS";180;102;56,67;75;56;74,67;33;31;93,94;NA
2021;"BAURU";77;"RS";77;64;83,12;30;27;90;18;18;100;"350600"
2021;"BRAGANCA";23;"RS";23;19;82,61;14;14;100;8;8;100;NA
2021;"CATANDUVA";15;"RS";15;11;73,33;3;2;66,67;0;0;0;"351110"
2021;"CENTRAL DO DRS II";12;"RS";12;8;66,67;1;1;100;1;1;100;NA
2021;"CENTRAL DO DRS III";28;"RS";28;21;75;10;9;90;7;7;100;NA
2021;"CIRCUITO DA FE VALE HISTORICO";14;"RS";14;11;78,57;5;5;100;0;0;0;NA
2021;"CIRCUITO DAS AGUAS";12;"RS";12;9;75;4;4;100;3;3;100;NA
2021;"CONSORCIOS DO DRS II";19;"RS";19;17;89,47;12;12;100;3;3;100;NA
2021;"CORACAO DO DRS III";28;"RS";28;21;75;15;14;93,33;5;5;100;NA
2021;"EXTREMO OESTE PAULISTA";7;"RS";7;7;100;1;1;100;0;0;0;NA
2021;"FERNANDOPOLIS";8;"RS";8;7;87,5;3;3;100;1;1;100;"351550"
2021;"FRANCO DA ROCHA";47;"RS";47;29;61,7;8;6;75;3;3;100;"351640"
2021;"GRANDE ABC";591;"RS";591;324;54,82;96;84;87,5;53;44;83,02;NA
2021;"HORIZONTE VERDE";40;"RS";40;28;70;20;15;75;8;7;87,5;NA
2021;"ITAPETININGA";52;"RS";52;24;46,15;18;13;72,22;6;6;100;"352230"
2021;"ITAPEVA";30;"RS";30;19;63,33;12;10;83,33;4;4;100;"352240"
2021;"JALES";4;"RS";4;1;25;1;1;100;1;1;100;"352480"
2021;"JAU";18;"RS";18;13;72,22;8;7;87,5;5;5;100;"352530"
2021;"JOSE BONIFACIO";24;"RS";24;15;62,5;5;5;100;4;4;100;"352570"
2021;"JUNDIAI";142;"RS";142;78;54,93;28;25;89,29;9;8;88,89;"352590"
2021;"LAGOS DO DRS II";12;"RS";12;8;66,67;5;4;80;1;0;0;NA
2021;"LIMEIRA";8;"RS";8;5;62,5;1;1;100;2;2;100;"352690"
2021;"LINS";16;"RS";16;7;43,75;8;6;75;0;0;0;"352710"
2021;"LITORAL NORTE";169;"RS";169;115;68,05;29;25;86,21;13;13;100;NA
2021;"MANANCIAIS";132;"RS";132;67;50,76;29;18;62,07;14;10;71,43;NA
2021;"MANTIQUEIRA";27;"RS";27;11;40,74;13;10;76,92;4;4;100;NA
2021;"MARILIA";28;"RS";28;21;75;15;10;66,67;7;6;85,71;"352900"
2021;"NOROESTE DRS III";13;"RS";13;8;61,54;8;8;100;8;8;100;NA
2021;"NORTE BARRETOS";10;"RS";10;7;70;6;3;50;4;2;50;NA
2021;"OURINHOS";13;"RS";13;10;76,92;6;6;100;2;2;100;"353470"
2021;"PIRACICABA";42;"RS";42;30;71,43;19;18;94,74;15;12;80;"353870"
2021;"POLO CUESTA";52;"RS";52;13;25;29;6;20,69;5;0;0;NA
2021;"PONTAL DO PARANAPANEMA";2;"RS";2;2;100;2;2;100;1;1;100;NA
2021;"REG METRO CAMPINAS";485;"RS";485;215;44,33;140;82;58,57;94;49;52,13;NA
2021;"RIO CLARO";11;"RS";11;9;81,82;5;5;100;4;4;100;"354390"
2021;"RIO PARDO";8;"RS";8;6;75;5;5;100;2;2;100;NA
2021;"ROTA DOS BANDEIRANTES";300;"RS";300;138;46;97;51;52,58;14;10;71,43;NA
2021;"SANTA FE DO SUL";8;"RS";8;7;87,5;2;2;100;0;0;0;"354660"
2021;"SAO JOSE DO RIO PRETO";220;"RS";220;138;62,73;43;38;88,37;29;26;89,66;"354980"
2021;"SAO PAULO";1883;"RS";1883;1084;57,57;459;318;69,28;167;120;71,86;"355030"
2021;"SOROCABA";140;"RS";140;85;60,71;58;47;81,03;24;22;91,67;"355220"
2021;"SUL BARRETOS";4;"RS";4;3;75;2;1;50;1;1;100;NA
2021;"TRES COLINAS";20;"RS";20;12;60;13;9;69,23;9;7;77,78;NA
2021;"TUPA";2;"RS";2;2;100;2;2;100;0;0;0;"355500"
2021;"VALE DAS CACHOEIRAS";16;"RS";16;8;50;7;5;71,43;6;5;83,33;NA
2021;"VALE DO JURUMIRIM";24;"RS";24;9;37,5;12;7;58,33;3;3;100;NA
2021;"VALE DO RIBEIRA";48;"RS";48;22;45,83;22;13;59,09;14;9;64,29;NA
2021;"VALE PARAIBA REGIAO SERRANA";83;"RS";83;51;61,45;28;22;78,57;18;16;88,89;NA
2021;"VOTUPORANGA";21;"RS";21;17;80,95;14;13;92,86;4;4;100;"355710"
2021;NA;30;"RS";30;14;46,67;3;3;100;2;1;50;NA
2022;"ADAMANTINA";1;"RS";1;1;100;1;1;100;0;0;0;"350010"
2022;"ALTA ANHANGUERA";7;"RS";7;2;28,57;2;1;50;0;0;0;NA
2022;"ALTA MOGIANA";3;"RS";3;2;66,67;2;2;100;0;0;0;NA
2022;"ALTA PAULISTA";5;"RS";5;3;60;2;1;50;0;0;0;NA
2022;"ALTA SOROCABANA";43;"RS";43;25;58,14;22;18;81,82;13;11;84,62;NA
2022;"ALTO CAPIVARI";7;"RS";7;4;57,14;4;2;50;2;1;50;NA
2022;"ALTO DO TIETE";523;"RS";523;286;54,68;103;70;67,96;44;29;65,91;NA
2022;"ALTO VALE DO PARAIBA";257;"RS";257;191;74,32;95;79;83,16;27;25;92,59;NA
2022;"AQUIFERO GUARANI";153;"RS";153;74;48,37;76;53;69,74;43;32;74,42;NA
2022;"ARARAS";48;"RS";48;20;41,67;19;13;68,42;14;8;57,14;"350330"
2022;"ASSIS";25;"RS";25;15;60;10;8;80;4;4;100;"350400"
2022;"BAIXA MOGIANA";16;"RS";16;12;75;4;4;100;4;4;100;NA
2022;"BAIXADA SANTISTA";223;"RS";223;133;59,64;101;83;82,18;47;38;80,85;NA
2022;"BAURU";91;"RS";91;65;71,43;37;29;78,38;20;17;85;"350600"
2022;"BRAGANCA";31;"RS";31;19;61,29;8;7;87,5;4;2;50;NA
2022;"CATANDUVA";24;"RS";24;16;66,67;9;8;88,89;1;1;100;"351110"
2022;"CENTRAL DO DRS II";21;"RS";21;17;80,95;10;9;90;3;3;100;NA
2022;"CENTRAL DO DRS III";24;"RS";24;15;62,5;12;10;83,33;11;8;72,73;NA
2022;"CIRCUITO DA FE VALE HISTORICO";29;"RS";29;25;86,21;14;14;100;4;4;100;NA
2022;"CIRCUITO DAS AGUAS";7;"RS";7;5;71,43;1;1;100;0;0;0;NA
2022;"CONSORCIOS DO DRS II";17;"RS";17;14;82,35;9;8;88,89;4;4;100;NA
2022;"CORACAO DO DRS III";20;"RS";20;10;50;12;8;66,67;3;2;66,67;NA
2022;"EXTREMO OESTE PAULISTA";8;"RS";8;3;37,5;2;2;100;1;1;100;NA
2022;"FERNANDOPOLIS";10;"RS";10;6;60;5;4;80;0;0;0;"351550"
2022;"FRANCO DA ROCHA";84;"RS";84;47;55,95;21;16;76,19;5;2;40;"351640"
2022;"GRANDE ABC";687;"RS";687;365;53,13;108;86;79,63;57;39;68,42;NA
2022;"HORIZONTE VERDE";46;"RS";46;29;63,04;14;12;85,71;7;7;100;NA
2022;"ITAPETININGA";74;"RS";74;46;62,16;22;21;95,45;19;17;89,47;"352230"
2022;"ITAPEVA";31;"RS";31;17;54,84;14;11;78,57;7;5;71,43;"352240"
2022;"JALES";10;"RS";10;6;60;3;3;100;0;0;0;"352480"
2022;"JAU";16;"RS";16;13;81,25;8;7;87,5;3;2;66,67;"352530"
2022;"JOSE BONIFACIO";13;"RS";13;11;84,62;4;4;100;1;1;100;"352570"
2022;"JUNDIAI";190;"RS";190;108;56,84;53;43;81,13;29;26;89,66;"352590"
2022;"LAGOS DO DRS II";24;"RS";24;18;75;12;9;75;5;3;60;NA
2022;"LIMEIRA";9;"RS";9;6;66,67;3;2;66,67;1;1;100;"352690"
2022;"LINS";8;"RS";8;5;62,5;4;4;100;4;4;100;"352710"
2022;"LITORAL NORTE";152;"RS";152;112;73,68;22;21;95,45;9;8;88,89;NA
2022;"MANANCIAIS";208;"RS";208;112;53,85;45;32;71,11;13;9;69,23;NA
2022;"MANTIQUEIRA";26;"RS";26;15;57,69;11;9;81,82;6;5;83,33;NA
2022;"MARILIA";76;"RS";76;48;63,16;33;25;75,76;18;13;72,22;"352900"
2022;"NOROESTE DRS III";9;"RS";9;8;88,89;4;4;100;3;3;100;NA
2022;"NORTE BARRETOS";31;"RS";31;21;67,74;10;7;70;3;2;66,67;NA
2022;"OURINHOS";18;"RS";18;15;83,33;9;9;100;6;6;100;"353470"
2022;"PIRACICABA";48;"RS";48;22;45,83;19;13;68,42;8;6;75;"353870"
2022;"POLO CUESTA";71;"RS";71;19;26,76;35;12;34,29;21;9;42,86;NA
2022;"PONTAL DO PARANAPANEMA";4;"RS";4;4;100;2;2;100;1;1;100;NA
2022;"REG METRO CAMPINAS";599;"RS";599;313;52,25;175;124;70,86;104;71;68,27;NA
2022;"RIO CLARO";21;"RS";21;17;80,95;9;9;100;2;2;100;"354390"
2022;"RIO PARDO";9;"RS";9;9;100;7;7;100;2;2;100;NA
2022;"ROTA DOS BANDEIRANTES";416;"RS";416;196;47,12;128;65;50,78;24;17;70,83;NA
2022;"SANTA FE DO SUL";7;"RS";7;4;57,14;2;2;100;0;0;0;"354660"
2022;"SAO JOSE DO RIO PRETO";267;"RS";267;146;54,68;54;50;92,59;36;34;94,44;"354980"
2022;"SAO PAULO";2671;"RS";2671;1432;53,61;656;461;70,27;283;189;66,78;"355030"
2022;"SOROCABA";284;"RS";284;130;45,77;78;63;80,77;36;31;86,11;"355220"
2022;"SUL BARRETOS";7;"RS";7;7;100;2;2;100;0;0;0;NA
2022;"TRES COLINAS";21;"RS";21;10;47,62;12;6;50;7;4;57,14;NA
2022;"TUPA";3;"RS";3;1;33,33;2;1;50;0;0;0;"355500"
2022;"VALE DAS CACHOEIRAS";19;"RS";19;11;57,89;7;5;71,43;4;3;75;NA
2022;"VALE DO JURUMIRIM";23;"RS";23;12;52,17;7;4;57,14;4;3;75;NA
2022;"VALE DO RIBEIRA";50;"RS";50;32;64;13;8;61,54;7;6;85,71;NA
2022;"VALE PARAIBA REGIAO SERRANA";99;"RS";99;72;72,73;34;29;85,29;14;14;100;NA
2022;"VOTUPORANGA";29;"RS";29;22;75,86;12;11;91,67;8;7;87,5;"355710"
2022;NA;38;"RS";38;21;55,26;10;7;70;5;4;80;NA
2023;"ADAMANTINA";4;"RS";4;1;25;0;0;0;0;0;0;"350010"
2023;"ALTA ANHANGUERA";9;"RS";9;5;55,56;7;3;42,86;4;3;75;NA
2023;"ALTA MOGIANA";8;"RS";8;6;75;3;3;100;2;2;100;NA
2023;"ALTA PAULISTA";10;"RS";10;7;70;5;4;80;1;1;100;NA
2023;"ALTA SOROCABANA";32;"RS";32;16;50;15;9;60;7;5;71,43;NA
2023;"ALTO CAPIVARI";5;"RS";5;3;60;2;2;100;2;2;100;NA
2023;"ALTO DO TIETE";851;"RS";851;519;60,99;204;155;75,98;76;63;82,89;NA
2023;"ALTO VALE DO PARAIBA";343;"RS";343;223;65,01;112;77;68,75;30;27;90;NA
2023;"AQUIFERO GUARANI";188;"RS";188;114;60,64;111;84;75,68;56;48;85,71;NA
2023;"ARARAS";59;"RS";59;19;32,2;19;13;68,42;11;9;81,82;"350330"
2023;"ASSIS";30;"RS";30;14;46,67;10;9;90;5;5;100;"350400"
2023;"BAIXA MOGIANA";40;"RS";40;29;72,5;13;11;84,62;6;6;100;NA
2023;"BAIXADA SANTISTA";292;"RS";292;182;62,33;132;103;78,03;64;54;84,38;NA
2023;"BAURU";80;"RS";80;50;62,5;30;23;76,67;20;18;90;"350600"
2023;"BRAGANCA";79;"RS";79;44;55,7;35;30;85,71;16;12;75;NA
2023;"CATANDUVA";32;"RS";32;16;50;10;6;60;3;3;100;"351110"
2023;"CENTRAL DO DRS II";35;"RS";35;23;65,71;15;11;73,33;5;4;80;NA
2023;"CENTRAL DO DRS III";38;"RS";38;31;81,58;23;22;95,65;10;10;100;NA
2023;"CIRCUITO DA FE VALE HISTORICO";40;"RS";40;30;75;19;18;94,74;11;11;100;NA
2023;"CIRCUITO DAS AGUAS";21;"RS";21;12;57,14;5;4;80;2;1;50;NA
2023;"CONSORCIOS DO DRS II";21;"RS";21;18;85,71;4;3;75;0;0;0;NA
2023;"CORACAO DO DRS III";38;"RS";38;23;60,53;18;10;55,56;8;6;75;NA
2023;"EXTREMO OESTE PAULISTA";6;"RS";6;4;66,67;2;2;100;2;2;100;NA
2023;"FERNANDOPOLIS";14;"RS";14;9;64,29;4;3;75;5;4;80;"351550"
2023;"FRANCO DA ROCHA";208;"RS";208;119;57,21;64;48;75;23;19;82,61;"351640"
2023;"GRANDE ABC";836;"RS";836;475;56,82;153;121;79,08;68;59;86,76;NA
2023;"HORIZONTE VERDE";77;"RS";77;53;68,83;30;27;90;19;19;100;NA
2023;"ITAPETININGA";75;"RS";75;38;50,67;31;23;74,19;13;12;92,31;"352230"
2023;"ITAPEVA";56;"RS";56;35;62,5;18;16;88,89;11;11;100;"352240"
2023;"JALES";8;"RS";8;4;50;3;3;100;2;2;100;"352480"
2023;"JAU";23;"RS";23;16;69,57;10;9;90;8;7;87,5;"352530"
2023;"JOSE BONIFACIO";45;"RS";45;23;51,11;15;9;60;9;6;66,67;"352570"
2023;"JUNDIAI";242;"RS";242;133;54,96;69;53;76,81;36;32;88,89;"352590"
2023;"LAGOS DO DRS II";15;"RS";15;11;73,33;3;3;100;2;1;50;NA
2023;"LIMEIRA";20;"RS";20;18;90;5;5;100;3;3;100;"352690"
2023;"LINS";22;"RS";22;10;45,45;7;6;85,71;1;1;100;"352710"
2023;"LITORAL NORTE";177;"RS";177;129;72,88;43;37;86,05;15;12;80;NA
2023;"MANANCIAIS";343;"RS";343;206;60,06;89;71;79,78;37;30;81,08;NA
2023;"MANTIQUEIRA";30;"RS";30;12;40;18;8;44,44;5;3;60;NA
2023;"MARILIA";82;"RS";82;43;52,44;31;16;51,61;17;8;47,06;"352900"
2023;"NOROESTE DRS III";14;"RS";14;11;78,57;5;5;100;3;3;100;NA
2023;"NORTE BARRETOS";23;"RS";23;16;69,57;17;13;76,47;9;7;77,78;NA
2023;"OURINHOS";30;"RS";30;25;83,33;13;13;100;6;6;100;"353470"
2023;"PIRACICABA";57;"RS";57;35;61,4;25;20;80;15;11;73,33;"353870"
2023;"POLO CUESTA";72;"RS";72;20;27,78;44;15;34,09;22;10;45,45;NA
2023;"PONTAL DO PARANAPANEMA";3;"RS";3;2;66,67;1;1;100;0;0;0;NA
2023;"REG METRO CAMPINAS";716;"RS";716;354;49,44;209;150;71,77;119;91;76,47;NA
2023;"RIO CLARO";19;"RS";19;17;89,47;7;7;100;7;7;100;"354390"
2023;"RIO PARDO";20;"RS";20;19;95;13;13;100;7;7;100;NA
2023;"ROTA DOS BANDEIRANTES";706;"RS";706;360;50,99;209;145;69,38;72;59;81,94;NA
2023;"SANTA FE DO SUL";3;"RS";3;2;66,67;2;2;100;0;0;0;"354660"
2023;"SAO JOSE DO RIO PRETO";338;"RS";338;161;47,63;69;53;76,81;47;35;74,47;"354980"
2023;"SAO PAULO";4240;"RS";4240;2234;52,69;1335;993;74,38;569;456;80,14;"355030"
2023;"SOROCABA";479;"RS";479;198;41,34;111;84;75,68;52;42;80,77;"355220"
2023;"SUL BARRETOS";5;"RS";5;3;60;2;2;100;2;2;100;NA
2023;"TRES COLINAS";35;"RS";35;26;74,29;18;13;72,22;6;4;66,67;NA
2023;"TUPA";7;"RS";7;4;57,14;3;2;66,67;1;1;100;"355500"
2023;"VALE DAS CACHOEIRAS";19;"RS";19;12;63,16;8;7;87,5;4;4;100;NA
2023;"VALE DO JURUMIRIM";57;"RS";57;41;71,93;28;20;71,43;10;5;50;NA
2023;"VALE DO RIBEIRA";57;"RS";57;41;71,93;14;12;85,71;10;8;80;NA
2023;"VALE PARAIBA REGIAO SERRANA";134;"RS";134;106;79,1;48;44;91,67;27;24;88,89;NA
2023;"VOTUPORANGA";22;"RS";22;18;81,82;8;7;87,5;4;4;100;"355710"
2023;NA;41;"RS";41;24;58,54;10;8;80;4;4;100;NA
2024;"ADAMANTINA";4;"RS";4;2;50;4;2;50;1;1;100;"350010"
2024;"ALTA ANHANGUERA";8;"RS";8;5;62,5;1;1;100;0;0;0;NA
2024;"ALTA MOGIANA";6;"RS";6;4;66,67;4;3;75;1;0;0;NA
2024;"ALTA PAULISTA";2;"RS";2;1;50;1;1;100;0;0;0;NA
2024;"ALTA SOROCABANA";41;"RS";41;23;56,1;15;10;66,67;6;5;83,33;NA
2024;"ALTO CAPIVARI";5;"RS";5;2;40;1;1;100;1;1;100;NA
2024;"ALTO DO TIETE";776;"RS";776;526;67,78;220;168;76,36;96;85;88,54;NA
2024;"ALTO VALE DO PARAIBA";361;"RS";361;261;72,3;137;110;80,29;41;35;85,37;NA
2024;"AQUIFERO GUARANI";192;"RS";192;129;67,19;102;78;76,47;50;47;94;NA
2024;"ARARAS";52;"RS";52;14;26,92;17;7;41,18;10;5;50;"350330"
2024;"ASSIS";28;"RS";28;19;67,86;9;6;66,67;4;3;75;"350400"
2024;"BAIXA MOGIANA";45;"RS";45;30;66,67;16;14;87,5;8;7;87,5;NA
2024;"BAIXADA SANTISTA";263;"RS";263;171;65,02;140;116;82,86;74;63;85,14;NA
2024;"BAURU";87;"RS";87;56;64,37;32;26;81,25;10;8;80;"350600"
2024;"BRAGANCA";57;"RS";57;33;57,89;26;20;76,92;9;8;88,89;NA
2024;"CATANDUVA";31;"RS";31;24;77,42;9;9;100;4;4;100;"351110"
2024;"CENTRAL DO DRS II";43;"RS";43;31;72,09;12;10;83,33;3;3;100;NA
2024;"CENTRAL DO DRS III";39;"RS";39;32;82,05;17;16;94,12;11;10;90,91;NA
2024;"CIRCUITO DA FE VALE HISTORICO";51;"RS";51;38;74,51;27;25;92,59;7;7;100;NA
2024;"CIRCUITO DAS AGUAS";13;"RS";13;8;61,54;5;4;80;3;3;100;NA
2024;"CONSORCIOS DO DRS II";21;"RS";21;17;80,95;7;5;71,43;2;2;100;NA
2024;"CORACAO DO DRS III";51;"RS";51;34;66,67;17;10;58,82;7;5;71,43;NA
2024;"EXTREMO OESTE PAULISTA";6;"RS";6;5;83,33;4;4;100;1;1;100;NA
2024;"FERNANDOPOLIS";9;"RS";9;8;88,89;5;4;80;1;1;100;"351550"
2024;"FRANCO DA ROCHA";219;"RS";219;138;63,01;66;47;71,21;31;21;67,74;"351640"
2024;"GRANDE ABC";724;"RS";724;439;60,64;161;134;83,23;85;72;84,71;NA
2024;"HORIZONTE VERDE";81;"RS";81;49;60,49;21;15;71,43;14;11;78,57;NA
2024;"ITAPETININGA";75;"RS";75;52;69,33;38;33;86,84;13;12;92,31;"352230"
2024;"ITAPEVA";35;"RS";35;20;57,14;16;11;68,75;5;5;100;"352240"
2024;"JALES";10;"RS";10;9;90;5;5;100;1;1;100;"352480"
2024;"JAU";26;"RS";26;17;65,38;11;10;90,91;5;5;100;"352530"
2024;"JOSE BONIFACIO";32;"RS";32;24;75;5;4;80;3;3;100;"352570"
2024;"JUNDIAI";212;"RS";212;115;54,25;58;52;89,66;31;30;96,77;"352590"
2024;"LAGOS DO DRS II";22;"RS";22;18;81,82;11;9;81,82;5;5;100;NA
2024;"LIMEIRA";9;"RS";9;8;88,89;3;3;100;2;2;100;"352690"
2024;"LINS";11;"RS";11;10;90,91;8;7;87,5;2;2;100;"352710"
2024;"LITORAL NORTE";172;"RS";172;131;76,16;44;39;88,64;19;19;100;NA
2024;"MANANCIAIS";274;"RS";274;159;58,03;85;56;65,88;37;26;70,27;NA
2024;"MANTIQUEIRA";35;"RS";35;19;54,29;22;14;63,64;11;7;63,64;NA
2024;"MARILIA";87;"RS";87;53;60,92;28;23;82,14;16;15;93,75;"352900"
2024;"NOROESTE DRS III";27;"RS";27;21;77,78;13;10;76,92;4;4;100;NA
2024;"NORTE BARRETOS";25;"RS";25;21;84;10;8;80;6;5;83,33;NA
2024;"OURINHOS";17;"RS";17;13;76,47;8;7;87,5;4;4;100;"353470"
2024;"PIRACICABA";88;"RS";88;53;60,23;36;28;77,78;18;17;94,44;"353870"
2024;"POLO CUESTA";83;"RS";83;17;20,48;35;8;22,86;15;4;26,67;NA
2024;"PONTAL DO PARANAPANEMA";7;"RS";7;7;100;3;3;100;3;3;100;NA
2024;"REG METRO CAMPINAS";690;"RS";690;344;49,86;199;130;65,33;88;55;62,5;NA
2024;"RIO CLARO";20;"RS";20;15;75;12;10;83,33;5;5;100;"354390"
2024;"RIO PARDO";16;"RS";16;13;81,25;6;6;100;2;2;100;NA
2024;"ROTA DOS BANDEIRANTES";507;"RS";507;279;55,03;138;97;70,29;66;46;69,7;NA
2024;"SANTA FE DO SUL";5;"RS";5;5;100;2;2;100;1;1;100;"354660"
2024;"SAO JOSE DO RIO PRETO";298;"RS";298;167;56,04;62;47;75,81;36;28;77,78;"354980"
2024;"SAO PAULO";3995;"RS";3995;2222;55,62;1472;1065;72,35;633;527;83,25;"355030"
2024;"SOROCABA";414;"RS";414;186;44,93;99;74;74,75;40;31;77,5;"355220"
2024;"SUL BARRETOS";11;"RS";11;11;100;8;8;100;3;3;100;NA
2024;"TRES COLINAS";17;"RS";17;5;29,41;11;2;18,18;4;0;0;NA
2024;"TUPA";9;"RS";9;6;66,67;4;4;100;1;1;100;"355500"
2024;"VALE DAS CACHOEIRAS";26;"RS";26;19;73,08;9;7;77,78;5;4;80;NA
2024;"VALE DO JURUMIRIM";29;"RS";29;17;58,62;15;10;66,67;7;4;57,14;NA
2024;"VALE DO RIBEIRA";31;"RS";31;23;74,19;2;1;50;1;1;100;NA
2024;"VALE PARAIBA REGIAO SERRANA";108;"RS";108;95;87,96;45;44;97,78;19;18;94,74;NA
2024;"VOTUPORANGA";24;"RS";24;12;50;10;10;100;8;7;87,5;"355710"
2024;NA;46;"RS";46;29;63,04;7;5;71,43;4;3;75;NA
